po_number,customer_id,vendor_id,vendor_name,order_date,status,total_amount
PO-100000,CUST-A,VEND-06,Conduit & Co. Distribution,2024-04-01,Closed,7.20
PO-100001,CUST-B,VEND-12,Voltec Supply Group,05/21/2026,Closed,197.82
PO-100002,CUST-C,VEND-07,BrightPath Electrical Supply,08/31/2024,Received,30.73
PO-100003,CUST-A,VEND-09,Current Line Supply,2024-06-28,Closed,$110.09
PO-100004,CUST-F,VEND-02,Voltway Electrical Distributors,01/03/2025,Received,$103.34
PO-100005,CUST-A,VEND-08,Wattstone Distributors,2024-04-18,Closed,$29.46
PO-100006,CUST-B,VEND-12,Voltec Supply Group,2025-04-25,Received,56.34
PO-100007,CUST-A,VEND-06,Conduit & Co. Distribution,11/04/2025,CANCELLED,50.80
PO-100008,CUST-B,VEND-04,Gridline Electrical Wholesale,2026-01-08,Received,172.74
PO-100009,CUST-A,VEND-12,Voltec Supply Group,2024-05-29,CLOSED,$12.47
PO-100011,CUST-A,VEND-02,Voltway Electrical Distributors,05/07/2025,Received,0.80
PO-100012,CUST-A,VEND-05,Sparkline Supply Co.,2024-06-03,received,$1.19
PO-100013,CUST-D,VEND-12,Voltec Supply Group,2024-11-23,Received,9.90
PO-100014,CUST-H,VEND-09,Current Line Supply,2024-02-19,CANCELLED,14.40
PO-100015,CUST-F,VEND-08,Wattstone Distributors,2025-04-29,Closed,490.63
PO-100016,CUST-A,VEND-12,Voltec Supply Group,2025-05-30,Received,10.73
PO-100017,CUST-B,VEND-12,Voltec Supply Group,2026-06-20,Open,391.33
PO-100018,CUST-H,VEND-12,Voltec Supply Group,2026-01-22,Closed,167.40
PO-100019,CUST-G,VEND-01,Amp & Wire Supply Co.,12/20/2025,Received,91.36
PO-100020,CUST-B,VEND-02,Voltway Electrical Distributors,2024-09-02,Received,$23.10
PO-100021,CUST-D,VEND-07,BrightPath Electrical Supply,2026-07-21,Open,1243.62
PO-100022,CUST-H,VEND-07,BrightPath Electrical Supply,06/29/2026,Received,$428.43
PO-100023,CUST-B,VEND-08,Wattstone Distributors,2026-05-16,Received,265.21
PO-100024,CUST-H,VEND-10,Ferrowatt Industrial Supply,2025-11-05,CLOSED,29.58
PO-100025,CUST-A,VEND-05,Sparkline Supply Co.,2024-11-19,Received,32.68
PO-100026,CUST-F,VEND-05,Sparkline Supply Co.,2026-04-26,RECEIVED,343.92
PO-100027,CUST-D,VEND-10,Ferrowatt Industrial Supply,07/31/2024,closed,"$3,712.76"
PO-100028,CUST-F,VEND-01,Amp & Wire Supply Co.,2024-12-09,Received,263.40
PO-100029,CUST-B,VEND-11,Ampcore Distribution,2025-03-11,RECEIVED,74.62
PO-100030,CUST-F,VEND-06,Conduit & Co. Distribution,2024-02-10,Cancelled,$152.46
PO-100031,CUST-C,VEND-04,Gridline Electrical Wholesale,2025-10-28,Received,30.57
PO-100033,CUST-B,VEND-02,Voltway Electrical Distributors,2025-12-16,Closed,93.68
PO-100034,CUST-H,VEND-03,Circuit Point Supply,2024-12-31,Received,13.37
PO-100035,CUST-A,VEND-01,Amp & Wire Supply Co.,2024-02-25,Closed,$339.58
PO-100036,CUST-G,VEND-06,Conduit & Co. Distribution,2024-09-20,CLOSED,253.18
PO-100037,CUST-D,VEND-04,Gridline Electrical Wholesale,2025-08-09,Received,13.24
PO-100038,CUST-B,VEND-01,Amp & Wire Supply Co.,12/05/2024,Closed,74.36
PO-100039,CUST-A,VEND-12,Voltec Supply Group,2024-12-30,Received,203.26
PO-100040,cust-b ,VEND-07,BrightPath Electrical Supply,2026-06-12,open,29.88
PO-100041,CUST-A,VEND-03,Circuit Point Supply,05/08/2025,Received,1.05
PO-100042,CUST-B,VEND-06,Conduit & Co. Distribution,2025-11-11,Received,4.50
PO-100043,CUST-B,VEND-03,Circuit Point Supply,2024-06-07,Received,88.98
PO-100044,CUST-C,VEND-03,Circuit Point Supply,01/09/2026,RECEIVED,2.02
PO-100045,CUST-F,VEND-08,Wattstone Distributors,2025-12-16,Closed,$162.96
PO-100046,CUST-D,VEND-01,Amp & Wire Supply Co.,2024-11-19,Received,$132.90
PO-100047,CUST-A,VEND-05,Sparkline Supply Co.,04/02/2025,Closed,7.34
PO-100048,CUST-H,VEND-10,Ferrowatt Industrial Supply,2026-03-26,Received,7.00
PO-100049,CUST-B,VEND-04,Gridline Electrical Wholesale,2025-03-11,RECEIVED,114.20
PO-100050,CUST-E,VEND-01,Amp & Wire Supply Co.,2025-05-02,Received,86.06
PO-100051,CUST-D,VEND-06,Conduit & Co. Distribution,2026-01-15,received,2.92
PO-100052,CUST-A,VEND-11,Ampcore Distribution,2024-01-19,received,159.86
PO-100053,CUST-A,VEND-04,Gridline Electrical Wholesale,07/04/2026,Closed,26.22
PO-100054,CUST-A,VEND-12,Voltec Supply Group,09/11/2025,Closed,$138.24
PO-100056,CUST-F,VEND-08,Wattstone Distributors,2024-03-26,Closed,202.30
PO-100057,CUST-C,VEND-10,Ferrowatt Industrial Supply,07/31/2026,Open,14.28
PO-100058,CUST-C,VEND-05,Sparkline Supply Co.,2024-03-18,received,109.20
PO-100059,CUST-D,VEND-01,Amp & Wire Supply Co.,2024-11-04,Received,6.22
PO-100060,CUST-A,VEND-05,Sparkline Supply Co.,11/14/2024,closed,289.36
PO-100061,CUST-H,VEND-08,Wattstone Distributors,2025-07-13,Received,25.56
PO-100062,CUST-C,VEND-11,Ampcore Distribution,2024-09-12,Received,19.34
PO-100063,CUST-A,VEND-07,BrightPath Electrical Supply,2025-01-23,Received,440.52
PO-100064,CUST-A,VEND-01,Amp & Wire Supply Co.,09/29/2024,RECEIVED,30.52
PO-100065,CUST-A,VEND-02,Voltway Electrical Distributors,2024-05-17,Closed,195.36
PO-100066,CUST-A,VEND-10,Ferrowatt Industrial Supply,2024-08-13,Received,45.54
PO-100067,CUST-D,VEND-06,Conduit & Co. Distribution,12/26/2024,Received,7.96
PO-100068,CUST-G,VEND-12,Voltec Supply Group,08/15/2026,Received,26.64
PO-100069,CUST-A,VEND-02,Voltway Electrical Distributors,11/01/2024,Closed,90.52
PO-100070,CUST-D,VEND-10,Ferrowatt Industrial Supply,2024-04-14,Closed,312.56
PO-100071,CUST-H,VEND-05,Sparkline Supply Co.,2025-07-31,Closed,208.19
PO-100072,CUST-F,VEND-02,Voltway Electrical Distributors,2024-10-04,Received,2.43
PO-100073 ,CUST-A,VEND-09,Current Line Supply,2026-03-19,Received,25.26
PO-100074,CUST-D,VEND-09,Current Line Supply,2024-04-08,RECEIVED,0.72
PO-100075,CUST-B,VEND-04,Gridline Electrical Wholesale,2025-01-09,RECEIVED,1191.84
PO-100076,CUST-G,VEND-08,Wattstone Distributors,2025-10-27,Received,47.24
PO-100077,CUST-H,VEND-01,Amp & Wire Supply Co.,2026-01-03,Closed,302.59
PO-100078,CUST-B,VEND-08,Wattstone Distributors,01/31/2025,Received,$88.44
PO-100079,CUST-C,VEND-10,Ferrowatt Industrial Supply,06/11/2024,Closed,$6.24
PO-100080,CUST-A,VEND-02,Voltway Electrical Distributors,08/26/2024,Cancelled,100.02
PO-100081,CUST-H,VEND-08,Wattstone Distributors,2024-10-04,Received,1.10
PO-100082,CUST-A,VEND-02,Voltway Electrical Distributors,05/11/2024,Closed,17.28
PO-100083,CUST-H,VEND-03,Circuit Point Supply,2024-02-01,Received,24.60
PO-100084,CUST-F,VEND-03,Circuit Point Supply,12/31/2025,Received,209.92
PO-100085,CUST-B,VEND-11,Ampcore Distribution,2025-07-24,RECEIVED,$43.96
PO-100086,CUST-A,vend-07,BrightPath Electrical Supply,04/27/2024,RECEIVED,552.69
PO-100087,CUST-D,VEND-02,Voltway Electrical Distributors,12/27/2025,Received,64.70
PO-100088,CUST-B,VEND-06,Conduit & Co. Distribution,2026-01-21,Cancelled,277.74
PO-100089,CUST-F,VEND-05,Sparkline Supply Co.,2025-02-23,RECEIVED,47.15
PO-100090,CUST-A,VEND-08,Wattstone Distributors,2025-01-12,Received,$1.92
PO-100091,CUST-G,VEND-04,Gridline Electrical Wholesale,2025-01-02,Closed,21.84
PO-100092,CUST-G,VEND-08,Wattstone Distributors,03/12/2026,Received,94.23
PO-100093,CUST-B,VEND-11,Ampcore Distribution,2025-12-04,received,381.36
PO-100094,CUST-C,VEND-02,Voltway Electrical Distributors,2025-10-23,Closed,$177.27
PO-100095,CUST-B,VEND-12,Voltec Supply Group,2025-10-19,Closed,33.34
PO-100096,CUST-C,VEND-09,Current Line Supply,07/22/2026,Open,35.28
PO-100097,CUST-C,VEND-09,Current Line Supply,2025-08-01,Closed,286.50
PO-100098,CUST-H,VEND-05,Sparkline Supply Co.,2026-09-01,Open,$48.32
PO-100099,CUST-H,VEND-09,Current Line Supply,2025-08-28,Received,62.50
PO-100100,CUST-A, VEND-07,BrightPath Electrical Supply,01/07/2025,CLOSED,285.14
PO-100101,CUST-A,VEND-11,Ampcore Distribution,09/16/2024,RECEIVED,146.82
PO-100103,CUST-E,VEND-07,BrightPath Electrical Supply,2024-04-08,Received,293.56
PO-100104,CUST-A,VEND-07,BrightPath Electrical Supply,11/05/2025,CLOSED,24.80
PO-100105,CUST-F,VEND-06,Conduit & Co. Distribution,2024-08-18,Closed,$195.46
PO-100106,CUST-A,VEND-07,BrightPath Electrical Supply,02/28/2024,Received,$29.57
PO-100107,CUST-B,VEND-10,Ferrowatt Industrial Supply,2024-05-12,RECEIVED,129.50
PO-100108,CUST-A,VEND-08,Wattstone Distributors,2024-12-14,Cancelled,36.12
PO-100109,CUST-C,VEND-03,Circuit Point Supply,2025-05-19,Closed,772.90
PO-100110,CUST-H,VEND-09,Current Line Supply,2025-12-12,Closed,13.04
PO-100111,CUST-G,VEND-01,Amp & Wire Supply Co.,2025-01-04,Closed,85.89
PO-100112,CUST-B,VEND-08,Wattstone Distributors,01/24/2024,Received,$49.04
PO-100113,CUST-D,VEND-04,Gridline Electrical Wholesale,08/17/2025,Received,375.44
PO-100114,CUST-D,VEND-08,Wattstone Distributors,2024-09-13,Closed,$117.26
PO-100115,CUST-A,VEND-05,Sparkline Supply Co.,2025-09-04,Received,72.48
PO-100116,CUST-A,VEND-04,Gridline Electrical Wholesale,11/10/2025,Received,8.32
PO-100117,CUST-B,VEND-01,Amp & Wire Supply Co.,2025-01-12,Received,33.98
PO-100118,CUST-A,VEND-08,Wattstone Distributors,2026-01-17,Received,1061.74
PO-100119,CUST-D,VEND-07,BrightPath Electrical Supply,2026-07-22,Closed,$237.21
PO-100120,CUST-H,VEND-09,Current Line Supply,05/15/2026,Received,2.60
PO-100121,CUST-F,VEND-06,Conduit & Co. Distribution,2024-05-25,Closed,69.54
PO-100122,CUST-D,VEND-10,Ferrowatt Industrial Supply,2025-12-02,Received,167.00
PO-100123,CUST-D,VEND-06,Conduit & Co. Distribution,09/13/2025,Received,26.04
PO-100124,CUST-F,VEND-01,Amp & Wire Supply Co.,2024-09-11,Closed,34.18
PO-100125,CUST-A,VEND-01,Amp & Wire Supply Co.,08/01/2026,OPEN,2.63
PO-100126,CUST-E,VEND-06,Conduit & Co. Distribution,2024-05-02,Received,171.70
PO-100127,CUST-A,VEND-08,Wattstone Distributors,2025-03-15,Received,$4.00
PO-100128,CUST-F,VEND-11,Ampcore Distribution,06/06/2026,Open,66.83
PO-100129,CUST-H,VEND-01,Amp & Wire Supply Co.,03/09/2025,Received,15.03
PO-100130,CUST-F,VEND-05,Sparkline Supply Co.,02/08/2024,Cancelled,$18.44
 PO-100131,CUST-E,VEND-03,Circuit Point Supply,2024-02-06,Received,144.26
PO-100132,CUST-D,VEND-09,Current Line Supply,2025-02-04,Received,$77.12
PO-100133,CUST-C,VEND-06,Conduit & Co. Distribution,2024-06-21,Received,293.92
PO-100134,CUST-A,VEND-08,Wattstone Distributors,11/04/2025,Closed,$9.56
PO-100135,CUST-G,VEND-07,BrightPath Electrical Supply,2025-06-17,Received,0.60
PO-100136,CUST-B,VEND-08,Wattstone Distributors,2025-03-09,Received,387.27
PO-100137,CUST-A,VEND-09,Current Line Supply,05/26/2025,Closed,$73.12
PO-100138,CUST-A,VEND-12,Voltec Supply Group,2024-05-23,Received,$372.74
PO-100139,CUST-C,VEND-08,Wattstone Distributors,07/03/2026,Received,25.02
PO-100140,CUST-B,VEND-04,Gridline Electrical Wholesale,03/25/2025,Closed,45.06
PO-100141,CUST-A,VEND-11,Ampcore Distribution,2026-01-15,Received,742.20
PO-100142,CUST-D,VEND-05,Sparkline Supply Co.,11/15/2024,Received,139.29
PO-100143,CUST-D,VEND-03,Circuit Point Supply,2025-07-31,Received,$191.08
PO-100144,CUST-H,VEND-01,Amp & Wire Supply Co.,2024-04-14,Received,42.68
PO-100145,CUST-D,VEND-12,Voltec Supply Group,2025-10-23,Cancelled,$67.97
PO-100146,CUST-G,VEND-08,Wattstone Distributors,01/08/2025,Received,37.76
PO-100147,CUST-H,VEND-04,Gridline Electrical Wholesale,2025-04-30,Closed,25.50
PO-100148,CUST-C,VEND-05,Sparkline Supply Co.,2024-10-02,Received,114.66
PO-100149,CUST-A,VEND-04,Gridline Electrical Wholesale,2026-04-27,CLOSED,118.52
PO-100150,CUST-D,VEND-11,Ampcore Distribution,2024-11-09,Received,229.82
PO-100151,CUST-C,VEND-12,Voltec Supply Group,2026-06-25,Cancelled,176.72
PO-100152,CUST-B,VEND-03,Circuit Point Supply,12/26/2024,Closed,17.28
PO-100153,cust-b,VEND-08,Wattstone Distributors,2026-08-10,Open,$27.00
PO-100154,CUST-A,VEND-08,Wattstone Distributors,2024-08-02,Closed,333.03
PO-100155,CUST-D,VEND-05,Sparkline Supply Co.,2024-05-23,Received,57.82
PO-100156,CUST-A,VEND-10,Ferrowatt Industrial Supply,2025-08-13,Received,82.17
PO-100157,CUST-B , VEND-06,Conduit & Co. Distribution,2025-07-09,Received,92.14
PO-100158,CUST-B,VEND-03,Circuit Point Supply,08/06/2026,Open,8.20
PO-100159,CUST-A,VEND-12,Voltec Supply Group,07/17/2025,Closed,70.30
PO-100160,CUST-H,VEND-06,Conduit & Co. Distribution,2026-01-20,Received,450.95
PO-100161,CUST-E,VEND-12,Voltec Supply Group,09/05/2024,closed,4.26
PO-100162,CUST-A,VEND-07,BrightPath Electrical Supply,2025-04-01,Closed,1.16
PO-100163,CUST-A,VEND-05,Sparkline Supply Co.,11/16/2025,closed,173.50
PO-100164,CUST-C,VEND-06,Conduit & Co. Distribution,09/27/2025,Closed,13.65
PO-100165,CUST-F,VEND-03,Circuit Point Supply,2026-06-08,Received,217.82
PO-100166,CUST-F, VEND-05,Sparkline Supply Co.,2025-10-11,Received,78.30
PO-100167,CUST-C,VEND-11,Ampcore Distribution,06/22/2026,Open,137.96
PO-100168,CUST-F,VEND-10,Ferrowatt Industrial Supply,2025-01-03,Received,104.20
PO-100169,CUST-C,VEND-02,Voltway Electrical Distributors,2024-12-29,Closed,60.48
PO-100170,CUST-D,VEND-02,Voltway Electrical Distributors,2024-06-03,Closed,81.96
PO-100171,CUST-A,VEND-11,Ampcore Distribution,05/08/2026,Received,9.40
PO-100172,CUST-D,VEND-05,Sparkline Supply Co.,2025-02-07,Closed,36.12
PO-100173,CUST-C,VEND-11,Ampcore Distribution,2026-01-28,Received,4.28
PO-100174,CUST-B,VEND-09,Current Line Supply,2025-10-13,Closed,$173.74
PO-100175,CUST-B,VEND-12,Voltec Supply Group,2024-11-14,Received,120.56
PO-100176,CUST-F,VEND-02,Voltway Electrical Distributors,2024-09-22,Received,37.16
PO-100177,CUST-C,VEND-02,Voltway Electrical Distributors,2025-03-19,Received,64.75
PO-100179,CUST-G,VEND-07,BrightPath Electrical Supply,04/12/2026,Received,41.46
PO-100180,CUST-A,VEND-02 ,Voltway Electrical Distributors,2025-03-30,Received,22.16
PO-100181,CUST-E,VEND-02,Voltway Electrical Distributors,2025-12-23,Received,195.59
PO-100182,CUST-A,VEND-04,Gridline Electrical Wholesale,2026-04-29,Received,15.10
PO-100183,CUST-D,VEND-10,Ferrowatt Industrial Supply,2025-02-26,Closed,173.11
PO-100184,CUST-A,VEND-08,Wattstone Distributors,2024-07-13,Received,$80.44
PO-100185,CUST-A,VEND-04,Gridline Electrical Wholesale,2024-03-19,Received,46.98
PO-100186,CUST-H,VEND-01,Amp & Wire Supply Co.,04/13/2026,Closed,$13.44
PO-100187,CUST-B,VEND-02,Voltway Electrical Distributors,2025-09-09,Received,143.98
PO-100188,CUST-A,VEND-10,Ferrowatt Industrial Supply,08/25/2026,Closed,2.18
PO-100189,CUST-G,VEND-01,Amp & Wire Supply Co.,2025-09-10,Received,23.44
PO-100190,CUST-B,VEND-05,Sparkline Supply Co.,09/24/2024,received,7.20
PO-100191,CUST-D,VEND-05,Sparkline Supply Co.,04/21/2026,Received,30.51
PO-100192,CUST-G ,VEND-12,Voltec Supply Group,2026-03-27,Received,114.08
PO-100193,CUST-A,VEND-09,Current Line Supply,2026-06-12,Open,456.40
PO-100195,CUST-B,VEND-02,Voltway Electrical Distributors,2025-12-15,Closed,$53.92
PO-100196,CUST-A,VEND-03,Circuit Point Supply,02/04/2025,Cancelled,192.24
PO-100197,CUST-A,VEND-07,BrightPath Electrical Supply,2024-12-17,Cancelled,799.84
PO-100198,CUST-G,VEND-04,Gridline Electrical Wholesale,12/23/2025,Received,553.63
PO-100200,CUST-C,vend-12 ,Voltec Supply Group,2025-09-03,Received,117.58
PO-100201,CUST-H,VEND-04,Gridline Electrical Wholesale,2024-02-14,Closed,38.86
PO-100202,CUST-A,VEND-11,Ampcore Distribution,2024-06-21,Closed,$393.97
PO-100203,CUST-H,VEND-11,Ampcore Distribution,2025-01-30,Received,$20.53
PO-100204,CUST-A,VEND-04,Gridline Electrical Wholesale,2025-05-30,Received,48.26
PO-100205,CUST-B,VEND-05,Sparkline Supply Co.,2026-07-26,Received,129.56
PO-100206,CUST-F,VEND-10,Ferrowatt Industrial Supply,08/28/2024,Received,$46.84
PO-100207,CUST-E,VEND-01,Amp & Wire Supply Co.,2024-07-07,closed,$266.42
PO-100208,CUST-D,VEND-12,Voltec Supply Group,2025-01-22,Received,302.20
PO-100209,CUST-B,VEND-08,Wattstone Distributors,2025-07-30,Received,408.84
PO-100210,CUST-D,VEND-07,BrightPath Electrical Supply,03/30/2026,Received,29.60
PO-100211,CUST-A,VEND-01,Amp & Wire Supply Co.,2025-12-12,Received,$90.56
PO-100212,CUST-B,VEND-07,BrightPath Electrical Supply,2025-12-15,Received,$1.99
PO-100213,CUST-C,VEND-02,Voltway Electrical Distributors,2024-01-11,Received,94.20
PO-100214,CUST-A,VEND-05,Sparkline Supply Co.,05/10/2025,Received,30.50
PO-100215,CUST-A,VEND-06,Conduit & Co. Distribution,02/07/2026,Closed,75.71
PO-100216,CUST-D,VEND-05,Sparkline Supply Co.,05/27/2024,Closed,10.32
PO-100218,CUST-B,VEND-01,Amp & Wire Supply Co.,2026-03-14,CLOSED,$31.82
PO-100219,CUST-D,VEND-04,Gridline Electrical Wholesale,06/07/2026,open,175.71
PO-100220,CUST-H,VEND-04,Gridline Electrical Wholesale,2024-09-12,Cancelled,259.07
PO-100222,CUST-D,VEND-04,Gridline Electrical Wholesale,2025-03-21,RECEIVED,265.98
PO-100223,CUST-H,VEND-06,Conduit & Co. Distribution,2026-05-16,Closed,37.66
PO-100224,CUST-A,VEND-03,Circuit Point Supply,07/30/2024,Cancelled,7.64
PO-100225,CUST-D,VEND-09,Current Line Supply,2026-03-05,Closed,$16.00
PO-100226,CUST-D,VEND-09,Current Line Supply,2026-07-31,Closed,76.86
PO-100227,CUST-B,VEND-06,Conduit & Co. Distribution,10/04/2024,CLOSED,77.60
PO-100229,CUST-B,VEND-01,Amp & Wire Supply Co.,2024-02-11,CLOSED,74.18
PO-100230,CUST-B,VEND-02,Voltway Electrical Distributors,2025-07-16,Received,218.12
PO-100231,CUST-H,VEND-10,Ferrowatt Industrial Supply,2026-05-18,Closed,$151.10
PO-100232,CUST-H,VEND-11,Ampcore Distribution,2025-12-18,received,13.44
PO-100233,CUST-A,VEND-02,Voltway Electrical Distributors,2024-08-14,Received,$205.33
PO-100235,CUST-D,VEND-01,Amp & Wire Supply Co.,2026-07-23,Closed,187.36
PO-100236,CUST-H,VEND-03,Circuit Point Supply,05/27/2024,Received,27.01
PO-100237,CUST-A,VEND-07,BrightPath Electrical Supply,04/16/2025,Received,97.94
PO-100238,CUST-D,VEND-11,Ampcore Distribution,2026-06-19,Open,38.18
PO-100239, CUST-H,VEND-06,Conduit & Co. Distribution,2026-03-05,Received,$21.28
PO-100240,CUST-F,VEND-09,Current Line Supply,02/05/2026,RECEIVED,$4.50
PO-100241,CUST-C,VEND-03,Circuit Point Supply,04/12/2026,Received,$91.76
PO-100242,CUST-B,VEND-02,Voltway Electrical Distributors,2025-09-14,RECEIVED,107.52
PO-100243,CUST-F,VEND-01,Amp & Wire Supply Co.,2024-02-28,Received,$179.16
PO-100244,CUST-E,VEND-06,Conduit & Co. Distribution,2024-09-11,Received,19.30
PO-100245,cust-a ,VEND-08,Wattstone Distributors,2024-07-29,Cancelled,67.00
PO-100246,CUST-B,VEND-12,Voltec Supply Group,03/01/2025,closed,3.30
PO-100247,CUST-B,VEND-12,Voltec Supply Group,02/28/2025,Received,98.00
PO-100248,CUST-A,VEND-06,Conduit & Co. Distribution,2024-11-17,Closed,$45.39
PO-100249,CUST-D,VEND-05,Sparkline Supply Co.,2024-10-12,Closed,145.00
PO-100250,CUST-A,VEND-05,Sparkline Supply Co.,03/05/2024,Received,80.24
PO-100251,CUST-A,VEND-02,Voltway Electrical Distributors,2025-12-22,Received,57.26
PO-100252,CUST-H,VEND-03,Circuit Point Supply,2026-04-14,Received,1.04
PO-100253,CUST-D,VEND-10,Ferrowatt Industrial Supply,2025-01-16,Received,118.38
PO-100254,CUST-E,VEND-02,Voltway Electrical Distributors,2024-04-08,Received,106.06
PO-100255,CUST-H,VEND-07,BrightPath Electrical Supply,2025-07-01,Closed,1619.62
PO-100256,CUST-B,VEND-02,Voltway Electrical Distributors,2025-04-22,Received,$85.54
PO-100257,CUST-B,VEND-04,Gridline Electrical Wholesale,2026-08-22,RECEIVED,428.19
PO-100258,CUST-D,VEND-03,Circuit Point Supply,2024-09-27,Received,131.78
PO-100259,CUST-D,VEND-01,Amp & Wire Supply Co.,2026-01-14,Received,$389.14
PO-100260,CUST-D,VEND-05,Sparkline Supply Co.,2025-05-13,Closed,35.00
PO-100261,CUST-D,VEND-02,Voltway Electrical Distributors,05/01/2025,Received,43.79
PO-100262,CUST-H,VEND-02,Voltway Electrical Distributors,2024-05-13,Received,$302.72
PO-100263,CUST-B,VEND-10,Ferrowatt Industrial Supply,2024-02-04,Received,$215.67
PO-100264,CUST-F,VEND-10,Ferrowatt Industrial Supply,12/21/2024,Received,2.22
PO-100265,CUST-A,VEND-12,Voltec Supply Group,2025-09-28,Received,217.19
PO-100266,CUST-D,VEND-02,Voltway Electrical Distributors,2026-04-02,Received,157.69
PO-100267,CUST-H,vend-05 ,Sparkline Supply Co.,2024-06-17,received,3.80
PO-100268,CUST-B,VEND-02,Voltway Electrical Distributors,12/28/2025,Received,280.16
PO-100269,CUST-H,VEND-10,Ferrowatt Industrial Supply,2026-04-26,CLOSED,5.86
 PO-100270,CUST-B,VEND-06,Conduit & Co. Distribution,2025-05-27,Received,440.40
PO-100271,CUST-D,VEND-10,Ferrowatt Industrial Supply,07/10/2025,Cancelled,$1.86
PO-100272,CUST-A,VEND-12,Voltec Supply Group,2026-09-01,Open,8.28
PO-100274,CUST-B ,VEND-08,Wattstone Distributors,2024-03-26,received,$22.41
PO-100275,CUST-D,VEND-05,Sparkline Supply Co.,2026-01-19,Received,542.39
PO-100276,CUST-F,VEND-11,Ampcore Distribution,2026-01-24,Received,109.78
PO-100277,CUST-F,VEND-04,Gridline Electrical Wholesale,03/30/2026,Received,52.56
PO-100278,CUST-B,VEND-10,Ferrowatt Industrial Supply,2025-06-11,RECEIVED,379.20
PO-100279,CUST-D,VEND-12,Voltec Supply Group,2024-07-06,Closed,248.70
PO-100281,CUST-G,VEND-04,Gridline Electrical Wholesale,2025-07-31,Closed,64.77
PO-100282,CUST-A ,VEND-09,Current Line Supply,2024-08-09,Received,20.90
PO-100283,CUST-D,VEND-08,Wattstone Distributors,01/16/2026,Closed,41.14
PO-100284,CUST-H,VEND-02,Voltway Electrical Distributors,2024-06-05,CLOSED,81.90
PO-100285,CUST-B,VEND-07,BrightPath Electrical Supply,2026-07-14,Open,48.40
PO-100286,CUST-D,VEND-12,Voltec Supply Group,2025-02-27,Received,28.24
PO-100287,CUST-A ,VEND-02,Voltway Electrical Distributors,2026-04-02,Received,30.94
PO-100288,CUST-E,VEND-08,Wattstone Distributors,2025-10-25,Received,$50.02
PO-100289,CUST-A,vend-06,Conduit & Co. Distribution,2025-07-25,Closed,6.24
po-100290,CUST-B,VEND-04,Gridline Electrical Wholesale,2024-02-19,Received,$217.82
PO-100291,CUST-B,VEND-06,Conduit & Co. Distribution,2025-11-13,RECEIVED,$567.34
PO-100293,CUST-C,VEND-05,Sparkline Supply Co.,2024-05-11,Closed,179.62
PO-100294,CUST-B,VEND-03,Circuit Point Supply,2026-03-09,Received,213.34
PO-100295,CUST-B,VEND-05,Sparkline Supply Co.,06/03/2025,Closed,86.64
PO-100296,CUST-D,VEND-06,Conduit & Co. Distribution,10/05/2025,received,291.10
PO-100297,CUST-F,VEND-01,Amp & Wire Supply Co.,2025-05-10,Received,305.18
PO-100298,CUST-A,VEND-12,Voltec Supply Group,2024-02-14,Received,$25.92
PO-100299,CUST-A,VEND-10 ,Ferrowatt Industrial Supply,2026-02-21,CANCELLED,172.84
PO-100300,CUST-B,VEND-05,Sparkline Supply Co.,2025-02-07,Received,45.56
PO-100301,CUST-G,VEND-07,BrightPath Electrical Supply,2026-07-19,Open,7.10
PO-100302,CUST-E,VEND-12,Voltec Supply Group,11/14/2024,Closed,20.16
PO-100303,CUST-B,VEND-07,BrightPath Electrical Supply,2024-11-25,Closed,1032.20
PO-100304,cust-d ,VEND-01,Amp & Wire Supply Co.,08/13/2024,Received,47.66
PO-100305,CUST-F,VEND-01,Amp & Wire Supply Co.,2026-05-19,Received,3.12
po-100306,CUST-B,VEND-02,Voltway Electrical Distributors,2024-04-09,Cancelled,178.52
PO-100307,CUST-A,VEND-04,Gridline Electrical Wholesale,06/02/2024,Closed,72.28
PO-100308,CUST-G ,VEND-10,Ferrowatt Industrial Supply,08/27/2025,RECEIVED,322.90
PO-100309,CUST-C,VEND-02,Voltway Electrical Distributors,2025-05-14,Received,$3.01
PO-100310,CUST-A,VEND-03,Circuit Point Supply,02/22/2025,received,500.28
PO-100311,CUST-A,VEND-10,Ferrowatt Industrial Supply,2025-09-19,Received,25.34
PO-100312,CUST-A,VEND-02,Voltway Electrical Distributors,2024-04-12,Received,74.50
PO-100313,CUST-F,VEND-11,Ampcore Distribution,08/29/2026,OPEN,$26.72
PO-100314,CUST-D,VEND-02,Voltway Electrical Distributors,2025-09-18,Closed,196.52
PO-100315,CUST-G,VEND-10,Ferrowatt Industrial Supply,2024-03-11,Received,51.96
PO-100316,CUST-B,VEND-07,BrightPath Electrical Supply,2026-06-13,Open,105.58
PO-100317,CUST-B,VEND-10,Ferrowatt Industrial Supply,2024-07-18,Received,224.57
PO-100318,CUST-A,VEND-07,BrightPath Electrical Supply,2026-03-04,Received,67.88
PO-100320,CUST-E,VEND-04,Gridline Electrical Wholesale,2025-01-24,Closed,265.29
PO-100321,CUST-A,VEND-06,Conduit & Co. Distribution,2024-05-04,cancelled,43.64
PO-100322,CUST-F,VEND-01,Amp & Wire Supply Co.,12/25/2024,Received,$16.38
PO-100323,CUST-B,VEND-09,Current Line Supply,2025-01-18,Closed,95.52
PO-100324,CUST-B,VEND-07,BrightPath Electrical Supply,2024-09-19,Received,286.35
PO-100325,CUST-A,VEND-10,Ferrowatt Industrial Supply,2024-09-03,Received,284.24
PO-100326,CUST-A,VEND-10,Ferrowatt Industrial Supply,2025-04-07,Received,902.24
PO-100327,CUST-C,VEND-03,Circuit Point Supply,04/20/2024,Received,64.21
PO-100328,CUST-A,VEND-07,BrightPath Electrical Supply,09/01/2024,Closed,33.24
PO-100329,CUST-G,VEND-04,Gridline Electrical Wholesale,2026-02-12,Received,460.08
PO-100330,cust-a ,VEND-09,Current Line Supply,02/18/2026,Received,15.50
PO-100331,CUST-B,VEND-06,Conduit & Co. Distribution,12/11/2024,Closed,31.92
PO-100332,CUST-A,VEND-02,Voltway Electrical Distributors,2025-02-14,Cancelled,91.92
PO-100333,CUST-C,VEND-06,Conduit & Co. Distribution,2024-09-20,received,44.94
PO-100334,CUST-D,VEND-04,Gridline Electrical Wholesale,07/19/2026,Open,$156.32
PO-100335,CUST-D,VEND-06,Conduit & Co. Distribution,2024-01-04,RECEIVED,35.54
PO-100336,CUST-A,VEND-10,Ferrowatt Industrial Supply,2025-10-23,Closed,0.87
PO-100337,CUST-F,VEND-03,Circuit Point Supply,2025-12-15,received,86.20
PO-100338,CUST-F,VEND-01,Amp & Wire Supply Co.,2024-02-15,RECEIVED,618.54
PO-100339,CUST-G,VEND-11,Ampcore Distribution,2024-12-05,Received,193.96
PO-100340,CUST-E,VEND-09,Current Line Supply,04/01/2026,RECEIVED,1.48
PO-100341,CUST-H,VEND-07,BrightPath Electrical Supply,2024-12-26,Closed,15.85
PO-100342,CUST-A,VEND-01,Amp & Wire Supply Co.,07/06/2025,Received,679.48
PO-100343,CUST-A,VEND-12,Voltec Supply Group,2024-10-29,Received,1.30
PO-100344,CUST-A,VEND-06,Conduit & Co. Distribution,09/11/2025,Closed,707.20
PO-100345,CUST-G,VEND-08,Wattstone Distributors,2025-09-19,closed,1.02
PO-100346,CUST-F,VEND-02,Voltway Electrical Distributors,2025-05-07,Received,3.38
PO-100347,CUST-A,VEND-06,Conduit & Co. Distribution,2026-07-16,Open,110.48
PO-100348,CUST-A,VEND-11,Ampcore Distribution,2026-07-12,Received,$295.85
PO-100349,CUST-H,VEND-02,Voltway Electrical Distributors,2024-01-06,closed,68.90
PO-100350,CUST-C,VEND-02,Voltway Electrical Distributors,2026-07-13,Open,127.09
PO-100352,CUST-D,VEND-11,Ampcore Distribution,2024-03-09,Received,466.58
PO-100353,CUST-C,VEND-06,Conduit & Co. Distribution,08/21/2025,Closed,65.80
PO-100354,CUST-E,VEND-08,Wattstone Distributors,2025-07-08,Received,80.29
PO-100355,CUST-H,VEND-06,Conduit & Co. Distribution,2024-02-20,Closed,159.07
PO-100357,CUST-D,VEND-03,Circuit Point Supply,07/21/2026,RECEIVED,8.92
PO-100358,CUST-D,VEND-08,Wattstone Distributors,2026-05-02,Closed,105.04
PO-100359,CUST-C,VEND-08,Wattstone Distributors,10/20/2025,Received,13.60
PO-100360,CUST-A,VEND-09,Current Line Supply,2024-05-19,Closed,7.56
PO-100362,CUST-B,VEND-07,BrightPath Electrical Supply,2024-02-11,Received,2.54
PO-100363,CUST-B,VEND-03,Circuit Point Supply,2026-05-21,Closed,77.22
PO-100364,CUST-A,vend-07,BrightPath Electrical Supply,08/17/2024,Received,687.38
PO-100365,CUST-D,VEND-10,Ferrowatt Industrial Supply,2024-03-22,Closed,$30.36
PO-100366,CUST-E,VEND-03,Circuit Point Supply,2025-04-27,Closed,$113.40
PO-100367,CUST-A,VEND-10,Ferrowatt Industrial Supply,02/10/2025,Received,$581.60
PO-100368,CUST-A,VEND-02,Voltway Electrical Distributors,2024-06-07,CLOSED,27.00
PO-100369,CUST-E,VEND-12,Voltec Supply Group,2024-08-19,Cancelled,$203.06
PO-100370,CUST-F,VEND-09,Current Line Supply,2025-10-10,Received,25.40
PO-100371,CUST-H,VEND-08,Wattstone Distributors,05/30/2024,Received,$90.64
PO-100372,CUST-A,vend-01,Amp & Wire Supply Co.,05/14/2026,Received,8.98
PO-100373,CUST-F,VEND-09,Current Line Supply,2024-01-05,Received,266.51
PO-100374,CUST-A,VEND-08,Wattstone Distributors,2025-05-13,Received,27.00
PO-100375,CUST-G,VEND-12,Voltec Supply Group,05/07/2024,Received,5.19
PO-100376, CUST-E,VEND-04,Gridline Electrical Wholesale,2024-09-10,closed,200.50
PO-100377,CUST-A,VEND-02,Voltway Electrical Distributors,2026-08-04,Open,41.22
PO-100378,CUST-A,VEND-07,BrightPath Electrical Supply,2026-02-10,Received,389.92
PO-100379,CUST-A,VEND-09,Current Line Supply,07/19/2025,Closed,63.36
PO-100380,CUST-A,VEND-05,Sparkline Supply Co.,2025-08-15,Received,5.09
PO-100381,CUST-A,VEND-12,Voltec Supply Group,2024-06-11,Received,47.86
PO-100382,CUST-D,vend-05,Sparkline Supply Co.,07/09/2025,Closed,$4.46
PO-100383,CUST-G,VEND-05,Sparkline Supply Co.,10/21/2024,Received,57.04
PO-100384,CUST-B,VEND-12,Voltec Supply Group,2024-06-08,received,$26.18
PO-100385,CUST-D,VEND-09,Current Line Supply,2025-09-02,Received,71.58
PO-100387,CUST-A,VEND-04,Gridline Electrical Wholesale,2024-11-06,Closed,754.56
PO-100388,CUST-A,VEND-04,Gridline Electrical Wholesale,07/22/2026,Received,444.47
PO-100389,CUST-B,VEND-05,Sparkline Supply Co.,2026-08-15,Received,320.37
PO-100390,CUST-C,VEND-11,Ampcore Distribution,04/24/2024,Closed,489.34
PO-100391,CUST-D,VEND-02,Voltway Electrical Distributors,2025-11-14,Cancelled,465.08
PO-100393,CUST-G,VEND-08,Wattstone Distributors,04/04/2025,Received,$8.33
PO-100394,CUST-D,VEND-07,BrightPath Electrical Supply,2025-06-02,Received,74.90
PO-100395,CUST-C,VEND-08,Wattstone Distributors,2026-04-14,Closed,$286.76
PO-100396,CUST-B,VEND-05,Sparkline Supply Co.,2026-02-24,Received,$2.02
PO-100397,CUST-F,VEND-03,Circuit Point Supply,2024-08-19,closed,182.94
PO-100398,CUST-G,VEND-11,Ampcore Distribution,2026-04-18,Received,48.72
PO-100399,CUST-D,VEND-03,Circuit Point Supply,2024-09-05,Received,$172.82
PO-100400,CUST-F,VEND-01,Amp & Wire Supply Co.,2024-11-09,received,$3.48
PO-100401,CUST-H,VEND-01,Amp & Wire Supply Co.,05/03/2025,Cancelled,23.00
PO-100402,CUST-A,VEND-07,BrightPath Electrical Supply,2025-11-17,Received,184.02
PO-100403,CUST-B,VEND-04,Gridline Electrical Wholesale,07/30/2025,Received,$3.36
PO-100404,CUST-H,VEND-12,Voltec Supply Group,2026-01-25,Closed,91.32
PO-100405,CUST-D,VEND-05,Sparkline Supply Co.,2025-12-27,closed,69.15
PO-100406,CUST-D,VEND-04,Gridline Electrical Wholesale,2024-04-16,Closed,$27.12
PO-100407,CUST-B,VEND-10,Ferrowatt Industrial Supply,2024-12-16,Closed,1787.40
PO-100408,CUST-F,VEND-09,Current Line Supply,2026-07-18,Open,$209.04
PO-100409,CUST-A,VEND-06,Conduit & Co. Distribution,2024-08-15,received,84.32
PO-100410 ,CUST-A,VEND-06,Conduit & Co. Distribution,2024-04-29,Received,440.04
PO-100411,CUST-C,VEND-03,Circuit Point Supply,11/07/2024,Closed,125.50
PO-100412,CUST-A,VEND-11,Ampcore Distribution,2025-05-30,Received,264.47
PO-100413,CUST-A,VEND-12,Voltec Supply Group,2024-10-29,Received,12.78
PO-100414,CUST-F,VEND-10,Ferrowatt Industrial Supply,2024-03-04,RECEIVED,0.64
PO-100415,CUST-B,VEND-09,Current Line Supply,02/24/2025,Closed,11.02
PO-100416,CUST-A,VEND-07,BrightPath Electrical Supply,2024-08-02,CLOSED,54.86
PO-100417,CUST-C,VEND-06,Conduit & Co. Distribution,2026-07-25,Received,99.68
PO-100418,CUST-D,VEND-12,Voltec Supply Group,2025-06-30,Received,395.97
PO-100419,CUST-F,VEND-09,Current Line Supply,2025-05-21,Received,4.40
PO-100420,CUST-D,VEND-07,BrightPath Electrical Supply,2026-02-10,Received,1993.52
PO-100421,CUST-D,VEND-09,Current Line Supply,07/17/2024,Closed,40.53
PO-100422,CUST-F,VEND-01,Amp & Wire Supply Co.,08/07/2024,Received,38.06
PO-100423,CUST-B,VEND-01,Amp & Wire Supply Co.,2024-06-29,Closed,$132.68
PO-100424,CUST-A,VEND-07,BrightPath Electrical Supply,2024-02-10,Received,747.56
PO-100425,CUST-C,VEND-09,Current Line Supply,2025-12-21,Received,127.13
PO-100426,CUST-G,VEND-01,Amp & Wire Supply Co.,2024-02-10,Received,$9.56
PO-100427, CUST-G,VEND-02,Voltway Electrical Distributors,03/03/2026,Received,4.83
PO-100428,CUST-G,VEND-08,Wattstone Distributors,2024-04-20,Received,17.37
PO-100429,CUST-C,VEND-03,Circuit Point Supply,2024-06-26,RECEIVED,$759.34
PO-100430,CUST-A,VEND-09,Current Line Supply,2024-07-07,Received,115.44
PO-100431,CUST-C,VEND-02,Voltway Electrical Distributors,07/18/2025,Closed,75.40
PO-100432,CUST-G,VEND-10,Ferrowatt Industrial Supply,01/31/2025,Closed,493.45
PO-100433,CUST-D,VEND-08,Wattstone Distributors,2025-10-08,CLOSED,$139.56
PO-100434,CUST-B,VEND-12,Voltec Supply Group,2026-01-09,Closed,$51.68
PO-100435,CUST-A,VEND-10,Ferrowatt Industrial Supply,2025-09-16,Received,$12.21
PO-100436,CUST-A,VEND-05,Sparkline Supply Co.,11/09/2025,CLOSED,255.16
PO-100437,CUST-C,VEND-03,Circuit Point Supply,2026-06-12,open,7.35
PO-100438,CUST-A,VEND-08,Wattstone Distributors,2026-05-14,Closed,28.64
PO-100439,CUST-A,VEND-02,Voltway Electrical Distributors,2024-07-07,Received,113.50
PO-100440,CUST-H,VEND-12,Voltec Supply Group,2024-08-01,Received,37.68
PO-100441,CUST-B,VEND-08,Wattstone Distributors,2025-11-06,closed,167.86
PO-100442,CUST-A,VEND-12,Voltec Supply Group,2025-07-01,Received,14.80
PO-100443,CUST-F,VEND-09,Current Line Supply,2024-12-17,received,28.40
PO-100444,CUST-D,VEND-01,Amp & Wire Supply Co.,2024-07-19,Received,419.18
PO-100445,CUST-B,VEND-02,Voltway Electrical Distributors,04/27/2025,Received,129.94
po-100446 ,CUST-B,VEND-09,Current Line Supply,04/09/2026,Closed,0.68
PO-100447,CUST-F,VEND-04,Gridline Electrical Wholesale,2024-10-22,Received,57.78
PO-100448,CUST-B,VEND-04,Gridline Electrical Wholesale,2026-04-13,Received,201.28
PO-100449 ,CUST-F,VEND-02,Voltway Electrical Distributors,10/16/2025,Received,16.92
PO-100450,CUST-A,VEND-05,Sparkline Supply Co.,11/20/2024,Closed,224.67
PO-100452,CUST-D,VEND-09,Current Line Supply,05/12/2024,Closed,61.68
PO-100454,CUST-B,VEND-02,Voltway Electrical Distributors,04/21/2025,Closed,249.61
PO-100455,CUST-C,VEND-02,Voltway Electrical Distributors,2025-06-02,Received,$0.46
PO-100456,CUST-A,VEND-04,Gridline Electrical Wholesale,2026-07-11,Closed,$268.60
PO-100457,CUST-A,VEND-01,Amp & Wire Supply Co.,2024-02-20,Received,41.22
PO-100458,CUST-B,VEND-12,Voltec Supply Group,2024-08-20,Cancelled,28.66
PO-100459,CUST-F,VEND-05,Sparkline Supply Co.,2025-03-18,Cancelled,11.27
PO-100460,CUST-A,VEND-07,BrightPath Electrical Supply,2024-09-17,Received,$261.48
PO-100461,CUST-E,VEND-05,Sparkline Supply Co.,2024-02-17,Received,51.81
PO-100462,CUST-C,VEND-03,Circuit Point Supply,2024-03-22,Closed,$298.56
PO-100463,CUST-D,VEND-06,Conduit & Co. Distribution,11/07/2024,Cancelled,415.34
PO-100464,CUST-A,VEND-07,BrightPath Electrical Supply,2026-05-29,Received,$18.16
PO-100465,CUST-D,VEND-09,Current Line Supply,2025-12-06,Closed,210.04
PO-100466,CUST-B,VEND-08,Wattstone Distributors,2026-03-22,CLOSED,0.76
PO-100467,CUST-B,vend-02,Voltway Electrical Distributors,2026-06-23,Received,180.06
PO-100468,CUST-D,VEND-11,Ampcore Distribution,2024-05-27,RECEIVED,52.08
PO-100469,CUST-D,VEND-11,Ampcore Distribution,2025-06-05,closed,5.09
PO-100470,CUST-A,VEND-01,Amp & Wire Supply Co.,2026-05-06,Received,$280.46
PO-100471,CUST-A,VEND-07,BrightPath Electrical Supply,2024-04-02,Received,160.30
PO-100472,CUST-D,VEND-10,Ferrowatt Industrial Supply,06/13/2024,Cancelled,49.80
PO-100473,CUST-A,VEND-06,Conduit & Co. Distribution,2024-12-18,Cancelled,147.30
PO-100474,CUST-A,VEND-06,Conduit & Co. Distribution,2025-01-26,Received,347.96
PO-100475,CUST-F,VEND-07,BrightPath Electrical Supply,2024-02-23,Received,82.88
PO-100476,CUST-A,VEND-07,BrightPath Electrical Supply,04/05/2025,Closed,$257.44
PO-100477,CUST-C,VEND-10,Ferrowatt Industrial Supply,2025-04-18,Closed,238.81
PO-100478,CUST-D,VEND-05,Sparkline Supply Co.,06/16/2026,Closed,51.33
PO-100479,CUST-D,VEND-04,Gridline Electrical Wholesale,2024-03-27,Received,83.40
PO-100480,CUST-A,VEND-04,Gridline Electrical Wholesale,2026-03-10,Received,537.85
PO-100481,CUST-D,VEND-08,Wattstone Distributors,04/22/2024,Closed,9.92
PO-100483,CUST-A,VEND-01,Amp & Wire Supply Co.,2025-06-15,Closed,155.12
PO-100484,CUST-A,VEND-01,Amp & Wire Supply Co.,2024-05-16,Received,242.88
PO-100485,CUST-F,vend-10 ,Ferrowatt Industrial Supply,2024-05-17,received,29.22
PO-100486,CUST-D,VEND-05,Sparkline Supply Co.,01/23/2024,Received,$183.72
PO-100487,CUST-B,VEND-08,Wattstone Distributors,03/01/2025,Received,18.16
PO-100488,CUST-F,VEND-06,Conduit & Co. Distribution,2026-07-28,Open,93.66
PO-100489,CUST-G,VEND-11,Ampcore Distribution,05/07/2026,Received,2.96
PO-100490,CUST-A,VEND-01,Amp & Wire Supply Co.,12/18/2025,Received,26.41
PO-100491,CUST-E,VEND-08,Wattstone Distributors,2025-12-05,Closed,11.16
PO-100492,CUST-H,VEND-12,Voltec Supply Group,2026-08-04,Open,1.38
PO-100493,CUST-B,VEND-05,Sparkline Supply Co.,2025-01-12,Received,$41.28
PO-100494,CUST-C,VEND-05,Sparkline Supply Co.,08/28/2024,Received,19.96
PO-100495,CUST-H,VEND-04,Gridline Electrical Wholesale,11/23/2024,Closed,166.40
PO-100496,CUST-G,vend-10 ,Ferrowatt Industrial Supply,2026-04-27,CLOSED,25.20
PO-100497,CUST-A,VEND-03,Circuit Point Supply,2025-01-29,Closed,79.79
PO-100499,CUST-A,VEND-02,Voltway Electrical Distributors,09/25/2024,Cancelled,65.00
po-100500 ,CUST-A,VEND-12,Voltec Supply Group,10/23/2025,Received,176.04
PO-100502,CUST-A,VEND-05,Sparkline Supply Co.,03/26/2025,Closed,316.72
PO-100503,CUST-D,VEND-10 ,Ferrowatt Industrial Supply,2026-08-18,Open,156.32
PO-100504,CUST-F,VEND-08,Wattstone Distributors,01/28/2025,Received,17.80
PO-100505,CUST-E,VEND-11,Ampcore Distribution,2025-03-13,Received,$23.96
PO-100506,CUST-G,VEND-08,Wattstone Distributors,2025-06-11,Closed,442.24
PO-100507,CUST-A,VEND-10,Ferrowatt Industrial Supply,2025-08-24,Received,$348.83
PO-100508,CUST-D,VEND-07,BrightPath Electrical Supply,2025-09-05,Received,$4.45
PO-100509,CUST-A,VEND-05,Sparkline Supply Co.,2026-04-29,Closed,373.30
PO-100510,CUST-B,VEND-03,Circuit Point Supply,06/24/2025,Closed,70.51
PO-100511,CUST-E,VEND-07,BrightPath Electrical Supply,2025-11-24,Received,10.20
PO-100512,CUST-B,VEND-12,Voltec Supply Group,2024-01-16,Cancelled,7.60
PO-100513,CUST-C,VEND-03,Circuit Point Supply,2025-12-27,Closed,$26.66
PO-100514,CUST-D,VEND-05,Sparkline Supply Co.,2025-09-09,Closed,1.61
PO-100515,CUST-B,VEND-05,Sparkline Supply Co.,2026-04-10,Closed,0.32
PO-100516,CUST-D,VEND-04,Gridline Electrical Wholesale,2024-07-28,Received,33.50
PO-100517,CUST-B,VEND-09,Current Line Supply,02/08/2024,Received,108.63
PO-100518,CUST-C,VEND-04,Gridline Electrical Wholesale,2026-06-16,Closed,127.47
PO-100519,CUST-B,VEND-03,Circuit Point Supply,06/19/2025,RECEIVED,68.75
PO-100520,CUST-A,VEND-11,Ampcore Distribution,2026-03-21,Closed,$17.80
PO-100521,CUST-A,VEND-10,Ferrowatt Industrial Supply,12/27/2024,Received,$32.09
PO-100522,CUST-C,VEND-08,Wattstone Distributors,07/03/2026,Open,8.80
PO-100523,CUST-D,VEND-05,Sparkline Supply Co.,07/19/2024,Received,79.33
PO-100524,CUST-F,VEND-01,Amp & Wire Supply Co.,2025-12-28,Received,$204.96
PO-100525,CUST-A,VEND-01,Amp & Wire Supply Co.,2024-01-03,Received,2.40
PO-100526,CUST-H,VEND-11,Ampcore Distribution,2025-12-07,Received,16.28
PO-100527,CUST-H,VEND-08,Wattstone Distributors,2026-08-17,Open,74.34
PO-100528,CUST-A,VEND-04,Gridline Electrical Wholesale,2026-06-02,Cancelled,20.85
PO-100529,CUST-B,VEND-01,Amp & Wire Supply Co.,08/08/2025,Received,74.12
PO-100530,CUST-D,VEND-03,Circuit Point Supply,2026-03-09,Closed,61.70
po-100531 ,CUST-B,VEND-09,Current Line Supply,2026-08-11,Received,7.13
PO-100532,CUST-D,VEND-06,Conduit & Co. Distribution,2026-06-29,Open,$20.31
PO-100533,CUST-H,VEND-05,Sparkline Supply Co.,06/08/2025,Closed,23.46
PO-100534,CUST-C,VEND-08,Wattstone Distributors,2025-09-29,closed,554.74
PO-100537,CUST-C,VEND-10,Ferrowatt Industrial Supply,2025-08-03,Closed,883.00
PO-100538,CUST-H,VEND-07,BrightPath Electrical Supply,10/07/2025,CLOSED,$125.53
PO-100539,CUST-A,VEND-05,Sparkline Supply Co.,2026-04-06,Closed,0.72
PO-100540,CUST-C,VEND-09,Current Line Supply,2026-03-22,Received,16.60
PO-100541,CUST-A,VEND-06,Conduit & Co. Distribution,2024-11-10,Received,35.77
PO-100542,CUST-A,VEND-09,Current Line Supply,2025-10-28,received,13.20
PO-100543,CUST-D,VEND-08,Wattstone Distributors,2024-01-23,RECEIVED,$943.68
PO-100544,CUST-D,VEND-02,Voltway Electrical Distributors,2025-01-30,Received,180.73
PO-100545,CUST-A,VEND-10,Ferrowatt Industrial Supply,2024-11-08,RECEIVED,16.09
PO-100546,CUST-A,VEND-03,Circuit Point Supply,2024-12-07,Received,5.76
PO-100547,CUST-A,VEND-06,Conduit & Co. Distribution,2025-04-02,Closed,24.32
PO-100548,CUST-A,VEND-01,Amp & Wire Supply Co.,11/05/2025,Received,35.27
PO-100549,CUST-H,VEND-10,Ferrowatt Industrial Supply,2025-11-03,CLOSED,$31.00
PO-100550,CUST-A,VEND-09,Current Line Supply,2024-12-30,Cancelled,$103.58
PO-100551,CUST-D,VEND-12,Voltec Supply Group,2024-11-11,Received,138.64
po-100552,CUST-B,VEND-04,Gridline Electrical Wholesale,2025-03-25,Closed,76.08
PO-100553,CUST-A,VEND-05,Sparkline Supply Co.,2024-09-19,Received,124.42
PO-100554,CUST-B,VEND-05,Sparkline Supply Co.,2024-06-20,Closed,65.41
PO-100555,CUST-C,VEND-03,Circuit Point Supply,2025-06-09,Closed,$33.58
PO-100557,CUST-F,VEND-04,Gridline Electrical Wholesale,05/07/2024,Received,113.50
PO-100558,CUST-H,VEND-01,Amp & Wire Supply Co.,2024-08-29,Closed,70.95
PO-100559,CUST-B,VEND-08,Wattstone Distributors,07/23/2024,CANCELLED,$21.12
PO-100560,CUST-H,VEND-02,Voltway Electrical Distributors,2024-12-17,Cancelled,$130.30
 PO-100561,CUST-A,VEND-10,Ferrowatt Industrial Supply,2026-06-04,Open,$6.72
PO-100562,CUST-B,VEND-08,Wattstone Distributors,2024-02-17,Received,24.07
PO-100563,CUST-H,VEND-07,BrightPath Electrical Supply,2025-11-25,Cancelled,$297.83
PO-100564,CUST-D,VEND-04,Gridline Electrical Wholesale,2025-07-07,Received,76.67
PO-100565,CUST-A,VEND-02,Voltway Electrical Distributors,12/10/2024,RECEIVED,19.08
PO-100566,CUST-B,vend-09 ,Current Line Supply,2024-10-05,Received,$24.10
PO-100567,CUST-D,VEND-10,Ferrowatt Industrial Supply,2025-05-11,Received,$98.07
PO-100568,CUST-G,VEND-09,Current Line Supply,2026-01-28,closed,77.14
PO-100569,CUST-D,VEND-07,BrightPath Electrical Supply,2024-05-04,Received,101.18
PO-100570,CUST-A,VEND-09,Current Line Supply,2026-01-18,Received,2.48
PO-100571,CUST-G,VEND-11,Ampcore Distribution,2025-05-24,RECEIVED,251.70
PO-100572,CUST-B,VEND-03,Circuit Point Supply,2024-11-01,RECEIVED,94.16
PO-100573,CUST-B,VEND-06,Conduit & Co. Distribution,2026-07-30,Open,26.46
PO-100574,CUST-A,VEND-06,Conduit & Co. Distribution,2024-12-03,Received,132.60
PO-100575,CUST-H,VEND-12,Voltec Supply Group,2026-02-26,Received,$173.04
PO-100576,CUST-B,VEND-11,Ampcore Distribution,2025-01-31,Received,10.87
PO-100577,CUST-B,VEND-04,Gridline Electrical Wholesale,2024-10-26,Received,533.87
PO-100578,CUST-D,VEND-11,Ampcore Distribution,2024-06-14,Received,63.38
PO-100579,CUST-D,VEND-11,Ampcore Distribution,2024-01-24,Received,$112.60
PO-100580,CUST-F,VEND-06,Conduit & Co. Distribution,08/17/2025,Received,$531.60
PO-100582,CUST-H,VEND-07,BrightPath Electrical Supply,12/09/2025,Received,40.32
PO-100583,CUST-D,VEND-12,Voltec Supply Group,2024-12-13,received,$322.78
PO-100585,CUST-D,VEND-04,Gridline Electrical Wholesale,2025-04-20,Received,53.13
PO-100587,CUST-D,VEND-12,Voltec Supply Group,2024-03-23,Received,261.27
PO-100588,CUST-B,VEND-03,Circuit Point Supply,2025-07-17,Closed,7.56
PO-100589,CUST-A,VEND-05,Sparkline Supply Co.,01/20/2025,Received,199.62
PO-100590,CUST-B,VEND-05,Sparkline Supply Co.,2025-09-11,Closed,18.70
PO-100591,CUST-D,VEND-10,Ferrowatt Industrial Supply,2025-03-10,Closed,45.50
PO-100592,CUST-A,VEND-06,Conduit & Co. Distribution,2025-04-06,closed,438.60
 PO-100593,CUST-B,VEND-10,Ferrowatt Industrial Supply,2024-01-21,Received,$308.40
PO-100594,CUST-A,VEND-10,Ferrowatt Industrial Supply,01/28/2025,received,137.60
PO-100595,CUST-F ,VEND-08,Wattstone Distributors,10/25/2025,closed,42.40
PO-100596,CUST-D,VEND-01,Amp & Wire Supply Co.,2025-05-31,Received,359.76
PO-100597,CUST-E,VEND-01,Amp & Wire Supply Co.,02/02/2025,Closed,78.85
PO-100599,CUST-B,VEND-10,Ferrowatt Industrial Supply,2026-05-28,Received,1044.92
PO-100600,CUST-C,VEND-08,Wattstone Distributors,2025-07-17,Closed,33.98
PO-100601,CUST-H,VEND-03,Circuit Point Supply,2024-03-26,RECEIVED,557.27
PO-100602,CUST-C,VEND-08,Wattstone Distributors,2026-08-02,Open,41.72
PO-100604,CUST-E,VEND-04,Gridline Electrical Wholesale,04/05/2024,Received,20.73
PO-100605,CUST-G,VEND-01,Amp & Wire Supply Co.,06/16/2024,RECEIVED,63.18
PO-100606,CUST-D,VEND-08,Wattstone Distributors,2024-06-13,Closed,9.32
PO-100607,cust-f,VEND-05,Sparkline Supply Co.,05/05/2024,Closed,15.82
PO-100608,CUST-C,VEND-11,Ampcore Distribution,2025-01-13,Received,$205.04
PO-100609,CUST-H,VEND-12,Voltec Supply Group,2026-08-09,OPEN,48.38
PO-100611,CUST-B,VEND-11,Ampcore Distribution,2025-08-21,Closed,17.00
PO-100612,CUST-A,VEND-05,Sparkline Supply Co.,2026-08-23,Received,50.26
PO-100613,CUST-A,VEND-08,Wattstone Distributors,03/05/2025,Closed,174.72
PO-100614,CUST-A,VEND-09,Current Line Supply,2024-03-27,Received,19.12
PO-100615,CUST-H,VEND-07,BrightPath Electrical Supply,2024-10-19,Received,$81.64
PO-100617,CUST-D,VEND-03,Circuit Point Supply,07/19/2025,Received,34.78
PO-100618,CUST-C,VEND-02,Voltway Electrical Distributors,2025-03-15,Received,88.96
PO-100619,CUST-E,VEND-10,Ferrowatt Industrial Supply,08/19/2024,Received,783.59
PO-100620,CUST-H,VEND-05,Sparkline Supply Co.,09/08/2024,Received,16.82
PO-100621,CUST-G,VEND-08,Wattstone Distributors,04/19/2024,Closed,73.12
PO-100622,CUST-A,VEND-12,Voltec Supply Group,07/09/2026,Open,$31.12
PO-100624,CUST-B ,VEND-05,Sparkline Supply Co.,02/09/2025,Closed,$172.10
PO-100625,CUST-B,VEND-05,Sparkline Supply Co.,2025-07-11,Received,419.09
PO-100626,CUST-H,VEND-06,Conduit & Co. Distribution,2026-03-26,cancelled,268.48
PO-100627,CUST-C,VEND-03,Circuit Point Supply,2025-05-15,Received,$127.74
PO-100628,CUST-A,VEND-02,Voltway Electrical Distributors,08/06/2025,Closed,115.52
PO-100629,CUST-D,VEND-02,Voltway Electrical Distributors,11/17/2024,Received,$102.32
PO-100630,CUST-E,VEND-10,Ferrowatt Industrial Supply,03/21/2024,closed,$5.96
PO-100631,CUST-A,VEND-07,BrightPath Electrical Supply,2024-10-14,Closed,54.96
PO-100632,CUST-B,VEND-08,Wattstone Distributors,04/18/2024,received,2.23
PO-100633,CUST-H,VEND-11,Ampcore Distribution,02/02/2025,Received,$44.54
PO-100634,CUST-B,VEND-12,Voltec Supply Group,03/24/2026,Received,21.30
PO-100635,CUST-E,VEND-10,Ferrowatt Industrial Supply,2025-01-25,Received,16.78
PO-100636,CUST-E,VEND-07,BrightPath Electrical Supply,2026-07-06,Received,$111.50
PO-100637,CUST-F,VEND-01,Amp & Wire Supply Co.,09/23/2025,Closed,35.20
PO-100638,CUST-A,VEND-04,Gridline Electrical Wholesale,06/23/2024,CLOSED,23.88
PO-100639,CUST-C,VEND-09,Current Line Supply,2026-05-18,Received,466.12
PO-100640,CUST-C,VEND-12,Voltec Supply Group,2025-03-09,Received,16.38
PO-100641,CUST-A,VEND-09,Current Line Supply,2025-04-10,Closed,$146.76
PO-100642,CUST-A,VEND-07,BrightPath Electrical Supply,2025-01-11,RECEIVED,342.54
PO-100643,CUST-A,VEND-08,Wattstone Distributors,07/29/2024,Closed,32.98
PO-100644,CUST-F,VEND-07,BrightPath Electrical Supply,2024-08-05,Received,285.61
PO-100645,CUST-A,VEND-07,BrightPath Electrical Supply,03/03/2026,received,88.58
PO-100646,CUST-H,VEND-03,Circuit Point Supply,2024-04-12,RECEIVED,3.06
PO-100647,CUST-A,VEND-10,Ferrowatt Industrial Supply,2024-11-15,Received,57.56
PO-100648,CUST-D,VEND-12,Voltec Supply Group,07/10/2025,Closed,103.46
PO-100649,CUST-A,VEND-11,Ampcore Distribution,10/21/2025,Received,113.08
PO-100650,CUST-D,VEND-08,Wattstone Distributors,07/08/2024,Closed,29.34
PO-100651,CUST-A,VEND-10,Ferrowatt Industrial Supply,2025-10-11,Received,24.91
PO-100652,CUST-G,VEND-12,Voltec Supply Group,04/05/2025,Received,117.24
PO-100653,CUST-D,VEND-07,BrightPath Electrical Supply,2024-04-27,Received,364.85
PO-100654,CUST-A,VEND-07,BrightPath Electrical Supply,2026-01-14,Cancelled,26.20
PO-100655,CUST-F,VEND-12,Voltec Supply Group,2025-08-24,Closed,29.65
PO-100656,CUST-B,VEND-12,Voltec Supply Group,2025-04-08,Received,1.22
PO-100658,CUST-A,VEND-07,BrightPath Electrical Supply,2026-05-10,Cancelled,625.54
PO-100659,CUST-F,VEND-07,BrightPath Electrical Supply,2025-10-07,Closed,79.44
PO-100660,CUST-G,VEND-02,Voltway Electrical Distributors,01/10/2026,Received,$25.68
PO-100661,CUST-A,VEND-12,Voltec Supply Group,2026-04-08,Received,$662.92
PO-100662,CUST-A,VEND-01 ,Amp & Wire Supply Co.,05/30/2025,Received,76.02
PO-100663,CUST-C,VEND-07,BrightPath Electrical Supply,2024-12-03,Received,31.36
PO-100664,CUST-D,VEND-04,Gridline Electrical Wholesale,09/20/2024,received,291.46
PO-100665,CUST-A,VEND-02,Voltway Electrical Distributors,2026-07-17,Open,$53.27
PO-100666,CUST-H,VEND-11,Ampcore Distribution,2024-05-04,Closed,18.68
PO-100667,CUST-A,VEND-03,Circuit Point Supply,10/08/2025,Received,71.38
PO-100668,CUST-A,VEND-10,Ferrowatt Industrial Supply,2025-04-29,Received,428.41
PO-100669,CUST-G,VEND-11,Ampcore Distribution,2024-05-14,Received,$60.62
PO-100670,CUST-H,VEND-06,Conduit & Co. Distribution,2025-10-02,Received,776.60
PO-100671,CUST-A,VEND-01,Amp & Wire Supply Co.,08/22/2025,Received,609.84
PO-100672,CUST-A,VEND-10,Ferrowatt Industrial Supply,2025-09-14,Closed,49.65
PO-100673,CUST-F,VEND-10,Ferrowatt Industrial Supply,09/01/2024,Cancelled,25.80
PO-100674,CUST-D,VEND-12,Voltec Supply Group,2025-03-26,Received,227.34
PO-100675,CUST-D,VEND-01,Amp & Wire Supply Co.,2025-10-17,Received,103.68
PO-100676,CUST-A,VEND-11,Ampcore Distribution,2025-06-13,Received,"$1,104.25"
PO-100677,CUST-C,VEND-02,Voltway Electrical Distributors,2025-08-12,Closed,$161.18
PO-100678,CUST-F,VEND-11,Ampcore Distribution,01/23/2025,CLOSED,35.07
PO-100679,CUST-C,VEND-04,Gridline Electrical Wholesale,2026-01-23,Received,274.34
PO-100680,CUST-D,VEND-07,BrightPath Electrical Supply,2025-08-14,CLOSED,$281.87
PO-100681,CUST-A,VEND-08,Wattstone Distributors,2026-04-23,Closed,237.80
PO-100682,CUST-A,VEND-07,BrightPath Electrical Supply,2026-03-07,RECEIVED,19.37
PO-100683,CUST-F,VEND-09,Current Line Supply,2024-10-25,Received,78.66
PO-100684,CUST-A,VEND-03,Circuit Point Supply,2026-08-09,Received,246.53
PO-100685,CUST-B,VEND-10,Ferrowatt Industrial Supply,2024-05-25,CLOSED,36.90
PO-100687,CUST-A,VEND-05,Sparkline Supply Co.,2025-09-28,RECEIVED,32.88
PO-100688,CUST-C,VEND-05,Sparkline Supply Co.,02/17/2026,Received,40.69
PO-100689,CUST-A,VEND-10,Ferrowatt Industrial Supply,2026-08-24,Open,571.98
PO-100690,CUST-D,VEND-02,Voltway Electrical Distributors,2025-01-31,Received,32.88
PO-100691,CUST-B,VEND-09,Current Line Supply,2025-12-10,Received,34.79
PO-100692,CUST-B,VEND-11,Ampcore Distribution,2025-03-20,Closed,243.58
PO-100693,CUST-D,VEND-01,Amp & Wire Supply Co.,08/25/2026,Open,214.00
PO-100694,CUST-B,VEND-05,Sparkline Supply Co.,2025-07-08,Closed,$192.70
PO-100695,CUST-A,VEND-07,BrightPath Electrical Supply,2025-03-20,Received,283.96
PO-100696,CUST-B,VEND-04,Gridline Electrical Wholesale,2024-03-23,Received,16.15
PO-100697,CUST-D,VEND-06,Conduit & Co. Distribution,11/23/2024,RECEIVED,20.84
PO-100698,CUST-F,VEND-11,Ampcore Distribution,2024-08-19,closed,32.13
PO-100699,CUST-D,VEND-02,Voltway Electrical Distributors,2026-07-11,Open,147.97
PO-100700,CUST-H,VEND-12,Voltec Supply Group,2026-05-14,Received,$68.83
PO-100701,CUST-G,VEND-11,Ampcore Distribution,2024-12-23,Received,48.40
PO-100702,CUST-F,VEND-07 ,BrightPath Electrical Supply,07/11/2025,Received,29.69
PO-100703,CUST-D,VEND-03,Circuit Point Supply,2025-06-08,Closed,$15.80
PO-100704,CUST-A,VEND-07,BrightPath Electrical Supply,08/20/2024,Cancelled,262.26
PO-100705,CUST-F,VEND-02,Voltway Electrical Distributors,2026-07-10,OPEN,100.20
PO-100706,CUST-B,VEND-11,Ampcore Distribution,08/23/2025,Received,202.32
po-100707 ,CUST-D,VEND-01,Amp & Wire Supply Co.,2026-03-09,Received,198.84
PO-100708,CUST-B,VEND-07,BrightPath Electrical Supply,2025-04-09,received,3.24
PO-100709,CUST-A,VEND-03,Circuit Point Supply,02/07/2025,Closed,53.81
PO-100710,CUST-G,VEND-04,Gridline Electrical Wholesale,07/04/2025,Received,169.94
PO-100711,CUST-D,VEND-08,Wattstone Distributors,2025-11-12,Cancelled,3106.62
PO-100712,CUST-D,VEND-09,Current Line Supply,2025-01-18,Closed,56.31
PO-100713,CUST-A,VEND-05,Sparkline Supply Co.,09/16/2024,Cancelled,$5.96
PO-100714,CUST-A,VEND-10,Ferrowatt Industrial Supply,2024-07-31,RECEIVED,$52.96
PO-100715,CUST-A,VEND-09,Current Line Supply,03/28/2025,Cancelled,$77.52
PO-100716,CUST-D,VEND-05,Sparkline Supply Co.,2024-03-16,received,180.54
PO-100717,CUST-D,vend-11 ,Ampcore Distribution,2025-11-28,Closed,48.18
PO-100718,CUST-H,VEND-06,Conduit & Co. Distribution,04/13/2026,received,$12.60
PO-100719,CUST-D,VEND-02,Voltway Electrical Distributors,2025-10-20,Received,0.45
PO-100720,CUST-A,VEND-04,Gridline Electrical Wholesale,08/28/2024,Closed,78.48
PO-100721,CUST-B,VEND-06,Conduit & Co. Distribution,2024-10-29,Cancelled,40.80
PO-100723,CUST-G,vend-11,Ampcore Distribution,07/01/2024,closed,$5.84
PO-100724,CUST-A,VEND-02,Voltway Electrical Distributors,2024-04-05,Closed,52.16
PO-100725,CUST-D,VEND-10,Ferrowatt Industrial Supply,06/27/2026,Open,173.16
PO-100726,CUST-B,VEND-06,Conduit & Co. Distribution,2025-03-24,Received,111.68
PO-100727,CUST-A,VEND-01,Amp & Wire Supply Co.,2024-12-26,Received,8.58
PO-100728,CUST-D,VEND-04,Gridline Electrical Wholesale,08/11/2024,Received,93.36
PO-100729,CUST-D,VEND-05,Sparkline Supply Co.,2026-06-28,Closed,$65.10
PO-100730,CUST-A,VEND-12,Voltec Supply Group,02/28/2025,Closed,76.74
PO-100731,CUST-C,VEND-02,Voltway Electrical Distributors,2025-12-05,CLOSED,101.76
PO-100733,CUST-F,VEND-12,Voltec Supply Group,2026-02-20,Received,56.64
PO-100734,CUST-F,VEND-12,Voltec Supply Group,2025-10-29,Closed,165.36
PO-100735,CUST-A,VEND-08,Wattstone Distributors,2024-10-05,Closed,7.90
PO-100736,CUST-C,VEND-06,Conduit & Co. Distribution,2026-01-31,received,8.90
PO-100737,CUST-A,VEND-05,Sparkline Supply Co.,2024-08-05,Received,23.76
PO-100738,CUST-B,VEND-04,Gridline Electrical Wholesale,2026-06-15,Closed,43.54
PO-100739,CUST-A,VEND-06,Conduit & Co. Distribution,2026-05-07,Closed,253.26
PO-100740,CUST-A,VEND-08,Wattstone Distributors,02/10/2025,Received,$440.56
PO-100741,CUST-B,VEND-03,Circuit Point Supply,07/01/2024,Closed,1.93
PO-100742,CUST-B,VEND-07,BrightPath Electrical Supply,2025-08-12,Closed,246.95
PO-100743,CUST-A,VEND-10,Ferrowatt Industrial Supply,2025-04-23,RECEIVED,40.76
PO-100744,CUST-A,VEND-10,Ferrowatt Industrial Supply,2024-07-25,Received,46.64
PO-100745,CUST-C,VEND-10,Ferrowatt Industrial Supply,2025-12-16,Received,59.87
PO-100746,CUST-A,VEND-06,Conduit & Co. Distribution,2025-01-13,Received,$969.00
PO-100747,CUST-H,VEND-09,Current Line Supply,2024-06-28,closed,105.82
PO-100748,CUST-H,VEND-01,Amp & Wire Supply Co.,08/26/2025,closed,29.86
PO-100749,CUST-A,VEND-09,Current Line Supply,2025-12-29,Received,33.09
PO-100750,cust-b ,vend-02,Voltway Electrical Distributors,09/11/2025,CLOSED,3.16
PO-100751,CUST-B,VEND-10,Ferrowatt Industrial Supply,03/24/2024,Received,1575.78
PO-100752,CUST-A,VEND-09,Current Line Supply,2025-10-15,Received,9.36
PO-100753,CUST-E,VEND-08,Wattstone Distributors,2025-09-13,Closed,43.69
PO-100754,CUST-E,VEND-10,Ferrowatt Industrial Supply,2026-02-09,Received,13.96
PO-100755,CUST-F,VEND-12,Voltec Supply Group,2026-06-29,Cancelled,190.14
PO-100756,CUST-F,VEND-12,Voltec Supply Group,2025-09-08,Closed,54.40
PO-100757,CUST-G,VEND-04,Gridline Electrical Wholesale,02/09/2026,Closed,372.33
PO-100758,CUST-D,VEND-01,Amp & Wire Supply Co.,2025-06-22,Received,546.00
PO-100759,CUST-D,VEND-08,Wattstone Distributors,2025-12-27,Closed,130.54
PO-100760,CUST-D,VEND-04,Gridline Electrical Wholesale,2026-02-19,Received,30.84
PO-100761,CUST-F,VEND-03,Circuit Point Supply,11/06/2025,Received,155.61
PO-100762,CUST-C,VEND-10,Ferrowatt Industrial Supply,09/24/2024,Received,521.08
PO-100763,CUST-E,VEND-04,Gridline Electrical Wholesale,02/06/2025,Received,300.69
PO-100764,CUST-B,VEND-01,Amp & Wire Supply Co.,2026-07-16,received,155.36
PO-100765,CUST-D,VEND-06,Conduit & Co. Distribution,01/11/2024,Received,146.84
po-100766,CUST-F,VEND-03,Circuit Point Supply,2025-02-19,Received,66.65
PO-100767,CUST-B,VEND-01,Amp & Wire Supply Co.,2026-05-06,RECEIVED,173.18
PO-100768,CUST-E,VEND-07,BrightPath Electrical Supply,04/08/2026,Received,$9.22
PO-100769,CUST-D,VEND-09,Current Line Supply,12/05/2024,Closed,$324.90
PO-100770,CUST-A,VEND-05,Sparkline Supply Co.,03/09/2026,Closed,3.68
PO-100771,CUST-A,VEND-09 ,Current Line Supply,09/27/2024,Received,11.20
PO-100772,CUST-B,VEND-12,Voltec Supply Group,2024-12-16,Closed,49.26
PO-100773,CUST-D,VEND-10,Ferrowatt Industrial Supply,04/17/2025,RECEIVED,471.12
PO-100774,CUST-D,VEND-01,Amp & Wire Supply Co.,02/20/2025,Cancelled,351.76
PO-100775,CUST-B,VEND-09,Current Line Supply,04/06/2026,received,75.62
PO-100776,CUST-A,VEND-10,Ferrowatt Industrial Supply,2026-05-31,received,1.65
PO-100777,CUST-G,VEND-12,Voltec Supply Group,05/17/2025,Received,28.24
PO-100778,CUST-D,VEND-07,BrightPath Electrical Supply,2024-10-11,Received,24.18
PO-100779,CUST-B,VEND-12,Voltec Supply Group,2025-05-18,Received,126.52
PO-100780,CUST-F,VEND-07,BrightPath Electrical Supply,12/11/2024,Received,$84.74
PO-100781,CUST-A,VEND-10,Ferrowatt Industrial Supply,2026-04-23,Received,51.50
PO-100782,CUST-B,VEND-08,Wattstone Distributors,08/01/2025,Received,484.88
PO-100783,CUST-F,VEND-04,Gridline Electrical Wholesale,2025-08-16,received,3692.18
po-100784,CUST-A,VEND-07,BrightPath Electrical Supply,2025-12-03,RECEIVED,$27.31
PO-100785,CUST-A,VEND-01,Amp & Wire Supply Co.,2026-04-14,Closed,258.80
PO-100786, CUST-E,VEND-01,Amp & Wire Supply Co.,2025-10-15,Received,30.91
PO-100787,CUST-G,VEND-12,Voltec Supply Group,01/23/2026,Received,40.08
PO-100788,CUST-A,VEND-09,Current Line Supply,2024-03-02,RECEIVED,14.53
PO-100789,CUST-A,VEND-04,Gridline Electrical Wholesale,2025-05-22,Received,$12.68
PO-100790,CUST-A,VEND-01,Amp & Wire Supply Co.,2026-04-06,Closed,102.68
PO-100791,CUST-D,VEND-10,Ferrowatt Industrial Supply,01/29/2025,Closed,133.88
PO-100792,CUST-D,VEND-11,Ampcore Distribution,2025-10-08,Received,262.18
PO-100793,CUST-A,VEND-06,Conduit & Co. Distribution,03/29/2024,received,$48.24
PO-100794,CUST-A,VEND-01,Amp & Wire Supply Co.,2026-05-03,Received,107.94
PO-100795,cust-d ,VEND-06,Conduit & Co. Distribution,2025-06-02,Received,5.70
PO-100796,CUST-A,VEND-07,BrightPath Electrical Supply,07/17/2026,Open,$11.75
PO-100797,CUST-B,VEND-09,Current Line Supply,11/09/2025,Closed,26.64
PO-100798,CUST-D,VEND-07,BrightPath Electrical Supply,2024-01-13,CANCELLED,65.87
PO-100799 ,CUST-F,VEND-03,Circuit Point Supply,2026-08-20,Open,$213.35
PO-100800,CUST-D,VEND-06,Conduit & Co. Distribution,2025-01-04,Closed,15.50
PO-100801,CUST-D,VEND-03,Circuit Point Supply,2024-02-26,Received,357.11
PO-100802,CUST-D,VEND-05,Sparkline Supply Co.,07/06/2026,Open,$34.26
PO-100803,CUST-A,VEND-05,Sparkline Supply Co.,2026-05-06,Received,205.44
po-100804,CUST-A,VEND-06,Conduit & Co. Distribution,2024-12-31,Cancelled,52.66
PO-100805,CUST-E,VEND-10,Ferrowatt Industrial Supply,2025-09-01,Received,113.60
PO-100806,CUST-C,VEND-01,Amp & Wire Supply Co.,08/23/2024,CLOSED,$23.30
PO-100808,CUST-B,VEND-01,Amp & Wire Supply Co.,05/03/2025,Closed,6.60
PO-100809,CUST-A,VEND-08,Wattstone Distributors,2024-11-25,Cancelled,111.76
PO-100810,CUST-H,VEND-10,Ferrowatt Industrial Supply,2024-02-27,Closed,$184.67
PO-100811,CUST-F,VEND-11,Ampcore Distribution,2026-05-12,Closed,110.36
PO-100812,CUST-A,VEND-03,Circuit Point Supply,06/22/2026,Open,59.61
PO-100813,CUST-D,VEND-12,Voltec Supply Group,06/30/2024,Received,$158.60
PO-100814,CUST-D,VEND-07,BrightPath Electrical Supply,2024-01-05,Received,85.18
 PO-100815,CUST-H,VEND-03,Circuit Point Supply,2025-11-28,Received,389.76
PO-100816,CUST-B,VEND-11,Ampcore Distribution,2024-01-22,Received,103.30
PO-100817,CUST-A,VEND-04,Gridline Electrical Wholesale,07/03/2025,Received,$71.56
PO-100819,CUST-E,VEND-12,Voltec Supply Group,2025-08-29,received,214.58
PO-100820,CUST-B,VEND-05,Sparkline Supply Co.,2025-06-08,Closed,7.44
PO-100821,CUST-A,VEND-08,Wattstone Distributors,08/30/2025,Closed,14.40
PO-100822,CUST-C,VEND-06,Conduit & Co. Distribution,07/09/2025,Received,$178.32
PO-100823,CUST-A,VEND-03,Circuit Point Supply,2025-10-12,RECEIVED,49.24
PO-100824,CUST-A,VEND-07,BrightPath Electrical Supply,2024-04-25,Closed,31.11
PO-100825,CUST-B,VEND-04,Gridline Electrical Wholesale,2024-09-21,Received,83.08
PO-100826,CUST-D,VEND-07,BrightPath Electrical Supply,2026-01-09,Closed,9.66
PO-100827,CUST-E,VEND-01,Amp & Wire Supply Co.,2025-06-06,Received,4.63
PO-100828,CUST-B,VEND-01,Amp & Wire Supply Co.,03/13/2024,Received,25.26
PO-100830,CUST-B,VEND-10,Ferrowatt Industrial Supply,12/26/2025,Closed,$397.82
PO-100831,CUST-D,VEND-07,BrightPath Electrical Supply,02/07/2025,Received,$120.94
PO-100832,CUST-B,VEND-07,BrightPath Electrical Supply,09/03/2024,RECEIVED,1487.60
PO-100833,CUST-F,VEND-05,Sparkline Supply Co.,2026-03-26,Received,66.82
PO-100834,CUST-E,VEND-08,Wattstone Distributors,10/05/2025,Received,95.44
PO-100835,CUST-A,VEND-05,Sparkline Supply Co.,2024-04-13,Closed,37.76
PO-100836,CUST-H,VEND-02,Voltway Electrical Distributors,01/15/2024,Closed,52.52
PO-100837,CUST-A,VEND-09,Current Line Supply,2026-08-23,Open,48.64
PO-100838,CUST-B,VEND-11,Ampcore Distribution,2026-05-31,Received,909.30
PO-100839,CUST-A,VEND-04,Gridline Electrical Wholesale,06/07/2025,Received,2.95
PO-100840,CUST-A,VEND-07,BrightPath Electrical Supply,2025-06-10,Received,359.51
PO-100842,CUST-G,VEND-07,BrightPath Electrical Supply,2025-05-10,Cancelled,72.31
PO-100843,CUST-A,VEND-10,Ferrowatt Industrial Supply,04/15/2024,Received,1635.32
PO-100844,CUST-A,VEND-06,Conduit & Co. Distribution,2024-04-28,Received,21.62
PO-100845,CUST-D,VEND-10,Ferrowatt Industrial Supply,2024-07-25,Closed,4.35
PO-100846,CUST-G,VEND-02,Voltway Electrical Distributors,2025-07-28,received,51.36
PO-100847,CUST-A,VEND-07,BrightPath Electrical Supply,2025-12-25,Received,573.37
PO-100848,CUST-A,VEND-12,Voltec Supply Group,02/06/2026,Closed,$25.83
PO-100849,CUST-E,VEND-08,Wattstone Distributors,2026-06-15,Open,493.54
PO-100850,CUST-B,VEND-03,Circuit Point Supply,2025-04-04,received,27.60
PO-100851,CUST-B,VEND-09,Current Line Supply,03/14/2026,Closed,$221.58
PO-100852,CUST-E,VEND-05,Sparkline Supply Co.,2024-04-17,Closed,3.60
PO-100853, CUST-E,VEND-07,BrightPath Electrical Supply,2025-05-25,Received,110.84
PO-100854,CUST-D,VEND-03,Circuit Point Supply,2025-08-06,Received,542.40
PO-100855,CUST-H,VEND-09 ,Current Line Supply,2025-09-23,Closed,9.75
PO-100857,CUST-A,vend-09,Current Line Supply,2025-11-19,Received,29.44
PO-100858,CUST-H,VEND-12,Voltec Supply Group,2024-03-30,Closed,24.40
PO-100859,CUST-A,VEND-08,Wattstone Distributors,2024-04-28,Received,25.20
PO-100860,CUST-D,VEND-02,Voltway Electrical Distributors,2026-02-06,Received,19.36
PO-100861,CUST-F,VEND-08,Wattstone Distributors,2024-11-02,Received,135.46
PO-100862,CUST-A,VEND-02,Voltway Electrical Distributors,2026-06-20,Received,9.31
PO-100863,CUST-B,VEND-02,Voltway Electrical Distributors,2025-12-06,Received,60.08
po-100864 ,CUST-B,VEND-02,Voltway Electrical Distributors,2024-08-28,received,82.60
PO-100865,CUST-D,VEND-08,Wattstone Distributors,2025-07-30,Closed,$9.48
PO-100866,CUST-A,VEND-04,Gridline Electrical Wholesale,03/27/2025,Cancelled,136.50
PO-100867,CUST-A,VEND-01,Amp & Wire Supply Co.,2024-08-16,Received,151.65
PO-100869,CUST-A,VEND-09,Current Line Supply,2025-02-12,Received,24.72
PO-100870,CUST-A,VEND-05,Sparkline Supply Co.,2024-02-18,Received,117.12
PO-100871,CUST-H,VEND-02,Voltway Electrical Distributors,04/03/2024,Received,26.95
PO-100872,CUST-B,VEND-03,Circuit Point Supply,2026-02-18,Received,143.26
PO-100873,CUST-B,VEND-09,Current Line Supply,2025-12-11,Closed,290.24
PO-100874,CUST-A,VEND-03,Circuit Point Supply,2025-01-20,Received,94.77
PO-100875, CUST-A,VEND-08,Wattstone Distributors,08/10/2024,Closed,66.56
PO-100876,CUST-B,VEND-07,BrightPath Electrical Supply,2024-01-04,Received,118.54
PO-100877,CUST-C,VEND-02,Voltway Electrical Distributors,2025-10-02,Received,170.08
PO-100879 ,CUST-C,VEND-11,Ampcore Distribution,02/10/2024,Received,125.43
PO-100880,CUST-F,VEND-09,Current Line Supply,2026-07-15,Open,212.58
PO-100881,CUST-A,vend-06 ,Conduit & Co. Distribution,2025-04-07,Received,378.82
PO-100882,CUST-D,VEND-12,Voltec Supply Group,02/01/2026,Received,124.14
PO-100883,CUST-B,VEND-09,Current Line Supply,2024-12-28,Closed,$62.05
PO-100884,CUST-A,VEND-10,Ferrowatt Industrial Supply,02/19/2024,CLOSED,86.08
PO-100885,CUST-C,VEND-04,Gridline Electrical Wholesale,02/23/2024,CLOSED,4.24
PO-100886,CUST-B,VEND-01,Amp & Wire Supply Co.,05/16/2025,Received,209.26
PO-100887,CUST-D,VEND-12,Voltec Supply Group,2025-06-05,Closed,$38.48
PO-100888,CUST-A,VEND-01,Amp & Wire Supply Co.,2026-03-27,Closed,$11.34
PO-100889,CUST-F,VEND-12,Voltec Supply Group,2026-06-20,Open,32.32
PO-100890,CUST-F,VEND-11 ,Ampcore Distribution,2025-06-22,closed,167.78
PO-100891,CUST-A,VEND-11,Ampcore Distribution,2025-11-27,Closed,77.49
PO-100892,CUST-A,VEND-04,Gridline Electrical Wholesale,2026-08-01,open,158.25
PO-100893,CUST-D,VEND-08,Wattstone Distributors,04/22/2026,Received,$16.76
PO-100894,CUST-B,VEND-12,Voltec Supply Group,2024-09-29,Received,80.46
PO-100895,CUST-G,VEND-08,Wattstone Distributors,02/18/2026,Received,53.92
PO-100896,CUST-B,VEND-06,Conduit & Co. Distribution,2025-05-20,RECEIVED,76.34
PO-100897,CUST-A,VEND-02,Voltway Electrical Distributors,2024-09-28,Received,139.33
PO-100898,CUST-C,VEND-08,Wattstone Distributors,03/13/2024,Received,56.91
PO-100899,CUST-D,VEND-03,Circuit Point Supply,2025-03-25,Received,35.36
PO-100900,CUST-A,VEND-07,BrightPath Electrical Supply,2025-12-13,Cancelled,4.88
PO-100901,CUST-F,VEND-05,Sparkline Supply Co.,2026-04-14,Received,27.30
PO-100902,CUST-H,VEND-02,Voltway Electrical Distributors,2026-05-27,closed,$14.00
PO-100903,CUST-B,VEND-08,Wattstone Distributors,2026-04-17,Received,61.32
PO-100904,CUST-A,VEND-11,Ampcore Distribution,2026-07-11,Open,$89.83
PO-100905,CUST-D,VEND-11,Ampcore Distribution,2024-02-28,CLOSED,157.05
PO-100906,CUST-B,VEND-12,Voltec Supply Group,2025-07-16,Received,52.11
PO-100907,CUST-D,VEND-06,Conduit & Co. Distribution,2024-08-31,Received,$343.98
PO-100908,CUST-A,VEND-05,Sparkline Supply Co.,2024-06-14,Closed,21.48
PO-100909,CUST-D,VEND-08,Wattstone Distributors,2025-01-10,Closed,3.72
PO-100910,CUST-D,VEND-01,Amp & Wire Supply Co.,2026-05-30,Closed,164.16
PO-100911,CUST-H,vend-03 ,Circuit Point Supply,2025-11-08,Received,$33.37
PO-100912,CUST-C,VEND-11,Ampcore Distribution,2025-04-06,Received,$82.60
PO-100913,CUST-D,VEND-11,Ampcore Distribution,02/10/2026,received,52.64
PO-100914,CUST-B,VEND-04,Gridline Electrical Wholesale,2024-06-04,CLOSED,8.20
PO-100915,CUST-D,VEND-08,Wattstone Distributors,05/20/2024,Received,45.99
PO-100917,CUST-B,VEND-06,Conduit & Co. Distribution,2026-02-01,closed,$433.80
PO-100918,CUST-D,VEND-11,Ampcore Distribution,07/16/2025,Received,692.14
PO-100919,CUST-G,VEND-11,Ampcore Distribution,2025-09-06,Received,527.16
PO-100920,CUST-B,VEND-02,Voltway Electrical Distributors,06/07/2024,RECEIVED,103.34
PO-100921,CUST-A,VEND-10,Ferrowatt Industrial Supply,2024-02-09,Received,202.42
PO-100922,CUST-A,VEND-03,Circuit Point Supply,2024-09-22,Received,19.92
PO-100924,CUST-C,VEND-10,Ferrowatt Industrial Supply,08/01/2024,Closed,$11.79
PO-100925,CUST-D,vend-10 ,Ferrowatt Industrial Supply,2025-01-31,Received,89.77
PO-100926,CUST-D,VEND-04,Gridline Electrical Wholesale,11/24/2025,Closed,$7.34
PO-100927,CUST-B,VEND-04,Gridline Electrical Wholesale,2025-01-24,RECEIVED,830.24
PO-100928,CUST-H,VEND-02,Voltway Electrical Distributors,2025-08-06,received,13.68
PO-100929, CUST-A,VEND-11,Ampcore Distribution,2026-03-14,Closed,36.84
PO-100931, CUST-A,VEND-02,Voltway Electrical Distributors,2024-09-24,CLOSED,$87.16
PO-100932,CUST-A,VEND-11,Ampcore Distribution,01/20/2026,Received,103.34
PO-100933,CUST-A,VEND-11,Ampcore Distribution,2024-01-03,Received,22.92
PO-100934,CUST-H,VEND-11,Ampcore Distribution,2026-03-17,received,$9.60
PO-100935,CUST-B,VEND-07,BrightPath Electrical Supply,2024-03-28,Received,833.40
PO-100936,CUST-B,VEND-03 ,Circuit Point Supply,2026-02-25,Received,11.71
PO-100937,CUST-F,VEND-02,Voltway Electrical Distributors,2026-06-23,Received,92.36
PO-100938,CUST-H,VEND-10,Ferrowatt Industrial Supply,2024-07-23,RECEIVED,426.10
PO-100939,CUST-C,VEND-10,Ferrowatt Industrial Supply,04/28/2024,closed,46.40
PO-100940,CUST-B,VEND-04,Gridline Electrical Wholesale,08/09/2025,Closed,166.60
PO-100941,CUST-A,VEND-05,Sparkline Supply Co.,2026-03-03,Received,$234.98
PO-100942,CUST-H,VEND-11,Ampcore Distribution,2024-01-14,Received,$2.96
PO-100943,CUST-A,VEND-08,Wattstone Distributors,2025-11-23,Received,4.40
PO-100944,CUST-A,VEND-09,Current Line Supply,2024-08-15,Received,252.88
PO-100945,CUST-F,VEND-11,Ampcore Distribution,2024-07-28,Closed,107.93
PO-100946,CUST-C,VEND-10,Ferrowatt Industrial Supply,09/24/2024,Received,$88.44
PO-100947,CUST-F,VEND-07,BrightPath Electrical Supply,12/04/2024,RECEIVED,12.60
PO-100948,CUST-A,VEND-12,Voltec Supply Group,2025-09-12,Closed,16.89
PO-100949,CUST-C,VEND-07,BrightPath Electrical Supply,12/15/2024,RECEIVED,77.48
PO-100951,CUST-C,VEND-09,Current Line Supply,2024-01-23,Received,135.10
PO-100952,CUST-C,VEND-09,Current Line Supply,04/10/2026,Received,258.48
PO-100953,CUST-D,VEND-03,Circuit Point Supply,2024-09-25,closed,$101.04
PO-100954,CUST-F,VEND-09,Current Line Supply,2025-08-15,Received,$137.63
PO-100955,CUST-A,VEND-01,Amp & Wire Supply Co.,2025-03-27,Received,593.82
PO-100956,CUST-F,VEND-06,Conduit & Co. Distribution,07/23/2026,Open,$96.10
po-100958,CUST-H,VEND-06,Conduit & Co. Distribution,2025-06-16,Received,$59.26
PO-100959,CUST-D,VEND-05,Sparkline Supply Co.,2026-05-13,Received,119.10
PO-100960,CUST-C,VEND-06,Conduit & Co. Distribution,2026-08-27,Open,12.15
PO-100961,CUST-B,VEND-11,Ampcore Distribution,2025-08-23,CLOSED,$789.90
PO-100962,CUST-A,VEND-09,Current Line Supply,03/24/2024,Closed,156.40
PO-100963,CUST-A,VEND-01,Amp & Wire Supply Co.,06/11/2024,Received,280.09
PO-100964,CUST-F,VEND-02,Voltway Electrical Distributors,2025-07-16,Cancelled,201.36
PO-100965,CUST-A,VEND-02,Voltway Electrical Distributors,07/14/2026,Open,$58.06
PO-100966,CUST-A,VEND-03,Circuit Point Supply,2024-01-30,Received,18.85
PO-100967,CUST-B,VEND-06,Conduit & Co. Distribution,2026-04-10,Cancelled,8.94
PO-100968,CUST-D,VEND-03,Circuit Point Supply,2024-07-31,Received,136.68
PO-100969,CUST-A,VEND-09,Current Line Supply,05/25/2024,Received,$31.42
PO-100970,CUST-G,VEND-09,Current Line Supply,2025-02-15,RECEIVED,27.48
PO-100972,CUST-F,VEND-07,BrightPath Electrical Supply,2024-07-23,CANCELLED,$592.86
PO-100973,CUST-B,VEND-06,Conduit & Co. Distribution,2025-08-18,Received,136.26
PO-100974,CUST-B,VEND-02,Voltway Electrical Distributors,12/06/2025,received,7.84
PO-100975,CUST-B,VEND-05,Sparkline Supply Co.,2025-02-11,RECEIVED,35.35
PO-100976,CUST-H,VEND-12,Voltec Supply Group,2026-02-06,Received,$6.86
PO-100977,CUST-H, VEND-08,Wattstone Distributors,2026-08-08,open,68.02
PO-100978,CUST-A,VEND-09,Current Line Supply,2024-01-09,Received,233.72
PO-100979,CUST-F,VEND-09,Current Line Supply,2024-01-24,received,51.49
PO-100980,CUST-A,VEND-10,Ferrowatt Industrial Supply,03/07/2025,received,365.38
PO-100981,CUST-A,VEND-10,Ferrowatt Industrial Supply,04/03/2025,Received,59.52
PO-100982,CUST-A,VEND-07,BrightPath Electrical Supply,2025-07-22,closed,346.84
PO-100983,CUST-B,VEND-05,Sparkline Supply Co.,12/07/2025,Received,$53.00
PO-100984,CUST-H,VEND-08,Wattstone Distributors,2026-01-12,Received,54.60
PO-100986,CUST-B,VEND-07,BrightPath Electrical Supply,2026-03-10,Received,505.49
PO-100987,CUST-C,VEND-05,Sparkline Supply Co.,2025-03-29,Cancelled,22.55
PO-100988,CUST-D,VEND-04,Gridline Electrical Wholesale,2024-10-31,Cancelled,$35.04
PO-100989,CUST-A,VEND-07,BrightPath Electrical Supply,2024-01-03,Closed,3.96
PO-100990,CUST-A,VEND-02,Voltway Electrical Distributors,2026-02-20,Received,109.76
PO-100991,CUST-H,VEND-01,Amp & Wire Supply Co.,2024-02-11,Received,$6.00
PO-100992,CUST-H,VEND-02,Voltway Electrical Distributors,11/05/2024,Closed,129.09
PO-100993,CUST-A,VEND-04,Gridline Electrical Wholesale,2025-11-03,received,14.58
PO-100994,CUST-D,VEND-10,Ferrowatt Industrial Supply,07/02/2024,Closed,4.14
PO-100995,CUST-A,VEND-10,Ferrowatt Industrial Supply,2024-08-06,Received,5.99
PO-100996,CUST-C,VEND-07,BrightPath Electrical Supply,11/12/2024,Received,$291.12
PO-100997,CUST-H,VEND-10,Ferrowatt Industrial Supply,2026-01-19,Closed,109.48
PO-100998,CUST-A,VEND-05,Sparkline Supply Co.,2025-06-22,Cancelled,43.76
PO-100999,CUST-C,VEND-09,Current Line Supply,2026-03-14,Closed,1857.98
PO-101000,CUST-D,VEND-04,Gridline Electrical Wholesale,2024-08-12,Closed,851.59
PO-101001,CUST-A,VEND-02,Voltway Electrical Distributors,2025-01-03,Received,66.76
PO-101002,CUST-A,VEND-10,Ferrowatt Industrial Supply,10/17/2025,Received,2.26
PO-101003,CUST-B,VEND-10,Ferrowatt Industrial Supply,06/11/2024,Cancelled,160.42
PO-101004,CUST-F,VEND-12,Voltec Supply Group,2026-06-15,Open,143.35
PO-101005,CUST-A,vend-09,Current Line Supply,03/15/2025,CLOSED,795.64
PO-101006,CUST-C,VEND-02,Voltway Electrical Distributors,06/17/2025,Closed,58.50
PO-101007,CUST-A,VEND-11,Ampcore Distribution,2026-06-02,Closed,$247.38
PO-101008,CUST-E,VEND-07,BrightPath Electrical Supply,2025-02-16,Closed,22.21
PO-101009,CUST-B,VEND-09,Current Line Supply,2024-10-13,Received,67.08
PO-101010,CUST-F,VEND-06,Conduit & Co. Distribution,2024-05-23,CLOSED,$96.90
PO-101012,CUST-B,VEND-02,Voltway Electrical Distributors,2025-01-24,Closed,$52.60
PO-101013,CUST-D,VEND-10,Ferrowatt Industrial Supply,04/24/2025,Closed,42.41
PO-101014,CUST-B,VEND-11,Ampcore Distribution,11/13/2025,Received,14.90
PO-101015,CUST-H,VEND-10,Ferrowatt Industrial Supply,04/20/2024,Received,27.79
PO-101016,CUST-F,VEND-12,Voltec Supply Group,2026-04-23,Closed,34.89
PO-101017,CUST-A,VEND-03,Circuit Point Supply,2026-05-09,Received,4.11
PO-101018,CUST-E,VEND-08,Wattstone Distributors,03/05/2025,Received,26.80
PO-101019,CUST-B,VEND-10,Ferrowatt Industrial Supply,2025-10-13,Closed,229.86
PO-101021,CUST-A,VEND-06,Conduit & Co. Distribution,03/08/2026,Cancelled,771.91
PO-101022,CUST-B,VEND-01,Amp & Wire Supply Co.,2024-09-13,RECEIVED,186.01
 PO-101023,CUST-B,VEND-01,Amp & Wire Supply Co.,2025-05-18,Received,41.30
PO-101024,CUST-D,VEND-07,BrightPath Electrical Supply,2024-09-29,Cancelled,915.45
PO-101025,CUST-D,VEND-08,Wattstone Distributors,2024-04-07,RECEIVED,322.69
PO-101026,CUST-E,VEND-04,Gridline Electrical Wholesale,11/17/2024,Received,536.28
PO-101027,CUST-B,VEND-08,Wattstone Distributors,2024-04-29,Closed,27.06
PO-101028,CUST-A,VEND-09,Current Line Supply,08/14/2024,Received,50.07
PO-101029,CUST-D,VEND-06,Conduit & Co. Distribution,12/17/2025,Closed,9.00
PO-101030,CUST-A,VEND-04,Gridline Electrical Wholesale,2025-03-28,Received,45.84
PO-101031,CUST-C,VEND-10,Ferrowatt Industrial Supply,2025-12-03,CLOSED,7.50
PO-101032,CUST-E,VEND-05,Sparkline Supply Co.,2025-02-10,Received,8.24
po-101033,CUST-A,VEND-09,Current Line Supply,03/30/2026,Closed,$196.42
PO-101034,CUST-B,VEND-03,Circuit Point Supply,2024-08-12,Received,178.49
PO-101035,CUST-A,VEND-10,Ferrowatt Industrial Supply,2025-10-05,Received,92.44
PO-101036,CUST-F,VEND-03,Circuit Point Supply,2024-10-05,Received,1142.92
PO-101037,CUST-A,VEND-02,Voltway Electrical Distributors,2026-04-27,RECEIVED,88.22
PO-101038,CUST-B,VEND-02,Voltway Electrical Distributors,05/03/2024,CLOSED,$32.70
PO-101039,CUST-C,VEND-04,Gridline Electrical Wholesale,2025-04-22,Closed,62.38
PO-101041,CUST-H,VEND-09,Current Line Supply,2024-04-20,closed,24.86
PO-101042,CUST-E,VEND-05,Sparkline Supply Co.,2024-07-11,Received,375.42
PO-101043,CUST-B,VEND-02,Voltway Electrical Distributors,2026-08-31,Open,5.02
PO-101044,CUST-D,VEND-04,Gridline Electrical Wholesale,2024-04-18,Cancelled,9.76
PO-101045,CUST-A,VEND-02,Voltway Electrical Distributors,2025-08-22,Received,$38.85
PO-101046,CUST-F,VEND-04,Gridline Electrical Wholesale,2025-06-06,Received,11.04
PO-101047,CUST-A,VEND-07,BrightPath Electrical Supply,2025-06-10,received,$159.96
PO-101048,CUST-F,VEND-05,Sparkline Supply Co.,2025-10-18,Received,431.59
PO-101049,CUST-G,VEND-10,Ferrowatt Industrial Supply,2025-09-03,Closed,48.08
PO-101050,CUST-A,VEND-06,Conduit & Co. Distribution,2026-05-10,Cancelled,190.49
PO-101051,CUST-H,VEND-12,Voltec Supply Group,2024-09-18,Received,62.12
PO-101052,CUST-D,VEND-08,Wattstone Distributors,2026-06-03,Open,$6.68
PO-101053,CUST-B,VEND-07,BrightPath Electrical Supply,03/02/2026,received,28.96
PO-101054,CUST-B,VEND-12,Voltec Supply Group,2024-05-10,Closed,46.95
PO-101055,CUST-C,VEND-12,Voltec Supply Group,2026-03-27,Received,70.50
PO-101056,cust-d ,VEND-01,Amp & Wire Supply Co.,2024-07-26,received,133.96
PO-101057,CUST-H,VEND-09,Current Line Supply,2026-02-03,Received,9.18
PO-101058,CUST-F,VEND-01,Amp & Wire Supply Co.,02/27/2025,Received,98.04
PO-101059,CUST-D,VEND-12,Voltec Supply Group,2025-12-11,Closed,20.28
PO-101060,CUST-F,VEND-10,Ferrowatt Industrial Supply,2024-10-11,RECEIVED,63.16
PO-101061,CUST-F,VEND-08,Wattstone Distributors,2024-09-04,Closed,72.56
PO-101062,CUST-G,VEND-11,Ampcore Distribution,2026-08-10,closed,82.22
PO-101063,CUST-A,VEND-03,Circuit Point Supply,2024-11-26,received,114.09
PO-101064,CUST-B,VEND-10,Ferrowatt Industrial Supply,2025-01-25,Closed,267.24
PO-101065,CUST-A,VEND-11,Ampcore Distribution,2024-06-09,Received,34.68
PO-101066,CUST-D,VEND-07,BrightPath Electrical Supply,2025-11-09,Closed,118.70
PO-101067,CUST-B,VEND-08,Wattstone Distributors,2024-05-27,Cancelled,82.60
PO-101068,CUST-B,VEND-05,Sparkline Supply Co.,2024-07-09,Received,$281.04
PO-101069,CUST-B,VEND-10,Ferrowatt Industrial Supply,2024-06-22,received,3.66
PO-101071,CUST-B,VEND-06,Conduit & Co. Distribution,08/25/2025,Closed,11.48
PO-101072,CUST-D,VEND-11,Ampcore Distribution,2025-08-19,Closed,82.40
PO-101073,CUST-C,VEND-07,BrightPath Electrical Supply,2025-05-23,Closed,119.60
PO-101074,CUST-D,VEND-12,Voltec Supply Group,2024-05-02,Closed,126.12
 PO-101075,CUST-E,VEND-07,BrightPath Electrical Supply,12/22/2024,Closed,25.80
PO-101076,CUST-A,VEND-06,Conduit & Co. Distribution,2024-07-21,Received,477.28
PO-101077,CUST-H,VEND-03,Circuit Point Supply,2025-11-17,CLOSED,$339.00
PO-101078,CUST-A,VEND-02,Voltway Electrical Distributors,2026-06-19,Open,121.60
PO-101079,CUST-C,VEND-02,Voltway Electrical Distributors,07/31/2024,received,50.61
PO-101080,CUST-B,VEND-06,Conduit & Co. Distribution,2026-06-08,Closed,79.70
PO-101081,CUST-F,VEND-04,Gridline Electrical Wholesale,05/13/2025,Closed,40.16
PO-101082,CUST-D ,VEND-07,BrightPath Electrical Supply,2024-06-23,Received,52.36
PO-101083,CUST-D,VEND-07,BrightPath Electrical Supply,2024-12-06,closed,442.44
PO-101084,CUST-F,VEND-12,Voltec Supply Group,02/13/2025,Received,19.03
PO-101086,CUST-A,vend-02 ,Voltway Electrical Distributors,2025-01-12,Received,$23.68
PO-101087,CUST-A,VEND-06,Conduit & Co. Distribution,2026-02-04,Cancelled,78.76
PO-101088,CUST-D,VEND-06,Conduit & Co. Distribution,2026-07-04,Received,$237.40
PO-101089,CUST-B,VEND-12,Voltec Supply Group,01/15/2025,Closed,"$1,223.78"
PO-101090,CUST-A,VEND-12,Voltec Supply Group,06/08/2024,Closed,36.20
PO-101092,CUST-D,VEND-10,Ferrowatt Industrial Supply,2025-03-12,Received,$162.28
PO-101093,CUST-D,VEND-12,Voltec Supply Group,2025-08-18,Closed,9.18
PO-101094,CUST-C,VEND-04,Gridline Electrical Wholesale,07/24/2024,Cancelled,817.50
PO-101095,cust-f ,VEND-05,Sparkline Supply Co.,2026-05-23,received,$287.66
PO-101096,CUST-F,VEND-10,Ferrowatt Industrial Supply,2024-05-30,Received,26.70
PO-101097,CUST-C,VEND-01,Amp & Wire Supply Co.,2024-10-30,RECEIVED,46.20
PO-101098,CUST-C,VEND-03,Circuit Point Supply,10/15/2025,Received,97.08
PO-101099,CUST-D,VEND-12,Voltec Supply Group,07/13/2026,Open,30.72
PO-101100,CUST-B,VEND-06,Conduit & Co. Distribution,2025-06-20,Received,$19.13
PO-101102,CUST-D,VEND-12,Voltec Supply Group,2026-05-21,Received,375.61
PO-101103,cust-c,VEND-05,Sparkline Supply Co.,03/02/2025,Received,77.84
PO-101104,CUST-D,VEND-08,Wattstone Distributors,2024-10-23,Received,5.46
PO-101105,CUST-H,VEND-03,Circuit Point Supply,01/21/2025,Closed,21.25
po-101106,CUST-B,VEND-12,Voltec Supply Group,2025-01-29,Closed,$38.92
PO-101107,CUST-A,VEND-04,Gridline Electrical Wholesale,2026-04-17,Closed,35.90
PO-101108,CUST-B,VEND-12,Voltec Supply Group,2026-02-05,closed,209.88
PO-101109,CUST-A,VEND-04,Gridline Electrical Wholesale,2026-03-10,Closed,221.50
PO-101110,CUST-E,VEND-08,Wattstone Distributors,2026-06-18,Received,23.08
PO-101111,CUST-B,VEND-04,Gridline Electrical Wholesale,2025-12-20,Received,$480.50
PO-101112,CUST-F,VEND-01,Amp & Wire Supply Co.,2025-12-28,Received,$263.08
PO-101113,CUST-H,VEND-12,Voltec Supply Group,07/30/2026,OPEN,20.42
PO-101114,CUST-A,VEND-08,Wattstone Distributors,2024-03-01,Received,14.68
PO-101115,CUST-D,VEND-07,BrightPath Electrical Supply,04/12/2026,Closed,108.45
PO-101116,CUST-F,VEND-08,Wattstone Distributors,2024-01-12,Closed,88.03
PO-101117,CUST-G,VEND-09,Current Line Supply,2025-09-09,Received,27.89
PO-101118,CUST-G,VEND-03,Circuit Point Supply,2024-06-23,received,$0.71
PO-101119,CUST-D,VEND-12,Voltec Supply Group,2024-01-24,Closed,69.65
PO-101120,CUST-D,VEND-12,Voltec Supply Group,2025-09-10,Received,25.74
PO-101121,CUST-D,VEND-09,Current Line Supply,2025-03-05,Received,50.26
PO-101122,CUST-E,VEND-04,Gridline Electrical Wholesale,2024-09-14,Received,$257.20
PO-101123,CUST-H,VEND-03,Circuit Point Supply,2024-08-28,received,516.26
PO-101124,CUST-B,VEND-02,Voltway Electrical Distributors,2024-12-23,Received,$25.06
PO-101126, CUST-A,VEND-11,Ampcore Distribution,11/19/2024,RECEIVED,14.86
PO-101127,CUST-A,VEND-01,Amp & Wire Supply Co.,2024-05-23,cancelled,125.07
PO-101128,CUST-D,VEND-12,Voltec Supply Group,2025-04-03,Closed,371.26
PO-101129,CUST-A,VEND-12,Voltec Supply Group,2024-01-05,Closed,$3.98
PO-101130,CUST-H,VEND-04,Gridline Electrical Wholesale,11/17/2024,RECEIVED,8.32
PO-101131,CUST-B,VEND-07,BrightPath Electrical Supply,2024-03-25,Received,240.30
PO-101132,CUST-A,VEND-11,Ampcore Distribution,2024-05-21,Received,103.97
PO-101133,CUST-A,VEND-11,Ampcore Distribution,12/29/2025,Received,$159.04
PO-101134,CUST-A,VEND-10,Ferrowatt Industrial Supply,2025-03-15,Received,125.91
PO-101135,CUST-H,VEND-09,Current Line Supply,2026-08-23,Open,0.80
PO-101136,CUST-A,VEND-11,Ampcore Distribution,09/04/2025,Received,52.08
PO-101137,CUST-C,VEND-04,Gridline Electrical Wholesale,2025-03-14,Received,20.40
PO-101138,CUST-F,VEND-12,Voltec Supply Group,2024-07-19,Closed,28.70
PO-101139,CUST-A,VEND-07,BrightPath Electrical Supply,2025-03-06,Received,252.66
PO-101141,CUST-C,VEND-03,Circuit Point Supply,2024-03-17,Closed,983.96
PO-101142,CUST-A,VEND-05,Sparkline Supply Co.,2024-10-07,CLOSED,113.86
PO-101143,CUST-D,vend-06 ,Conduit & Co. Distribution,2026-05-19,received,$141.18
PO-101144,CUST-A,VEND-03,Circuit Point Supply,2024-01-29,Closed,69.58
PO-101145,CUST-E,VEND-11,Ampcore Distribution,03/28/2026,Received,$23.74
PO-101146,CUST-B,VEND-01,Amp & Wire Supply Co.,2024-05-20,Received,599.14
PO-101147,CUST-D,VEND-07,BrightPath Electrical Supply,2024-04-23,Received,246.88
PO-101148,CUST-B,VEND-06,Conduit & Co. Distribution,2024-07-30,RECEIVED,$175.76
PO-101149,CUST-A,VEND-11,Ampcore Distribution,2026-08-10,Closed,111.68
PO-101150,CUST-C,VEND-01,Amp & Wire Supply Co.,2024-05-09,received,417.58
PO-101151,CUST-A,VEND-03,Circuit Point Supply,2025-09-13,Closed,20.94
PO-101152,CUST-D,VEND-10,Ferrowatt Industrial Supply,2024-01-27,Received,13.80
PO-101153,CUST-B,VEND-09,Current Line Supply,05/29/2024,received,41.76
PO-101154,CUST-C,VEND-09,Current Line Supply,2026-04-17,CLOSED,$913.44
PO-101155,CUST-C,VEND-10,Ferrowatt Industrial Supply,2024-05-12,Received,247.50
PO-101156,CUST-F,VEND-02,Voltway Electrical Distributors,06/23/2024,received,$98.76
PO-101157,CUST-A,VEND-04,Gridline Electrical Wholesale,10/28/2025,Received,253.90
PO-101158,CUST-A,VEND-12,Voltec Supply Group,2024-10-28,Received,123.32
PO-101159,CUST-H,VEND-11,Ampcore Distribution,2025-11-15,Closed,$301.08
PO-101160,CUST-D,VEND-12,Voltec Supply Group,2025-08-29,Closed,256.62
PO-101161,CUST-A,VEND-12,Voltec Supply Group,2024-08-13,Received,$29.80
PO-101162,CUST-G,VEND-11,Ampcore Distribution,08/23/2024,Received,$47.56
PO-101163,CUST-B,VEND-06,Conduit & Co. Distribution,10/09/2025,CLOSED,$128.88
po-101164 ,CUST-C,VEND-02,Voltway Electrical Distributors,2025-07-30,Received,4.92
PO-101165,CUST-A,VEND-02,Voltway Electrical Distributors,2025-03-21,RECEIVED,253.76
PO-101166,CUST-B,VEND-10,Ferrowatt Industrial Supply,2026-04-13,Received,25.21
PO-101167,cust-h ,VEND-06,Conduit & Co. Distribution,07/08/2026,Open,63.43
PO-101168,CUST-D,VEND-05,Sparkline Supply Co.,2025-09-30,Closed,32.38
PO-101169,CUST-F,VEND-06,Conduit & Co. Distribution,2024-08-15,Closed,163.12
PO-101170,CUST-G,vend-10 ,Ferrowatt Industrial Supply,2026-03-10,Received,55.38
PO-101171,CUST-H,VEND-08,Wattstone Distributors,06/15/2026,Closed,178.80
PO-101172,CUST-H,VEND-05,Sparkline Supply Co.,2024-03-23,Closed,14.84
PO-101173,CUST-A,VEND-07,BrightPath Electrical Supply,2026-02-21,Received,225.43
PO-101174,CUST-H,VEND-03,Circuit Point Supply,2025-05-21,Received,194.72
PO-101175,CUST-E,VEND-06,Conduit & Co. Distribution,2024-07-27,RECEIVED,150.50
PO-101176,CUST-G,VEND-04,Gridline Electrical Wholesale,2024-12-27,Received,11.00
PO-101178,CUST-D,VEND-03,Circuit Point Supply,2026-04-16,Closed,190.38
PO-101179,CUST-E ,VEND-06,Conduit & Co. Distribution,2024-11-02,Received,161.65
PO-101180,CUST-F,VEND-10,Ferrowatt Industrial Supply,2025-01-27,Received,231.12
PO-101181,CUST-A,VEND-05,Sparkline Supply Co.,2024-05-08,CLOSED,42.06
PO-101182,CUST-A,VEND-11,Ampcore Distribution,11/24/2025,Received,$80.60
 PO-101183,CUST-B,VEND-08,Wattstone Distributors,2025-02-15,Cancelled,$17.96
PO-101184,CUST-B,VEND-12,Voltec Supply Group,2025-11-17,RECEIVED,19.38
PO-101185,CUST-E,VEND-12,Voltec Supply Group,08/29/2024,Closed,19.52
PO-101186,CUST-D,VEND-01,Amp & Wire Supply Co.,2024-01-04,Received,93.10
PO-101187,CUST-B,VEND-08,Wattstone Distributors,2026-04-27,Closed,48.60
 PO-101188,CUST-H,VEND-08,Wattstone Distributors,2025-02-22,Closed,135.30
po-101190,CUST-E,VEND-08,Wattstone Distributors,07/25/2024,Cancelled,107.52
PO-101191,CUST-A,VEND-12,Voltec Supply Group,2025-10-29,Received,113.72
PO-101192,CUST-F,VEND-10,Ferrowatt Industrial Supply,2025-02-16,Received,146.54
PO-101193,CUST-D,VEND-06,Conduit & Co. Distribution,2026-05-25,Received,196.56
PO-101194,CUST-B,VEND-09,Current Line Supply,2024-11-16,Cancelled,$103.29
PO-101195,CUST-A,VEND-01,Amp & Wire Supply Co.,2025-09-22,RECEIVED,$3.42
PO-101196,CUST-B,VEND-05,Sparkline Supply Co.,05/02/2024,Closed,1.74
PO-101197,CUST-H,VEND-06,Conduit & Co. Distribution,2024-01-04,CLOSED,104.34
PO-101198,CUST-C,VEND-10,Ferrowatt Industrial Supply,2026-03-12,Closed,$386.90
PO-101200,CUST-D,VEND-05,Sparkline Supply Co.,09/30/2025,Received,$190.90
PO-101201,CUST-B,VEND-05,Sparkline Supply Co.,2025-07-24,Closed,130.06
PO-101202,CUST-D,VEND-06,Conduit & Co. Distribution,2025-06-15,RECEIVED,152.24
PO-101203,CUST-A,VEND-03,Circuit Point Supply,2025-11-23,Received,$0.67
PO-101204,CUST-B,VEND-10,Ferrowatt Industrial Supply,2026-07-11,Closed,98.95
PO-101205,CUST-A,VEND-01,Amp & Wire Supply Co.,2025-07-15,Received,$23.00
PO-101206,CUST-A,VEND-08,Wattstone Distributors,02/28/2026,Closed,7.59
PO-101207,CUST-D,VEND-04,Gridline Electrical Wholesale,2025-10-14,Cancelled,44.22
PO-101208,CUST-F,VEND-02,Voltway Electrical Distributors,2025-05-31,Closed,109.62
PO-101209,CUST-H,VEND-03,Circuit Point Supply,2025-06-10,Received,235.66
PO-101210,CUST-B,VEND-04,Gridline Electrical Wholesale,10/05/2024,Received,$842.54
PO-101211,CUST-B,VEND-02,Voltway Electrical Distributors,07/14/2024,Closed,74.58
PO-101212,CUST-B,VEND-01,Amp & Wire Supply Co.,2026-04-04,Received,155.60
PO-101213,CUST-A,VEND-10,Ferrowatt Industrial Supply,2026-05-02,Received,$27.50
PO-101214,CUST-D,VEND-10,Ferrowatt Industrial Supply,2026-03-13,Cancelled,$259.56
PO-101215,CUST-B,VEND-01,Amp & Wire Supply Co.,2025-04-09,closed,65.36
PO-101216,CUST-B,VEND-12,Voltec Supply Group,05/10/2024,received,$203.66
PO-101217,CUST-G,VEND-05,Sparkline Supply Co.,2025-11-17,Closed,115.75
PO-101218,CUST-E,VEND-11,Ampcore Distribution,06/08/2024,Received,159.00
PO-101219,CUST-D,VEND-08,Wattstone Distributors,02/25/2025,RECEIVED,$4.18
PO-101220,CUST-D,VEND-01,Amp & Wire Supply Co.,2024-12-05,closed,229.70
PO-101221,CUST-A,VEND-12,Voltec Supply Group,2025-12-13,Received,58.04
PO-101222,CUST-D,VEND-02,Voltway Electrical Distributors,2025-02-05,Closed,170.94
PO-101223,CUST-A,VEND-10,Ferrowatt Industrial Supply,2026-02-12,Closed,52.32
PO-101224,CUST-B,VEND-05,Sparkline Supply Co.,03/10/2025,CLOSED,$545.08
PO-101225,CUST-F,VEND-06,Conduit & Co. Distribution,2025-09-16,Received,$30.78
PO-101226,CUST-E,VEND-08,Wattstone Distributors,2024-01-14,Closed,12.84
PO-101227,CUST-E ,VEND-12,Voltec Supply Group,2024-11-13,Received,117.46
PO-101228,CUST-G,VEND-10,Ferrowatt Industrial Supply,2024-05-02,Closed,63.52
PO-101229,cust-a,VEND-08,Wattstone Distributors,2025-03-08,Received,113.72
PO-101230,CUST-C,VEND-07,BrightPath Electrical Supply,2026-06-27,Open,13.36
PO-101231,CUST-D,VEND-12,Voltec Supply Group,2026-03-27,received,42.69
PO-101232,CUST-B,VEND-07,BrightPath Electrical Supply,2025-07-02,Received,491.60
PO-101233,CUST-D,VEND-10,Ferrowatt Industrial Supply,08/27/2026,OPEN,6.24
PO-101235, CUST-A,VEND-10,Ferrowatt Industrial Supply,2024-01-01,received,8.34
PO-101236,CUST-A,VEND-03,Circuit Point Supply,2025-12-14,Received,$155.14
PO-101237,CUST-D,VEND-10,Ferrowatt Industrial Supply,02/11/2025,Closed,57.12
PO-101238,CUST-A,VEND-02,Voltway Electrical Distributors,2025-07-24,CLOSED,104.60
PO-101239,CUST-D,VEND-11,Ampcore Distribution,2026-08-28,Received,33.28
PO-101240,CUST-F,VEND-11,Ampcore Distribution,2024-06-09,Closed,789.88
PO-101241,CUST-C,VEND-11,Ampcore Distribution,05/27/2025,received,2.75
PO-101242,CUST-B,VEND-09,Current Line Supply,2025-04-28,Received,16.80
PO-101243,CUST-A,VEND-02,Voltway Electrical Distributors,04/13/2024,Received,78.31
PO-101244,CUST-A,VEND-05,Sparkline Supply Co.,06/26/2026,Open,50.76
PO-101245,CUST-H,VEND-06,Conduit & Co. Distribution,2026-03-21,Closed,336.50
PO-101247,CUST-E,VEND-09,Current Line Supply,2025-12-25,Received,126.22
PO-101248,CUST-A,VEND-10,Ferrowatt Industrial Supply,06/21/2024,Cancelled,8.76
PO-101249,CUST-B,VEND-01 ,Amp & Wire Supply Co.,2025-04-15,Closed,57.48
PO-101250,CUST-B,VEND-12,Voltec Supply Group,09/23/2025,Received,56.34
PO-101251,CUST-B,VEND-11,Ampcore Distribution,05/13/2026,Received,15.20
PO-101252,CUST-H,VEND-11,Ampcore Distribution,2024-05-30,Received,22.75
PO-101254,CUST-B,VEND-11,Ampcore Distribution,2025-09-04,Received,$10.25
PO-101255,CUST-A,VEND-07,BrightPath Electrical Supply,02/12/2024,closed,1.74
PO-101256,CUST-F,VEND-10,Ferrowatt Industrial Supply,03/30/2026,Received,25.48
PO-101257,CUST-E,vend-05,Sparkline Supply Co.,2026-06-15,Received,69.60
PO-101258,CUST-A,VEND-12,Voltec Supply Group,2024-02-04,Closed,$38.40
PO-101259,CUST-F, VEND-01,Amp & Wire Supply Co.,2026-08-21,Received,51.30
PO-101260,CUST-C,VEND-07,BrightPath Electrical Supply,2024-04-11,Closed,1.03
PO-101261,CUST-A,VEND-03,Circuit Point Supply,2025-12-21,Closed,$196.59
PO-101262,CUST-D,VEND-11,Ampcore Distribution,2024-10-10,RECEIVED,518.48
PO-101263,CUST-C,VEND-06,Conduit & Co. Distribution,2026-02-09,Received,468.41
PO-101264,CUST-A,VEND-03,Circuit Point Supply,2024-01-16,Closed,45.60
PO-101265,CUST-E,VEND-08,Wattstone Distributors,2024-01-09,Received,43.80
PO-101266,CUST-C,VEND-09,Current Line Supply,2025-04-03,Received,$276.52
PO-101267,CUST-B,VEND-11,Ampcore Distribution,11/22/2024,received,11.30
PO-101268,CUST-F,VEND-10,Ferrowatt Industrial Supply,2025-12-05,Received,33.76
PO-101269,CUST-H,VEND-12,Voltec Supply Group,04/01/2025,Received,$266.34
PO-101270,CUST-B,VEND-04,Gridline Electrical Wholesale,09/28/2024,Received,156.00
PO-101271,CUST-A,VEND-09,Current Line Supply,2024-04-26,closed,4.44
PO-101272,CUST-F,VEND-12,Voltec Supply Group,2024-11-13,Received,520.81
PO-101273,CUST-D,VEND-01,Amp & Wire Supply Co.,2025-05-05,Received,166.62
PO-101274,CUST-A,VEND-01,Amp & Wire Supply Co.,2025-10-30,Received,312.84
PO-101275,CUST-A,VEND-08,Wattstone Distributors,07/31/2024,Received,363.33
PO-101276,CUST-D,VEND-07,BrightPath Electrical Supply,2024-10-28,RECEIVED,8.36
PO-101277,CUST-G,VEND-12,Voltec Supply Group,2024-03-30,Received,114.86
PO-101279,CUST-F,VEND-06,Conduit & Co. Distribution,2025-10-27,Received,59.30
PO-101280,CUST-C,VEND-07,BrightPath Electrical Supply,2026-04-11,RECEIVED,2.82
 PO-101281,CUST-H,VEND-11,Ampcore Distribution,2024-09-10,Received,245.94
PO-101282,CUST-E,VEND-11,Ampcore Distribution,2024-04-10,Received,46.85
PO-101285,CUST-D,VEND-11,Ampcore Distribution,06/22/2024,received,15.19
PO-101286,CUST-D,VEND-12,Voltec Supply Group,2025-03-23,Closed,21.75
PO-101287,CUST-H,VEND-09,Current Line Supply,2026-05-30,Closed,$71.26
PO-101288,CUST-A,VEND-12,Voltec Supply Group,05/16/2026,Received,6.76
PO-101289,CUST-C,VEND-05,Sparkline Supply Co.,02/17/2024,Closed,16.43
PO-101290,CUST-A,VEND-12,Voltec Supply Group,2026-07-18,Open,11.10
PO-101291,CUST-B,VEND-05,Sparkline Supply Co.,2026-01-05,Closed,23.90
PO-101292,CUST-D,VEND-07,BrightPath Electrical Supply,2026-03-31,Closed,72.46
PO-101293,CUST-H,VEND-12,Voltec Supply Group,2025-04-10,Received,$63.00
PO-101294,CUST-D,VEND-05,Sparkline Supply Co.,2024-12-16,closed,323.06
PO-101297,CUST-A,VEND-01,Amp & Wire Supply Co.,05/10/2025,Received,175.87
PO-101298,CUST-C,VEND-03,Circuit Point Supply,02/06/2026,Closed,76.83
PO-101299,CUST-D,VEND-06,Conduit & Co. Distribution,2026-07-16,Open,96.82
PO-101300,CUST-C,VEND-10,Ferrowatt Industrial Supply,05/11/2026,Received,321.96
PO-101301,CUST-G,VEND-05,Sparkline Supply Co.,2026-03-16,Received,3.19
PO-101302,CUST-F,VEND-11,Ampcore Distribution,2024-09-01,Received,8.50
PO-101303,CUST-A,VEND-05,Sparkline Supply Co.,2025-05-16,RECEIVED,51.54
PO-101304,CUST-D,VEND-04,Gridline Electrical Wholesale,08/19/2026,RECEIVED,79.38
PO-101305,CUST-A,VEND-05,Sparkline Supply Co.,06/25/2025,Closed,104.12
PO-101307,CUST-H,VEND-08,Wattstone Distributors,2024-02-15,Received,142.98
PO-101308,CUST-C,VEND-07,BrightPath Electrical Supply,04/29/2024,CANCELLED,308.02
PO-101309,CUST-H,VEND-01,Amp & Wire Supply Co.,2025-02-25,Received,53.04
PO-101310,CUST-A,VEND-10,Ferrowatt Industrial Supply,04/26/2024,Cancelled,99.14
PO-101311,CUST-F,VEND-09,Current Line Supply,2024-01-23,Received,13.80
PO-101312,CUST-B,VEND-04,Gridline Electrical Wholesale,2025-11-30,Closed,1371.12
PO-101313,CUST-A,VEND-05,Sparkline Supply Co.,2024-11-14,Received,56.83
PO-101315,CUST-B,VEND-09,Current Line Supply,2025-04-13,Closed,51.08
PO-101316,CUST-A,VEND-08,Wattstone Distributors,2026-06-06,OPEN,232.76
PO-101317,CUST-A,VEND-08,Wattstone Distributors,2025-05-20,Received,$129.00
PO-101318,CUST-A,VEND-04,Gridline Electrical Wholesale,09/04/2025,Received,60.34
PO-101319,CUST-A,VEND-01,Amp & Wire Supply Co.,2025-07-04,Cancelled,40.20
PO-101321,CUST-H,VEND-11,Ampcore Distribution,07/30/2025,Received,11.76
PO-101322,CUST-A,VEND-11,Ampcore Distribution,08/16/2025,Received,$4.40
PO-101323,CUST-G,VEND-12,Voltec Supply Group,2024-11-22,Received,2.94
PO-101324,CUST-C,vend-01,Amp & Wire Supply Co.,2024-06-19,Received,1.39
PO-101325,CUST-D, VEND-02,Voltway Electrical Distributors,08/23/2024,Received,8.76
PO-101326,CUST-D,VEND-10,Ferrowatt Industrial Supply,2025-06-30,cancelled,73.19
PO-101327,CUST-A,VEND-10,Ferrowatt Industrial Supply,04/10/2026,RECEIVED,15.40
PO-101328,CUST-H,VEND-05,Sparkline Supply Co.,2025-09-21,Received,42.66
PO-101329,CUST-D,VEND-03,Circuit Point Supply,03/15/2026,cancelled,24.95
PO-101330,CUST-C,VEND-01,Amp & Wire Supply Co.,02/02/2025,Closed,1065.50
PO-101331,CUST-B,VEND-08,Wattstone Distributors,03/30/2026,Received,$13.76
PO-101332,CUST-A,VEND-09,Current Line Supply,01/06/2026,Closed,608.20
PO-101333,CUST-D,VEND-02,Voltway Electrical Distributors,2026-05-26,Received,$182.36
PO-101334,CUST-D,VEND-12,Voltec Supply Group,2025-12-21,Received,40.75
PO-101335,CUST-A,VEND-11,Ampcore Distribution,2024-11-24,Received,$63.02
PO-101336,CUST-H,VEND-01,Amp & Wire Supply Co.,2026-05-10,Received,$137.10
PO-101337,CUST-F,VEND-04,Gridline Electrical Wholesale,07/20/2025,Received,46.40
PO-101338,CUST-A,VEND-04,Gridline Electrical Wholesale,2025-01-08,Received,36.75
PO-101339,CUST-A,VEND-08,Wattstone Distributors,02/13/2024,Received,40.64
PO-101340,CUST-H,VEND-02,Voltway Electrical Distributors,2025-09-23,Received,$6.50
PO-101341,CUST-D,VEND-09,Current Line Supply,2024-09-08,Closed,108.84
PO-101342,CUST-G,VEND-02,Voltway Electrical Distributors,2026-05-04,Closed,21.82
PO-101343,CUST-A,VEND-03,Circuit Point Supply,03/24/2026,Received,13.38
PO-101344,CUST-H,VEND-12,Voltec Supply Group,2024-05-26,Received,56.28
PO-101345,CUST-D,VEND-05,Sparkline Supply Co.,2024-09-07,Closed,18.18
PO-101346,CUST-D,VEND-09,Current Line Supply,03/20/2026,Closed,111.70
PO-101347,CUST-D,VEND-12,Voltec Supply Group,2024-06-15,Received,39.08
PO-101348,cust-d,VEND-10,Ferrowatt Industrial Supply,08/07/2026,Open,$208.82
PO-101349,CUST-A , VEND-07,BrightPath Electrical Supply,2025-11-27,Closed,153.18
PO-101350,CUST-B,VEND-07,BrightPath Electrical Supply,08/14/2026,Open,$131.14
PO-101351,CUST-A,VEND-05,Sparkline Supply Co.,2025-10-31,Cancelled,23.40
PO-101352,CUST-E,VEND-02,Voltway Electrical Distributors,05/06/2026,RECEIVED,5.60
PO-101353,CUST-D,VEND-02,Voltway Electrical Distributors,2025-01-16,Closed,214.22
PO-101355,CUST-A,VEND-07,BrightPath Electrical Supply,2026-08-12,Closed,17.58
PO-101356,CUST-B,VEND-11,Ampcore Distribution,2024-03-02,Cancelled,6.64
PO-101357,CUST-C,VEND-06,Conduit & Co. Distribution,2025-09-05,Received,$29.51
PO-101358,CUST-F,VEND-02,Voltway Electrical Distributors,2024-09-14,Closed,$168.48
PO-101359,CUST-D,VEND-10,Ferrowatt Industrial Supply,2025-05-09,CLOSED,212.70
PO-101360,CUST-F,VEND-03,Circuit Point Supply,2025-12-26,Closed,$75.40
PO-101361,CUST-B,VEND-10,Ferrowatt Industrial Supply,2025-09-04,Received,8.70
PO-101362,CUST-C,VEND-04,Gridline Electrical Wholesale,2024-04-08,Received,4.23
PO-101363,CUST-G,VEND-11,Ampcore Distribution,11/06/2025,Closed,35.76
PO-101366,CUST-F,VEND-05,Sparkline Supply Co.,2024-06-15,received,97.88
PO-101367,CUST-C,VEND-11,Ampcore Distribution,2025-01-12,Cancelled,14.20
PO-101368,CUST-A,VEND-05,Sparkline Supply Co.,2026-02-17,Received,55.94
PO-101369,CUST-D,VEND-08,Wattstone Distributors,12/13/2024,Received,$454.84
PO-101370,CUST-D,VEND-06,Conduit & Co. Distribution,2024-01-07,Received,$53.17
PO-101371,CUST-F,VEND-07,BrightPath Electrical Supply,03/27/2024,Closed,$32.14
PO-101372,CUST-A,VEND-03,Circuit Point Supply,12/17/2024,RECEIVED,$32.50
PO-101373,CUST-C,VEND-10,Ferrowatt Industrial Supply,04/25/2024,RECEIVED,$106.54
PO-101374,CUST-F,VEND-07,BrightPath Electrical Supply,2026-03-14,RECEIVED,139.88
PO-101376,CUST-D,VEND-10,Ferrowatt Industrial Supply,03/09/2025,Received,$109.88
PO-101377,CUST-A,VEND-04,Gridline Electrical Wholesale,2025-03-08,Received,4.14
PO-101378,CUST-B,VEND-07,BrightPath Electrical Supply,11/10/2024,Received,1648.41
PO-101379,CUST-D,VEND-01,Amp & Wire Supply Co.,2025-11-09,Received,172.17
PO-101380 ,CUST-B,VEND-03,Circuit Point Supply,2026-05-25,Received,71.52
PO-101381,CUST-D,VEND-03,Circuit Point Supply,2024-04-26,Received,242.32
PO-101382,CUST-F,VEND-05,Sparkline Supply Co.,2024-05-07,Closed,110.24
PO-101383,CUST-B,VEND-09,Current Line Supply,03/04/2024,received,36.68
PO-101384,CUST-G,VEND-05,Sparkline Supply Co.,08/24/2024,Received,7.66
PO-101385,CUST-E,VEND-08,Wattstone Distributors,2024-09-29,Received,1.52
PO-101386,CUST-F,VEND-07,BrightPath Electrical Supply,06/14/2024,Cancelled,85.42
PO-101387,CUST-B,VEND-12,Voltec Supply Group,2026-02-22,Cancelled,86.84
PO-101388,CUST-A,VEND-10,Ferrowatt Industrial Supply,2024-06-14,Received,32.64
PO-101389,CUST-E,VEND-05,Sparkline Supply Co.,2024-01-06,Received,383.46
PO-101390,CUST-B,VEND-04,Gridline Electrical Wholesale,2025-04-10,closed,233.90
PO-101391,CUST-A,VEND-11,Ampcore Distribution,2026-08-16,Open,136.66
po-101392 ,CUST-A,VEND-09,Current Line Supply,2026-01-02,Received,2.68
PO-101393,CUST-B,VEND-01,Amp & Wire Supply Co.,03/16/2025,Closed,13.30
PO-101394,CUST-G,VEND-03,Circuit Point Supply,2024-02-10,Cancelled,64.10
PO-101395,CUST-F,VEND-05,Sparkline Supply Co.,2024-05-15,Closed,101.51
PO-101396,CUST-F,VEND-09,Current Line Supply,2025-02-24,Received,$109.40
PO-101397,CUST-D,VEND-08,Wattstone Distributors,11/15/2024,received,25.56
PO-101398,CUST-C,VEND-07,BrightPath Electrical Supply,2025-11-12,Received,38.28
PO-101399,CUST-B,VEND-06,Conduit & Co. Distribution,2026-04-28,Received,89.85
PO-101400,CUST-B,VEND-02,Voltway Electrical Distributors,2025-01-18,RECEIVED,50.70
PO-101401,CUST-A,VEND-05,Sparkline Supply Co.,04/04/2024,Received,$88.32
PO-101402,CUST-C,VEND-08,Wattstone Distributors,2024-04-29,Cancelled,35.68
PO-101403,CUST-C,VEND-04,Gridline Electrical Wholesale,09/02/2024,Closed,144.01
PO-101404,CUST-E,VEND-09,Current Line Supply,2026-03-25,Received,83.38
PO-101405,CUST-B,VEND-10,Ferrowatt Industrial Supply,2026-07-16,Received,159.09
PO-101406,CUST-C,VEND-07,BrightPath Electrical Supply,2024-03-17,Received,$48.62
PO-101407,CUST-A,VEND-01,Amp & Wire Supply Co.,08/07/2026,Received,$127.35
PO-101408,CUST-A,VEND-12,Voltec Supply Group,2024-04-20,Received,303.35
PO-101410,CUST-E,VEND-02,Voltway Electrical Distributors,2024-06-09,received,81.16
PO-101411,CUST-A,VEND-12,Voltec Supply Group,05/27/2025,closed,322.74
PO-101412,CUST-A,VEND-04,Gridline Electrical Wholesale,2024-03-01,Received,11.72
PO-101413,CUST-H,VEND-08,Wattstone Distributors,03/24/2025,Received,91.54
PO-101414,CUST-A,VEND-03,Circuit Point Supply,2024-11-28,Received,72.30
PO-101415,CUST-G,VEND-07,BrightPath Electrical Supply,2025-03-15,Closed,53.28
PO-101416,CUST-F,VEND-03,Circuit Point Supply,2024-12-24,Closed,22.99
PO-101417,CUST-A,VEND-03,Circuit Point Supply,2024-05-03,RECEIVED,167.72
PO-101418,CUST-B,VEND-05,Sparkline Supply Co.,2025-11-29,received,$56.51
PO-101419,CUST-B,VEND-05,Sparkline Supply Co.,10/05/2024,Closed,154.06
PO-101420,CUST-F,VEND-01,Amp & Wire Supply Co.,2025-11-22,Received,3.75
PO-101421,cust-f ,VEND-09,Current Line Supply,2024-05-25,Received,"$1,017.44"
PO-101422,CUST-D,VEND-04,Gridline Electrical Wholesale,2025-11-04,Closed,153.46
PO-101423,CUST-H,VEND-04,Gridline Electrical Wholesale,2025-05-23,Received,$40.11
PO-101424,CUST-A,VEND-07,BrightPath Electrical Supply,08/20/2024,Closed,40.80
PO-101425,CUST-C,VEND-04,Gridline Electrical Wholesale,2025-01-23,Received,$248.45
PO-101426,CUST-D,VEND-09,Current Line Supply,11/22/2024,Received,115.20
PO-101427,CUST-H, VEND-09,Current Line Supply,2024-01-04,Received,$65.24
PO-101428,CUST-A,VEND-07,BrightPath Electrical Supply,2025-03-25,Closed,961.18
PO-101429,CUST-A,VEND-08,Wattstone Distributors,2025-01-12,cancelled,14.30
PO-101431,CUST-A,vend-07 ,BrightPath Electrical Supply,2026-01-08,Closed,15.42
PO-101432,CUST-D,VEND-06,Conduit & Co. Distribution,2024-05-20,Received,46.68
PO-101433,CUST-H,VEND-12 ,Voltec Supply Group,2026-03-06,Received,83.67
PO-101434,CUST-H ,VEND-02,Voltway Electrical Distributors,2024-01-13,Received,10.56
PO-101435,CUST-A,VEND-09,Current Line Supply,2026-05-05,Received,174.08
PO-101436,CUST-B,VEND-08,Wattstone Distributors,2024-06-12,Received,9.36
PO-101437,CUST-D,VEND-09,Current Line Supply,2026-05-30,Received,$141.66
PO-101438,CUST-G,VEND-01,Amp & Wire Supply Co.,2025-02-16,Received,350.32
PO-101439,CUST-B,VEND-07,BrightPath Electrical Supply,2024-11-02,Closed,7.65
PO-101440,CUST-C,vend-03,Circuit Point Supply,2025-07-27,received,20.04
PO-101441,CUST-B,VEND-11,Ampcore Distribution,2024-07-17,Received,17.60
PO-101442,CUST-B,VEND-04,Gridline Electrical Wholesale,2025-11-08,Received,$135.21
PO-101443,CUST-A,VEND-07,BrightPath Electrical Supply,07/12/2026,Closed,$82.24
PO-101444,CUST-D,VEND-07,BrightPath Electrical Supply,2025-06-29,Received,138.93
PO-101445,CUST-G,VEND-01,Amp & Wire Supply Co.,12/29/2025,Received,101.00
PO-101446,CUST-B,VEND-05,Sparkline Supply Co.,2025-11-19,Received,27.84
PO-101448,CUST-A,VEND-07,BrightPath Electrical Supply,2026-06-10,Open,$792.72
PO-101449, CUST-B,VEND-08,Wattstone Distributors,09/15/2025,received,11.37
PO-101450,CUST-H,VEND-10,Ferrowatt Industrial Supply,2026-01-16,CLOSED,64.84
PO-101452,CUST-H,VEND-03,Circuit Point Supply,04/05/2025,Received,35.91
PO-101453,CUST-A,VEND-04,Gridline Electrical Wholesale,2024-09-06,received,184.90
PO-101454,CUST-B,VEND-10,Ferrowatt Industrial Supply,2025-06-07,Cancelled,17.80
PO-101456,CUST-B,VEND-12,Voltec Supply Group,2025-07-13,Received,22.66
PO-101457,CUST-G,VEND-07,BrightPath Electrical Supply,2024-05-13,Received,$247.52
PO-101458,CUST-B,VEND-01,Amp & Wire Supply Co.,01/03/2026,Received,92.12
PO-101459,CUST-F,VEND-03,Circuit Point Supply,2026-06-30,Open,3.30
PO-101460,CUST-A,VEND-09,Current Line Supply,05/24/2024,Closed,47.40
PO-101461,CUST-B,VEND-02,Voltway Electrical Distributors,08/23/2026,Received,3.88
PO-101462,CUST-G,VEND-11,Ampcore Distribution,2025-05-23,Received,106.90
PO-101463,CUST-F,VEND-10,Ferrowatt Industrial Supply,2026-03-29,Received,249.96
PO-101464,CUST-F,VEND-02,Voltway Electrical Distributors,2024-03-23,Received,22.80
PO-101465,CUST-H,VEND-08,Wattstone Distributors,2025-06-25,Received,354.04
PO-101466,CUST-C,VEND-10,Ferrowatt Industrial Supply,2024-11-01,Closed,950.04
PO-101467,CUST-D,VEND-02,Voltway Electrical Distributors,08/14/2024,Received,31.74
PO-101468,CUST-H,VEND-07,BrightPath Electrical Supply,2024-12-16,Received,0.16
PO-101469,CUST-B,VEND-01,Amp & Wire Supply Co.,2024-07-19,Received,$2.92
PO-101470,CUST-A,VEND-10,Ferrowatt Industrial Supply,2024-11-29,Cancelled,$29.46
PO-101471 ,CUST-H,VEND-01,Amp & Wire Supply Co.,2026-04-26,Cancelled,$340.43
PO-101472,CUST-H,VEND-12,Voltec Supply Group,2024-07-13,Received,6.25
PO-101473,CUST-F,VEND-01,Amp & Wire Supply Co.,2024-09-15,Received,196.30
PO-101474,CUST-D,VEND-01,Amp & Wire Supply Co.,2025-05-18,Received,35.30
PO-101475,CUST-B,VEND-08,Wattstone Distributors,2024-09-25,Received,63.26
PO-101477,CUST-H,VEND-06,Conduit & Co. Distribution,2024-10-17,Closed,260.35
PO-101478,CUST-A,VEND-03,Circuit Point Supply,2024-06-19,Closed,75.10
PO-101479,CUST-A,VEND-01,Amp & Wire Supply Co.,2026-06-25,Open,$192.46
PO-101480,CUST-A,VEND-04,Gridline Electrical Wholesale,2025-07-19,Closed,15.00
PO-101482,CUST-H,VEND-02,Voltway Electrical Distributors,2026-07-08,Received,67.26
PO-101483,CUST-A,VEND-03,Circuit Point Supply,2024-05-17,CLOSED,97.40
PO-101484,CUST-F,VEND-09,Current Line Supply,2026-04-18,Closed,73.46
PO-101485,CUST-E,vend-11,Ampcore Distribution,08/21/2026,open,104.27
PO-101486,CUST-A,VEND-11,Ampcore Distribution,2026-02-15,Received,$722.27
PO-101488,CUST-B,VEND-07,BrightPath Electrical Supply,2024-12-07,Closed,343.24
PO-101489,CUST-B,VEND-09,Current Line Supply,2025-01-27,Received,456.06
PO-101490,CUST-A,VEND-04,Gridline Electrical Wholesale,07/09/2025,Received,80.66
PO-101491,CUST-D,VEND-02,Voltway Electrical Distributors,07/25/2025,Received,18.36
PO-101492,CUST-B,VEND-12,Voltec Supply Group,2026-08-24,Closed,330.72
PO-101493,CUST-A,VEND-04,Gridline Electrical Wholesale,01/26/2026,Received,103.76
PO-101494,CUST-E,VEND-11,Ampcore Distribution,2026-03-21,Closed,$203.11
PO-101495,CUST-A,VEND-10,Ferrowatt Industrial Supply,2025-09-29,Closed,10.20
PO-101497,CUST-B,VEND-02,Voltway Electrical Distributors,2026-05-23,Closed,$22.12
PO-101498,CUST-A,VEND-03,Circuit Point Supply,2024-04-11,Closed,138.96
po-101499 ,CUST-B,VEND-12,Voltec Supply Group,2024-10-20,Closed,8.12
PO-101500,CUST-A,VEND-10,Ferrowatt Industrial Supply,09/26/2024,Closed,198.06
PO-101501,CUST-C, VEND-10,Ferrowatt Industrial Supply,2026-04-07,CLOSED,168.72
PO-101502,cust-b,VEND-03,Circuit Point Supply,2025-06-05,Received,58.32
PO-101503,CUST-A,VEND-01,Amp & Wire Supply Co.,2024-04-21,Received,226.40
PO-101504,CUST-C,VEND-03,Circuit Point Supply,2025-04-24,Cancelled,151.60
PO-101505,CUST-D,VEND-08,Wattstone Distributors,2024-01-03,Received,203.68
PO-101506,CUST-B,VEND-11,Ampcore Distribution,12/21/2024,Closed,334.04
PO-101507,CUST-E,VEND-09,Current Line Supply,2024-08-04,closed,12.56
PO-101508,CUST-B,VEND-03,Circuit Point Supply,06/22/2025,Cancelled,41.62
PO-101509,CUST-B,VEND-02,Voltway Electrical Distributors,2025-01-19,closed,$4.43
PO-101510,CUST-A,VEND-09,Current Line Supply,2024-12-15,Closed,695.40
PO-101511,CUST-D,VEND-07,BrightPath Electrical Supply,02/23/2025,Closed,$63.44
PO-101512,CUST-G,VEND-10,Ferrowatt Industrial Supply,2026-01-03,Received,244.14
PO-101513,CUST-B,VEND-12,Voltec Supply Group,2024-02-18,Closed,602.03
PO-101514,CUST-B,VEND-01,Amp & Wire Supply Co.,2024-10-14,Received,$266.52
PO-101515,CUST-A,VEND-09,Current Line Supply,2026-06-21,open,86.93
PO-101516,CUST-B,VEND-09,Current Line Supply,2024-07-28,received,16.92
PO-101517,CUST-D,VEND-12,Voltec Supply Group,2025-01-03,Received,130.86
PO-101518,CUST-D ,VEND-01,Amp & Wire Supply Co.,2024-05-21,Received,110.02
PO-101519,CUST-C,VEND-04,Gridline Electrical Wholesale,2024-06-05,Received,180.92
PO-101520,CUST-B,VEND-07,BrightPath Electrical Supply,2024-07-10,Closed,3300.48
PO-101521,CUST-A,VEND-07,BrightPath Electrical Supply,03/25/2026,Received,284.50
PO-101522,cust-e ,VEND-01,Amp & Wire Supply Co.,2025-05-29,Received,$262.12
PO-101523,CUST-B,VEND-09,Current Line Supply,2025-07-02,Received,12.90
PO-101524,CUST-C,VEND-03,Circuit Point Supply,2026-02-23,Received,11.20
PO-101525,CUST-B,VEND-01 ,Amp & Wire Supply Co.,05/16/2026,Received,566.56
PO-101526,CUST-A,VEND-09,Current Line Supply,2025-08-03,received,$193.76
PO-101527,CUST-A,VEND-10,Ferrowatt Industrial Supply,2025-12-21,Received,86.10
PO-101528,CUST-A,vend-08 ,Wattstone Distributors,01/22/2026,Received,41.14
PO-101529,CUST-G,VEND-04,Gridline Electrical Wholesale,2026-01-27,Received,344.92
PO-101530,CUST-D,VEND-01,Amp & Wire Supply Co.,2024-11-25,Received,88.37
PO-101531,CUST-A,VEND-03,Circuit Point Supply,2025-07-12,CLOSED,356.26
PO-101532,CUST-A,VEND-12,Voltec Supply Group,2024-12-18,Received,598.60
PO-101533,CUST-A,VEND-03,Circuit Point Supply,2025-08-03,CLOSED,94.08
PO-101534,CUST-A,VEND-07,BrightPath Electrical Supply,2025-09-15,Cancelled,23.88
PO-101535,CUST-C,VEND-05,Sparkline Supply Co.,2025-05-11,Received,2.24
PO-101536,CUST-A,VEND-04,Gridline Electrical Wholesale,06/14/2024,CLOSED,106.07
PO-101537,CUST-D,VEND-03,Circuit Point Supply,02/03/2025,Received,$117.02
PO-101538,CUST-B,VEND-12,Voltec Supply Group,2025-06-30,Closed,310.54
PO-101539,CUST-D,VEND-04,Gridline Electrical Wholesale,2025-10-07,Received,371.07
PO-101540,CUST-B,VEND-03,Circuit Point Supply,2026-04-23,Closed,297.10
PO-101541,CUST-G,VEND-09,Current Line Supply,2026-03-05,received,$42.42
PO-101542,CUST-C,VEND-07,BrightPath Electrical Supply,2026-03-21,Received,21.54
PO-101543,CUST-H,VEND-01,Amp & Wire Supply Co.,05/03/2026,Received,9.36
PO-101544,CUST-B,VEND-03,Circuit Point Supply,2025-04-03,Closed,1.42
PO-101545,CUST-A,VEND-03,Circuit Point Supply,2025-06-12,cancelled,144.07
PO-101546,CUST-A,VEND-12,Voltec Supply Group,2026-04-30,RECEIVED,208.92
PO-101547,CUST-H,VEND-11,Ampcore Distribution,2024-01-07,Received,10.50
PO-101548,CUST-E,VEND-01,Amp & Wire Supply Co.,2025-09-20,Received,$206.14
PO-101549,CUST-A,VEND-02,Voltway Electrical Distributors,2024-08-03,Received,12.04
PO-101550,CUST-D,VEND-11,Ampcore Distribution,2024-12-25,Received,161.70
PO-101551,CUST-C,VEND-08,Wattstone Distributors,2024-02-26,Closed,152.78
PO-101552,CUST-B,VEND-05,Sparkline Supply Co.,01/26/2024,received,98.26
PO-101553,CUST-B,VEND-06,Conduit & Co. Distribution,10/23/2024,RECEIVED,5.10
PO-101554,CUST-F, VEND-08,Wattstone Distributors,11/04/2024,received,46.40
PO-101555,CUST-A,VEND-12,Voltec Supply Group,2025-08-23,Cancelled,236.10
PO-101556,CUST-E,VEND-01 ,Amp & Wire Supply Co.,09/01/2026,Cancelled,20.51
PO-101557,CUST-B,VEND-02,Voltway Electrical Distributors,2024-02-02,closed,6.73
PO-101558,CUST-H,VEND-06,Conduit & Co. Distribution,12/22/2025,Received,72.01
PO-101559,CUST-B,VEND-09,Current Line Supply,2025-07-18,Received,76.86
PO-101560,CUST-G,VEND-07,BrightPath Electrical Supply,2026-02-28,Received,4.38
PO-101561,CUST-D,VEND-09,Current Line Supply,2024-11-29,Closed,$45.15
PO-101562,CUST-D,VEND-07,BrightPath Electrical Supply,05/29/2024,Closed,3.80
PO-101563,CUST-C,VEND-05,Sparkline Supply Co.,02/26/2026,Received,18.06
PO-101564,CUST-A,VEND-03,Circuit Point Supply,2025-03-29,Closed,11.71
PO-101565,CUST-D,VEND-03,Circuit Point Supply,2024-11-17,Cancelled,$4.71
PO-101566,CUST-H,VEND-10,Ferrowatt Industrial Supply,2024-11-23,RECEIVED,$72.14
PO-101567,CUST-A,VEND-11,Ampcore Distribution,2025-06-23,Closed,76.08
PO-101568,CUST-D,VEND-01,Amp & Wire Supply Co.,2026-01-05,Received,174.55
PO-101569,CUST-B,VEND-01,Amp & Wire Supply Co.,2024-10-09,Closed,175.72
PO-101570,CUST-C,VEND-10,Ferrowatt Industrial Supply,2024-01-12,Closed,120.71
PO-101571,CUST-G,VEND-02,Voltway Electrical Distributors,05/23/2025,Received,$74.11
PO-101572,CUST-A,VEND-03,Circuit Point Supply,12/19/2025,Received,49.23
PO-101573,CUST-F,VEND-02,Voltway Electrical Distributors,2025-03-31,Received,55.00
po-101574,CUST-A,VEND-11,Ampcore Distribution,2026-06-16,RECEIVED,$120.50
PO-101575,CUST-C,VEND-01,Amp & Wire Supply Co.,2026-01-18,Closed,467.16
PO-101576,CUST-H,vend-10,Ferrowatt Industrial Supply,2024-04-28,Received,299.94
PO-101577,CUST-D,VEND-02,Voltway Electrical Distributors,2025-05-15,Closed,53.70
PO-101578,cust-d,VEND-10,Ferrowatt Industrial Supply,2025-11-06,CLOSED,37.02
PO-101579,CUST-F,VEND-01,Amp & Wire Supply Co.,12/25/2024,Received,263.60
PO-101580,CUST-E,VEND-10,Ferrowatt Industrial Supply,2026-07-21,Open,1881.07
PO-101581,CUST-C,VEND-12,Voltec Supply Group,06/25/2025,Received,$42.36
PO-101582,CUST-A,VEND-09,Current Line Supply,2024-01-13,Received,12.30
PO-101583,CUST-A,VEND-03,Circuit Point Supply,03/06/2026,Closed,96.16
PO-101584,CUST-D,VEND-07,BrightPath Electrical Supply,2026-06-27,CLOSED,923.74
PO-101585,CUST-D,VEND-04,Gridline Electrical Wholesale,2024-12-01,Received,$205.84
PO-101586,CUST-A,VEND-03,Circuit Point Supply,2025-06-09,Received,116.00
PO-101587,CUST-A,VEND-08,Wattstone Distributors,07/01/2026,Open,94.84
PO-101588,CUST-H,VEND-03,Circuit Point Supply,2024-07-27,Cancelled,68.48
PO-101589,CUST-B,VEND-12,Voltec Supply Group,2024-04-15,Received,24.85
PO-101590,CUST-C,VEND-04,Gridline Electrical Wholesale,2024-07-18,Closed,12.16
PO-101591,CUST-A,VEND-04,Gridline Electrical Wholesale,2024-07-18,Received,65.44
PO-101592,CUST-F,VEND-09,Current Line Supply,04/05/2026,Received,5.44
PO-101593,CUST-H,VEND-12,Voltec Supply Group,01/25/2024,Received,3.81
PO-101594,CUST-A,VEND-08,Wattstone Distributors,2024-08-11,Received,$7.32
PO-101595,CUST-A,VEND-03,Circuit Point Supply,11/13/2025,Received,$40.92
PO-101596,CUST-A,VEND-12,Voltec Supply Group,2024-12-08,Closed,43.61
PO-101597,CUST-B,VEND-04,Gridline Electrical Wholesale,02/10/2025,Received,$9.66
PO-101598,CUST-C,VEND-02,Voltway Electrical Distributors,08/09/2025,closed,$70.04
PO-101599,CUST-A,VEND-06,Conduit & Co. Distribution,2025-12-19,closed,$50.90
PO-101600,CUST-A,VEND-02,Voltway Electrical Distributors,2025-08-16,Closed,31.41
PO-101601,CUST-B,VEND-07,BrightPath Electrical Supply,12/02/2024,RECEIVED,48.26
PO-101602,CUST-A,VEND-07,BrightPath Electrical Supply,07/11/2026,Received,27.20
PO-101603,CUST-B,VEND-01,Amp & Wire Supply Co.,2024-09-14,Closed,180.38
PO-101604,CUST-F,VEND-06,Conduit & Co. Distribution,2025-11-22,Received,581.56
PO-101605,CUST-D ,VEND-12,Voltec Supply Group,2026-08-10,Open,325.40
PO-101607,CUST-A,VEND-10,Ferrowatt Industrial Supply,02/02/2026,Received,56.80
PO-101608,cust-a ,VEND-06,Conduit & Co. Distribution,2026-01-03,Closed,3263.56
PO-101609,CUST-C,VEND-02,Voltway Electrical Distributors,12/10/2024,CLOSED,208.75
PO-101610 ,CUST-B,VEND-12,Voltec Supply Group,2024-07-05,Closed,326.14
PO-101611,CUST-C,VEND-12,Voltec Supply Group,2025-01-17,Received,8.11
PO-101612,CUST-B,VEND-04,Gridline Electrical Wholesale,2025-10-27,Closed,119.50
PO-101613,CUST-D,VEND-05,Sparkline Supply Co.,2024-12-24,Closed,88.89
PO-101614,CUST-H,VEND-05,Sparkline Supply Co.,2025-08-15,Closed,74.72
PO-101615,CUST-B,VEND-05,Sparkline Supply Co.,03/15/2024,Received,569.26
PO-101617,CUST-A,VEND-02,Voltway Electrical Distributors,2026-01-06,Received,306.96
PO-101618,CUST-E,VEND-09,Current Line Supply,05/18/2025,Received,$850.50
PO-101619,CUST-A,VEND-11,Ampcore Distribution,2026-07-14,Open,540.94
po-101620,CUST-F,VEND-06,Conduit & Co. Distribution,04/20/2025,Received,$114.70
PO-101621,CUST-A,VEND-10,Ferrowatt Industrial Supply,11/02/2024,Closed,$51.86
PO-101622,CUST-E,VEND-12,Voltec Supply Group,07/26/2026,Open,$8.28
PO-101623,CUST-C,VEND-10,Ferrowatt Industrial Supply,2026-05-17,RECEIVED,5.40
PO-101624,CUST-A,VEND-03,Circuit Point Supply,2025-04-12,Closed,28.10
PO-101625,CUST-C,VEND-11,Ampcore Distribution,2026-02-15,Received,$87.86
PO-101626,CUST-A,VEND-05,Sparkline Supply Co.,2026-06-07,Open,260.88
PO-101627,CUST-G,VEND-06,Conduit & Co. Distribution,2025-09-26,Closed,24.51
PO-101628,CUST-A,VEND-12,Voltec Supply Group,2024-05-30,Received,39.06
PO-101629,CUST-B,VEND-12,Voltec Supply Group,2024-11-08,Received,$17.65
PO-101630,CUST-H,VEND-02,Voltway Electrical Distributors,09/17/2025,Closed,19.22
PO-101631,CUST-D,VEND-06,Conduit & Co. Distribution,2024-08-18,Closed,41.19
PO-101632,CUST-D,VEND-01,Amp & Wire Supply Co.,2025-05-01,Closed,108.38
PO-101633,CUST-H,VEND-11,Ampcore Distribution,2025-12-06,Received,40.20
PO-101635,CUST-B,VEND-01,Amp & Wire Supply Co.,2025-12-20,Received,36.37
PO-101636,CUST-H,VEND-07,BrightPath Electrical Supply,2025-05-14,Closed,179.27
PO-101637,CUST-C,VEND-06,Conduit & Co. Distribution,2026-07-15,Open,188.30
PO-101638,CUST-B,VEND-04,Gridline Electrical Wholesale,2026-08-03,Open,161.80
PO-101639,CUST-F,VEND-05,Sparkline Supply Co.,10/13/2025,Closed,38.04
PO-101640,CUST-A,VEND-05,Sparkline Supply Co.,05/28/2026,Received,23.64
PO-101641,CUST-D,VEND-10,Ferrowatt Industrial Supply,02/12/2024,Received,$39.21
PO-101643,CUST-H,VEND-06,Conduit & Co. Distribution,11/06/2025,CLOSED,246.30
PO-101644,CUST-A,VEND-06,Conduit & Co. Distribution,2025-07-06,Received,$87.18
PO-101645,CUST-B,VEND-10,Ferrowatt Industrial Supply,2026-06-21,Open,312.28
PO-101646,CUST-D,VEND-03,Circuit Point Supply,2026-06-07,Open,57.66
PO-101647,CUST-G,VEND-02,Voltway Electrical Distributors,06/13/2026,RECEIVED,$307.75
PO-101648,CUST-F,VEND-12,Voltec Supply Group,2025-08-21,Received,56.34
PO-101649,CUST-D,VEND-01,Amp & Wire Supply Co.,2026-03-24,Received,268.89
PO-101650,CUST-C,VEND-05,Sparkline Supply Co.,2026-07-30,OPEN,89.55
PO-101651,CUST-A,VEND-07,BrightPath Electrical Supply,2024-08-15,closed,55.96
PO-101652,CUST-B,VEND-04,Gridline Electrical Wholesale,2026-06-01,Closed,$420.00
PO-101653,CUST-F,VEND-07,BrightPath Electrical Supply,2024-09-03,Closed,151.79
PO-101654,CUST-A,VEND-07,BrightPath Electrical Supply,2026-02-26,Closed,52.56
PO-101655,CUST-C,VEND-08,Wattstone Distributors,2025-02-23,Received,12.72
PO-101656,CUST-F,VEND-05,Sparkline Supply Co.,10/31/2024,RECEIVED,43.06
PO-101657,CUST-E ,VEND-04,Gridline Electrical Wholesale,2025-02-05,Received,30.89
PO-101658,CUST-G,VEND-03,Circuit Point Supply,2025-03-19,Received,1.89
PO-101659,CUST-H,VEND-10,Ferrowatt Industrial Supply,2024-12-22,Received,407.13
PO-101660,CUST-A,VEND-09,Current Line Supply,2024-10-05,Received,13.13
PO-101661,CUST-D,VEND-06,Conduit & Co. Distribution,2024-06-06,Closed,239.00
PO-101662 ,CUST-C,VEND-07,BrightPath Electrical Supply,2024-02-14,Closed,39.12
PO-101663,CUST-H,VEND-11,Ampcore Distribution,09/01/2026,Closed,6.38
PO-101664,CUST-D,VEND-08,Wattstone Distributors,07/02/2024,Received,2.92
PO-101665,CUST-F,VEND-06,Conduit & Co. Distribution,2025-01-14,RECEIVED,58.25
PO-101666,CUST-B,VEND-03,Circuit Point Supply,2026-07-01,Cancelled,54.63
PO-101667,CUST-A,VEND-12,Voltec Supply Group,2024-09-15,closed,30.84
PO-101668,cust-b,VEND-02,Voltway Electrical Distributors,03/12/2024,Received,200.72
PO-101669,CUST-C,VEND-10,Ferrowatt Industrial Supply,2024-05-29,Closed,44.98
PO-101670,CUST-A,VEND-02,Voltway Electrical Distributors,2026-08-09,Open,6.50
PO-101671,CUST-B,VEND-06,Conduit & Co. Distribution,2025-12-26,Closed,673.55
PO-101672,CUST-B,VEND-12,Voltec Supply Group,2024-03-24,RECEIVED,240.80
PO-101673,CUST-C,VEND-08,Wattstone Distributors,2024-12-30,Cancelled,5.82
PO-101674,CUST-C,VEND-10,Ferrowatt Industrial Supply,2024-02-11,Closed,"$1,917.76"
PO-101676,CUST-D,VEND-02,Voltway Electrical Distributors,2024-06-07,Closed,3.24
PO-101677,cust-d ,VEND-03,Circuit Point Supply,04/01/2025,Closed,25.87
 PO-101678,CUST-G,VEND-01,Amp & Wire Supply Co.,2025-02-02,Closed,132.02
PO-101679,CUST-F,vend-06 ,Conduit & Co. Distribution,2025-10-18,Received,21.80
PO-101680,CUST-E,VEND-01,Amp & Wire Supply Co.,2026-06-26,Received,365.86
PO-101681,CUST-F,VEND-01,Amp & Wire Supply Co.,2025-02-04,closed,$104.12
PO-101682,CUST-G,VEND-11,Ampcore Distribution,2025-03-06,Closed,1778.13
PO-101683,CUST-A,VEND-10,Ferrowatt Industrial Supply,2024-08-10,Closed,0.30
PO-101684,CUST-F,VEND-04,Gridline Electrical Wholesale,08/19/2026,Received,523.72
PO-101685,CUST-F,VEND-01,Amp & Wire Supply Co.,06/19/2025,Closed,345.24
PO-101686 ,CUST-E,VEND-12,Voltec Supply Group,2024-06-11,Cancelled,16.52
PO-101687,CUST-A,VEND-06,Conduit & Co. Distribution,2026-05-22,Received,$39.60
PO-101688 ,CUST-B,vend-03 ,Circuit Point Supply,2025-04-19,Received,48.88
PO-101689,CUST-B,VEND-02,Voltway Electrical Distributors,2024-12-30,Closed,250.24
PO-101690,CUST-F,VEND-03,Circuit Point Supply,2026-06-17,Open,$304.48
PO-101691,CUST-D,VEND-06,Conduit & Co. Distribution,2026-03-08,RECEIVED,58.69
PO-101692,cust-e,VEND-04,Gridline Electrical Wholesale,2026-08-29,Open,214.11
PO-101693,CUST-F,VEND-06,Conduit & Co. Distribution,2026-04-03,Received,$8.96
PO-101694,CUST-A,VEND-02,Voltway Electrical Distributors,2024-06-25,Received,$21.88
PO-101695,CUST-B,VEND-04,Gridline Electrical Wholesale,2025-01-04,Closed,112.80
PO-101696,CUST-A,VEND-02,Voltway Electrical Distributors,12/17/2024,Received,6.12
PO-101697,CUST-A,VEND-02,Voltway Electrical Distributors,2024-12-04,Received,$19.40
PO-101698,CUST-G,VEND-12,Voltec Supply Group,2024-05-02,CANCELLED,$124.21
PO-101699,CUST-C ,VEND-02,Voltway Electrical Distributors,01/31/2024,Received,4.28
PO-101700,CUST-A,VEND-03,Circuit Point Supply,2026-03-13,closed,98.42
PO-101701 ,CUST-A,VEND-11,Ampcore Distribution,2024-07-16,Received,5.86
PO-101702,CUST-D,VEND-05,Sparkline Supply Co.,2024-02-16,received,25.20
PO-101703 ,CUST-C,VEND-09,Current Line Supply,2025-09-28,Received,745.40
PO-101704,CUST-C,VEND-11,Ampcore Distribution,2024-12-05,Received,153.90
PO-101705,CUST-D,VEND-01,Amp & Wire Supply Co.,2026-04-04,received,556.00
PO-101706,CUST-B,VEND-06,Conduit & Co. Distribution,05/21/2024,Closed,21.52
PO-101707,CUST-H,VEND-11,Ampcore Distribution,2024-04-21,Closed,131.41
PO-101708,CUST-B,VEND-08,Wattstone Distributors,2024-02-11,received,32.56
PO-101709,CUST-B,VEND-09,Current Line Supply,2025-09-11,Received,9.10
PO-101710,CUST-F,VEND-03,Circuit Point Supply,2026-01-03,closed,35.40
PO-101712,CUST-B,VEND-11,Ampcore Distribution,2026-01-20,CLOSED,1584.10
PO-101713,CUST-B,VEND-08,Wattstone Distributors,03/19/2026,Closed,$0.46
PO-101714,CUST-D,VEND-06,Conduit & Co. Distribution,08/15/2026,Closed,$45.70
PO-101715,CUST-A,VEND-05,Sparkline Supply Co.,03/24/2024,Received,$50.60
PO-101716,CUST-A,VEND-10,Ferrowatt Industrial Supply,01/23/2024,received,85.52
PO-101717,CUST-D,VEND-10,Ferrowatt Industrial Supply,06/14/2025,Received,$5.80
PO-101718,CUST-B,VEND-09,Current Line Supply,06/15/2024,Cancelled,52.77
PO-101719,CUST-A,VEND-05,Sparkline Supply Co.,2026-08-06,Closed,7.84
 PO-101720,CUST-D,VEND-12,Voltec Supply Group,2025-12-27,Closed,$48.20
PO-101721,CUST-A,VEND-08,Wattstone Distributors,01/14/2024,Received,183.12
PO-101722,CUST-A,VEND-05,Sparkline Supply Co.,2024-12-23,Closed,$30.88
PO-101723,CUST-D,VEND-11,Ampcore Distribution,05/29/2025,Received,$136.78
PO-101724,CUST-G,VEND-04,Gridline Electrical Wholesale,03/14/2024,Received,378.92
PO-101725,cust-a,VEND-03,Circuit Point Supply,2025-03-09,closed,16.83
PO-101726,CUST-H,VEND-05,Sparkline Supply Co.,2025-05-10,Received,$25.50
PO-101727,CUST-G,VEND-07,BrightPath Electrical Supply,2025-06-30,Closed,493.58
PO-101728,CUST-B,VEND-09,Current Line Supply,05/03/2025,Received,95.21
PO-101729,CUST-A,VEND-01,Amp & Wire Supply Co.,2025-05-17,Received,1189.70
PO-101730,CUST-D,VEND-10,Ferrowatt Industrial Supply,2026-01-19,Received,172.63
PO-101731,CUST-A,VEND-06,Conduit & Co. Distribution,01/31/2026,Closed,78.60
PO-101732,CUST-B,VEND-06,Conduit & Co. Distribution,08/17/2026,Closed,10.96
PO-101734,CUST-A,VEND-09,Current Line Supply,03/29/2026,Received,5.68
po-101735,CUST-B,VEND-04,Gridline Electrical Wholesale,2025-06-07,Received,40.82
PO-101736,CUST-A,VEND-08,Wattstone Distributors,12/02/2024,Received,151.50
PO-101737,CUST-G,VEND-06,Conduit & Co. Distribution,2026-01-19,Received,24.84
po-101738,CUST-F,VEND-05,Sparkline Supply Co.,03/30/2025,Received,431.86
PO-101739,CUST-A,VEND-06,Conduit & Co. Distribution,2026-06-26,Open,$19.28
PO-101740,CUST-A,VEND-06,Conduit & Co. Distribution,2025-09-08,RECEIVED,126.18
PO-101741,CUST-G,VEND-12,Voltec Supply Group,2024-05-07,Received,7.35
PO-101742,CUST-F,VEND-08,Wattstone Distributors,2024-11-14,Cancelled,$201.40
PO-101743,CUST-F,VEND-07,BrightPath Electrical Supply,2025-08-15,Received,4.29
PO-101744,CUST-F,VEND-11,Ampcore Distribution,03/05/2026,Received,511.40
PO-101745,CUST-F,VEND-09,Current Line Supply,11/27/2024,Received,53.22
PO-101746,CUST-D,VEND-07,BrightPath Electrical Supply,2026-06-17,open,$278.38
PO-101747,CUST-D,VEND-03,Circuit Point Supply,03/06/2024,Received,3.60
PO-101748,CUST-F,VEND-03,Circuit Point Supply,2024-06-23,Closed,2264.18
PO-101749,CUST-H,VEND-05,Sparkline Supply Co.,2024-08-11,received,179.00
PO-101750,CUST-B,VEND-03,Circuit Point Supply,2026-06-19,Open,8.53
PO-101751,CUST-A,VEND-06,Conduit & Co. Distribution,2026-02-02,Received,2925.38
PO-101752,CUST-A,VEND-05,Sparkline Supply Co.,05/09/2026,Closed,146.92
PO-101753,CUST-G,VEND-07,BrightPath Electrical Supply,06/17/2026,Open,314.50
PO-101754,CUST-A,VEND-09,Current Line Supply,2025-12-29,Received,$17.52
PO-101755,CUST-A,VEND-05,Sparkline Supply Co.,2026-03-02,Received,$141.33
PO-101756,CUST-A,VEND-03,Circuit Point Supply,2025-06-29,Received,$228.96
PO-101757 ,CUST-A,VEND-06,Conduit & Co. Distribution,2024-12-25,received,177.44
PO-101758,CUST-A,VEND-12,Voltec Supply Group,08/22/2025,received,29.92
PO-101759,CUST-F,VEND-09,Current Line Supply,2026-03-26,Received,393.96
PO-101760,CUST-D,VEND-07 ,BrightPath Electrical Supply,04/09/2026,closed,535.41
PO-101762,CUST-A,VEND-09,Current Line Supply,07/18/2024,Closed,$55.29
PO-101763,CUST-B,VEND-09,Current Line Supply,2025-06-11,Received,250.62
PO-101764,CUST-G,VEND-04,Gridline Electrical Wholesale,2026-03-07,Received,1932.04
PO-101765,CUST-A,VEND-04,Gridline Electrical Wholesale,2024-05-10,Received,405.84
PO-101766,CUST-B,VEND-08,Wattstone Distributors,2024-02-29,Received,68.36
PO-101767,CUST-D,vend-12,Voltec Supply Group,2025-09-21,Closed,$32.56
PO-101768,CUST-B,VEND-05,Sparkline Supply Co.,2026-08-18,OPEN,120.24
PO-101769,CUST-F,VEND-04,Gridline Electrical Wholesale,2025-02-04,Received,162.56
PO-101770,CUST-B,VEND-01,Amp & Wire Supply Co.,2025-01-08,Received,$2.16
PO-101771,CUST-A,VEND-10,Ferrowatt Industrial Supply,02/21/2026,Received,22.52
PO-101772,CUST-D,VEND-02,Voltway Electrical Distributors,10/14/2024,Received,76.40
PO-101773,CUST-A,VEND-06,Conduit & Co. Distribution,2026-07-22,CLOSED,$17.40
PO-101774,CUST-A,VEND-11,Ampcore Distribution,2025-02-03,Received,47.24
PO-101775,CUST-B,VEND-02,Voltway Electrical Distributors,2024-10-31,CANCELLED,102.87
PO-101776,CUST-D,VEND-02,Voltway Electrical Distributors,2024-11-12,Cancelled,284.88
PO-101777,CUST-H,VEND-07,BrightPath Electrical Supply,2024-01-22,Cancelled,$31.98
PO-101778,CUST-D,VEND-06,Conduit & Co. Distribution,2025-09-01,Received,8.72
PO-101779,CUST-B,VEND-12,Voltec Supply Group,2024-08-12,Received,4.34
PO-101780,CUST-D,VEND-07,BrightPath Electrical Supply,2026-01-23,Cancelled,82.24
PO-101781,CUST-B,VEND-05,Sparkline Supply Co.,2024-06-26,Cancelled,18.12
PO-101782,CUST-B,VEND-02,Voltway Electrical Distributors,2025-02-01,Received,79.76
PO-101783,CUST-C,vend-07 ,BrightPath Electrical Supply,2025-12-26,Received,291.91
PO-101784,CUST-A,VEND-05,Sparkline Supply Co.,06/21/2024,Received,40.40
PO-101785,CUST-B,VEND-03,Circuit Point Supply,2024-07-14,Received,$147.10
PO-101786,CUST-A,VEND-04,Gridline Electrical Wholesale,2025-01-31,Closed,33.49
PO-101787,CUST-D,VEND-08,Wattstone Distributors,2024-09-20,Received,327.75
PO-101788,CUST-A,VEND-10,Ferrowatt Industrial Supply,2025-03-16,Closed,663.02
PO-101789,CUST-A,VEND-03,Circuit Point Supply,2026-06-03,Received,$133.90
PO-101790,CUST-A,VEND-09,Current Line Supply,08/14/2025,Received,2.48
PO-101791,CUST-B,VEND-03,Circuit Point Supply,08/06/2024,CLOSED,99.70
PO-101792,CUST-B,VEND-01,Amp & Wire Supply Co.,09/01/2025,Received,16.55
PO-101793,CUST-H,VEND-12,Voltec Supply Group,2025-02-14,Closed,$10.50
PO-101794,CUST-A,VEND-12,Voltec Supply Group,2025-10-20,Received,110.29
PO-101795,CUST-C,VEND-04,Gridline Electrical Wholesale,2024-07-19,Received,2.18
PO-101796,CUST-D,VEND-12,Voltec Supply Group,2026-03-17,received,316.96
PO-101798,CUST-H,VEND-07,BrightPath Electrical Supply,05/13/2026,Received,155.99
PO-101799,CUST-D,VEND-11,Ampcore Distribution,02/18/2024,Closed,16.17
PO-101800,CUST-C,VEND-08,Wattstone Distributors,08/16/2026,OPEN,78.07
PO-101801,CUST-A,VEND-01,Amp & Wire Supply Co.,2024-05-17,Closed,20.14
PO-101802,CUST-C,VEND-01,Amp & Wire Supply Co.,2024-01-29,received,$242.44
PO-101803,CUST-E,VEND-11,Ampcore Distribution,2026-04-10,Closed,$14.11
PO-101804,CUST-A,VEND-06,Conduit & Co. Distribution,2024-12-26,Received,310.54
PO-101805,CUST-B,VEND-10,Ferrowatt Industrial Supply,2024-01-11,Received,3.42
PO-101806,CUST-D,VEND-02,Voltway Electrical Distributors,03/04/2024,RECEIVED,$4.74
PO-101807,CUST-C,VEND-09,Current Line Supply,2025-04-20,Closed,34.70
PO-101808,CUST-G,VEND-11,Ampcore Distribution,2025-11-15,Received,$58.14
PO-101809,CUST-D,VEND-02,Voltway Electrical Distributors,2024-10-26,Received,7.92
PO-101810,CUST-F,VEND-03,Circuit Point Supply,07/06/2025,Received,$18.80
PO-101811,CUST-C,VEND-05,Sparkline Supply Co.,2024-03-19,cancelled,$85.78
PO-101812,CUST-A,VEND-12,Voltec Supply Group,2024-06-21,Received,$148.60
PO-101813,CUST-A,VEND-04,Gridline Electrical Wholesale,2025-04-25,Received,46.10
PO-101814,CUST-H,VEND-07,BrightPath Electrical Supply,2025-08-03,Received,124.30
PO-101815,CUST-A,VEND-10,Ferrowatt Industrial Supply,12/29/2024,Received,735.86
PO-101816,CUST-E,VEND-10,Ferrowatt Industrial Supply,12/27/2025,Received,10.55
PO-101817,CUST-H,VEND-04,Gridline Electrical Wholesale,12/23/2025,Cancelled,52.70
PO-101818,CUST-F,VEND-05,Sparkline Supply Co.,2024-01-29,Received,48.50
PO-101819,CUST-F,VEND-11,Ampcore Distribution,2024-06-12,Received,$57.24
PO-101820,cust-d,VEND-02,Voltway Electrical Distributors,07/16/2025,Closed,64.52
PO-101821,CUST-D,VEND-11,Ampcore Distribution,2024-08-10,Received,17.88
PO-101822,CUST-A,VEND-10,Ferrowatt Industrial Supply,2026-08-17,Closed,$14.61
PO-101823,CUST-B,VEND-02,Voltway Electrical Distributors,12/10/2024,CLOSED,47.42
PO-101824,CUST-A,VEND-09,Current Line Supply,08/16/2024,Received,150.70
PO-101825,CUST-D,VEND-02,Voltway Electrical Distributors,2024-12-23,Received,3.17
PO-101826,CUST-B,VEND-10,Ferrowatt Industrial Supply,05/08/2024,RECEIVED,$3.28
PO-101828,CUST-D,VEND-04,Gridline Electrical Wholesale,2024-09-17,Cancelled,1077.76
PO-101829,CUST-B,VEND-01,Amp & Wire Supply Co.,05/23/2024,Closed,18.86
PO-101830,CUST-C,VEND-06,Conduit & Co. Distribution,2024-11-04,Cancelled,183.26
PO-101831,CUST-D,VEND-07,BrightPath Electrical Supply,03/20/2024,Closed,43.71
PO-101832,CUST-A,VEND-08,Wattstone Distributors,2026-02-17,Closed,24.26
PO-101833,CUST-A,VEND-08,Wattstone Distributors,06/04/2026,Open,92.84
PO-101834,CUST-A,VEND-02,Voltway Electrical Distributors,05/04/2026,Closed,51.62
PO-101835,CUST-B,VEND-07,BrightPath Electrical Supply,06/02/2025,Received,86.62
PO-101836,CUST-F,VEND-10,Ferrowatt Industrial Supply,2026-04-22,Received,21.20
 PO-101837,CUST-A,VEND-12,Voltec Supply Group,2026-02-13,Received,29.40
PO-101839,CUST-B,VEND-07,BrightPath Electrical Supply,2025-01-15,Cancelled,1772.22
PO-101840,CUST-B,VEND-03,Circuit Point Supply,2024-12-15,Received,6.06
PO-101841,CUST-F,VEND-01,Amp & Wire Supply Co.,2024-03-21,Closed,$17.32
PO-101842,CUST-F,VEND-07,BrightPath Electrical Supply,03/03/2024,Received,52.86
PO-101843, CUST-C,VEND-08,Wattstone Distributors,2024-10-30,Received,34.73
PO-101844,CUST-C,VEND-02,Voltway Electrical Distributors,07/31/2024,CLOSED,53.56
PO-101846,CUST-B,VEND-12,Voltec Supply Group,2025-12-24,received,1291.48
PO-101848,CUST-D,VEND-09,Current Line Supply,12/11/2024,Received,124.80
PO-101849,CUST-A,vend-08,Wattstone Distributors,2025-07-24,Closed,$54.68
PO-101850,CUST-D,VEND-02,Voltway Electrical Distributors,12/12/2025,RECEIVED,6.08
PO-101851,CUST-A,VEND-09,Current Line Supply,05/07/2024,Closed,16.72
PO-101852,CUST-A,VEND-01,Amp & Wire Supply Co.,2024-06-07,Received,21.33
PO-101853,CUST-D,VEND-07,BrightPath Electrical Supply,2024-01-04,Closed,465.25
PO-101854,CUST-B,VEND-12,Voltec Supply Group,2025-05-18,CLOSED,46.20
PO-101855,CUST-D,VEND-04,Gridline Electrical Wholesale,03/12/2024,Received,3318.00
PO-101856,CUST-H,VEND-07,BrightPath Electrical Supply,2025-11-07,Received,542.08
PO-101857,CUST-D,VEND-10,Ferrowatt Industrial Supply,2026-05-06,Received,166.48
PO-101858,CUST-D,VEND-10,Ferrowatt Industrial Supply,2024-12-14,CLOSED,67.17
PO-101860,CUST-C,VEND-05,Sparkline Supply Co.,2025-12-26,CLOSED,129.12
PO-101861,CUST-A,VEND-07,BrightPath Electrical Supply,2025-03-23,Closed,810.20
PO-101862,CUST-B,VEND-11,Ampcore Distribution,2024-10-14,Received,"$1,765.50"
PO-101863,CUST-A,VEND-10,Ferrowatt Industrial Supply,06/13/2024,Closed,5.40
PO-101864,CUST-B,VEND-02,Voltway Electrical Distributors,2024-03-07,Received,6.48
PO-101866,CUST-E,VEND-02,Voltway Electrical Distributors,2024-01-15,Closed,20.68
PO-101867,CUST-C,VEND-07,BrightPath Electrical Supply,2024-08-22,Closed,24.74
PO-101868,CUST-G,VEND-12,Voltec Supply Group,2025-09-18,Received,17.58
PO-101869,CUST-A,VEND-03,Circuit Point Supply,2025-04-23,Received,107.42
PO-101870,CUST-H,VEND-06,Conduit & Co. Distribution,2024-03-22,Received,$125.50
PO-101871,CUST-B,VEND-05,Sparkline Supply Co.,2025-02-18,Received,316.68
PO-101873,CUST-D,VEND-01,Amp & Wire Supply Co.,05/20/2025,Received,107.63
PO-101874,CUST-H,VEND-07,BrightPath Electrical Supply,2024-11-02,Closed,561.79
PO-101875,CUST-A,VEND-10,Ferrowatt Industrial Supply,2024-08-17,Closed,12.58
PO-101876,CUST-D,VEND-11,Ampcore Distribution,2026-04-17,RECEIVED,1049.38
PO-101877,CUST-F,VEND-07,BrightPath Electrical Supply,2025-12-11,Closed,1.08
PO-101878,CUST-E,VEND-08,Wattstone Distributors,06/16/2024,Closed,3.00
PO-101879,CUST-D,VEND-10,Ferrowatt Industrial Supply,2024-07-17,Closed,769.19
PO-101880,CUST-C,VEND-02,Voltway Electrical Distributors,2025-06-11,Received,5.22
PO-101881,CUST-B,VEND-10,Ferrowatt Industrial Supply,2024-06-06,Cancelled,311.95
PO-101882,CUST-H,VEND-12,Voltec Supply Group,2024-08-27,CLOSED,16.20
PO-101883,CUST-C,VEND-11,Ampcore Distribution,2024-01-17,Received,772.48
PO-101884,CUST-C,VEND-02,Voltway Electrical Distributors,2024-08-19,Received,52.56
PO-101885,CUST-B,VEND-10,Ferrowatt Industrial Supply,2024-10-15,Closed,20.28
PO-101886,CUST-D,VEND-02,Voltway Electrical Distributors,06/09/2024,Received,117.92
PO-101887,CUST-E,VEND-10,Ferrowatt Industrial Supply,10/19/2024,Received,15.84
PO-101888,CUST-A,VEND-07,BrightPath Electrical Supply,09/27/2025,Received,65.89
PO-101889,CUST-F,VEND-11,Ampcore Distribution,2024-05-16,Received,56.46
PO-101890 ,CUST-B,VEND-09,Current Line Supply,2025-10-02,Received,$47.48
PO-101891,CUST-H,VEND-10,Ferrowatt Industrial Supply,02/10/2025,received,25.92
 PO-101892,CUST-C,VEND-12,Voltec Supply Group,2024-03-10,received,$49.56
PO-101893,CUST-B,VEND-12 ,Voltec Supply Group,09/16/2025,Received,44.34
PO-101894,CUST-H,VEND-12,Voltec Supply Group,2025-05-28,closed,27.30
PO-101895,CUST-A,VEND-02,Voltway Electrical Distributors,2025-06-29,Received,50.64
po-101896,CUST-B,VEND-10,Ferrowatt Industrial Supply,03/13/2025,Closed,$71.42
PO-101897,CUST-C,VEND-12,Voltec Supply Group,2024-11-30,Received,69.36
po-101898 ,CUST-A,vend-03 ,Circuit Point Supply,2026-01-11,Received,$145.75
PO-101899,CUST-C,VEND-05,Sparkline Supply Co.,2025-03-17,Received,38.60
PO-101900,CUST-H,VEND-12,Voltec Supply Group,2025-07-06,Received,$56.26
PO-101901,CUST-F,VEND-12,Voltec Supply Group,01/03/2025,Received,118.39
PO-101902,CUST-B,VEND-03,Circuit Point Supply,01/29/2024,Received,433.53
PO-101903,CUST-D,VEND-03,Circuit Point Supply,2026-05-18,Closed,35.34
PO-101904,CUST-F,VEND-12,Voltec Supply Group,2024-10-31,Received,31.45
PO-101905,CUST-C,VEND-06,Conduit & Co. Distribution,2024-10-20,Received,228.28
PO-101906,CUST-A,VEND-04,Gridline Electrical Wholesale,11/16/2024,Closed,228.03
PO-101907,CUST-H,VEND-10,Ferrowatt Industrial Supply,2025-09-01,Received,25.26
PO-101908,CUST-F,VEND-08,Wattstone Distributors,2025-05-12,Received,76.76
PO-101909,CUST-D,VEND-10 ,Ferrowatt Industrial Supply,2026-07-30,open,152.82
PO-101910,CUST-F,VEND-07,BrightPath Electrical Supply,2024-06-12,Received,448.82
PO-101911,CUST-B,VEND-11,Ampcore Distribution,05/07/2026,Received,119.82
PO-101912,CUST-B,VEND-02,Voltway Electrical Distributors,04/24/2025,Received,60.82
PO-101913,CUST-H,VEND-11,Ampcore Distribution,04/17/2024,RECEIVED,$115.28
PO-101914,CUST-D,VEND-04,Gridline Electrical Wholesale,2025-07-08,Cancelled,43.02
PO-101915,CUST-B,VEND-09,Current Line Supply,05/15/2025,Received,149.34
PO-101916,CUST-A,VEND-02,Voltway Electrical Distributors,2024-04-03,cancelled,$162.04
PO-101917,cust-d,VEND-07,BrightPath Electrical Supply,2025-12-11,CLOSED,285.40
PO-101918,CUST-A,VEND-08,Wattstone Distributors,2024-01-12,Closed,307.15
PO-101919,CUST-D,VEND-02,Voltway Electrical Distributors,2026-06-09,OPEN,$150.21
PO-101920,CUST-D,VEND-02,Voltway Electrical Distributors,07/24/2026,Closed,$710.84
PO-101922,CUST-B,VEND-05,Sparkline Supply Co.,02/19/2024,received,$30.80
po-101923 ,CUST-A,VEND-09,Current Line Supply,2024-05-25,RECEIVED,7.12
PO-101924,CUST-G,VEND-10,Ferrowatt Industrial Supply,2026-03-09,received,231.87
PO-101925,CUST-E,VEND-11,Ampcore Distribution,2025-12-22,Received,"$1,691.25"
PO-101926,CUST-A,VEND-11,Ampcore Distribution,2025-10-20,Closed,6.99
PO-101927,CUST-B,VEND-09,Current Line Supply,2025-02-08,Closed,130.53
PO-101928,CUST-H,VEND-07,BrightPath Electrical Supply,2024-03-20,Received,52.80
PO-101929,CUST-B,VEND-10,Ferrowatt Industrial Supply,2025-08-03,Received,110.02
PO-101930,CUST-B,VEND-09,Current Line Supply,2024-02-22,RECEIVED,254.66
PO-101931,CUST-B,VEND-06,Conduit & Co. Distribution,06/15/2025,Received,74.62
PO-101932,CUST-B,VEND-03,Circuit Point Supply,03/11/2024,Cancelled,15.13
PO-101933,CUST-C,VEND-04,Gridline Electrical Wholesale,2026-05-22,Received,7.20
PO-101934,CUST-C,VEND-01,Amp & Wire Supply Co.,2024-01-20,Received,10.70
PO-101935,CUST-A,VEND-08,Wattstone Distributors,2024-08-22,Received,63.34
PO-101936,CUST-H,VEND-10,Ferrowatt Industrial Supply,2025-08-27,Cancelled,$225.86
PO-101937,CUST-A,VEND-04,Gridline Electrical Wholesale,2024-07-31,Closed,62.30
PO-101938,CUST-C,VEND-01,Amp & Wire Supply Co.,2025-12-21,Received,392.15
PO-101939,CUST-D,VEND-12,Voltec Supply Group,07/09/2025,Received,312.02
PO-101940,CUST-F,VEND-07,BrightPath Electrical Supply,2026-07-24,Open,32.30
PO-101941,CUST-A,vend-03,Circuit Point Supply,10/26/2025,Received,188.87
PO-101942,CUST-D,VEND-11,Ampcore Distribution,2025-06-21,RECEIVED,51.52
PO-101943,CUST-F,VEND-09,Current Line Supply,08/31/2026,Received,$39.80
PO-101944,CUST-B,VEND-04,Gridline Electrical Wholesale,2026-05-22,Received,$104.18
PO-101945,CUST-D,VEND-03,Circuit Point Supply,2025-08-29,Received,129.05
PO-101946,CUST-E,VEND-12,Voltec Supply Group,2026-07-17,Closed,56.12
PO-101947,CUST-A,VEND-08,Wattstone Distributors,2025-08-22,Closed,$43.42
PO-101949,CUST-E,VEND-05,Sparkline Supply Co.,2024-04-11,RECEIVED,84.53
PO-101950,CUST-F,VEND-09,Current Line Supply,2024-08-14,Received,410.78
PO-101951,CUST-A,VEND-06,Conduit & Co. Distribution,08/31/2024,Closed,$243.96
PO-101952,cust-a,VEND-09,Current Line Supply,2025-10-05,Closed,19.07
PO-101953,CUST-H,VEND-12,Voltec Supply Group,2025-01-12,Received,0.88
PO-101954,CUST-D,VEND-05,Sparkline Supply Co.,2024-09-12,Received,21.97
PO-101955,CUST-G,VEND-08,Wattstone Distributors,09/01/2024,Closed,693.32
PO-101956,CUST-A,VEND-06,Conduit & Co. Distribution,2025-05-24,Closed,13.29
PO-101957,CUST-A,VEND-12,Voltec Supply Group,2024-06-10,Received,183.00
PO-101958,CUST-D,VEND-04,Gridline Electrical Wholesale,06/13/2026,Open,10.86
PO-101959,CUST-D,VEND-01,Amp & Wire Supply Co.,08/26/2025,Received,215.08
PO-101960,CUST-B,VEND-12,Voltec Supply Group,2025-02-25,Received,51.04
PO-101961,CUST-C,VEND-02,Voltway Electrical Distributors,2026-08-25,Received,24.16
PO-101962,CUST-B,VEND-04,Gridline Electrical Wholesale,2024-11-24,Received,8.88
PO-101963,CUST-G,VEND-08,Wattstone Distributors,2025-04-29,Closed,284.07
PO-101964,CUST-A,VEND-06,Conduit & Co. Distribution,2024-07-28,RECEIVED,24.32
PO-101965,CUST-B,VEND-10,Ferrowatt Industrial Supply,2024-08-06,Received,286.43
PO-101966,CUST-B,VEND-10,Ferrowatt Industrial Supply,01/10/2024,Received,52.77
PO-101967,CUST-F,VEND-02,Voltway Electrical Distributors,2024-11-15,Cancelled,$123.41
PO-101968,CUST-F,VEND-05,Sparkline Supply Co.,2025-11-29,Received,99.26
PO-101969,CUST-D,VEND-02,Voltway Electrical Distributors,2025-04-02,Closed,68.58
PO-101970,CUST-C,VEND-12,Voltec Supply Group,2025-10-05,Closed,236.20
PO-101971,CUST-B,VEND-07,BrightPath Electrical Supply,11/08/2024,Received,17.94
PO-101972,CUST-H,VEND-02,Voltway Electrical Distributors,05/11/2025,Received,134.28
PO-101973,CUST-D,VEND-08,Wattstone Distributors,2024-07-26,Cancelled,26.46
PO-101975,CUST-C,VEND-05,Sparkline Supply Co.,04/16/2026,Received,211.22
PO-101976,CUST-E,VEND-06,Conduit & Co. Distribution,08/07/2024,Received,308.56
PO-101977,CUST-B,VEND-08,Wattstone Distributors,2026-08-13,open,9.74
PO-101978,CUST-D,VEND-12,Voltec Supply Group,2025-12-25,Received,50.38
PO-101979,CUST-B,VEND-01,Amp & Wire Supply Co.,2024-02-09,Received,144.99
PO-101980,CUST-A,VEND-07,BrightPath Electrical Supply,2024-05-07,Received,82.36
PO-101981,CUST-B,VEND-01,Amp & Wire Supply Co.,2026-02-04,Received,182.37
PO-101982,CUST-A,VEND-02,Voltway Electrical Distributors,11/16/2025,Received,8.49
PO-101983,CUST-G,VEND-05,Sparkline Supply Co.,2026-07-03,Open,50.34
PO-101984,CUST-D,VEND-06,Conduit & Co. Distribution,2025-03-01,Closed,18.90
PO-101985,CUST-D,VEND-03,Circuit Point Supply,2024-01-13,received,$25.99
PO-101986,CUST-A,VEND-01,Amp & Wire Supply Co.,05/25/2026,CLOSED,31.60
 PO-101988,CUST-A,VEND-10,Ferrowatt Industrial Supply,2025-06-06,Received,224.24
PO-101989,CUST-A,VEND-10,Ferrowatt Industrial Supply,2025-02-16,Received,172.86
PO-101990,CUST-C,VEND-07,BrightPath Electrical Supply,10/27/2024,Received,$318.00
PO-101991, CUST-A,VEND-04,Gridline Electrical Wholesale,01/18/2026,Received,44.22
PO-101992,CUST-A,VEND-06,Conduit & Co. Distribution,2024-12-08,Received,2.98
PO-101993,CUST-E,VEND-02,Voltway Electrical Distributors,2025-07-07,Closed,216.74
PO-101994,CUST-D, VEND-11,Ampcore Distribution,02/25/2025,Received,185.02
PO-101995,CUST-D,VEND-08,Wattstone Distributors,2024-01-26,Closed,23.64
PO-101996,CUST-B,VEND-05,Sparkline Supply Co.,2025-09-07,Received,113.34
PO-101997,CUST-F,VEND-06,Conduit & Co. Distribution,12/08/2025,Received,55.60
PO-101998,CUST-C,VEND-01,Amp & Wire Supply Co.,04/01/2025,Closed,268.72
po-101999 ,CUST-F,VEND-01,Amp & Wire Supply Co.,2025-05-11,Received,20.96
PO-102000,CUST-B,VEND-07,BrightPath Electrical Supply,2025-11-18,Received,176.48
PO-102001,CUST-A,VEND-09,Current Line Supply,2026-01-18,Received,$15.32
PO-102002,CUST-B,VEND-03,Circuit Point Supply,05/08/2024,Closed,82.94
PO-102003,CUST-E,VEND-06,Conduit & Co. Distribution,2024-03-31,Closed,185.61
PO-102004,CUST-A,VEND-12,Voltec Supply Group,2026-01-14,Received,107.76
PO-102005,CUST-A,VEND-01,Amp & Wire Supply Co.,2024-01-11,Received,$46.80
PO-102006,CUST-H,VEND-01,Amp & Wire Supply Co.,2024-08-21,Received,$86.52
PO-102007,CUST-A,VEND-03,Circuit Point Supply,2024-01-15,Received,2.72
PO-102008,CUST-B,VEND-03,Circuit Point Supply,2026-03-11,Closed,593.40
PO-102009,CUST-D,VEND-11,Ampcore Distribution,2024-11-10,Received,2.22
PO-102010, CUST-A,VEND-05,Sparkline Supply Co.,2025-09-12,received,13.93
PO-102011,CUST-F,VEND-12,Voltec Supply Group,2026-08-11,open,34.70
PO-102012,CUST-A,VEND-10,Ferrowatt Industrial Supply,2026-02-04,Received,7.70
PO-102013,CUST-E,VEND-08,Wattstone Distributors,06/22/2026,Open,114.18
PO-102014,CUST-E,VEND-02,Voltway Electrical Distributors,06/13/2025,Received,42.76
PO-102015,CUST-B,VEND-05,Sparkline Supply Co.,2024-02-24,Closed,$82.92
po-102016,CUST-A,VEND-07,BrightPath Electrical Supply,01/29/2026,CLOSED,339.32
PO-102017,CUST-A,VEND-05,Sparkline Supply Co.,2024-06-28,Closed,1009.50
PO-102018,CUST-F,VEND-07,BrightPath Electrical Supply,2026-05-06,Received,6.94
PO-102019,CUST-B,VEND-08,Wattstone Distributors,2026-06-25,Open,$93.82
PO-102020,CUST-A,VEND-06,Conduit & Co. Distribution,02/20/2026,closed,272.94
PO-102021,CUST-H,VEND-01,Amp & Wire Supply Co.,2024-09-22,Closed,$72.02
PO-102022,CUST-C,VEND-03,Circuit Point Supply,2024-11-06,Closed,58.26
PO-102023,CUST-E,VEND-09,Current Line Supply,2024-09-29,Received,152.80
PO-102024,CUST-B,VEND-12,Voltec Supply Group,2026-07-23,Open,3.14
PO-102025,CUST-D,VEND-01,Amp & Wire Supply Co.,2024-04-14,closed,126.98
PO-102026,CUST-B,VEND-12,Voltec Supply Group,2025-01-16,Received,$103.11
PO-102027,CUST-D,VEND-02,Voltway Electrical Distributors,2025-07-05,Received,20.38
PO-102028,CUST-D,VEND-02,Voltway Electrical Distributors,2025-08-02,Received,26.06
PO-102029,CUST-A,VEND-12,Voltec Supply Group,2026-08-10,Open,$157.60
PO-102030,CUST-E,VEND-03,Circuit Point Supply,2025-07-16,received,82.41
PO-102031 ,CUST-D,VEND-02,Voltway Electrical Distributors,2026-08-13,open,33.60
PO-102032,CUST-E,VEND-09,Current Line Supply,2025-04-13,Cancelled,61.78
PO-102033,CUST-D,VEND-12,Voltec Supply Group,2025-03-17,received,39.78
PO-102034,CUST-B,VEND-02,Voltway Electrical Distributors,2024-08-26,received,9.96
PO-102035,CUST-C,VEND-04,Gridline Electrical Wholesale,04/01/2025,Received,13.19
PO-102036,CUST-B,VEND-09,Current Line Supply,2024-02-06,Received,31.64
PO-102037,CUST-D,VEND-07,BrightPath Electrical Supply,11/30/2024,Closed,$215.55
PO-102038,CUST-C,VEND-12,Voltec Supply Group,2025-07-21,received,$41.64
PO-102039,CUST-D,VEND-06,Conduit & Co. Distribution,2025-05-08,Received,189.03
PO-102041,CUST-D,VEND-02,Voltway Electrical Distributors,2024-06-19,Cancelled,14.34
PO-102042,CUST-A,VEND-05,Sparkline Supply Co.,2024-07-03,RECEIVED,62.05
PO-102044,CUST-F,VEND-08,Wattstone Distributors,11/02/2025,received,463.01
PO-102045,CUST-B,VEND-07,BrightPath Electrical Supply,01/27/2024,Closed,100.91
PO-102046,CUST-A,VEND-12,Voltec Supply Group,02/09/2026,Received,$337.84
PO-102047,CUST-C,VEND-05,Sparkline Supply Co.,2024-12-28,Received,89.12
PO-102048,CUST-D,VEND-02,Voltway Electrical Distributors,02/21/2026,received,3.51
PO-102049,CUST-D,VEND-01,Amp & Wire Supply Co.,2025-09-15,RECEIVED,838.85
PO-102050,CUST-H,VEND-06 ,Conduit & Co. Distribution,2025-10-03,Cancelled,8.00
PO-102052,CUST-D,VEND-04,Gridline Electrical Wholesale,2024-05-13,Received,29.04
PO-102053,CUST-E,VEND-12,Voltec Supply Group,2026-03-09,CLOSED,240.23
PO-102054,CUST-G,VEND-11 ,Ampcore Distribution,2024-03-01,Received,2.86
PO-102055,CUST-D,VEND-07,BrightPath Electrical Supply,2025-06-02,Received,98.92
PO-102056,CUST-F,VEND-12,Voltec Supply Group,2026-01-02,Received,34.90
PO-102057,CUST-B,VEND-09,Current Line Supply,2025-08-05,Received,13.01
PO-102059,CUST-A,VEND-03,Circuit Point Supply,2026-08-17,Received,66.51
PO-102060,CUST-E,VEND-07,BrightPath Electrical Supply,05/23/2025,Closed,4.78
PO-102061,CUST-A,VEND-04,Gridline Electrical Wholesale,2026-06-07,Open,3.27
PO-102062,CUST-A,VEND-12,Voltec Supply Group,2025-03-15,Closed,19.75
PO-102063,CUST-B,VEND-11,Ampcore Distribution,12/08/2024,closed,9.46
PO-102064,CUST-B,VEND-08,Wattstone Distributors,03/24/2026,Closed,96.48
PO-102065,CUST-A,VEND-02,Voltway Electrical Distributors,03/18/2024,Received,73.79
PO-102066,CUST-C,VEND-08,Wattstone Distributors,01/21/2025,Received,$49.21
PO-102067,CUST-H,VEND-09,Current Line Supply,2025-01-28,Received,7.50
PO-102068,CUST-A,VEND-12,Voltec Supply Group,02/28/2025,Received,73.28
PO-102069,CUST-A,VEND-06,Conduit & Co. Distribution,2024-03-31,received,32.14
PO-102070,CUST-H,VEND-11,Ampcore Distribution,2025-10-17,Received,$189.58
PO-102071,CUST-E,VEND-01,Amp & Wire Supply Co.,2025-03-27,Received,57.91
PO-102072,CUST-B,VEND-06,Conduit & Co. Distribution,2025-01-07,CLOSED,129.52
PO-102073,CUST-B,VEND-11,Ampcore Distribution,08/06/2025,Received,91.99
PO-102075,CUST-A,VEND-02,Voltway Electrical Distributors,2024-10-08,Received,102.04
PO-102077,CUST-D,VEND-07,BrightPath Electrical Supply,2025-07-10,Received,246.24
PO-102078,CUST-H,VEND-06,Conduit & Co. Distribution,2026-06-10,Closed,113.57
PO-102079,CUST-B,VEND-06,Conduit & Co. Distribution,2024-10-12,received,49.74
PO-102080,CUST-D,vend-04,Gridline Electrical Wholesale,2026-05-11,Closed,$224.82
PO-102082 ,CUST-E,VEND-08,Wattstone Distributors,09/29/2024,received,538.92
PO-102083, CUST-C,VEND-04,Gridline Electrical Wholesale,2025-05-26,Received,33.70
PO-102085,CUST-C,VEND-06,Conduit & Co. Distribution,06/29/2025,Closed,270.05
PO-102086,CUST-B,VEND-07,BrightPath Electrical Supply,2025-08-19,Received,66.20
PO-102087,CUST-D,VEND-06,Conduit & Co. Distribution,2024-04-02,Received,62.20
PO-102088,CUST-D,VEND-12,Voltec Supply Group,2025-05-05,Received,$27.70
PO-102089,CUST-F,VEND-05,Sparkline Supply Co.,12/19/2024,Received,$72.48
PO-102090,CUST-A,VEND-03,Circuit Point Supply,03/16/2025,Received,97.92
PO-102091,CUST-B,VEND-10,Ferrowatt Industrial Supply,2026-02-12,closed,214.26
PO-102092,CUST-D,VEND-04 ,Gridline Electrical Wholesale,2026-01-29,Cancelled,114.96
PO-102093,CUST-A,VEND-03,Circuit Point Supply,2026-05-02,Received,4.16
PO-102094,CUST-A,VEND-12,Voltec Supply Group,2025-05-12,Closed,$3.97
PO-102095,CUST-D,VEND-06,Conduit & Co. Distribution,2024-06-20,Received,10.96
PO-102096,CUST-D,VEND-10,Ferrowatt Industrial Supply,2025-04-10,Received,325.40
PO-102097,CUST-A,VEND-04,Gridline Electrical Wholesale,2024-12-30,Closed,$42.36
PO-102098,CUST-B,VEND-02,Voltway Electrical Distributors,2026-08-15,Received,28.70
PO-102099,CUST-D,VEND-09,Current Line Supply,2024-03-07,received,$176.40
PO-102100, CUST-F,VEND-12,Voltec Supply Group,2025-01-19,Cancelled,621.00
PO-102101,CUST-D,VEND-12,Voltec Supply Group,07/25/2025,Received,$33.27
PO-102102,CUST-G,VEND-12,Voltec Supply Group,11/09/2024,Received,$172.31
PO-102103,CUST-C,VEND-02,Voltway Electrical Distributors,2026-06-01,Closed,85.46
PO-102104,CUST-A,VEND-05,Sparkline Supply Co.,02/17/2026,RECEIVED,2.18
PO-102105,CUST-D,VEND-01,Amp & Wire Supply Co.,02/14/2025,Received,152.21
PO-102106,CUST-B,VEND-01,Amp & Wire Supply Co.,2026-05-14,received,$291.50
PO-102107,CUST-E,VEND-09,Current Line Supply,02/19/2024,Cancelled,68.53
PO-102108,CUST-H,VEND-05,Sparkline Supply Co.,2024-11-10,Received,140.14
PO-102109,CUST-H,VEND-01,Amp & Wire Supply Co.,05/11/2026,Received,47.16
PO-102110,CUST-B,VEND-01,Amp & Wire Supply Co.,03/19/2025,Received,206.26
PO-102111,CUST-A,VEND-09,Current Line Supply,2026-01-15,RECEIVED,96.89
PO-102112,CUST-A,VEND-09,Current Line Supply,2024-11-12,Received,161.76
PO-102113,CUST-B,VEND-08,Wattstone Distributors,03/03/2024,cancelled,275.04
PO-102114,CUST-C,VEND-12,Voltec Supply Group,2024-06-15,closed,$24.22
PO-102115,CUST-F,VEND-11,Ampcore Distribution,04/12/2024,Received,220.50
PO-102116,CUST-D,VEND-02,Voltway Electrical Distributors,2025-03-16,Received,83.62
PO-102117,CUST-B,VEND-06,Conduit & Co. Distribution,02/20/2024,Received,9.67
PO-102118,CUST-F,VEND-11,Ampcore Distribution,08/26/2024,CANCELLED,251.56
PO-102119,CUST-G,VEND-09,Current Line Supply,2026-01-21,CLOSED,68.92
PO-102120,CUST-A,vend-11,Ampcore Distribution,2025-09-24,Closed,336.30
PO-102121,CUST-A,VEND-02,Voltway Electrical Distributors,2024-04-11,Received,23.64
PO-102122,CUST-D,VEND-11,Ampcore Distribution,2025-05-12,Closed,208.50
PO-102123,CUST-B,VEND-07,BrightPath Electrical Supply,07/28/2024,Received,62.72
 PO-102124,CUST-B,VEND-10,Ferrowatt Industrial Supply,07/29/2026,OPEN,$145.09
PO-102125,CUST-A,VEND-01,Amp & Wire Supply Co.,2024-01-12,Received,144.82
PO-102126,CUST-A,VEND-01,Amp & Wire Supply Co.,09/17/2025,Received,$178.92
PO-102127,CUST-F,VEND-09,Current Line Supply,2025-09-18,Cancelled,3004.84
 PO-102129,CUST-F,VEND-03,Circuit Point Supply,2025-05-29,Cancelled,34.62
PO-102130,CUST-B,VEND-07,BrightPath Electrical Supply,2024-12-09,Received,1.78
PO-102131,CUST-B,VEND-02,Voltway Electrical Distributors,04/27/2026,Received,97.22
PO-102132,CUST-D,VEND-12,Voltec Supply Group,2026-03-26,Received,71.84
PO-102133,CUST-A,VEND-09,Current Line Supply,2026-08-01,Received,928.00
PO-102134,CUST-C,VEND-10,Ferrowatt Industrial Supply,2025-12-31,Closed,73.64
PO-102135,CUST-F,VEND-01,Amp & Wire Supply Co.,2025-10-09,RECEIVED,$16.21
PO-102136,cust-g,VEND-11,Ampcore Distribution,02/20/2025,Closed,86.70
PO-102137,CUST-A,VEND-01,Amp & Wire Supply Co.,10/23/2025,Received,35.16
PO-102138,CUST-D,VEND-01,Amp & Wire Supply Co.,2026-07-20,OPEN,14.90
PO-102139,CUST-E,VEND-07,BrightPath Electrical Supply,2025-04-17,Received,37.68
PO-102140,CUST-B,VEND-09,Current Line Supply,2024-01-02,Received,47.36
PO-102141,CUST-A,VEND-01,Amp & Wire Supply Co.,2024-12-31,Received,$383.58
PO-102142,CUST-A,VEND-08,Wattstone Distributors,12/26/2025,Closed,171.82
PO-102143,CUST-B,VEND-04,Gridline Electrical Wholesale,2026-05-24,Closed,44.73
PO-102144,CUST-D,VEND-03,Circuit Point Supply,2025-08-06,Closed,$113.52
PO-102145,CUST-D,VEND-01,Amp & Wire Supply Co.,2026-01-08,Received,524.32
PO-102146,cust-f ,VEND-04,Gridline Electrical Wholesale,2025-09-19,Received,24.84
PO-102147,CUST-F,VEND-08,Wattstone Distributors,2024-01-25,closed,221.86
PO-102149,CUST-B,VEND-04,Gridline Electrical Wholesale,2024-09-14,Received,58.72
PO-102150,CUST-B,VEND-11,Ampcore Distribution,2026-01-21,Received,75.84
PO-102151,CUST-B,VEND-06,Conduit & Co. Distribution,12/18/2024,Closed,$132.60
PO-102152,CUST-F,VEND-02,Voltway Electrical Distributors,2025-08-02,Received,80.02
PO-102153,CUST-A,VEND-10,Ferrowatt Industrial Supply,10/06/2024,Received,51.74
PO-102154,CUST-A,VEND-05,Sparkline Supply Co.,2026-05-28,Received,47.40
PO-102155,CUST-A,vend-11,Ampcore Distribution,2024-10-10,closed,7.41
 PO-102156,CUST-E,VEND-01,Amp & Wire Supply Co.,2025-07-19,Cancelled,103.96
PO-102157,CUST-A,VEND-02,Voltway Electrical Distributors,2025-08-18,Closed,14.03
PO-102158,CUST-H,VEND-11,Ampcore Distribution,06/23/2024,RECEIVED,42.40
PO-102159,CUST-D,vend-12 ,Voltec Supply Group,08/11/2026,Cancelled,$27.00
PO-102160,CUST-B,VEND-12,Voltec Supply Group,2025-11-12,Closed,33.76
PO-102161,CUST-A,VEND-09,Current Line Supply,06/22/2026,OPEN,69.80
PO-102162,CUST-G,VEND-02,Voltway Electrical Distributors,2025-03-04,Closed,32.00
PO-102163,CUST-E,VEND-06,Conduit & Co. Distribution,2026-03-07,Closed,$56.04
PO-102164,CUST-D,VEND-01,Amp & Wire Supply Co.,2026-07-17,Open,39.08
PO-102165,CUST-B,VEND-06,Conduit & Co. Distribution,08/27/2024,received,12.82
PO-102166,CUST-H,VEND-04,Gridline Electrical Wholesale,2025-04-12,Received,$45.28
PO-102167,CUST-B,VEND-11,Ampcore Distribution,08/24/2026,RECEIVED,70.92
PO-102168,CUST-A,VEND-04,Gridline Electrical Wholesale,2024-09-01,Received,38.06
PO-102169,CUST-A,VEND-01,Amp & Wire Supply Co.,2024-05-02,Received,297.61
PO-102170,CUST-B,VEND-04,Gridline Electrical Wholesale,2024-02-25,Received,551.34
PO-102171,CUST-A,VEND-03,Circuit Point Supply,10/17/2024,CANCELLED,8.52
PO-102172,CUST-H,VEND-04,Gridline Electrical Wholesale,2025-04-19,Received,$30.96
PO-102173,CUST-D,VEND-10,Ferrowatt Industrial Supply,2024-09-24,Received,27.30
PO-102174,CUST-B,VEND-06,Conduit & Co. Distribution,2025-04-22,closed,0.64
PO-102175,CUST-A,VEND-05,Sparkline Supply Co.,2024-07-07,Closed,$49.00
PO-102176,CUST-E,VEND-09,Current Line Supply,01/01/2025,Closed,$26.52
PO-102177,CUST-A,VEND-09,Current Line Supply,2024-09-25,Received,199.63
PO-102178,CUST-A,VEND-11,Ampcore Distribution,2025-02-24,Received,29.22
PO-102179,CUST-A,VEND-01,Amp & Wire Supply Co.,08/11/2025,Received,3.54
PO-102180,CUST-C,VEND-02,Voltway Electrical Distributors,2026-04-29,Closed,25.36
PO-102182,CUST-C,VEND-01,Amp & Wire Supply Co.,2024-05-10,CLOSED,15.66
PO-102183,CUST-A,VEND-12,Voltec Supply Group,2025-04-09,Received,133.52
PO-102184,CUST-A,VEND-11,Ampcore Distribution,2024-11-05,Received,35.85
PO-102185,CUST-D,VEND-07,BrightPath Electrical Supply,2025-12-17,Closed,$89.94
PO-102186,CUST-A,VEND-04,Gridline Electrical Wholesale,01/03/2026,RECEIVED,11.98
PO-102187,CUST-G,VEND-03,Circuit Point Supply,2024-04-16,Received,$13.88
PO-102188,CUST-B,VEND-05,Sparkline Supply Co.,10/13/2024,Closed,72.70
PO-102189,CUST-A,VEND-07,BrightPath Electrical Supply,02/28/2024,Received,$692.39
PO-102190,CUST-F,VEND-01,Amp & Wire Supply Co.,05/15/2024,Received,150.84
PO-102191,CUST-A,VEND-01,Amp & Wire Supply Co.,03/26/2024,Received,55.76
PO-102192,CUST-E,VEND-06,Conduit & Co. Distribution,05/19/2024,Received,0.73
PO-102193,CUST-B,VEND-11,Ampcore Distribution,02/09/2026,Received,565.17
PO-102194,CUST-H,VEND-05,Sparkline Supply Co.,2024-03-08,Received,146.92
PO-102195,CUST-B,VEND-01,Amp & Wire Supply Co.,2026-05-03,Cancelled,40.52
PO-102196,cust-a,VEND-06,Conduit & Co. Distribution,2024-08-03,Received,2.50
PO-102197,CUST-A,VEND-06,Conduit & Co. Distribution,2025-10-09,Cancelled,$12.90
PO-102198,CUST-C,VEND-12,Voltec Supply Group,04/08/2024,Received,25.92
PO-102199,CUST-H,VEND-07,BrightPath Electrical Supply,2026-03-28,RECEIVED,153.00
PO-102200,CUST-F,VEND-11,Ampcore Distribution,2025-09-22,CLOSED,$164.65
PO-102201,CUST-A,VEND-02,Voltway Electrical Distributors,07/22/2024,Closed,21.90
PO-102202,CUST-B,VEND-09,Current Line Supply,2024-08-17,Received,"$2,945.26"
PO-102203,CUST-E,VEND-03,Circuit Point Supply,2024-07-16,Received,35.54
PO-102204,CUST-A,VEND-12,Voltec Supply Group,03/05/2024,Received,96.32
PO-102205,CUST-A,VEND-08,Wattstone Distributors,2024-12-02,received,118.32
PO-102206,CUST-H,VEND-01,Amp & Wire Supply Co.,2025-01-15,CLOSED,53.70
PO-102207,CUST-H,VEND-11,Ampcore Distribution,2025-01-02,Closed,32.48
PO-102208,CUST-B,VEND-02,Voltway Electrical Distributors,10/13/2024,Closed,0.20
PO-102209,CUST-A,VEND-09,Current Line Supply,2024-10-31,Closed,$241.80
PO-102210,CUST-G,VEND-05,Sparkline Supply Co.,06/17/2024,Received,85.31
PO-102211,CUST-A,VEND-02,Voltway Electrical Distributors,10/10/2025,Received,219.08
PO-102212,CUST-D,VEND-09,Current Line Supply,2025-08-04,Received,163.78
PO-102213,CUST-D,VEND-08,Wattstone Distributors,2024-07-29,Received,847.64
PO-102214,cust-f,VEND-07,BrightPath Electrical Supply,2026-06-12,Received,41.84
PO-102215,CUST-A,VEND-10,Ferrowatt Industrial Supply,2024-09-18,Received,11.62
PO-102216,CUST-C,VEND-01,Amp & Wire Supply Co.,2024-09-18,Closed,1.45
PO-102217,CUST-B, VEND-10,Ferrowatt Industrial Supply,2026-03-24,Cancelled,47.56
PO-102218,CUST-E,VEND-02,Voltway Electrical Distributors,2025-07-28,received,38.30
PO-102219,CUST-B,VEND-08,Wattstone Distributors,2025-10-28,Closed,6.06
PO-102220,CUST-F,VEND-09,Current Line Supply,2025-04-13,Closed,3.63
PO-102221,CUST-D,VEND-05,Sparkline Supply Co.,2025-11-02,Received,148.54
PO-102222,CUST-A,VEND-04,Gridline Electrical Wholesale,2025-10-23,received,$96.64
PO-102223,CUST-D,VEND-07,BrightPath Electrical Supply,2026-08-28,Open,174.06
PO-102224,CUST-B,vend-04,Gridline Electrical Wholesale,2026-04-17,Closed,$137.28
PO-102225,CUST-F,VEND-07,BrightPath Electrical Supply,2024-06-11,Received,127.34
PO-102226,CUST-C,VEND-10,Ferrowatt Industrial Supply,01/30/2025,Closed,57.78
PO-102227,CUST-D,VEND-06,Conduit & Co. Distribution,2024-02-13,Received,111.13
PO-102228,CUST-F,VEND-04,Gridline Electrical Wholesale,2025-04-11,Received,105.42
PO-102229,CUST-D,VEND-05,Sparkline Supply Co.,08/04/2025,Received,19.46
PO-102230,CUST-D,VEND-01,Amp & Wire Supply Co.,2024-03-17,Cancelled,202.42
PO-102231,CUST-C,VEND-11,Ampcore Distribution,12/14/2024,Closed,134.73
PO-102232,CUST-A,VEND-03,Circuit Point Supply,2026-08-02,Open,513.42
PO-102233,CUST-A,VEND-11,Ampcore Distribution,04/19/2024,Closed,$30.60
PO-102234,CUST-C,VEND-12,Voltec Supply Group,2024-01-27,closed,9.52
PO-102235,CUST-A,VEND-12,Voltec Supply Group,2025-11-30,Received,4.52
PO-102236,CUST-E,vend-06,Conduit & Co. Distribution,2024-03-24,Closed,$4.10
PO-102237,CUST-C,VEND-11,Ampcore Distribution,2025-11-29,Received,2.42
PO-102238,CUST-A,VEND-08,Wattstone Distributors,2024-11-20,Received,17.76
PO-102239,CUST-B,VEND-07,BrightPath Electrical Supply,09/22/2025,Received,25.95
PO-102240,CUST-F,VEND-06,Conduit & Co. Distribution,2025-08-24,Closed,158.45
PO-102242,CUST-A,VEND-03,Circuit Point Supply,2025-11-13,closed,7.60
PO-102243,CUST-A,VEND-09,Current Line Supply,2024-05-25,Received,38.64
PO-102244,CUST-A,VEND-12,Voltec Supply Group,08/18/2026,Open,384.34
PO-102245,CUST-A,VEND-07,BrightPath Electrical Supply,11/06/2024,Closed,5.42
PO-102246,CUST-A,VEND-01,Amp & Wire Supply Co.,05/10/2024,Received,89.55
PO-102248,CUST-B,VEND-10,Ferrowatt Industrial Supply,2025-02-08,Received,$60.08
PO-102249,CUST-A,VEND-08,Wattstone Distributors,2024-10-11,Received,157.86
PO-102250,CUST-D,VEND-12,Voltec Supply Group,2025-08-04,Received,$129.56
PO-102251,CUST-C,VEND-06,Conduit & Co. Distribution,2024-11-08,Received,54.82
PO-102252,CUST-B,VEND-09,Current Line Supply,2024-08-26,Received,7.44
PO-102253,CUST-C,VEND-04,Gridline Electrical Wholesale,2025-05-07,received,7.26
PO-102254,CUST-H,VEND-09,Current Line Supply,2024-08-03,received,51.73
PO-102255,CUST-B,VEND-02,Voltway Electrical Distributors,2024-09-28,Closed,$9.44
PO-102258,CUST-D,VEND-02,Voltway Electrical Distributors,07/15/2026,Open,69.41
PO-102260,CUST-B,VEND-10,Ferrowatt Industrial Supply,2025-03-08,Closed,190.14
PO-102261, CUST-G,VEND-10,Ferrowatt Industrial Supply,2026-02-04,Received,$202.29
PO-102262,CUST-A,VEND-04,Gridline Electrical Wholesale,2026-08-25,Received,19.20
PO-102263,CUST-C,VEND-01,Amp & Wire Supply Co.,09/16/2024,Received,3.74
PO-102264,CUST-E,VEND-12,Voltec Supply Group,2025-05-16,closed,39.52
PO-102265,CUST-A,VEND-09,Current Line Supply,2026-01-28,Received,$188.20
PO-102266,CUST-D,VEND-02,Voltway Electrical Distributors,2025-08-28,Received,48.06
 PO-102267,CUST-B,VEND-08,Wattstone Distributors,2025-04-27,Closed,13.19
PO-102268,CUST-A,VEND-04,Gridline Electrical Wholesale,2025-10-15,Closed,6.50
PO-102269,CUST-E,VEND-01,Amp & Wire Supply Co.,03/24/2025,Received,3.30
PO-102270,CUST-H,vend-02,Voltway Electrical Distributors,08/20/2024,Closed,39.24
PO-102271,CUST-H,VEND-08,Wattstone Distributors,11/24/2025,Closed,24.96
PO-102272,cust-h ,VEND-03,Circuit Point Supply,2025-01-10,Closed,5.78
PO-102273,CUST-D,VEND-01,Amp & Wire Supply Co.,2025-07-12,Received,74.54
PO-102274,CUST-F,VEND-12,Voltec Supply Group,2024-11-23,Received,676.74
PO-102275,CUST-H,VEND-09,Current Line Supply,2024-10-21,Closed,81.72
PO-102276,CUST-D,VEND-03,Circuit Point Supply,10/03/2025,Received,39.52
PO-102277,CUST-H,VEND-12,Voltec Supply Group,06/30/2025,received,6.84
PO-102279,CUST-B,VEND-02,Voltway Electrical Distributors,2024-05-28,received,$2.68
PO-102280,CUST-A,VEND-05,Sparkline Supply Co.,10/20/2024,Received,104.40
PO-102281,CUST-F,VEND-08,Wattstone Distributors,2024-02-12,Closed,$116.89
PO-102282,CUST-F,VEND-07,BrightPath Electrical Supply,03/29/2025,Closed,203.20
PO-102283,CUST-A,VEND-08,Wattstone Distributors,2025-05-19,Closed,64.08
PO-102284,CUST-D,VEND-04,Gridline Electrical Wholesale,11/13/2024,Closed,325.09
PO-102285,CUST-E,VEND-04,Gridline Electrical Wholesale,07/29/2024,Closed,114.88
PO-102286,CUST-B,VEND-11,Ampcore Distribution,05/15/2025,Received,3283.68
PO-102287,CUST-G,VEND-11,Ampcore Distribution,10/11/2024,Received,$323.06
PO-102288,CUST-A,VEND-05,Sparkline Supply Co.,2025-11-18,Received,27.13
PO-102289,CUST-E, VEND-07,BrightPath Electrical Supply,2026-06-09,Closed,1093.60
PO-102290,CUST-H ,VEND-06,Conduit & Co. Distribution,04/13/2026,Closed,239.97
PO-102292,CUST-E,VEND-10,Ferrowatt Industrial Supply,2024-10-30,Received,301.90
PO-102293,CUST-G,VEND-01,Amp & Wire Supply Co.,2024-06-01,Received,12.05
PO-102294,CUST-B,VEND-10,Ferrowatt Industrial Supply,12/20/2024,Closed,300.08
PO-102295,CUST-B,VEND-10,Ferrowatt Industrial Supply,2026-01-20,received,308.40
PO-102296,CUST-B,VEND-04,Gridline Electrical Wholesale,2024-11-26,Received,224.17
PO-102297,CUST-H,VEND-02,Voltway Electrical Distributors,04/22/2024,CLOSED,60.88
PO-102298,CUST-F,VEND-09,Current Line Supply,2024-04-15,Cancelled,1.29
PO-102299,CUST-F,VEND-06,Conduit & Co. Distribution,2025-10-08,Received,$25.20
PO-102300,CUST-H,VEND-02,Voltway Electrical Distributors,2024-03-21,Received,84.82
PO-102301,CUST-A,VEND-07,BrightPath Electrical Supply,2026-07-14,Received,99.70
PO-102302,CUST-B,VEND-01,Amp & Wire Supply Co.,10/06/2024,Received,12.00
PO-102303,CUST-A,VEND-04,Gridline Electrical Wholesale,2024-12-13,Closed,282.17
PO-102304,CUST-B,VEND-03,Circuit Point Supply,10/22/2024,Received,4.20
PO-102306,CUST-B,VEND-05,Sparkline Supply Co.,04/09/2025,Received,43.44
po-102307 ,CUST-A,VEND-03,Circuit Point Supply,2026-07-23,Open,243.08
PO-102308,CUST-A,VEND-03,Circuit Point Supply,08/04/2025,Closed,46.46
PO-102309,CUST-D,VEND-04,Gridline Electrical Wholesale,2025-03-06,Received,113.91
PO-102311,CUST-E,VEND-10,Ferrowatt Industrial Supply,2026-01-01,RECEIVED,495.34
PO-102312,CUST-C,VEND-08,Wattstone Distributors,2024-08-16,Received,60.72
PO-102313,CUST-A,VEND-02,Voltway Electrical Distributors,2024-02-13,Closed,84.06
PO-102314,CUST-A,VEND-11,Ampcore Distribution,08/20/2026,Open,$79.81
PO-102315,CUST-B,VEND-08,Wattstone Distributors,05/26/2024,RECEIVED,7.92
PO-102316,CUST-G,VEND-02,Voltway Electrical Distributors,2026-07-30,Closed,125.92
PO-102317 ,CUST-H,VEND-10,Ferrowatt Industrial Supply,2025-07-17,Received,14.79
PO-102320,CUST-A,VEND-10,Ferrowatt Industrial Supply,2024-01-30,RECEIVED,792.57
PO-102321,CUST-H,VEND-06,Conduit & Co. Distribution,02/01/2025,Closed,10.78
PO-102322,CUST-A,VEND-11,Ampcore Distribution,02/15/2025,Closed,41.32
PO-102323,CUST-C,VEND-12,Voltec Supply Group,2025-05-09,Cancelled,25.68
PO-102324,CUST-A,VEND-03,Circuit Point Supply,06/13/2025,Received,11.85
PO-102325,CUST-B,VEND-11,Ampcore Distribution,05/10/2025,Received,$228.38
PO-102326,CUST-A,VEND-07,BrightPath Electrical Supply,2024-03-04,closed,$36.44
PO-102327,CUST-C,VEND-10,Ferrowatt Industrial Supply,2025-08-05,Received,10.98
PO-102328,CUST-E,VEND-12,Voltec Supply Group,2026-01-20,Received,$5.18
PO-102329,CUST-A,VEND-02,Voltway Electrical Distributors,2025-10-12,Closed,6.66
PO-102331,CUST-F,VEND-06,Conduit & Co. Distribution,2025-02-18,Received,205.22
PO-102332,CUST-H,VEND-09,Current Line Supply,2024-07-23,Received,55.32
PO-102333,CUST-G,VEND-08,Wattstone Distributors,2024-04-23,Received,$324.00
PO-102334,CUST-A,VEND-08,Wattstone Distributors,2025-07-10,Received,153.75
PO-102335,CUST-E,VEND-03,Circuit Point Supply,01/02/2025,Received,26.64
PO-102336,CUST-A,VEND-02,Voltway Electrical Distributors,2024-05-09,Received,35.75
PO-102337,CUST-D,VEND-06,Conduit & Co. Distribution,2024-06-29,Received,52.97
PO-102338,CUST-D,VEND-09,Current Line Supply,05/17/2026,Closed,$38.16
PO-102339,CUST-G,VEND-10,Ferrowatt Industrial Supply,2026-03-19,Received,13.20
PO-102340,CUST-B,VEND-01,Amp & Wire Supply Co.,09/06/2024,RECEIVED,45.08
PO-102341,CUST-H,VEND-04,Gridline Electrical Wholesale,2024-06-11,RECEIVED,$35.31
PO-102342,CUST-B,VEND-05,Sparkline Supply Co.,2026-04-01,RECEIVED,353.58
PO-102343,CUST-D,VEND-01,Amp & Wire Supply Co.,08/09/2025,Received,271.08
PO-102344,CUST-C,VEND-09,Current Line Supply,11/23/2025,Closed,215.07
PO-102345,CUST-H,VEND-11,Ampcore Distribution,01/31/2024,Cancelled,7.65
PO-102346,CUST-B,VEND-04,Gridline Electrical Wholesale,04/25/2024,Received,238.18
PO-102347,CUST-F,VEND-12,Voltec Supply Group,2024-03-09,closed,25.36
PO-102348,CUST-A,VEND-05,Sparkline Supply Co.,2025-09-27,Closed,2.41
PO-102349,CUST-B,VEND-02,Voltway Electrical Distributors,2024-06-14,Received,4.64
PO-102350,CUST-F,VEND-05,Sparkline Supply Co.,07/15/2026,Closed,38.84
po-102351 ,CUST-A,VEND-06,Conduit & Co. Distribution,2024-12-17,Received,34.11
PO-102352,CUST-C,VEND-11,Ampcore Distribution,2025-03-23,Received,74.64
PO-102353,CUST-H,VEND-09,Current Line Supply,2024-11-26,Cancelled,1.63
PO-102354,CUST-A,VEND-02,Voltway Electrical Distributors,2026-04-27,Closed,540.26
PO-102355,CUST-C,VEND-09,Current Line Supply,2026-05-25,Received,64.56
PO-102356,CUST-H,VEND-09,Current Line Supply,2026-03-31,Closed,92.88
PO-102358,CUST-A,VEND-09,Current Line Supply,02/19/2024,Received,31.88
PO-102359,CUST-A,VEND-03,Circuit Point Supply,2024-05-09,closed,$103.08
PO-102361,CUST-B,VEND-08,Wattstone Distributors,2025-01-30,Received,85.68
PO-102362,CUST-A,VEND-05,Sparkline Supply Co.,01/11/2026,Closed,12.36
PO-102363,CUST-A,VEND-01,Amp & Wire Supply Co.,2026-06-01,Cancelled,604.59
PO-102364,CUST-E,VEND-07,BrightPath Electrical Supply,2025-02-06,Received,3.45
PO-102365,CUST-A,VEND-09,Current Line Supply,2025-10-08,Received,$4.37
PO-102366,CUST-G,VEND-11,Ampcore Distribution,2024-09-06,Received,3471.93
PO-102367,CUST-A,VEND-07,BrightPath Electrical Supply,2026-06-21,Closed,13.68
PO-102368,CUST-B,VEND-05,Sparkline Supply Co.,06/28/2025,Received,$85.93
PO-102370,CUST-F,VEND-11,Ampcore Distribution,2025-01-22,received,444.30
PO-102371,CUST-B,VEND-06,Conduit & Co. Distribution,2026-01-28,Received,832.50
PO-102372,CUST-F,VEND-01,Amp & Wire Supply Co.,05/16/2026,Cancelled,279.68
po-102373,CUST-B,VEND-01,Amp & Wire Supply Co.,2026-06-27,open,342.86
PO-102374,CUST-A,VEND-06,Conduit & Co. Distribution,09/17/2024,Closed,$221.50
PO-102375,CUST-H,VEND-04,Gridline Electrical Wholesale,11/11/2025,Received,$88.20
PO-102376,cust-c,VEND-08,Wattstone Distributors,2026-08-19,Received,160.19
PO-102377,CUST-A,VEND-04,Gridline Electrical Wholesale,2026-04-10,Closed,2.50
PO-102379,CUST-B,VEND-02,Voltway Electrical Distributors,2025-12-16,received,12.12
PO-102380,CUST-B,VEND-06,Conduit & Co. Distribution,07/14/2025,Received,$336.16
PO-102381,CUST-H,VEND-12,Voltec Supply Group,2024-04-01,Closed,100.10
PO-102382,CUST-A,VEND-04,Gridline Electrical Wholesale,2026-07-11,Open,3.80
PO-102383,CUST-H,VEND-04,Gridline Electrical Wholesale,2025-12-18,Received,153.74
PO-102384,CUST-A,VEND-07,BrightPath Electrical Supply,04/27/2026,Closed,91.20
PO-102385,CUST-B,VEND-02,Voltway Electrical Distributors,2024-10-28,Received,602.54
PO-102386,CUST-G,VEND-02,Voltway Electrical Distributors,04/13/2025,Received,74.98
PO-102387,CUST-A,VEND-04,Gridline Electrical Wholesale,2026-07-05,Received,$53.98
PO-102388,CUST-A,VEND-01,Amp & Wire Supply Co.,2024-06-26,CLOSED,39.60
PO-102389,CUST-A,VEND-09,Current Line Supply,2024-09-25,Received,128.59
PO-102390,CUST-F,VEND-01,Amp & Wire Supply Co.,2025-10-26,Received,235.92
PO-102391,CUST-B,VEND-06,Conduit & Co. Distribution,2026-01-22,Received,965.26
PO-102392,CUST-D,VEND-09 ,Current Line Supply,2026-07-29,RECEIVED,135.66
PO-102393,CUST-C,VEND-06,Conduit & Co. Distribution,2025-04-23,Received,$38.16
PO-102395,CUST-B,VEND-05,Sparkline Supply Co.,2026-04-06,Received,51.94
PO-102396,CUST-B,VEND-04,Gridline Electrical Wholesale,2024-05-18,Received,16.94
PO-102397,CUST-C ,VEND-10,Ferrowatt Industrial Supply,2025-04-20,Closed,26.06
PO-102398,CUST-C,VEND-08,Wattstone Distributors,2024-11-08,Received,33.30
PO-102399,CUST-G,VEND-04,Gridline Electrical Wholesale,2026-06-21,Open,922.44
PO-102400,CUST-B,VEND-07,BrightPath Electrical Supply,06/18/2026,Closed,107.57
PO-102401,CUST-A,VEND-02,Voltway Electrical Distributors,03/10/2026,Received,15.41
PO-102402,CUST-A,VEND-10,Ferrowatt Industrial Supply,2025-01-24,Received,13.98
PO-102403,CUST-B,VEND-03,Circuit Point Supply,2024-10-10,Received,1.38
PO-102404,CUST-A,VEND-01,Amp & Wire Supply Co.,2024-02-11,Closed,22.72
PO-102405,CUST-A,VEND-10,Ferrowatt Industrial Supply,2026-04-01,Closed,0.77
PO-102406,CUST-H,VEND-05,Sparkline Supply Co.,2025-04-08,Received,$57.16
PO-102407,CUST-G,VEND-07,BrightPath Electrical Supply,07/31/2025,Closed,32.97
PO-102408,CUST-E,VEND-02,Voltway Electrical Distributors,2025-11-14,Closed,71.47
PO-102409,CUST-B,VEND-05,Sparkline Supply Co.,2025-08-17,Received,20.40
PO-102410,CUST-F,VEND-06,Conduit & Co. Distribution,06/30/2024,Closed,548.16
PO-102411,CUST-C,VEND-07,BrightPath Electrical Supply,2024-07-28,Received,$26.41
PO-102412,CUST-C,VEND-08,Wattstone Distributors,2024-01-14,Closed,29.46
PO-102413,CUST-H,VEND-09,Current Line Supply,2025-05-13,Received,3.34
PO-102414,CUST-D,VEND-08,Wattstone Distributors,2025-08-14,RECEIVED,7.64
PO-102415,CUST-D,VEND-01,Amp & Wire Supply Co.,2024-09-09,Closed,334.04
PO-102416,CUST-A,VEND-12,Voltec Supply Group,05/04/2024,Received,216.44
PO-102418,CUST-B,VEND-02,Voltway Electrical Distributors,2024-06-15,Received,162.70
PO-102419,CUST-D,VEND-12,Voltec Supply Group,2025-11-06,Closed,$4.80
PO-102421,CUST-D,VEND-06,Conduit & Co. Distribution,2025-10-01,Closed,3.22
PO-102422,CUST-H,VEND-07,BrightPath Electrical Supply,12/11/2024,Received,680.52
PO-102423,CUST-B,VEND-03,Circuit Point Supply,2025-03-03,CLOSED,930.22
PO-102424,CUST-B,VEND-03,Circuit Point Supply,10/16/2024,Cancelled,11.25
PO-102425,CUST-B,VEND-09,Current Line Supply,2024-09-01,Received,11.88
PO-102426,CUST-D,VEND-03,Circuit Point Supply,2025-10-25,RECEIVED,$145.98
PO-102427,CUST-B,VEND-01,Amp & Wire Supply Co.,2024-06-22,Closed,18.98
PO-102428,CUST-A,VEND-08,Wattstone Distributors,2024-01-02,closed,33.70
PO-102429,CUST-A,VEND-12,Voltec Supply Group,11/05/2024,Received,98.11
PO-102430,CUST-B,VEND-07,BrightPath Electrical Supply,2026-07-13,open,207.29
PO-102431,CUST-A,VEND-09,Current Line Supply,2025-02-04,Closed,54.23
PO-102432,CUST-D,VEND-05,Sparkline Supply Co.,2024-04-03,RECEIVED,5.53
PO-102433,CUST-A,VEND-12,Voltec Supply Group,08/23/2025,Received,234.24
po-102434,CUST-A,VEND-06,Conduit & Co. Distribution,2026-06-17,Open,9.40
PO-102435,CUST-C,VEND-09,Current Line Supply,2026-06-24,Received,271.80
PO-102436,CUST-F,VEND-04,Gridline Electrical Wholesale,2024-02-05,Received,$967.72
PO-102437,CUST-A,VEND-07,BrightPath Electrical Supply,2026-07-16,closed,15.36
PO-102438,CUST-E,VEND-10 ,Ferrowatt Industrial Supply,2026-06-30,Open,423.23
PO-102439,CUST-A,VEND-06,Conduit & Co. Distribution,2024-11-24,Received,871.46
PO-102440,CUST-B,VEND-08,Wattstone Distributors,2025-10-24,Received,12.06
PO-102441,CUST-F,VEND-01,Amp & Wire Supply Co.,2026-04-12,Received,104.92
PO-102442,CUST-D,VEND-11,Ampcore Distribution,2026-07-13,Open,101.32
PO-102443,CUST-C,VEND-09,Current Line Supply,2026-05-06,Received,"$1,788.24"
PO-102445,CUST-A,VEND-03,Circuit Point Supply,09/25/2025,Received,69.08
PO-102446,CUST-D,VEND-02,Voltway Electrical Distributors,2024-11-26,closed,$47.18
PO-102447,CUST-D,VEND-05,Sparkline Supply Co.,2024-05-15,Received,24.72
PO-102448,CUST-H,VEND-09,Current Line Supply,2024-01-09,Closed,7.38
PO-102449,CUST-F,VEND-02,Voltway Electrical Distributors,2024-01-05,Received,19.68
PO-102450,CUST-H,VEND-06,Conduit & Co. Distribution,03/07/2025,CLOSED,169.97
PO-102451,CUST-A,VEND-10,Ferrowatt Industrial Supply,2026-04-02,Received,156.06
PO-102452,CUST-D,VEND-09,Current Line Supply,2025-10-16,Received,$125.12
PO-102453,CUST-G,VEND-09,Current Line Supply,2024-12-02,RECEIVED,$18.50
PO-102454,CUST-D,vend-09 ,Current Line Supply,03/22/2024,Received,$27.18
PO-102455,CUST-B,VEND-10,Ferrowatt Industrial Supply,03/09/2024,Received,6.66
PO-102456,CUST-B,VEND-01,Amp & Wire Supply Co.,2026-04-18,Closed,81.08
PO-102457,CUST-A,VEND-06,Conduit & Co. Distribution,2025-10-13,Received,198.34
PO-102458,CUST-C,VEND-11,Ampcore Distribution,2024-07-02,Received,15.57
PO-102459,CUST-B,VEND-02,Voltway Electrical Distributors,2024-02-23,Received,53.70
PO-102460,CUST-F,VEND-08,Wattstone Distributors,08/06/2026,Open,18.12
PO-102461,CUST-F,VEND-09,Current Line Supply,2024-06-14,Received,176.16
PO-102462,CUST-A,VEND-08,Wattstone Distributors,2025-02-06,RECEIVED,42.88
PO-102463,CUST-A,VEND-09,Current Line Supply,03/03/2025,Cancelled,98.86
PO-102464,CUST-C,VEND-11,Ampcore Distribution,2025-04-01,Closed,2.08
PO-102466,CUST-E,VEND-04,Gridline Electrical Wholesale,2024-02-25,Closed,$643.76
PO-102467,CUST-F,VEND-11,Ampcore Distribution,03/15/2024,Closed,17.99
PO-102468,CUST-B,VEND-11,Ampcore Distribution,2024-05-22,Received,45.24
PO-102469,CUST-B,VEND-06,Conduit & Co. Distribution,2026-08-20,Open,202.90
PO-102470,CUST-D,VEND-06,Conduit & Co. Distribution,2025-09-02,Received,$74.64
PO-102471,CUST-A,VEND-04,Gridline Electrical Wholesale,2025-01-19,Received,83.94
PO-102473,CUST-F,VEND-01,Amp & Wire Supply Co.,2025-09-29,received,88.09
PO-102474,CUST-C,VEND-02,Voltway Electrical Distributors,2026-01-07,CLOSED,48.36
PO-102475,CUST-D,VEND-01,Amp & Wire Supply Co.,2026-02-26,Received,369.87
PO-102476,CUST-B,VEND-10,Ferrowatt Industrial Supply,08/30/2025,Received,336.07
PO-102477,CUST-G,VEND-08,Wattstone Distributors,2024-01-10,Received,$66.40
PO-102478,CUST-C,VEND-11,Ampcore Distribution,2025-03-12,Received,36.46
PO-102479,CUST-D,VEND-10,Ferrowatt Industrial Supply,2026-08-18,Open,42.28
PO-102480,CUST-A,VEND-02,Voltway Electrical Distributors,05/05/2024,Received,277.67
PO-102481,CUST-F,VEND-06,Conduit & Co. Distribution,06/12/2026,open,358.44
PO-102482,CUST-C,VEND-12,Voltec Supply Group,07/10/2025,closed,71.66
PO-102483,CUST-B,VEND-03,Circuit Point Supply,04/30/2024,Closed,38.44
PO-102484,CUST-A,VEND-03,Circuit Point Supply,2024-02-08,Received,15.00
PO-102485,CUST-C,VEND-10,Ferrowatt Industrial Supply,2024-02-13,Closed,70.73
PO-102486,CUST-A,VEND-03,Circuit Point Supply,07/13/2025,Received,28.72
PO-102487,CUST-B,VEND-07,BrightPath Electrical Supply,2026-04-04,Received,890.50
PO-102488,CUST-B,VEND-02,Voltway Electrical Distributors,01/28/2025,closed,7.07
PO-102489,CUST-D,VEND-05,Sparkline Supply Co.,2026-07-15,Open,490.96
PO-102490,CUST-F,VEND-03,Circuit Point Supply,03/20/2024,RECEIVED,259.60
PO-102491,CUST-E,VEND-02,Voltway Electrical Distributors,2024-09-28,RECEIVED,81.29
PO-102494,CUST-C,VEND-04,Gridline Electrical Wholesale,2024-12-30,Closed,$205.90
 PO-102495,CUST-A,VEND-09,Current Line Supply,2024-12-17,Received,51.54
PO-102496,CUST-D,VEND-02,Voltway Electrical Distributors,2025-03-25,CANCELLED,$51.23
PO-102497,CUST-C,VEND-04,Gridline Electrical Wholesale,2024-11-06,Received,80.10
PO-102498,CUST-B,VEND-04,Gridline Electrical Wholesale,05/12/2025,received,67.41
PO-102499,CUST-A,VEND-10,Ferrowatt Industrial Supply,12/10/2025,Closed,587.26
PO-102500,CUST-A,VEND-11,Ampcore Distribution,2025-04-29,Received,967.22
PO-102501,CUST-D,VEND-08,Wattstone Distributors,2026-05-14,Closed,175.83
PO-102503,CUST-B,VEND-07,BrightPath Electrical Supply,2025-11-23,Received,$81.66
PO-102504,CUST-A,vend-11,Ampcore Distribution,03/21/2025,Closed,73.84
PO-102505,CUST-E,VEND-03,Circuit Point Supply,2024-09-08,Received,100.21
po-102506,CUST-H,VEND-09,Current Line Supply,2026-07-25,Closed,43.36
PO-102507,CUST-G,VEND-04,Gridline Electrical Wholesale,2025-02-24,Received,127.00
PO-102508,CUST-F,VEND-07,BrightPath Electrical Supply,02/12/2026,Received,867.00
PO-102509,CUST-D,VEND-04,Gridline Electrical Wholesale,07/21/2025,Received,224.28
PO-102510,CUST-H,VEND-10,Ferrowatt Industrial Supply,2024-11-08,Received,$81.00
PO-102512,CUST-A,VEND-06,Conduit & Co. Distribution,2025-05-14,received,9.09
PO-102513,CUST-C,VEND-09,Current Line Supply,2024-05-06,Received,$201.00
PO-102514,CUST-G,VEND-11,Ampcore Distribution,2026-08-18,Open,327.76
PO-102515,CUST-H,VEND-05,Sparkline Supply Co.,2026-03-15,Received,100.40
PO-102516,CUST-E,VEND-08,Wattstone Distributors,2024-02-27,Closed,33.10
PO-102517,CUST-B,VEND-02,Voltway Electrical Distributors,2024-07-07,received,19.74
PO-102518,CUST-E,VEND-12,Voltec Supply Group,05/14/2025,Received,184.39
PO-102520,CUST-A,VEND-07,BrightPath Electrical Supply,10/08/2025,Received,13.08
PO-102521,CUST-A,VEND-07 ,BrightPath Electrical Supply,2025-10-23,received,$52.44
PO-102522,CUST-F,VEND-05,Sparkline Supply Co.,08/23/2024,Received,56.94
PO-102524,CUST-B,VEND-11,Ampcore Distribution,2024-12-24,Received,8.01
PO-102525,CUST-B,VEND-08,Wattstone Distributors,01/13/2025,Received,$169.30
PO-102526,CUST-G,VEND-01,Amp & Wire Supply Co.,2024-03-08,Cancelled,147.00
PO-102527,CUST-H,VEND-01,Amp & Wire Supply Co.,07/04/2024,Received,192.26
PO-102528,CUST-B,VEND-09,Current Line Supply,2024-07-12,RECEIVED,1512.56
PO-102529,CUST-A,VEND-08,Wattstone Distributors,2025-11-11,Received,26.42
PO-102530,CUST-C,VEND-07,BrightPath Electrical Supply,2026-07-27,closed,20.10
PO-102531,CUST-C,VEND-09,Current Line Supply,2026-08-08,Closed,7.98
PO-102532,CUST-D,VEND-07,BrightPath Electrical Supply,2026-03-08,received,$178.04
PO-102533,CUST-H,VEND-09,Current Line Supply,2024-04-21,Received,162.50
PO-102534,CUST-F,VEND-10,Ferrowatt Industrial Supply,2024-03-16,Received,11.40
PO-102536,CUST-B,VEND-11,Ampcore Distribution,2025-06-15,Received,$2.78
PO-102537,CUST-H,VEND-06,Conduit & Co. Distribution,2025-11-30,CANCELLED,103.16
PO-102538,CUST-C,VEND-09,Current Line Supply,10/09/2024,Received,52.10
PO-102539,CUST-E,VEND-10,Ferrowatt Industrial Supply,2026-08-30,Cancelled,28.80
PO-102540,CUST-F,VEND-04,Gridline Electrical Wholesale,2026-03-09,Closed,124.77
PO-102541,CUST-G,VEND-12,Voltec Supply Group,12/11/2024,Received,77.60
PO-102542,CUST-G,VEND-04,Gridline Electrical Wholesale,2024-01-06,Received,206.18
PO-102543,CUST-D,VEND-06,Conduit & Co. Distribution,2025-03-04,Received,$14.04
PO-102544,CUST-F,VEND-07,BrightPath Electrical Supply,2024-06-07,Received,"$1,630.47"
PO-102546,cust-f ,VEND-09,Current Line Supply,02/10/2026,Received,12.12
PO-102547,CUST-A,VEND-02,Voltway Electrical Distributors,02/10/2024,Closed,101.27
PO-102548,CUST-A,VEND-08,Wattstone Distributors,2024-05-31,Closed,414.04
PO-102549,CUST-C,VEND-10,Ferrowatt Industrial Supply,2024-06-06,Closed,$1.80
PO-102550,CUST-E,VEND-03,Circuit Point Supply,2024-10-06,Cancelled,5.54
PO-102551,CUST-A,VEND-01,Amp & Wire Supply Co.,2025-12-26,Received,178.72
PO-102552,CUST-A,VEND-08,Wattstone Distributors,2025-11-19,RECEIVED,29.13
PO-102553,CUST-B,VEND-08,Wattstone Distributors,2024-12-03,Received,42.66
PO-102554,CUST-F,VEND-01,Amp & Wire Supply Co.,2025-01-13,Received,129.66
PO-102555,CUST-A,VEND-09,Current Line Supply,09/05/2025,Received,22.24
PO-102556,CUST-D,vend-03,Circuit Point Supply,07/07/2024,Received,4.14
PO-102557,CUST-F, VEND-01,Amp & Wire Supply Co.,2024-10-01,Closed,777.49
PO-102558,CUST-A,VEND-09,Current Line Supply,2025-02-02,Received,10.20
PO-102559,CUST-A,VEND-10,Ferrowatt Industrial Supply,2025-09-10,Received,6.78
PO-102560,CUST-C,VEND-09,Current Line Supply,05/01/2024,Closed,$12.06
PO-102561,CUST-C,VEND-05,Sparkline Supply Co.,2026-03-15,received,237.44
PO-102562, CUST-A,VEND-01,Amp & Wire Supply Co.,2026-01-26,Closed,607.02
PO-102563,cust-f ,VEND-02,Voltway Electrical Distributors,2026-07-31,received,3.29
PO-102564,CUST-F,VEND-02,Voltway Electrical Distributors,2025-03-27,Received,185.67
PO-102565,CUST-A,vend-10 ,Ferrowatt Industrial Supply,07/17/2024,Closed,162.38
PO-102566,CUST-C,VEND-09,Current Line Supply,02/05/2024,Received,51.49
PO-102567,CUST-B,VEND-11,Ampcore Distribution,05/21/2024,Cancelled,5.48
PO-102568,CUST-A,VEND-04,Gridline Electrical Wholesale,2025-03-24,Cancelled,32.78
PO-102569,CUST-H,VEND-04,Gridline Electrical Wholesale,06/28/2026,Closed,44.96
PO-102570,CUST-C,VEND-05,Sparkline Supply Co.,2025-07-01,Received,32.00
PO-102571,CUST-A,VEND-05,Sparkline Supply Co.,02/06/2026,Closed,33.93
PO-102572,CUST-B,VEND-10,Ferrowatt Industrial Supply,2025-10-26,closed,275.16
PO-102573,CUST-A,VEND-01,Amp & Wire Supply Co.,2026-04-23,Closed,1.20
PO-102574,CUST-A,VEND-12,Voltec Supply Group,01/13/2026,Cancelled,36.60
PO-102575,CUST-E,VEND-12,Voltec Supply Group,11/22/2024,Closed,12.18
PO-102576,CUST-D,VEND-04,Gridline Electrical Wholesale,2024-08-23,Received,$191.34
PO-102577,CUST-B,VEND-02,Voltway Electrical Distributors,2026-01-12,Received,76.80
PO-102578,CUST-A,VEND-11,Ampcore Distribution,2026-04-01,received,$14.64
PO-102579,CUST-F,VEND-01,Amp & Wire Supply Co.,06/28/2025,Received,36.70
PO-102580,CUST-B,VEND-06,Conduit & Co. Distribution,2025-06-05,CLOSED,115.83
PO-102581,CUST-A,VEND-07,BrightPath Electrical Supply,05/14/2026,Received,76.96
PO-102582,CUST-A,VEND-04,Gridline Electrical Wholesale,07/05/2025,Received,$58.21
PO-102583,CUST-G,VEND-12,Voltec Supply Group,2026-02-13,Received,669.52
PO-102584,CUST-B,VEND-02,Voltway Electrical Distributors,2024-10-03,Received,39.28
PO-102585 ,cust-a ,VEND-06,Conduit & Co. Distribution,07/19/2026,Closed,$169.50
PO-102586,CUST-D,VEND-12,Voltec Supply Group,2024-04-15,received,94.79
PO-102587,CUST-A,VEND-03,Circuit Point Supply,2025-12-17,Closed,363.62
PO-102588,cust-b,VEND-10 ,Ferrowatt Industrial Supply,2024-09-03,Closed,49.95
PO-102589,CUST-G,VEND-06,Conduit & Co. Distribution,02/14/2026,Received,85.44
PO-102590,CUST-B,VEND-08,Wattstone Distributors,2024-05-19,Closed,$36.99
PO-102591,CUST-A,VEND-09,Current Line Supply,04/16/2025,Received,176.23
PO-102592,CUST-A,VEND-04,Gridline Electrical Wholesale,2024-05-06,Received,47.76
PO-102593,CUST-D,VEND-06,Conduit & Co. Distribution,2026-06-20,Received,238.68
PO-102594,CUST-F,VEND-12,Voltec Supply Group,2024-04-13,Received,$52.04
 PO-102595,CUST-D, VEND-10,Ferrowatt Industrial Supply,2026-01-25,Received,36.30
PO-102597,CUST-D,VEND-10,Ferrowatt Industrial Supply,2025-08-01,Closed,53.18
PO-102598,CUST-B,VEND-02,Voltway Electrical Distributors,2026-05-25,Received,50.14
PO-102599,CUST-H,VEND-05,Sparkline Supply Co.,04/20/2024,cancelled,17.00
PO-102601,CUST-B,VEND-11,Ampcore Distribution,2024-07-17,Cancelled,206.17
PO-102602,CUST-A,VEND-11,Ampcore Distribution,2024-07-18,CLOSED,$219.36
PO-102603,CUST-D,VEND-01,Amp & Wire Supply Co.,2024-02-07,closed,2.32
PO-102604,CUST-G,VEND-07,BrightPath Electrical Supply,05/12/2024,Closed,868.34
PO-102605,CUST-F,VEND-06,Conduit & Co. Distribution,2024-10-23,Received,198.07
PO-102606,CUST-B,VEND-04,Gridline Electrical Wholesale,2025-03-30,CLOSED,15.78
PO-102607,CUST-C,VEND-10,Ferrowatt Industrial Supply,2024-10-10,Received,52.17
PO-102608,CUST-B,VEND-09,Current Line Supply,07/18/2026,Open,182.98
PO-102609,CUST-D,VEND-08,Wattstone Distributors,2024-09-04,Received,499.32
PO-102610,CUST-H,VEND-07,BrightPath Electrical Supply,2024-06-14,Received,$125.12
PO-102611,CUST-B,VEND-10,Ferrowatt Industrial Supply,2025-12-13,Received,213.19
PO-102612,CUST-G,VEND-10,Ferrowatt Industrial Supply,2025-12-12,Received,$20.86
PO-102613,CUST-B,VEND-07,BrightPath Electrical Supply,2024-08-17,Received,25.92
PO-102614,CUST-E,VEND-04,Gridline Electrical Wholesale,11/04/2024,Received,409.59
po-102615 ,CUST-G,VEND-01,Amp & Wire Supply Co.,02/07/2026,Received,220.06
PO-102616,CUST-E,VEND-08,Wattstone Distributors,2024-03-17,Closed,$107.92
PO-102617,CUST-H,VEND-07,BrightPath Electrical Supply,2024-05-08,Received,10.20
PO-102618,CUST-H ,VEND-08,Wattstone Distributors,02/13/2026,received,198.78
PO-102619,CUST-D,VEND-11,Ampcore Distribution,09/22/2024,Received,544.34
PO-102620,CUST-F,VEND-12,Voltec Supply Group,2026-06-10,Open,$19.35
PO-102621,CUST-H,VEND-01,Amp & Wire Supply Co.,06/08/2024,Closed,$4.60
PO-102622,CUST-D,vend-08,Wattstone Distributors,2025-12-31,Closed,155.47
PO-102623,CUST-A,VEND-12,Voltec Supply Group,2024-06-14,Received,115.98
PO-102624,CUST-B,VEND-08,Wattstone Distributors,05/31/2026,closed,422.34
PO-102625,CUST-A, VEND-03,Circuit Point Supply,2025-02-11,Received,12.82
PO-102626,CUST-B,VEND-12,Voltec Supply Group,06/04/2026,Received,$130.43
PO-102627,CUST-G,VEND-08,Wattstone Distributors,06/04/2026,Open,2.70
PO-102628,CUST-C,VEND-06,Conduit & Co. Distribution,01/26/2025,Received,4.54
PO-102629,CUST-A,VEND-05,Sparkline Supply Co.,2025-10-23,Received,68.30
po-102630,CUST-D,VEND-02,Voltway Electrical Distributors,2025-01-16,Closed,80.21
PO-102631,CUST-A,VEND-01,Amp & Wire Supply Co.,02/01/2026,Cancelled,16.70
PO-102632,CUST-H,VEND-07,BrightPath Electrical Supply,03/22/2025,Received,616.40
PO-102633,CUST-H,VEND-07,BrightPath Electrical Supply,2024-06-29,Received,$444.85
PO-102634,CUST-F,VEND-09,Current Line Supply,2025-10-14,Received,484.37
PO-102636,CUST-F,VEND-09,Current Line Supply,2024-09-27,Received,14.02
PO-102637,CUST-F,VEND-10,Ferrowatt Industrial Supply,2025-07-06,Cancelled,$289.31
PO-102638,CUST-F,VEND-07,BrightPath Electrical Supply,2024-10-22,Closed,352.95
po-102639,CUST-B,VEND-03,Circuit Point Supply,2024-09-13,Closed,296.98
PO-102640,CUST-C,VEND-12,Voltec Supply Group,2024-11-13,Cancelled,55.08
PO-102641,CUST-G,VEND-04,Gridline Electrical Wholesale,02/14/2025,Received,6.36
PO-102642,CUST-A,VEND-08,Wattstone Distributors,2025-07-30,Received,97.75
 PO-102643,CUST-G,VEND-01,Amp & Wire Supply Co.,2026-06-20,Open,7.26
PO-102644,CUST-A,VEND-12,Voltec Supply Group,2025-04-01,Received,$41.14
PO-102645,CUST-D,VEND-12,Voltec Supply Group,2024-08-28,CLOSED,298.25
PO-102646,CUST-H,VEND-08,Wattstone Distributors,2025-07-02,Received,699.98
PO-102647,CUST-H,VEND-05,Sparkline Supply Co.,03/18/2024,Closed,187.70
PO-102648,CUST-H,vend-05,Sparkline Supply Co.,2024-06-03,received,27.74
PO-102649,CUST-B,VEND-04,Gridline Electrical Wholesale,2025-05-11,Closed,"$1,859.20"
PO-102650,CUST-D,VEND-04,Gridline Electrical Wholesale,05/23/2025,received,149.68
PO-102651,CUST-B,VEND-07,BrightPath Electrical Supply,2026-08-19,OPEN,62.00
PO-102652,CUST-G,vend-01,Amp & Wire Supply Co.,2026-03-25,received,$254.24
PO-102653,CUST-A,VEND-10,Ferrowatt Industrial Supply,2026-01-01,received,98.76
PO-102654,CUST-B,VEND-11,Ampcore Distribution,2025-11-19,Closed,$12.60
PO-102655,CUST-F,VEND-06,Conduit & Co. Distribution,2024-03-12,closed,116.46
PO-102656,CUST-C,VEND-05,Sparkline Supply Co.,2026-03-21,Closed,13.08
PO-102657,CUST-A,VEND-12,Voltec Supply Group,04/25/2026,Closed,$51.04
PO-102658,CUST-B,VEND-05,Sparkline Supply Co.,2025-12-23,Received,129.85
PO-102659,CUST-A,VEND-10,Ferrowatt Industrial Supply,2024-04-07,RECEIVED,16.72
PO-102660,cust-b ,VEND-08,Wattstone Distributors,2024-04-13,Received,28.79
PO-102661,CUST-C,VEND-12,Voltec Supply Group,2025-12-03,Closed,$231.49
PO-102662,CUST-A,VEND-10,Ferrowatt Industrial Supply,2025-01-15,Received,30.84
PO-102663,CUST-A,VEND-01,Amp & Wire Supply Co.,2024-07-07,received,37.92
PO-102664,CUST-A,VEND-12,Voltec Supply Group,2024-02-23,Received,$9.40
PO-102665,CUST-A,VEND-10,Ferrowatt Industrial Supply,08/14/2025,Received,1048.12
PO-102666,CUST-F,VEND-11,Ampcore Distribution,2025-09-12,received,128.20
PO-102667,CUST-C,VEND-08,Wattstone Distributors,04/14/2025,CLOSED,37.01
PO-102668,CUST-A,VEND-03,Circuit Point Supply,06/02/2024,Received,109.55
PO-102669,CUST-D,VEND-04,Gridline Electrical Wholesale,2024-04-05,Closed,880.92
PO-102670,CUST-H,VEND-06,Conduit & Co. Distribution,05/27/2024,Received,514.30
PO-102671,CUST-G ,VEND-01,Amp & Wire Supply Co.,2024-04-11,Received,15.82
PO-102672,CUST-D,VEND-08,Wattstone Distributors,2025-08-05,Received,508.08
PO-102673,CUST-H,VEND-06,Conduit & Co. Distribution,2024-01-06,received,2.96
PO-102674,CUST-B,VEND-04,Gridline Electrical Wholesale,2025-09-02,Received,36.96
PO-102675,CUST-F,VEND-08,Wattstone Distributors,2026-04-18,Received,62.22
PO-102676,CUST-C,VEND-05,Sparkline Supply Co.,07/04/2024,Received,25.15
PO-102677,CUST-B,VEND-11,Ampcore Distribution,2025-11-21,Closed,530.86
PO-102678,CUST-G,VEND-07,BrightPath Electrical Supply,2026-08-30,Received,$223.64
PO-102679,CUST-A,VEND-09,Current Line Supply,05/07/2025,Received,18.08
PO-102680,CUST-A,VEND-03,Circuit Point Supply,2026-01-19,Received,40.90
PO-102681,CUST-A,VEND-02,Voltway Electrical Distributors,05/25/2026,Closed,$84.35
PO-102682,CUST-D,VEND-05,Sparkline Supply Co.,2025-09-11,Closed,$7.90
PO-102683,CUST-F,VEND-08,Wattstone Distributors,04/17/2026,Received,28.32
PO-102684,CUST-A,VEND-11,Ampcore Distribution,2025-08-06,Received,$140.42
PO-102686,CUST-B,vend-07 ,BrightPath Electrical Supply,2025-02-26,Received,17.50
PO-102687,CUST-C,VEND-10,Ferrowatt Industrial Supply,03/24/2024,Received,62.64
PO-102688,CUST-C,VEND-12,Voltec Supply Group,2025-08-03,Closed,93.87
PO-102689,CUST-D,VEND-09,Current Line Supply,2025-10-30,Received,47.50
PO-102690,CUST-H,VEND-02,Voltway Electrical Distributors,2024-09-13,Received,$30.46
PO-102691,CUST-D,VEND-09,Current Line Supply,2026-06-12,Received,162.37
PO-102692,CUST-D,VEND-03,Circuit Point Supply,2025-12-12,Received,$192.22
PO-102693,CUST-H,VEND-09,Current Line Supply,2026-03-06,Closed,197.17
PO-102694,CUST-D,VEND-06,Conduit & Co. Distribution,2026-02-27,Closed,$93.40
PO-102695,CUST-A,VEND-06,Conduit & Co. Distribution,05/01/2025,received,29.74
PO-102696,CUST-A,VEND-09,Current Line Supply,2024-01-25,CLOSED,27.36
PO-102697,CUST-F,VEND-06,Conduit & Co. Distribution,2026-08-27,received,428.98
PO-102699,CUST-F,VEND-08,Wattstone Distributors,2024-04-22,Received,388.87
PO-102700,CUST-A,VEND-11,Ampcore Distribution,08/09/2026,CLOSED,172.20
PO-102701,CUST-H,VEND-10,Ferrowatt Industrial Supply,10/11/2025,Closed,21.36
PO-102702,CUST-D,VEND-06,Conduit & Co. Distribution,2025-11-27,Received,9.20
PO-102704,CUST-B,VEND-07,BrightPath Electrical Supply,2024-06-05,Received,18.46
PO-102705,CUST-G,VEND-08,Wattstone Distributors,2025-11-17,RECEIVED,52.00
PO-102706,CUST-G,VEND-08,Wattstone Distributors,2025-04-03,Closed,$28.66
PO-102707,CUST-H,VEND-10,Ferrowatt Industrial Supply,2025-08-10,Received,5.00
PO-102709,CUST-H,VEND-10,Ferrowatt Industrial Supply,2024-03-26,Received,69.12
PO-102710 ,CUST-B,VEND-03,Circuit Point Supply,2024-01-03,Closed,$397.44
PO-102711,CUST-A,VEND-07,BrightPath Electrical Supply,12/25/2024,Cancelled,20.77
PO-102712,CUST-A,VEND-10,Ferrowatt Industrial Supply,2025-11-25,Closed,359.83
PO-102713,CUST-D,VEND-02,Voltway Electrical Distributors,2025-09-11,Received,51.32
PO-102714,CUST-B,VEND-02,Voltway Electrical Distributors,2025-11-30,Received,111.13
PO-102715,CUST-A,VEND-02,Voltway Electrical Distributors,2025-06-02,Closed,135.66
PO-102716,CUST-D,VEND-03,Circuit Point Supply,08/12/2025,closed,52.21
PO-102717,CUST-D,VEND-04,Gridline Electrical Wholesale,2024-12-24,Closed,34.80
PO-102718,CUST-A,VEND-09,Current Line Supply,2025-06-19,Received,161.76
PO-102719,CUST-A,VEND-02,Voltway Electrical Distributors,2024-06-07,Closed,31.01
PO-102720,CUST-F,VEND-08,Wattstone Distributors,2026-01-27,Received,189.13
PO-102721,CUST-F,VEND-12,Voltec Supply Group,2025-07-08,Received,117.54
PO-102722,CUST-E,VEND-01,Amp & Wire Supply Co.,03/03/2024,Received,$37.50
PO-102723,CUST-E,VEND-05,Sparkline Supply Co.,07/15/2026,OPEN,4.20
PO-102724,CUST-A,VEND-10,Ferrowatt Industrial Supply,06/03/2026,open,106.31
PO-102725,CUST-D,VEND-12,Voltec Supply Group,03/23/2025,Closed,98.02
PO-102726,CUST-B,VEND-01,Amp & Wire Supply Co.,12/17/2024,Cancelled,$9.39
PO-102727,CUST-A,VEND-02,Voltway Electrical Distributors,2025-03-01,received,27.04
PO-102728,CUST-C,VEND-04,Gridline Electrical Wholesale,2025-07-07,Received,93.58
PO-102729,CUST-C,VEND-02,Voltway Electrical Distributors,2024-05-24,Closed,69.70
PO-102730,CUST-C,VEND-01,Amp & Wire Supply Co.,04/04/2024,CLOSED,95.14
PO-102731,CUST-F,VEND-05,Sparkline Supply Co.,2025-08-19,closed,285.26
PO-102733,CUST-F,VEND-05,Sparkline Supply Co.,2025-10-19,Received,49.62
PO-102734,CUST-C,VEND-10,Ferrowatt Industrial Supply,2024-07-13,CLOSED,"$1,653.66"
PO-102735,CUST-B,VEND-05,Sparkline Supply Co.,01/01/2025,Received,93.12
PO-102736,CUST-B,VEND-09,Current Line Supply,08/02/2024,RECEIVED,48.90
PO-102737,CUST-A,VEND-06,Conduit & Co. Distribution,2024-05-05,Received,54.28
PO-102739,CUST-A,VEND-05,Sparkline Supply Co.,2025-09-19,Closed,76.70
PO-102740,CUST-A,VEND-08,Wattstone Distributors,02/15/2025,RECEIVED,73.02
PO-102741,CUST-D,VEND-03,Circuit Point Supply,01/26/2026,received,96.54
PO-102742,CUST-D,VEND-04,Gridline Electrical Wholesale,05/19/2026,Closed,$38.64
PO-102743,CUST-E,VEND-06,Conduit & Co. Distribution,11/12/2024,CANCELLED,50.40
PO-102744,CUST-C,VEND-05,Sparkline Supply Co.,2026-03-10,Cancelled,$163.24
PO-102745,CUST-F,VEND-06,Conduit & Co. Distribution,2025-03-10,received,69.24
PO-102746,CUST-D,VEND-06,Conduit & Co. Distribution,2024-09-16,Received,8.02
PO-102747,CUST-H,VEND-11,Ampcore Distribution,2024-01-26,Received,123.34
PO-102748,CUST-C,VEND-05,Sparkline Supply Co.,01/20/2026,Cancelled,15.84
PO-102749,CUST-B,VEND-06,Conduit & Co. Distribution,2025-05-27,RECEIVED,75.66
PO-102750,CUST-A,VEND-06,Conduit & Co. Distribution,2026-05-20,Received,6.00
PO-102751,CUST-C,VEND-05,Sparkline Supply Co.,2025-12-29,Cancelled,$111.85
PO-102752,CUST-A,VEND-10,Ferrowatt Industrial Supply,2026-01-21,Received,153.58
PO-102753,CUST-B,VEND-02,Voltway Electrical Distributors,2024-07-05,Closed,45.40
PO-102754,CUST-D,VEND-01,Amp & Wire Supply Co.,01/06/2025,Closed,19.68
PO-102755,CUST-D,VEND-10,Ferrowatt Industrial Supply,2026-03-20,Received,70.71
PO-102756,CUST-A,VEND-09,Current Line Supply,2026-07-10,open,41.36
PO-102757,CUST-C,VEND-01,Amp & Wire Supply Co.,2026-08-15,OPEN,254.00
po-102758,CUST-A,VEND-07,BrightPath Electrical Supply,2024-12-08,Received,52.99
PO-102759,CUST-H,VEND-12,Voltec Supply Group,09/11/2025,Closed,3.14
PO-102760,CUST-C,VEND-02,Voltway Electrical Distributors,2025-06-22,Closed,22.78
PO-102761,CUST-A,VEND-02,Voltway Electrical Distributors,2024-12-06,received,30.52
PO-102762,CUST-C,VEND-11,Ampcore Distribution,2025-11-07,received,178.38
PO-102764,CUST-C,VEND-04,Gridline Electrical Wholesale,2026-04-13,Received,18.32
PO-102765,CUST-D,VEND-01,Amp & Wire Supply Co.,2026-01-25,Closed,296.06
PO-102766,CUST-B,VEND-10,Ferrowatt Industrial Supply,2025-02-19,Cancelled,83.60
 PO-102767,CUST-E,VEND-06,Conduit & Co. Distribution,10/11/2024,Received,$53.76
PO-102768,CUST-C,VEND-12,Voltec Supply Group,01/21/2024,Closed,179.23
PO-102770,CUST-A,VEND-09,Current Line Supply,2025-12-05,Received,85.72
PO-102771,CUST-B,VEND-09,Current Line Supply,2024-04-03,Cancelled,78.78
PO-102772,CUST-H,VEND-09,Current Line Supply,07/16/2026,OPEN,$1.54
PO-102773,CUST-A,vend-02 ,Voltway Electrical Distributors,01/31/2025,Received,129.60
PO-102774,CUST-A,VEND-08,Wattstone Distributors,2025-03-16,Cancelled,$21.36
PO-102775,CUST-A,VEND-01,Amp & Wire Supply Co.,2024-06-24,Received,622.82
PO-102776,CUST-D,VEND-11,Ampcore Distribution,2024-03-17,Closed,93.36
PO-102777,CUST-C,VEND-06,Conduit & Co. Distribution,2025-01-07,Closed,410.00
PO-102778,CUST-E,VEND-04,Gridline Electrical Wholesale,08/28/2025,CLOSED,225.96
PO-102779,CUST-E,VEND-04,Gridline Electrical Wholesale,2024-03-03,Received,$120.28
PO-102780,CUST-G,VEND-02,Voltway Electrical Distributors,2025-12-24,Received,145.57
PO-102781,CUST-F,VEND-07,BrightPath Electrical Supply,2025-11-26,Received,26.50
PO-102782,CUST-B,VEND-02,Voltway Electrical Distributors,04/29/2025,Received,89.27
PO-102783,CUST-D,VEND-01,Amp & Wire Supply Co.,2025-04-04,Received,96.97
PO-102784,CUST-A,VEND-11,Ampcore Distribution,2026-07-30,Open,49.32
PO-102785,CUST-A,VEND-03,Circuit Point Supply,2024-06-23,Received,47.62
PO-102787,CUST-A,VEND-12,Voltec Supply Group,2024-12-12,Received,23.46
PO-102788,CUST-F,VEND-07,BrightPath Electrical Supply,2024-03-21,Closed,282.96
PO-102789 ,CUST-A,VEND-01,Amp & Wire Supply Co.,12/16/2024,RECEIVED,50.48
PO-102790,CUST-F,VEND-04,Gridline Electrical Wholesale,2026-02-21,Received,20.35
PO-102791,CUST-C,VEND-01,Amp & Wire Supply Co.,2024-12-29,Cancelled,32.00
PO-102792,CUST-H,VEND-12,Voltec Supply Group,11/04/2024,Received,365.40
PO-102793,CUST-B,VEND-09,Current Line Supply,2024-07-09,RECEIVED,$29.00
PO-102794,CUST-A,VEND-09,Current Line Supply,2026-03-06,Closed,56.56
PO-102795,CUST-A,VEND-10,Ferrowatt Industrial Supply,2025-05-12,Closed,22.20
PO-102796,CUST-A,VEND-03,Circuit Point Supply,01/24/2026,Cancelled,4.80
PO-102797,CUST-A,VEND-03,Circuit Point Supply,08/18/2026,OPEN,125.32
PO-102798,CUST-A,VEND-09,Current Line Supply,2024-09-23,RECEIVED,17.85
PO-102799,CUST-D,VEND-11,Ampcore Distribution,08/25/2026,Open,93.46
PO-102800,CUST-A,VEND-02,Voltway Electrical Distributors,2025-05-04,Cancelled,52.66
PO-102801,CUST-A,VEND-08,Wattstone Distributors,2025-09-11,Received,$92.72
PO-102802,CUST-A,VEND-10,Ferrowatt Industrial Supply,01/09/2024,Received,$31.70
PO-102803,CUST-C,VEND-07,BrightPath Electrical Supply,2024-08-21,Received,4.69
PO-102804,CUST-C,VEND-05,Sparkline Supply Co.,02/05/2026,Received,70.30
PO-102805,CUST-H,VEND-03,Circuit Point Supply,2026-07-19,Open,$26.49
PO-102806,CUST-H,VEND-07,BrightPath Electrical Supply,04/11/2024,received,93.08
PO-102807,CUST-F,VEND-03,Circuit Point Supply,2025-10-27,Received,171.20
PO-102808,CUST-D,VEND-07,BrightPath Electrical Supply,2026-04-08,Closed,161.71
PO-102809,CUST-C,VEND-01,Amp & Wire Supply Co.,2026-06-12,Open,$4.62
PO-102810,CUST-D,VEND-08,Wattstone Distributors,2024-09-05,Closed,178.28
po-102811 ,CUST-E,VEND-03,Circuit Point Supply,2024-12-27,Received,$45.84
PO-102812,CUST-E,VEND-02,Voltway Electrical Distributors,2025-05-29,Closed,43.70
PO-102813,CUST-D,VEND-12,Voltec Supply Group,2025-12-19,Received,$173.68
PO-102814,CUST-F,VEND-07,BrightPath Electrical Supply,2026-08-01,Open,$274.66
PO-102815,CUST-C,VEND-09,Current Line Supply,01/18/2024,CLOSED,280.73
PO-102816,CUST-D,VEND-02,Voltway Electrical Distributors,06/18/2025,CLOSED,27.48
PO-102817,CUST-F,VEND-12,Voltec Supply Group,07/30/2024,Closed,$73.90
PO-102818,CUST-B,VEND-08,Wattstone Distributors,2024-02-28,Closed,36.36
PO-102819,cust-d,VEND-09,Current Line Supply,2024-12-02,Received,73.80
PO-102821, CUST-F,VEND-05,Sparkline Supply Co.,2025-01-24,Received,14.94
PO-102822,CUST-A,VEND-12,Voltec Supply Group,2025-05-31,Received,$33.70
PO-102823,CUST-H,VEND-07,BrightPath Electrical Supply,2025-02-04,Cancelled,330.56
PO-102824,CUST-H,VEND-07,BrightPath Electrical Supply,04/14/2025,RECEIVED,23.28
PO-102825,CUST-F,VEND-09,Current Line Supply,2025-04-30,Closed,38.93
PO-102826,CUST-B,VEND-07,BrightPath Electrical Supply,2024-08-27,RECEIVED,196.16
PO-102827,CUST-D,VEND-10,Ferrowatt Industrial Supply,02/23/2026,Closed,46.46
PO-102828,CUST-F,VEND-05,Sparkline Supply Co.,2025-09-11,Received,802.84
PO-102829,CUST-C,VEND-12,Voltec Supply Group,2024-07-30,Received,$1.88
PO-102830,CUST-C,VEND-04,Gridline Electrical Wholesale,2024-11-25,Received,18.17
PO-102831,CUST-G,VEND-12,Voltec Supply Group,06/30/2024,Received,3.79
PO-102832,CUST-F,VEND-07,BrightPath Electrical Supply,2025-07-01,Closed,13.85
PO-102833,CUST-B,VEND-01,Amp & Wire Supply Co.,2024-09-01,RECEIVED,104.84
PO-102834,CUST-F,VEND-09,Current Line Supply,05/16/2025,Received,$121.79
PO-102835,CUST-D,vend-12 ,Voltec Supply Group,2024-03-02,Closed,625.32
PO-102836,CUST-B,VEND-12 ,Voltec Supply Group,01/21/2024,Cancelled,$215.76
PO-102837,CUST-E,VEND-07,BrightPath Electrical Supply,11/06/2025,Received,14.77
PO-102838 ,CUST-E,VEND-11,Ampcore Distribution,2024-08-02,Closed,520.52
PO-102839,CUST-H,VEND-08,Wattstone Distributors,2024-05-05,Received,$16.24
PO-102840,CUST-D,VEND-06,Conduit & Co. Distribution,04/29/2024,CLOSED,149.49
PO-102841,CUST-A,VEND-06,Conduit & Co. Distribution,2025-10-24,Received,28.64
PO-102842,CUST-B,VEND-02,Voltway Electrical Distributors,10/23/2025,Received,16.17
PO-102843,CUST-A,VEND-07,BrightPath Electrical Supply,12/21/2025,Received,$8.06
PO-102844,CUST-H,VEND-07,BrightPath Electrical Supply,2026-09-01,Open,844.20
PO-102845,CUST-A,VEND-04,Gridline Electrical Wholesale,01/24/2024,Received,$4.24
PO-102846,CUST-D,VEND-03,Circuit Point Supply,2024-06-02,Received,$14.66
PO-102847,CUST-A,VEND-08,Wattstone Distributors,02/18/2025,Closed,33.34
PO-102848,CUST-F,VEND-05,Sparkline Supply Co.,2024-01-21,Closed,$294.42
PO-102849,CUST-E,VEND-06 ,Conduit & Co. Distribution,01/04/2024,Received,30.12
PO-102850,CUST-D,VEND-06,Conduit & Co. Distribution,2025-12-09,CLOSED,$220.56
po-102851 ,CUST-A,VEND-12,Voltec Supply Group,2024-07-23,Received,9.40
PO-102852,CUST-B,VEND-04,Gridline Electrical Wholesale,2024-07-22,Closed,40.96
PO-102853,CUST-A,VEND-07,BrightPath Electrical Supply,2025-06-19,RECEIVED,25.56
PO-102854,CUST-C,VEND-09,Current Line Supply,2025-12-23,received,246.28
PO-102855,CUST-A,VEND-09,Current Line Supply,11/30/2024,Closed,64.35
PO-102856,CUST-B,VEND-05,Sparkline Supply Co.,2024-03-13,CANCELLED,11.53
PO-102857,CUST-E,VEND-10,Ferrowatt Industrial Supply,03/27/2025,received,240.01
PO-102858,CUST-D,VEND-01,Amp & Wire Supply Co.,2025-05-05,Cancelled,77.34
PO-102859,CUST-A,VEND-12,Voltec Supply Group,2024-02-23,Received,1121.40
PO-102860,CUST-D,VEND-02,Voltway Electrical Distributors,2026-06-02,Closed,41.10
PO-102861,CUST-H,VEND-04,Gridline Electrical Wholesale,2026-01-05,received,6.18
PO-102862,CUST-B,VEND-06,Conduit & Co. Distribution,05/17/2024,closed,$9.12
PO-102863,CUST-B,VEND-04,Gridline Electrical Wholesale,2026-01-10,Received,35.46
PO-102864,CUST-E,VEND-05,Sparkline Supply Co.,2026-01-26,Closed,$55.62
PO-102866,CUST-A,VEND-01,Amp & Wire Supply Co.,2026-04-03,Received,236.56
PO-102867,CUST-H,VEND-04,Gridline Electrical Wholesale,2025-05-05,Received,$6.24
PO-102868,CUST-F,VEND-08,Wattstone Distributors,2026-07-20,closed,296.83
PO-102869,CUST-H,VEND-08,Wattstone Distributors,2025-01-22,Received,11.00
PO-102870,CUST-F,VEND-02,Voltway Electrical Distributors,01/31/2026,Closed,56.86
PO-102871,CUST-G,VEND-08,Wattstone Distributors,2025-09-25,Received,37.93
PO-102872,cust-b ,VEND-07,BrightPath Electrical Supply,03/18/2024,Received,10.17
PO-102873,CUST-E,VEND-12,Voltec Supply Group,06/07/2026,Open,$67.16
PO-102874,CUST-B,VEND-08,Wattstone Distributors,2026-05-29,Received,$79.90
PO-102875,CUST-A ,VEND-11,Ampcore Distribution,2024-09-29,CLOSED,54.92
PO-102876,CUST-E,VEND-09,Current Line Supply,2025-08-19,Closed,$6.44
PO-102877,CUST-A,VEND-04,Gridline Electrical Wholesale,02/28/2026,Received,9.06
PO-102878,CUST-A,VEND-02,Voltway Electrical Distributors,2024-08-18,Received,$9.82
PO-102879,CUST-C,VEND-03,Circuit Point Supply,10/31/2024,Received,$14.24
PO-102880,CUST-E,VEND-11,Ampcore Distribution,2025-07-28,Received,$17.56
PO-102881,CUST-B,VEND-07,BrightPath Electrical Supply,03/04/2024,RECEIVED,75.28
PO-102882,CUST-B,VEND-05,Sparkline Supply Co.,2025-12-25,Received,$5.08
PO-102883,CUST-D,VEND-05,Sparkline Supply Co.,08/22/2026,Received,279.97
PO-102885,CUST-A,VEND-06,Conduit & Co. Distribution,2025-10-22,Received,110.44
 PO-102886,CUST-A,VEND-04,Gridline Electrical Wholesale,2026-01-19,Received,10.10
PO-102887,CUST-B,VEND-06,Conduit & Co. Distribution,2026-05-11,RECEIVED,81.54
PO-102888,CUST-D,vend-08,Wattstone Distributors,04/20/2026,Received,27.30
PO-102889,CUST-D,VEND-07,BrightPath Electrical Supply,05/15/2026,RECEIVED,233.92
PO-102890,CUST-B,VEND-12,Voltec Supply Group,2026-07-02,received,$240.05
PO-102891,CUST-B,vend-02,Voltway Electrical Distributors,06/09/2025,received,71.12
PO-102892,CUST-A,VEND-04,Gridline Electrical Wholesale,2025-07-05,Received,213.36
PO-102893,CUST-D,VEND-10,Ferrowatt Industrial Supply,05/10/2025,Received,1155.69
PO-102894,CUST-D,VEND-01,Amp & Wire Supply Co.,2025-02-22,Received,44.58
PO-102895,CUST-A,VEND-08,Wattstone Distributors,2026-04-22,Received,830.80
PO-102896, CUST-D,VEND-04,Gridline Electrical Wholesale,2024-03-07,RECEIVED,150.78
po-102897 ,CUST-A,VEND-08,Wattstone Distributors,2025-05-20,Received,92.84
PO-102898,CUST-A,VEND-08,Wattstone Distributors,2025-11-25,Received,$102.81
PO-102899,CUST-H,VEND-02,Voltway Electrical Distributors,09/03/2025,Closed,47.47
PO-102900,CUST-C,VEND-01,Amp & Wire Supply Co.,2024-04-17,Closed,21.68
PO-102901,CUST-F,VEND-08,Wattstone Distributors,07/14/2026,Open,1.02
PO-102902,CUST-D,VEND-05,Sparkline Supply Co.,2025-08-18,Received,19.86
PO-102903,CUST-A,VEND-05,Sparkline Supply Co.,2025-06-04,Received,15.40
PO-102904,CUST-A,VEND-10,Ferrowatt Industrial Supply,05/16/2024,RECEIVED,$7.78
PO-102905,CUST-C,VEND-10,Ferrowatt Industrial Supply,2025-10-06,RECEIVED,178.36
PO-102906,CUST-H,VEND-03,Circuit Point Supply,2024-01-19,Received,52.85
PO-102907,CUST-A,VEND-06,Conduit & Co. Distribution,2024-01-26,Received,36.49
PO-102908,CUST-D,VEND-12,Voltec Supply Group,11/09/2025,Closed,113.50
PO-102909,CUST-D,VEND-06,Conduit & Co. Distribution,2024-08-16,Received,$156.32
PO-102910,CUST-B,VEND-06,Conduit & Co. Distribution,08/06/2024,closed,2.29
PO-102911,CUST-E,VEND-01,Amp & Wire Supply Co.,2025-04-14,received,1.10
PO-102912,CUST-H,VEND-12,Voltec Supply Group,09/26/2025,Received,$299.15
PO-102913,CUST-A,VEND-01,Amp & Wire Supply Co.,04/11/2026,CLOSED,306.45
PO-102914,CUST-B,VEND-01,Amp & Wire Supply Co.,09/01/2026,Open,161.83
PO-102915,CUST-B,VEND-07,BrightPath Electrical Supply,09/19/2024,Received,275.24
PO-102916,CUST-B,VEND-10,Ferrowatt Industrial Supply,11/30/2024,Cancelled,100.41
PO-102917,CUST-D,VEND-07,BrightPath Electrical Supply,2024-10-23,Closed,61.50
PO-102918,CUST-A,VEND-08,Wattstone Distributors,2026-08-18,Received,$19.26
PO-102919,CUST-D,VEND-12,Voltec Supply Group,2026-07-01,Received,356.58
PO-102920,CUST-A,VEND-03,Circuit Point Supply,2025-12-15,Received,54.96
PO-102921,CUST-E,VEND-12,Voltec Supply Group,2026-07-27,Received,$5.66
po-102922 ,CUST-C,VEND-06,Conduit & Co. Distribution,2024-04-08,closed,285.60
po-102923,CUST-A,VEND-07,BrightPath Electrical Supply,2025-10-20,Closed,51.92
PO-102924,CUST-H,VEND-12,Voltec Supply Group,2026-02-08,Closed,$90.47
PO-102925,CUST-D,VEND-05,Sparkline Supply Co.,01/02/2025,Closed,182.86
PO-102927,CUST-B,VEND-02,Voltway Electrical Distributors,07/02/2024,Received,10.12
PO-102928,CUST-A,VEND-01,Amp & Wire Supply Co.,2024-06-18,Closed,303.12
PO-102929,CUST-A,VEND-12,Voltec Supply Group,2024-05-25,Closed,110.36
PO-102930,CUST-B,VEND-05,Sparkline Supply Co.,12/26/2025,Closed,37.60
PO-102931,CUST-A,VEND-06,Conduit & Co. Distribution,02/08/2024,Received,136.02
PO-102932,CUST-D,VEND-06,Conduit & Co. Distribution,2026-07-14,Received,33.70
PO-102933,CUST-B,VEND-02,Voltway Electrical Distributors,05/30/2025,Received,170.10
PO-102934,CUST-B,VEND-02,Voltway Electrical Distributors,2024-04-13,closed,130.72
PO-102936,CUST-A,VEND-10,Ferrowatt Industrial Supply,2025-04-24,Cancelled,10.08
PO-102937,CUST-B,VEND-01,Amp & Wire Supply Co.,2024-02-29,Closed,49.36
PO-102938,CUST-D,VEND-12,Voltec Supply Group,01/02/2026,RECEIVED,113.42
PO-102939,CUST-A,VEND-04,Gridline Electrical Wholesale,01/29/2025,Received,12.56
PO-102940,CUST-C,VEND-09,Current Line Supply,03/15/2025,Received,$43.60
PO-102941,CUST-F,VEND-10,Ferrowatt Industrial Supply,2025-04-01,received,8.34
PO-102942,CUST-H,VEND-09,Current Line Supply,2025-04-15,Received,33.03
PO-102943,CUST-G,VEND-12,Voltec Supply Group,2026-07-06,Closed,24.78
PO-102944,CUST-D,VEND-04,Gridline Electrical Wholesale,03/05/2024,Received,40.90
PO-102945,CUST-F,VEND-08,Wattstone Distributors,2025-08-14,RECEIVED,27.60
PO-102946,CUST-A,VEND-01,Amp & Wire Supply Co.,2024-05-22,closed,42.60
PO-102947,CUST-A,VEND-06,Conduit & Co. Distribution,01/31/2026,Closed,1450.08
PO-102948,CUST-B,VEND-03,Circuit Point Supply,2024-05-14,received,8.98
PO-102949,CUST-A,VEND-05,Sparkline Supply Co.,2024-01-04,Received,195.06
PO-102950,CUST-A,VEND-09,Current Line Supply,2026-04-08,Closed,$30.96
PO-102951,CUST-C,VEND-06,Conduit & Co. Distribution,04/14/2026,Closed,159.72
PO-102952,CUST-B,VEND-11,Ampcore Distribution,2024-10-14,Received,16.92
PO-102953,CUST-D,VEND-01,Amp & Wire Supply Co.,06/17/2026,closed,63.58
PO-102954,CUST-A,VEND-08,Wattstone Distributors,09/01/2026,Closed,47.30
PO-102955,CUST-A,VEND-04,Gridline Electrical Wholesale,2024-01-10,RECEIVED,53.36
PO-102956,CUST-C,VEND-11,Ampcore Distribution,03/24/2024,Closed,116.42
PO-102957,CUST-F,VEND-06,Conduit & Co. Distribution,2025-02-22,Received,$74.04
po-102958,CUST-A,VEND-09,Current Line Supply,2026-02-18,Closed,86.12
PO-102959,CUST-B,VEND-10,Ferrowatt Industrial Supply,2024-10-23,Received,70.40
PO-102960,CUST-B,VEND-08,Wattstone Distributors,05/17/2024,Received,29.02
PO-102961,CUST-A,VEND-01,Amp & Wire Supply Co.,04/19/2024,Closed,213.17
PO-102962,CUST-C,VEND-01 ,Amp & Wire Supply Co.,2026-05-17,cancelled,290.38
PO-102963,CUST-A,VEND-02 ,Voltway Electrical Distributors,05/07/2026,Closed,86.17
PO-102964,CUST-A,VEND-08,Wattstone Distributors,2024-02-24,Received,132.48
PO-102965,CUST-D,VEND-07,BrightPath Electrical Supply,2025-09-16,Received,$94.80
PO-102966,CUST-A,VEND-06,Conduit & Co. Distribution,2024-02-27,Closed,215.82
PO-102967,cust-a,VEND-07,BrightPath Electrical Supply,2025-09-15,received,1120.58
PO-102968,CUST-A,VEND-03,Circuit Point Supply,2025-04-07,Received,25.91
PO-102969,CUST-A,VEND-02,Voltway Electrical Distributors,2026-04-16,Received,102.06
PO-102970,CUST-G,VEND-12,Voltec Supply Group,2024-12-13,Received,84.16
PO-102971,CUST-B,VEND-06,Conduit & Co. Distribution,10/25/2025,received,419.40
PO-102972,CUST-A,VEND-09,Current Line Supply,2024-12-19,Closed,351.02
PO-102973,CUST-A,VEND-10,Ferrowatt Industrial Supply,2025-08-16,Cancelled,41.88
PO-102974,CUST-B,VEND-06,Conduit & Co. Distribution,06/07/2025,Cancelled,313.85
PO-102975,CUST-E,VEND-11,Ampcore Distribution,2024-05-22,Cancelled,25.81
PO-102976,CUST-H,VEND-12,Voltec Supply Group,2025-12-08,Closed,$57.00
PO-102977,CUST-E,VEND-07,BrightPath Electrical Supply,08/30/2024,received,792.06
PO-102979,CUST-D, VEND-12,Voltec Supply Group,03/07/2025,Cancelled,312.00
PO-102980,CUST-A,VEND-05,Sparkline Supply Co.,2026-02-27,RECEIVED,63.10
PO-102981,CUST-B,VEND-02,Voltway Electrical Distributors,2025-01-27,Closed,$24.36
PO-102982,CUST-A,VEND-11,Ampcore Distribution,03/29/2026,CLOSED,51.68
PO-102983,CUST-B,VEND-12,Voltec Supply Group,2025-04-03,Closed,57.97
PO-102984,CUST-A,VEND-03,Circuit Point Supply,2025-06-23,Received,202.28
PO-102985,CUST-B,VEND-05,Sparkline Supply Co.,2025-02-09,Received,28.13
PO-102986,CUST-E,VEND-05,Sparkline Supply Co.,08/01/2025,Received,48.96
PO-102987,CUST-A,VEND-08,Wattstone Distributors,2025-04-07,received,4.56
PO-102988,CUST-B,VEND-07,BrightPath Electrical Supply,2026-03-30,RECEIVED,127.50
PO-102990,CUST-D,VEND-05,Sparkline Supply Co.,2025-08-13,Received,101.78
po-102991 ,CUST-D,VEND-06,Conduit & Co. Distribution,02/20/2024,Received,168.28
PO-102992,CUST-D,VEND-12,Voltec Supply Group,06/07/2024,Cancelled,17.68
PO-102993,CUST-H,VEND-05,Sparkline Supply Co.,05/18/2024,Received,39.40
PO-102994,CUST-B,VEND-06,Conduit & Co. Distribution,2026-01-22,received,1680.02
PO-102995,cust-c,VEND-01,Amp & Wire Supply Co.,07/29/2026,Closed,$235.12
PO-102996,CUST-D,VEND-02,Voltway Electrical Distributors,2026-06-19,Open,29.81
PO-102997,CUST-B,VEND-10,Ferrowatt Industrial Supply,2025-04-16,CLOSED,325.07
PO-102998,CUST-D,VEND-12,Voltec Supply Group,2026-04-30,Received,340.44
PO-102999,CUST-D,VEND-12,Voltec Supply Group,2025-10-09,Received,$27.36
PO-103000,CUST-D,VEND-10,Ferrowatt Industrial Supply,2024-05-07,Closed,$11.08
PO-103001,CUST-A,VEND-10,Ferrowatt Industrial Supply,2026-08-22,Open,145.26
PO-103002,CUST-E,VEND-06,Conduit & Co. Distribution,2024-09-18,Closed,26.96
PO-103003,CUST-G,VEND-06,Conduit & Co. Distribution,02/14/2025,Closed,3.27
PO-103004,CUST-D,VEND-10,Ferrowatt Industrial Supply,2024-04-18,Received,137.22
PO-103005,CUST-D,VEND-05,Sparkline Supply Co.,2024-03-30,Received,22.39
PO-103007,CUST-B,VEND-08,Wattstone Distributors,2026-07-01,Open,22.40
PO-103009,CUST-H,VEND-05,Sparkline Supply Co.,09/19/2024,Received,127.32
PO-103010,CUST-E,VEND-08,Wattstone Distributors,2024-12-22,CLOSED,16.44
PO-103011,CUST-E,VEND-07,BrightPath Electrical Supply,01/16/2026,Closed,$371.33
PO-103012,CUST-A,VEND-12,Voltec Supply Group,2025-09-16,Received,$43.78
PO-103013,CUST-D,VEND-07,BrightPath Electrical Supply,04/08/2024,Closed,65.41
PO-103014,CUST-D,VEND-10,Ferrowatt Industrial Supply,2025-04-07,Received,77.68
PO-103015,CUST-B,VEND-01,Amp & Wire Supply Co.,2024-08-12,Cancelled,$108.77
PO-103016,CUST-A,VEND-03,Circuit Point Supply,10/18/2025,Received,184.30
PO-103017,CUST-A,VEND-01,Amp & Wire Supply Co.,03/29/2026,Closed,179.39
PO-103018,CUST-D,VEND-11,Ampcore Distribution,07/29/2026,Open,$244.92
PO-103019,CUST-A ,VEND-09,Current Line Supply,2024-08-02,Received,$3.30
PO-103020,CUST-E,VEND-07,BrightPath Electrical Supply,06/13/2026,Open,112.80
PO-103021,CUST-B,VEND-05,Sparkline Supply Co.,2025-09-06,Received,624.66
PO-103022,CUST-B,VEND-10,Ferrowatt Industrial Supply,2026-05-17,Received,$110.46
PO-103023,CUST-A,VEND-01,Amp & Wire Supply Co.,2026-01-26,Received,1.41
PO-103024,CUST-B,VEND-07,BrightPath Electrical Supply,02/07/2025,CLOSED,33.60
PO-103025,CUST-E,VEND-05,Sparkline Supply Co.,2025-08-19,Closed,88.64
PO-103026,CUST-A,VEND-12,Voltec Supply Group,2025-07-16,Received,17.08
PO-103027,CUST-A,VEND-05,Sparkline Supply Co.,2024-12-27,Closed,4.20
PO-103028,CUST-B,VEND-10,Ferrowatt Industrial Supply,2024-12-21,closed,1569.38
PO-103029,CUST-B,VEND-03,Circuit Point Supply,2024-07-25,Received,$638.72
PO-103030,CUST-E,VEND-10,Ferrowatt Industrial Supply,2026-01-01,Closed,$78.95
PO-103031,CUST-A,VEND-08,Wattstone Distributors,2025-03-20,Received,0.92
PO-103032,CUST-D,VEND-11,Ampcore Distribution,2024-06-27,RECEIVED,93.14
PO-103033,CUST-H,VEND-06,Conduit & Co. Distribution,07/08/2024,Received,200.04
PO-103034,CUST-F,VEND-09,Current Line Supply,2024-01-08,RECEIVED,26.50
PO-103035,CUST-A,VEND-08,Wattstone Distributors,2024-02-23,Received,$111.55
PO-103036,CUST-D,VEND-09,Current Line Supply,2025-10-25,Closed,82.08
PO-103037,CUST-B,VEND-06,Conduit & Co. Distribution,2026-07-11,open,154.32
PO-103038,CUST-A,VEND-02,Voltway Electrical Distributors,2025-03-25,RECEIVED,$360.18
PO-103039,CUST-A,VEND-07,BrightPath Electrical Supply,2024-12-06,Received,$515.56
PO-103040,CUST-F,VEND-02,Voltway Electrical Distributors,2024-10-07,Received,131.40
PO-103041,CUST-B,VEND-06,Conduit & Co. Distribution,08/03/2026,Received,512.68
PO-103042,CUST-A,VEND-04,Gridline Electrical Wholesale,2024-06-05,closed,$40.42
PO-103043,CUST-B,VEND-03,Circuit Point Supply,2025-03-01,RECEIVED,47.48
PO-103044,CUST-F,VEND-02,Voltway Electrical Distributors,2026-04-15,received,14.82
PO-103045,CUST-C,VEND-05,Sparkline Supply Co.,2025-07-13,Closed,45.30
PO-103046,CUST-B,VEND-09,Current Line Supply,2025-03-24,Closed,60.24
PO-103047,CUST-A,VEND-02,Voltway Electrical Distributors,2024-01-04,CLOSED,$3.89
PO-103048,CUST-F,VEND-03,Circuit Point Supply,2024-09-14,Closed,1269.00
PO-103050,CUST-B,VEND-02,Voltway Electrical Distributors,03/29/2024,Received,$27.49
PO-103051,CUST-D,VEND-05,Sparkline Supply Co.,08/26/2025,CANCELLED,$112.99
PO-103052,CUST-E,VEND-02,Voltway Electrical Distributors,10/01/2024,Received,33.66
PO-103053,CUST-F,VEND-08,Wattstone Distributors,02/07/2024,RECEIVED,$20.04
PO-103054,CUST-A,VEND-05,Sparkline Supply Co.,2025-08-21,Received,38.90
PO-103055,CUST-F,VEND-09,Current Line Supply,2025-07-07,Received,17.90
PO-103056,CUST-A,VEND-03,Circuit Point Supply,2024-11-11,Received,68.84
PO-103058,CUST-A,VEND-09,Current Line Supply,2024-07-25,Closed,103.45
PO-103059,CUST-G,VEND-06,Conduit & Co. Distribution,11/10/2025,Received,230.20
PO-103060,CUST-F,VEND-03,Circuit Point Supply,2024-06-23,CLOSED,8.14
PO-103061,CUST-H,VEND-02,Voltway Electrical Distributors,2026-01-14,Received,13.44
PO-103063,CUST-B,VEND-05,Sparkline Supply Co.,2026-03-30,Closed,296.13
PO-103064,cust-f ,VEND-07,BrightPath Electrical Supply,2025-12-23,Received,18.14
PO-103065,CUST-A,VEND-03,Circuit Point Supply,2025-07-18,Received,$81.38
PO-103066,CUST-A,VEND-08,Wattstone Distributors,06/20/2026,received,60.35
PO-103067,CUST-B,VEND-01,Amp & Wire Supply Co.,2024-02-11,Received,88.00
PO-103068,CUST-B,VEND-02,Voltway Electrical Distributors,2024-10-24,Received,1.10
PO-103069,CUST-B,VEND-01,Amp & Wire Supply Co.,2024-02-13,Received,$294.48
PO-103070,CUST-A,VEND-12,Voltec Supply Group,2025-12-02,RECEIVED,49.62
PO-103071,CUST-B,VEND-12,Voltec Supply Group,2024-08-09,Received,71.85
PO-103073,CUST-A,VEND-10,Ferrowatt Industrial Supply,2024-03-23,Received,528.02
PO-103074,cust-d ,VEND-11,Ampcore Distribution,2025-07-14,Cancelled,17.23
 PO-103075,CUST-A,VEND-01,Amp & Wire Supply Co.,2025-03-16,received,643.63
PO-103076,CUST-B,VEND-06,Conduit & Co. Distribution,2025-06-16,received,18.38
PO-103077,CUST-B,VEND-09,Current Line Supply,01/15/2024,Received,19.56
PO-103078,CUST-C,VEND-12,Voltec Supply Group,2024-11-20,Received,36.98
PO-103079,CUST-B,VEND-09,Current Line Supply,2025-09-16,RECEIVED,$80.65
PO-103080,CUST-C,VEND-11,Ampcore Distribution,11/01/2025,Closed,40.84
PO-103081,CUST-B,VEND-01,Amp & Wire Supply Co.,2025-10-20,Received,338.46
PO-103082,CUST-D,VEND-07,BrightPath Electrical Supply,01/03/2025,received,319.00
 PO-103083,CUST-A,VEND-05,Sparkline Supply Co.,09/02/2025,Closed,294.94
PO-103084,CUST-H,VEND-07,BrightPath Electrical Supply,08/27/2026,Closed,188.70
PO-103085,CUST-C,VEND-09,Current Line Supply,2025-12-18,Received,47.35
PO-103086,CUST-B,VEND-12,Voltec Supply Group,2025-03-22,Received,42.40
PO-103087,CUST-B,VEND-03,Circuit Point Supply,02/13/2026,Received,$33.30
PO-103089,CUST-H,VEND-07,BrightPath Electrical Supply,2024-11-16,Received,8.96
PO-103090,CUST-D,VEND-09,Current Line Supply,06/10/2025,Closed,265.77
PO-103091,CUST-D,VEND-10,Ferrowatt Industrial Supply,2024-11-20,Received,448.00
PO-103092,CUST-G,VEND-08,Wattstone Distributors,04/15/2025,Received,$11.88
PO-103093,CUST-A,VEND-07,BrightPath Electrical Supply,2024-01-23,Received,1485.64
PO-103094,CUST-B,VEND-10,Ferrowatt Industrial Supply,03/16/2026,Closed,9.50
PO-103095,CUST-C,VEND-03,Circuit Point Supply,2026-02-20,CLOSED,7.09
PO-103096,CUST-B,VEND-06,Conduit & Co. Distribution,2026-07-22,Cancelled,$124.98
PO-103097,CUST-A,VEND-04,Gridline Electrical Wholesale,11/05/2024,Received,$13.50
PO-103098,CUST-D,VEND-02,Voltway Electrical Distributors,2026-05-11,Received,73.63
PO-103099,CUST-B,VEND-02,Voltway Electrical Distributors,2024-01-02,Closed,62.10
PO-103100,CUST-D,VEND-02,Voltway Electrical Distributors,2025-08-12,Received,99.50
PO-103101,CUST-E,VEND-04,Gridline Electrical Wholesale,05/20/2025,Closed,90.64
PO-103103,CUST-B,VEND-11,Ampcore Distribution,2024-01-19,RECEIVED,18.64
PO-103104,CUST-A,VEND-06,Conduit & Co. Distribution,05/16/2025,Received,26.16
po-103105 ,CUST-D,VEND-04,Gridline Electrical Wholesale,2025-08-06,Received,6.03
PO-103106,CUST-F,VEND-12,Voltec Supply Group,2025-06-03,Received,314.41
PO-103107,CUST-G,VEND-03,Circuit Point Supply,2026-07-13,Open,12.18
PO-103108,CUST-B,VEND-08,Wattstone Distributors,02/16/2024,Received,60.58
PO-103109,CUST-A,vend-03,Circuit Point Supply,2025-09-26,Closed,32.40
PO-103110,CUST-C,VEND-10,Ferrowatt Industrial Supply,10/25/2024,Received,660.66
PO-103111,CUST-H,VEND-11,Ampcore Distribution,09/15/2024,Received,165.28
PO-103112,CUST-B,VEND-06,Conduit & Co. Distribution,05/21/2024,Received,72.80
PO-103113,CUST-B,VEND-05,Sparkline Supply Co.,2026-07-18,Open,85.90
PO-103114,CUST-G,VEND-06,Conduit & Co. Distribution,2026-01-22,Received,1.77
PO-103115,CUST-B,VEND-09,Current Line Supply,2025-02-10,Received,235.34
PO-103116,CUST-A ,VEND-09,Current Line Supply,2025-07-29,Received,7.68
PO-103117,CUST-E,VEND-03,Circuit Point Supply,2024-04-06,Closed,4.66
PO-103118,CUST-D,VEND-05,Sparkline Supply Co.,06/01/2024,cancelled,$154.48
PO-103119,CUST-A,VEND-10,Ferrowatt Industrial Supply,2025-08-22,Received,142.11
PO-103120,CUST-A,VEND-09,Current Line Supply,2025-07-14,Received,$46.29
PO-103121,CUST-B,VEND-03,Circuit Point Supply,07/15/2025,Closed,92.33
PO-103122,CUST-D,VEND-04,Gridline Electrical Wholesale,2025-11-24,received,158.88
PO-103123,CUST-B,VEND-11,Ampcore Distribution,2024-05-12,Received,17.52
PO-103124,CUST-B,VEND-06,Conduit & Co. Distribution,2026-07-01,Closed,125.80
PO-103126,CUST-C,VEND-02,Voltway Electrical Distributors,2026-03-14,Received,188.52
PO-103127,CUST-H,VEND-08,Wattstone Distributors,2026-06-20,open,66.17
PO-103128,cust-d ,VEND-07,BrightPath Electrical Supply,2025-12-17,Received,91.26
po-103129 ,CUST-E,VEND-03,Circuit Point Supply,03/10/2024,received,10.65
PO-103130,CUST-A,VEND-05,Sparkline Supply Co.,08/26/2024,CLOSED,70.59
PO-103131,CUST-E,VEND-01,Amp & Wire Supply Co.,2026-02-24,Received,20.68
PO-103132,CUST-H,VEND-12,Voltec Supply Group,08/21/2024,Cancelled,$81.16
PO-103134,cust-d,VEND-09,Current Line Supply,05/19/2025,Received,137.72
PO-103135,CUST-A,VEND-02,Voltway Electrical Distributors,2025-03-10,Received,79.00
PO-103136,CUST-D,VEND-02,Voltway Electrical Distributors,2025-05-28,Closed,48.84
PO-103137,CUST-A,VEND-12,Voltec Supply Group,2025-08-22,Received,184.90
PO-103138,CUST-G,VEND-04,Gridline Electrical Wholesale,10/21/2024,Closed,5.54
PO-103139,CUST-A,VEND-04,Gridline Electrical Wholesale,2025-01-18,received,232.44
PO-103140,CUST-A,VEND-12,Voltec Supply Group,2024-06-06,Received,108.80
PO-103141,CUST-B,VEND-08,Wattstone Distributors,2025-05-16,RECEIVED,56.60
PO-103142,CUST-D,VEND-10,Ferrowatt Industrial Supply,2024-06-15,Cancelled,$70.42
PO-103143,CUST-B,VEND-07,BrightPath Electrical Supply,2025-01-04,Closed,142.20
PO-103144,CUST-A ,VEND-09,Current Line Supply,2024-09-04,Closed,$6.00
PO-103145,CUST-A,VEND-10,Ferrowatt Industrial Supply,2025-08-09,Closed,2085.86
PO-103146,CUST-D,VEND-09,Current Line Supply,05/08/2025,Received,13.75
PO-103147,CUST-F,VEND-03,Circuit Point Supply,2024-12-02,Received,145.08
PO-103148,CUST-G,VEND-11,Ampcore Distribution,2025-05-10,Closed,155.90
PO-103149,CUST-B,VEND-02,Voltway Electrical Distributors,2025-11-24,Cancelled,5.04
PO-103150,CUST-D,VEND-01,Amp & Wire Supply Co.,2025-10-15,Received,47.18
PO-103151,CUST-F,VEND-05,Sparkline Supply Co.,2026-03-15,Received,105.64
PO-103152,CUST-H,VEND-04,Gridline Electrical Wholesale,11/19/2024,Closed,97.00
PO-103153,CUST-B,VEND-06,Conduit & Co. Distribution,2025-09-28,Received,$32.41
PO-103154,CUST-E,VEND-05,Sparkline Supply Co.,2025-07-17,Received,92.60
PO-103155,CUST-B,VEND-03,Circuit Point Supply,2024-03-17,Closed,83.19
PO-103156,CUST-G,VEND-08,Wattstone Distributors,02/22/2026,Received,294.12
PO-103157,cust-c,VEND-08,Wattstone Distributors,08/16/2024,Cancelled,$81.70
PO-103158,CUST-B,VEND-11,Ampcore Distribution,2024-10-06,Received,724.58
PO-103159,CUST-G,VEND-01,Amp & Wire Supply Co.,06/01/2026,Received,$197.76
PO-103160,CUST-C,VEND-11,Ampcore Distribution,2025-02-19,Received,56.51
PO-103161,CUST-D,VEND-09,Current Line Supply,2025-04-22,Closed,$1.36
PO-103162,CUST-A,VEND-10,Ferrowatt Industrial Supply,2025-04-26,Received,1481.15
PO-103163,CUST-D,VEND-01,Amp & Wire Supply Co.,2025-01-08,Received,107.16
PO-103164,CUST-C,VEND-07,BrightPath Electrical Supply,2025-03-27,Received,105.24
PO-103165,CUST-A,VEND-07,BrightPath Electrical Supply,2024-06-06,Closed,$40.10
PO-103166,CUST-B,VEND-07,BrightPath Electrical Supply,2024-07-12,Received,521.44
PO-103167,CUST-A,VEND-01,Amp & Wire Supply Co.,2025-10-16,Closed,154.32
PO-103168,CUST-C,VEND-02,Voltway Electrical Distributors,2025-02-20,Received,120.05
PO-103169,CUST-A,VEND-01,Amp & Wire Supply Co.,2026-04-03,received,81.38
PO-103170,CUST-F,VEND-04,Gridline Electrical Wholesale,2025-12-13,Cancelled,18.71
PO-103171,CUST-B,VEND-07,BrightPath Electrical Supply,2024-06-08,Received,769.40
PO-103172,CUST-A,VEND-10,Ferrowatt Industrial Supply,2025-05-10,RECEIVED,22.20
PO-103173,CUST-B,VEND-04,Gridline Electrical Wholesale,2024-05-15,Received,274.04
PO-103174,CUST-D, VEND-05,Sparkline Supply Co.,01/10/2024,Closed,375.38
PO-103175,CUST-D,VEND-02,Voltway Electrical Distributors,10/06/2025,Received,137.90
PO-103176,CUST-B,VEND-03,Circuit Point Supply,2026-08-20,Open,$23.64
PO-103177,CUST-E,VEND-12,Voltec Supply Group,2026-05-20,Received,407.94
PO-103178,CUST-B,VEND-07,BrightPath Electrical Supply,2025-09-27,Closed,89.48
PO-103179,CUST-D,VEND-08,Wattstone Distributors,2024-02-01,Received,736.66
