po_number,customer_id,item_id,quantity_ordered,unit_price_paid
PO-100000,CUST-A,ITM-0431,10,0.72
PO-100001,CUST-B,ITM-0220,10,2.66
PO-100001,CUST-B,ITM-0426,4,26.05
PO-100001,CUST-B,ITM-0612,2,4.71
PO-100001,CUST-B,ITM-1015,12,4.80
PO-100002,CUST-C,ITM-0220,2,2.79
PO-100002,CUST-C,ITM-0246,6,2.06
PO-100002,CUST-C,ITM-0408,2,5.14
PO-100002,CUST-C,ITM-0623,1,2.51
PO-100003,CUST-A,ITM-0201,24,3.80
PO-100003,CUST-A,ITM-0442,1,18.89
PO-100004,CUST-F,ITM-0311,12,7.17
PO-100004,CUST-F,ITM-0431,1,0.80
PO-100004,CUST-F,ITM-0815,2,8.25
PO-100005,CUST-A,ITM-0614,6,4.91
PO-100006,CUST-B,ITM-0403,1,2.60
PO-100006,CUST-B,ITM-0426,2,26.87
PO-100007,CUST-A,ITM-0628,2,0.14
PO-100007,CUST-A,ITM-1015,12,4.21
PO-100008,CUST-B,ITM-0228,12,4.91
PO-100008,CUST-B,ITM-0508,6,17.65
PO-100008,CUST-B,ITM-0942,24,0.33
PO-100009,CUST-A,ITM-0612,1,3.97
PO-100009,CUST-A,ITM-1015,2,4.25
PO-100011,CUST-A,ITM-0903,4,0.20
PO-100012,CUST-A,ITM-1006,1,1.19
PO-100013,CUST-D,ITM-0432,10,0.99
PO-100014,CUST-H,ITM-0243,20,0.72
PO-100015,CUST-F,ITM-0243,24,0.73
PO-100015,CUST-F,ITM-0517,10,43.99
PO-100015,CUST-F,ITM-0632,3,4.27
PO-100015,CUST-F,ITM-0902,4,4.55
PO-100015,CUST-F,ITM-0903,10,0.22
PO-100016,CUST-A,ITM-0618,1,3.95
PO-100016,CUST-A,ITM-1003,6,1.13
PO-100017,CUST-B,ITM-0220,1,3.10
PO-100017,CUST-B,ITM-0230,50,3.13
PO-100017,CUST-B,ITM-0403,1,2.73
PO-100017,CUST-B,ITM-1015,50,4.58
PO-100018,CUST-H,ITM-0230,4,3.33
PO-100018,CUST-H,ITM-0254,24,1.75
PO-100018,CUST-H,ITM-0309,2,2.16
PO-100018,CUST-H,ITM-0612,12,4.17
PO-100018,CUST-H,ITM-1015,12,4.81
PO-100019,CUST-G,ITM-0228,10,4.51
PO-100019,CUST-G,ITM-0414,10,2.03
PO-100019,CUST-G,ITM-0611,1,3.50
PO-100019,CUST-G,ITM-0623,4,2.68
PO-100019,CUST-G,ITM-0922,2,5.87
PO-100020,CUST-B,ITM-0327,10,2.31
PO-100021,CUST-D,ITM-0306,2,1.05
PO-100021,CUST-D,ITM-0517,24,43.23
PO-100021,CUST-D,ITM-0612,50,4.08
PO-100022,CUST-H,ITM-0408,3,5.43
PO-100022,CUST-H,ITM-0527,6,9.43
PO-100022,CUST-H,ITM-0628,1,0.16
PO-100022,CUST-H,ITM-0715,4,80.87
PO-100022,CUST-H,ITM-0715,4,80.87
PO-100022,CUST-H,ITM-0921,6,4.20
PO-100022,CUST-H,ITM-1001,6,1.12
PO-100023,CUST-B,ITM-0230,6,3.18
PO-100023,CUST-B,ITM-0310,1,4.76
PO-100023,CUST-B,ITM-0442,10,21.99
PO-100023,CUST-B,ITM-0611,1,3.43
PO-100023,CUST-B,ITM-0902,4,4.51
PO-100024,CUST-H,ITM-0434,12,1.56
PO-100024,CUST-H,ITM-0808,6,1.81
PO-100025,CUST-A,ITM-0815,4,8.17
PO-100026,CUST-F,ITM-0246,12,2.27
PO-100026,CUST-F,ITM-0414,6,1.94
PO-100026,CUST-F,ITM-0426,12,25.42
PO-100027,CUST-D,ITM-0517,10,40.00
PO-100027,CUST-D,ITM-0737,50,65.98
PO-100027,CUST-D,ITM-0908,12,0.93
PO-100027,CUST-D,ITM-1014,1,2.60
PO-100028,CUST-F,ITM-0426,10,26.34
PO-100029,CUST-B,ITM-0433,20,1.15
PO-100029,CUST-B,ITM-0943,2,25.81
PO-100030,CUST-F,ITM-0431,12,0.79
PO-100030,CUST-F,ITM-0604,5,12.58
PO-100030,CUST-F,ITM-0629,24,2.97
PO-100030,CUST-F,ITM-1015,2,4.40
PO-100031,CUST-C,ITM-0224,1,1.52
PO-100031,CUST-C,ITM-0224,1,1.52
PO-100031,CUST-C,ITM-1022,5,5.81
PO-100033,CUST-B,ITM-0220,4,2.77
PO-100033,CUST-B,ITM-0237,12,3.31
PO-100033,CUST-B,ITM-0246,1,2.23
PO-100033,CUST-B,ITM-0251,1,2.59
PO-100033,CUST-B,ITM-0404,2,3.48
PO-100033,CUST-B,ITM-0629,10,3.11
PO-100034,CUST-H,ITM-0243,1,0.73
PO-100034,CUST-H,ITM-0808,4,1.86
PO-100034,CUST-H,ITM-1014,2,2.60
PO-100035,CUST-A,ITM-0426,10,23.22
PO-100035,CUST-A,ITM-0433,2,1.13
PO-100035,CUST-A,ITM-0623,24,2.23
PO-100035,CUST-A,ITM-0939,4,12.90
PO-100036,CUST-G,ITM-0446,5,22.62
PO-100036,CUST-G,ITM-0614,24,5.51
PO-100036,CUST-G,ITM-0632,2,3.92
PO-100037,CUST-D,ITM-0224,6,1.45
PO-100037,CUST-D,ITM-1015,1,4.54
PO-100038,CUST-B,ITM-0303,1,2.56
PO-100038,CUST-B,ITM-0433,50,1.19
PO-100038,CUST-B,ITM-0910,4,1.05
PO-100038,CUST-B,ITM-1006,6,1.35
PO-100039,CUST-A,ITM-0426,6,22.90
PO-100039,CUST-A,ITM-0612,1,3.88
PO-100039,CUST-A,ITM-0618,12,3.97
PO-100039,CUST-A,ITM-0623,6,2.39
PO-100040,CUST-B,ITM-0310,6,4.98
PO-100041,CUST-A,ITM-1001,1,1.05
PO-100042,CUST-B,ITM-0243,6,0.75
PO-100043,CUST-B,ITM-0211,4,12.01
PO-100043,CUST-B,ITM-0610,1,2.22
PO-100043,CUST-B,ITM-0808,6,1.92
PO-100043,CUST-B,ITM-1014,10,2.72
PO-100044,CUST-C,ITM-0306,2,1.01
PO-100045,CUST-F,ITM-0243,1,0.72
PO-100045,CUST-F,ITM-1019,24,6.76
PO-100046,CUST-D,ITM-0303,1,2.58
PO-100046,CUST-D,ITM-0414,6,1.79
PO-100046,CUST-D,ITM-0433,24,1.16
PO-100046,CUST-D,ITM-0939,6,15.29
PO-100047,CUST-A,ITM-0612,2,3.67
PO-100048,CUST-H,ITM-0434,1,1.54
PO-100048,CUST-H,ITM-1014,2,2.73
PO-100049,CUST-B,ITM-0228,4,4.64
PO-100049,CUST-B,ITM-0611,20,3.56
PO-100049,CUST-B,ITM-0922,4,6.11
PO-100050,CUST-E,ITM-0412,24,1.03
PO-100050,CUST-E,ITM-0611,10,3.48
PO-100050,CUST-E,ITM-0623,10,2.55
PO-100050,CUST-E,ITM-1001,1,1.04
PO-100051,CUST-D,ITM-0224,2,1.46
PO-100052,CUST-A,ITM-0434,12,1.43
PO-100052,CUST-A,ITM-0629,50,2.50
PO-100052,CUST-A,ITM-0808,10,1.77
PO-100053,CUST-A,ITM-0632,6,
PO-100054,CUST-A,ITM-0426,4,24.66
PO-100054,CUST-A,ITM-0618,10,3.96
PO-100056,CUST-F,ITM-0306,2,0.94
PO-100056,CUST-F,ITM-0430,1,0.48
PO-100056,CUST-F,ITM-0632,1,4.10
PO-100056,CUST-F,ITM-0721,6,32.64
PO-100057,CUST-C,ITM-0328,4,3.57
PO-100058,CUST-C,ITM-0327,50,2.04
PO-100058,CUST-C,ITM-1011,2,3.60
PO-100059,CUST-D,ITM-0404,2,3.11
PO-100060,CUST-A,ITM-0311,4,6.75
PO-100060,CUST-A,ITM-0403,12,2.21
PO-100060,CUST-A,ITM-0426,10,22.99
PO-100060,CUST-A,ITM-0433,6,0.99
PO-100061,CUST-H,ITM-0621,6,4.26
PO-100062,CUST-C,ITM-0433,2,1.21
PO-100062,CUST-C,ITM-1015,4,4.23
PO-100063,CUST-A,ITM-0306,4,0.96
PO-100063,CUST-A,ITM-0517,10,41.86
PO-100063,CUST-A,ITM-0612,4,4.07
PO-100063,CUST-A,ITM-0942,6,0.30
PO-100064,CUST-A,ITM-0310,6,4.14
PO-100064,CUST-A,ITM-0434,4,1.42
PO-100065,CUST-A,ITM-0220,2,2.64
PO-100065,CUST-A,ITM-0237,50,2.88
PO-100065,CUST-A,ITM-0815,6,7.68
PO-100066,CUST-A,ITM-0412,2,1.03
PO-100066,CUST-A,ITM-0808,24,1.63
PO-100066,CUST-A,ITM-0929,4,
PO-100067,CUST-D,ITM-1015,2,3.98
PO-100068,CUST-G,ITM-0220,6,
PO-100068,CUST-G,ITM-1015,2,4.83
PO-100068,CUST-G,ITM-1015,2,4.83
PO-100069,CUST-A,ITM-0201,24,3.73
PO-100069,CUST-A,ITM-0903,5,0.20
PO-100070,CUST-D,ITM-0511,12,25.56
PO-100070,CUST-D,ITM-0922,1,5.84
PO-100071,CUST-H,ITM-0211,2,13.15
PO-100071,CUST-H,ITM-0246,4,2.22
PO-100071,CUST-H,ITM-0426,2,24.52
PO-100071,CUST-H,ITM-0733,4,24.16
PO-100071,CUST-H,ITM-0809,5,2.49
PO-100071,CUST-H,ITM-0822,2,33.71
PO-100071,CUST-H,ITM-1011,4,3.72
PO-100072,CUST-F,ITM-0225,1,2.43
PO-100073,CUST-A,ITM-0902,6,4.21
PO-100074,CUST-D,ITM-0243,1,0.72
PO-100074,CUST-D,ITM-0243,1,0.72
PO-100075,CUST-B,ITM-0228,24,4.57
PO-100075,CUST-B,ITM-0237,6,3.24
PO-100075,CUST-B,ITM-0715,12,75.41
PO-100075,CUST-B,ITM-0737,2,77.20
PO-100075,CUST-B,ITM-0942,10,0.34
PO-100076,CUST-G,ITM-0208,1,5.10
PO-100076,CUST-G,ITM-0208,1,5.10
PO-100076,CUST-G,ITM-0230,6,3.19
PO-100076,CUST-G,ITM-0614,4,5.75
PO-100077,CUST-H,ITM-0412,2,1.11
PO-100077,CUST-H,ITM-0414,24,1.80
PO-100077,CUST-H,ITM-0434,2,1.61
PO-100077,CUST-H,ITM-0511,10,25.29
PO-100077,CUST-H,ITM-1001,1,1.05
PO-100078,CUST-B,ITM-0627,12,7.37
PO-100079,CUST-C,ITM-0922,1,6.24
PO-100080,CUST-A,ITM-0220,6,2.44
PO-100080,CUST-A,ITM-0237,20,3.16
PO-100080,CUST-A,ITM-0246,6,2.07
PO-100080,CUST-A,ITM-0314,4,2.44
PO-100081,CUST-H,ITM-0903,5,0.22
PO-100082,CUST-A,ITM-0431,24,0.72
PO-100083,CUST-H,ITM-0618,6,4.10
PO-100084,CUST-F,ITM-0618,1,4.48
PO-100084,CUST-F,ITM-1020,24,8.56
PO-100085,CUST-B,ITM-0443,4,5.26
PO-100085,CUST-B,ITM-0808,12,1.91
PO-100086,CUST-A,ITM-0527,24,7.98
PO-100086,CUST-A,ITM-0612,6,3.97
PO-100086,CUST-A,ITM-0715,5,67.47
PO-100087,CUST-D,ITM-0220,10,2.76
PO-100087,CUST-D,ITM-0237,1,3.36
PO-100087,CUST-D,ITM-0246,1,2.20
PO-100087,CUST-D,ITM-0404,6,3.14
PO-100087,CUST-D,ITM-0629,4,2.95
PO-100087,CUST-D,ITM-0947,2,0.45
PO-100088,CUST-B,ITM-0243,2,0.77
PO-100088,CUST-B,ITM-0604,20,12.65
PO-100088,CUST-B,ITM-0610,10,2.32
PO-100089,CUST-F,ITM-0403,1,2.49
PO-100089,CUST-F,ITM-0404,10,3.17
PO-100089,CUST-F,ITM-0433,12,1.08
PO-100090,CUST-A,ITM-0306,2,0.96
PO-100091,CUST-G,ITM-1022,4,5.46
PO-100092,CUST-G,ITM-0306,10,1.04
PO-100092,CUST-G,ITM-0430,10,0.53
PO-100092,CUST-G,ITM-0611,1,3.60
PO-100092,CUST-G,ITM-0614,10,5.96
PO-100092,CUST-G,ITM-0621,2,4.15
PO-100092,CUST-G,ITM-1019,1,7.03
PO-100093,CUST-B,ITM-0104,6,63.56
PO-100094,CUST-C,ITM-0220,2,2.77
PO-100094,CUST-C,ITM-0228,2,4.91
PO-100094,CUST-C,ITM-0425,6,26.44
PO-100094,CUST-C,ITM-0629,1,3.27
PO-100095,CUST-B,ITM-0403,6,2.69
PO-100095,CUST-B,ITM-0618,4,4.30
PO-100096,CUST-C,ITM-0309,4,2.31
PO-100096,CUST-C,ITM-0917,6,4.34
PO-100097,CUST-C,ITM-0614,50,5.73
PO-100098,CUST-H,ITM-0311,4,7.48
PO-100098,CUST-H,ITM-0414,10,1.84
PO-100099,CUST-H,ITM-0253,50,1.25
PO-100100,CUST-A,ITM-0220,10,2.67
PO-100100,CUST-A,ITM-0246,24,1.87
PO-100100,CUST-A,ITM-0306,24,0.94
PO-100100,CUST-A,ITM-0612,50,3.82
PO-100100,CUST-A,ITM-0612,50,3.82
PO-100101,CUST-A,ITM-0433,1,1.10
PO-100101,CUST-A,ITM-0627,1,7.04
PO-100101,CUST-A,ITM-0921,6,3.80
PO-100101,CUST-A,ITM-1001,4,0.95
PO-100101,CUST-A,ITM-1022,24,4.67
PO-100103,CUST-E,ITM-0715,4,73.39
PO-100104,CUST-A,ITM-0623,10,2.48
PO-100105,CUST-F,ITM-0440,6,25.77
PO-100105,CUST-F,ITM-0629,2,3.19
PO-100105,CUST-F,ITM-0632,2,4.03
PO-100105,CUST-F,ITM-1015,6,4.40
PO-100106,CUST-A,ITM-0310,6,4.27
PO-100106,CUST-A,ITM-0612,1,3.95
PO-100107,CUST-B,ITM-0235,4,1.65
PO-100107,CUST-B,ITM-0511,4,26.84
PO-100107,CUST-B,ITM-1014,6,2.59
PO-100108,CUST-A,ITM-0230,12,3.01
PO-100109,CUST-C,ITM-0104,10,68.93
PO-100109,CUST-C,ITM-0442,4,20.90
PO-100110,CUST-H,ITM-0433,2,1.41
PO-100110,CUST-H,ITM-0527,1,10.22
PO-100111,CUST-G,ITM-0225,12,2.39
PO-100111,CUST-G,ITM-0434,12,1.54
PO-100111,CUST-G,ITM-0623,12,2.67
PO-100111,CUST-G,ITM-0910,3,1.09
PO-100111,CUST-G,ITM-0927,6,0.57
PO-100112,CUST-B,ITM-0208,6,5.20
PO-100112,CUST-B,ITM-0914,10,1.55
PO-100112,CUST-B,ITM-0929,2,1.17
PO-100113,CUST-D,ITM-0228,12,4.43
PO-100113,CUST-D,ITM-0237,10,3.18
PO-100113,CUST-D,ITM-0446,4,20.46
PO-100113,CUST-D,ITM-0611,2,3.47
PO-100113,CUST-D,ITM-0632,10,4.12
PO-100113,CUST-D,ITM-0939,10,16.05
PO-100114,CUST-D,ITM-0243,1,0.73
PO-100114,CUST-D,ITM-0627,1,7.21
PO-100114,CUST-D,ITM-0940,6,18.22
PO-100115,CUST-A,ITM-0433,6,1.08
PO-100115,CUST-A,ITM-0620,24,2.75
PO-100116,CUST-A,ITM-1015,2,4.16
PO-100117,CUST-B,ITM-0310,2,4.18
PO-100117,CUST-B,ITM-0426,1,25.62
PO-100118,CUST-A,ITM-0201,12,4.25
PO-100118,CUST-A,ITM-0517,24,39.91
PO-100118,CUST-A,ITM-0627,2,7.18
PO-100118,CUST-A,ITM-0721,1,31.64
PO-100118,CUST-A,ITM-0929,6,1.15
PO-100119,CUST-D,ITM-0104,2,72.57
PO-100119,CUST-D,ITM-0306,4,1.05
PO-100119,CUST-D,ITM-0517,1,45.25
PO-100119,CUST-D,ITM-0612,4,4.48
PO-100119,CUST-D,ITM-0943,1,24.70
PO-100120,CUST-H,ITM-0929,2,1.30
PO-100121,CUST-F,ITM-0235,24,1.49
PO-100121,CUST-F,ITM-0614,6,5.63
PO-100122,CUST-D,ITM-0508,10,16.70
PO-100123,CUST-D,ITM-0201,6,4.34
PO-100124,CUST-F,ITM-0414,12,1.95
PO-100124,CUST-F,ITM-0433,1,1.25
PO-100124,CUST-F,ITM-1010,1,9.53
PO-100125,CUST-A,ITM-0303,1,2.63
PO-100126,CUST-E,ITM-0255,12,1.48
PO-100126,CUST-E,ITM-0311,1,7.17
PO-100126,CUST-E,ITM-0416,1,2.73
PO-100126,CUST-E,ITM-0610,2,2.25
PO-100126,CUST-E,ITM-0715,2,69.77
PO-100127,CUST-A,ITM-0306,2,0.84
PO-100127,CUST-A,ITM-0929,2,1.16
PO-100128,CUST-F,ITM-0433,1,
PO-100128,CUST-F,ITM-0434,4,1.60
PO-100128,CUST-F,ITM-0609,6,1.65
PO-100128,CUST-F,ITM-0629,2,3.05
PO-100128,CUST-F,ITM-0902,6,4.24
PO-100128,CUST-F,ITM-1015,4,4.44
PO-100129,CUST-H,ITM-0225,6,2.32
PO-100129,CUST-H,ITM-1003,1,1.11
PO-100130,CUST-F,ITM-0328,2,2.98
PO-100130,CUST-F,ITM-0433,12,1.04
PO-100131,CUST-E,ITM-0314,4,2.73
PO-100131,CUST-E,ITM-0610,24,2.32
PO-100131,CUST-E,ITM-0920,2,2.97
PO-100131,CUST-E,ITM-1014,24,2.47
PO-100131,CUST-E,ITM-1019,2,6.22
PO-100132,CUST-D,ITM-0421,4,19.28
PO-100133,CUST-C,ITM-0416,2,2.84
PO-100133,CUST-C,ITM-0628,2,0.15
PO-100133,CUST-C,ITM-0715,4,70.58
PO-100133,CUST-C,ITM-0922,1,5.62
PO-100134,CUST-A,ITM-0243,2,0.69
PO-100134,CUST-A,ITM-0306,4,0.95
PO-100134,CUST-A,ITM-0902,1,4.38
PO-100135,CUST-G,ITM-0628,4,0.15
PO-100136,CUST-B,ITM-0230,50,2.80
PO-100136,CUST-B,ITM-0611,24,3.28
PO-100136,CUST-B,ITM-0721,5,33.71
PO-100137,CUST-A,ITM-0243,12,0.72
PO-100137,CUST-A,ITM-0805,2,32.24
PO-100137,CUST-A,ITM-0805,2,32.24
PO-100138,CUST-A,ITM-0403,6,2.36
PO-100138,CUST-A,ITM-0426,10,24.80
PO-100138,CUST-A,ITM-0612,6,4.07
PO-100138,CUST-A,ITM-0618,24,3.59
PO-100139,CUST-C,ITM-0430,2,0.55
PO-100139,CUST-C,ITM-0614,4,5.98
PO-100140,CUST-B,ITM-0228,2,4.68
PO-100140,CUST-B,ITM-0611,10,3.57
PO-100140,CUST-B,ITM-0611,10,3.57
PO-100141,CUST-A,ITM-0737,10,74.22
PO-100142,CUST-D,ITM-0328,2,3.09
PO-100142,CUST-D,ITM-0402,3,1.81
PO-100142,CUST-D,ITM-0426,4,23.82
PO-100142,CUST-D,ITM-0431,2,0.80
PO-100142,CUST-D,ITM-1017,10,3.08
PO-100143,CUST-D,ITM-0314,24,2.54
PO-100143,CUST-D,ITM-0621,2,4.12
PO-100143,CUST-D,ITM-0917,20,3.67
PO-100143,CUST-D,ITM-0920,12,2.96
PO-100143,CUST-D,ITM-1001,12,1.08
PO-100144,CUST-H,ITM-0412,10,0.98
PO-100144,CUST-H,ITM-0434,24,1.37
PO-100145,CUST-D,ITM-0254,2,1.71
PO-100145,CUST-D,ITM-0426,2,25.49
PO-100145,CUST-D,ITM-0938,1,13.57
PO-100146,CUST-G,ITM-0201,4,4.47
PO-100146,CUST-G,ITM-0306,2,0.96
PO-100146,CUST-G,ITM-0310,4,4.49
PO-100147,CUST-H,ITM-0632,6,4.25
PO-100148,CUST-C,ITM-0612,2,4.08
PO-100148,CUST-C,ITM-0629,6,3.05
PO-100148,CUST-C,ITM-0942,6,0.30
PO-100148,CUST-C,ITM-1011,24,3.60
PO-100149,CUST-A,ITM-0237,10,3.10
PO-100149,CUST-A,ITM-0940,4,18.67
PO-100149,CUST-A,ITM-1003,12,1.07
PO-100149,CUST-A,ITM-1003,12,1.07
PO-100150,CUST-D,ITM-0433,24,1.07
PO-100150,CUST-D,ITM-0627,24,7.37
PO-100150,CUST-D,ITM-1010,2,9.07
PO-100150,CUST-D,ITM-1015,2,4.56
PO-100151,CUST-C,ITM-0254,2,1.84
PO-100151,CUST-C,ITM-0257,20,0.70
PO-100151,CUST-C,ITM-0612,4,4.36
PO-100151,CUST-C,ITM-0623,10,2.64
PO-100151,CUST-C,ITM-1015,24,4.80
PO-100152,CUST-B,ITM-0621,4,4.32
PO-100153,CUST-B,ITM-0243,4,0.74
PO-100153,CUST-B,ITM-0611,4,3.59
PO-100153,CUST-B,ITM-0914,4,1.79
PO-100153,CUST-B,ITM-0929,2,1.26
PO-100154,CUST-A,ITM-0201,1,4.32
PO-100154,CUST-A,ITM-0250,5,61.52
PO-100154,CUST-A,ITM-0611,4,3.30
PO-100154,CUST-A,ITM-0621,2,3.86
PO-100154,CUST-A,ITM-0903,1,0.19
PO-100155,CUST-D,ITM-0246,6,2.05
PO-100155,CUST-D,ITM-0426,2,22.76
PO-100156,CUST-A,ITM-0610,10,2.20
PO-100156,CUST-A,ITM-0610,10,2.20
PO-100156,CUST-A,ITM-0721,1,33.65
PO-100156,CUST-A,ITM-0904,1,0.32
PO-100156,CUST-A,ITM-1014,10,2.62
PO-100157,CUST-B,ITM-0446,2,23.07
PO-100157,CUST-B,ITM-1015,10,4.60
PO-100158,CUST-B,ITM-0437,4,2.05
PO-100159,CUST-A,ITM-0612,10,4.18
PO-100159,CUST-A,ITM-0623,10,2.42
PO-100159,CUST-A,ITM-1015,1,4.30
PO-100160,CUST-H,ITM-0231,1,5.35
PO-100160,CUST-H,ITM-0243,4,0.78
PO-100160,CUST-H,ITM-0629,4,3.40
PO-100160,CUST-H,ITM-0715,6,71.48
PO-100161,CUST-E,ITM-0257,6,0.71
PO-100162,CUST-A,ITM-0942,4,0.29
PO-100163,CUST-A,ITM-0612,50,3.47
PO-100164,CUST-C,ITM-0915,5,2.73
PO-100165,CUST-F,ITM-0437,6,2.16
PO-100165,CUST-F,ITM-0733,2,23.54
PO-100165,CUST-F,ITM-0907,6,0.77
PO-100165,CUST-F,ITM-1010,6,10.41
PO-100165,CUST-F,ITM-1010,6,10.41
PO-100165,CUST-F,ITM-1020,10,9.07
PO-100166,CUST-F,ITM-0627,10,7.83
PO-100167,CUST-C,ITM-0326,3,3.05
PO-100167,CUST-C,ITM-0437,4,2.18
PO-100167,CUST-C,ITM-0605,6,17.99
PO-100167,CUST-C,ITM-0629,1,3.05
PO-100167,CUST-C,ITM-1015,2,4.55
PO-100168,CUST-F,ITM-0902,24,4.23
PO-100168,CUST-F,ITM-1014,1,2.68
PO-100169,CUST-C,ITM-0220,4,2.64
PO-100169,CUST-C,ITM-0425,2,24.96
PO-100170,CUST-D,ITM-0220,24,2.55
PO-100170,CUST-D,ITM-1018,4,5.19
PO-100171,CUST-A,ITM-0432,10,0.94
PO-100172,CUST-D,ITM-0414,6,1.82
PO-100172,CUST-D,ITM-0809,3,2.32
PO-100172,CUST-D,ITM-0809,3,2.32
PO-100172,CUST-D,ITM-0914,12,1.52
PO-100173,CUST-C,ITM-0437,2,2.14
PO-100174,CUST-B,ITM-0228,6,4.63
PO-100174,CUST-B,ITM-0433,6,1.29
PO-100174,CUST-B,ITM-0433,6,1.29
PO-100174,CUST-B,ITM-0442,6,22.50
PO-100174,CUST-B,ITM-0914,2,1.61
PO-100175,CUST-B,ITM-1011,4,3.68
PO-100175,CUST-B,ITM-1015,24,4.41
PO-100176,CUST-F,ITM-0237,2,3.23
PO-100176,CUST-F,ITM-0629,10,3.07
PO-100177,CUST-C,ITM-0211,1,13.03
PO-100177,CUST-C,ITM-0237,6,3.23
PO-100177,CUST-C,ITM-0408,6,5.39
PO-100179,CUST-G,ITM-0220,3,2.72
PO-100179,CUST-G,ITM-0404,10,3.33
PO-100180,CUST-A,ITM-0225,4,2.30
PO-100180,CUST-A,ITM-0237,4,3.24
PO-100181,CUST-E,ITM-0237,3,3.37
PO-100181,CUST-E,ITM-0246,50,2.02
PO-100181,CUST-E,ITM-0246,50,2.02
PO-100181,CUST-E,ITM-0311,10,7.51
PO-100181,CUST-E,ITM-0311,10,7.51
PO-100181,CUST-E,ITM-0416,2,2.89
PO-100181,CUST-E,ITM-0904,10,0.36
PO-100182,CUST-A,ITM-0609,10,1.51
PO-100183,CUST-D,ITM-0235,6,1.67
PO-100183,CUST-D,ITM-0328,1,3.28
PO-100183,CUST-D,ITM-0517,2,39.99
PO-100183,CUST-D,ITM-0605,4,15.77
PO-100183,CUST-D,ITM-0808,6,1.84
PO-100183,CUST-D,ITM-0922,1,5.71
PO-100184,CUST-A,ITM-0611,1,3.24
PO-100184,CUST-A,ITM-0914,50,1.31
PO-100184,CUST-A,ITM-0929,10,1.17
PO-100185,CUST-A,ITM-0535,6,7.83
PO-100186,CUST-H,ITM-0910,10,1.14
PO-100186,CUST-H,ITM-1001,2,1.02
PO-100187,CUST-B,ITM-0220,10,2.81
PO-100187,CUST-B,ITM-0629,24,3.02
PO-100187,CUST-B,ITM-0632,10,4.34
PO-100188,CUST-A,ITM-0412,2,1.09
PO-100189,CUST-G,ITM-0611,4,3.28
PO-100189,CUST-G,ITM-0623,4,2.58
PO-100190,CUST-B,ITM-0904,24,0.30
PO-100191,CUST-D,ITM-0412,1,1.05
PO-100191,CUST-D,ITM-0911,10,1.35
PO-100191,CUST-D,ITM-0942,10,0.32
PO-100191,CUST-D,ITM-1017,4,3.19
PO-100192,CUST-G,ITM-0230,10,3.34
PO-100192,CUST-G,ITM-0328,6,3.36
PO-100192,CUST-G,ITM-0609,6,1.59
PO-100192,CUST-G,ITM-0612,4,4.34
PO-100192,CUST-G,ITM-1003,4,1.22
PO-100192,CUST-G,ITM-1015,6,4.79
PO-100193,CUST-A,ITM-0201,10,4.20
PO-100193,CUST-A,ITM-0433,6,1.29
PO-100193,CUST-A,ITM-0721,10,38.85
PO-100193,CUST-A,ITM-1021,4,4.54
PO-100195,CUST-B,ITM-0220,2,2.98
PO-100195,CUST-B,ITM-0416,10,2.90
PO-100195,CUST-B,ITM-0629,6,3.16
PO-100196,CUST-A,ITM-0306,24,0.89
PO-100196,CUST-A,ITM-0311,24,7.12
PO-100197,CUST-A,ITM-0220,4,2.59
PO-100197,CUST-A,ITM-0737,12,65.79
PO-100197,CUST-A,ITM-0737,12,65.79
PO-100198,CUST-G,ITM-0237,4,3.22
PO-100198,CUST-G,ITM-0446,10,20.84
PO-100198,CUST-G,ITM-0737,3,78.89
PO-100198,CUST-G,ITM-0939,4,17.26
PO-100198,CUST-G,ITM-1015,6,4.44
PO-100200,CUST-C,ITM-0220,2,2.78
PO-100200,CUST-C,ITM-0403,2,2.59
PO-100200,CUST-C,ITM-0612,24,4.06
PO-100200,CUST-C,ITM-1015,2,4.70
PO-100201,CUST-H,ITM-0237,10,3.01
PO-100201,CUST-H,ITM-1008,6,1.46
PO-100202,CUST-A,ITM-0737,4,71.28
PO-100202,CUST-A,ITM-0943,4,23.02
PO-100202,CUST-A,ITM-1010,1,8.63
PO-100202,CUST-A,ITM-1015,2,4.07
PO-100203,CUST-H,ITM-0432,1,0.99
PO-100203,CUST-H,ITM-0629,5,3.00
PO-100203,CUST-H,ITM-1015,1,4.54
PO-100204,CUST-A,ITM-0237,3,3.07
PO-100204,CUST-A,ITM-0535,1,8.57
PO-100204,CUST-A,ITM-1008,24,1.27
PO-100205,CUST-B,ITM-0403,24,2.60
PO-100205,CUST-B,ITM-0412,10,1.12
PO-100205,CUST-B,ITM-0612,10,3.98
PO-100205,CUST-B,ITM-1011,4,4.04
PO-100206,CUST-F,ITM-0328,2,3.29
PO-100206,CUST-F,ITM-0328,2,3.29
PO-100206,CUST-F,ITM-0517,1,40.26
PO-100207,CUST-E,ITM-0310,2,4.52
PO-100207,CUST-E,ITM-0414,3,1.86
PO-100207,CUST-E,ITM-0426,6,25.02
PO-100207,CUST-E,ITM-0433,12,1.24
PO-100207,CUST-E,ITM-0434,20,1.39
PO-100207,CUST-E,ITM-1006,50,1.18
PO-100208,CUST-D,ITM-0426,10,26.03
PO-100208,CUST-D,ITM-0612,10,4.19
PO-100209,CUST-B,ITM-0721,12,34.07
PO-100210,CUST-D,ITM-0246,4,2.11
PO-100210,CUST-D,ITM-0306,4,0.98
PO-100210,CUST-D,ITM-0612,4,4.31
PO-100211,CUST-A,ITM-0426,3,25.36
PO-100211,CUST-A,ITM-0433,2,1.21
PO-100211,CUST-A,ITM-0604,1,12.06
PO-100212,CUST-B,ITM-0219,1,1.99
PO-100213,CUST-C,ITM-0201,4,4.16
PO-100213,CUST-C,ITM-0237,2,3.26
PO-100213,CUST-C,ITM-0629,24,2.96
PO-100214,CUST-A,ITM-0403,2,2.28
PO-100214,CUST-A,ITM-0412,2,0.97
PO-100214,CUST-A,ITM-0433,24,1.00
PO-100215,CUST-A,ITM-0224,4,1.45
PO-100215,CUST-A,ITM-0235,6,1.54
PO-100215,CUST-A,ITM-0243,10,0.68
PO-100215,CUST-A,ITM-0254,4,1.69
PO-100215,CUST-A,ITM-1006,1,1.31
PO-100215,CUST-A,ITM-1015,10,4.58
PO-100216,CUST-D,ITM-0414,6,1.72
PO-100218,CUST-B,ITM-0433,24,1.18
PO-100218,CUST-B,ITM-0611,1,3.50
PO-100219,CUST-D,ITM-0228,10,4.83
PO-100219,CUST-D,ITM-0237,4,3.15
PO-100219,CUST-D,ITM-0446,3,20.43
PO-100219,CUST-D,ITM-0611,6,3.58
PO-100219,CUST-D,ITM-0939,2,16.02
PO-100220,CUST-H,ITM-0224,2,1.43
PO-100220,CUST-H,ITM-0237,2,3.04
PO-100220,CUST-H,ITM-0306,4,1.00
PO-100220,CUST-H,ITM-0446,4,20.80
PO-100220,CUST-H,ITM-0605,4,16.32
PO-100220,CUST-H,ITM-0940,5,19.53
PO-100222,CUST-D,ITM-0440,2,26.59
PO-100222,CUST-D,ITM-0446,4,21.81
PO-100222,CUST-D,ITM-0446,4,21.81
PO-100222,CUST-D,ITM-0535,10,8.81
PO-100222,CUST-D,ITM-0922,2,6.11
PO-100222,CUST-D,ITM-1015,1,4.24
PO-100222,CUST-D,ITM-1022,4,5.25
PO-100223,CUST-H,ITM-0254,4,1.82
PO-100223,CUST-H,ITM-0431,6,0.85
PO-100223,CUST-H,ITM-0629,2,3.43
PO-100223,CUST-H,ITM-0920,6,3.07
PO-100224,CUST-A,ITM-0618,2,3.82
PO-100225,CUST-D,ITM-0228,3,4.67
PO-100225,CUST-D,ITM-0243,1,0.71
PO-100225,CUST-D,ITM-0929,1,1.28
PO-100226,CUST-D,ITM-0228,6,4.78
PO-100226,CUST-D,ITM-0243,10,0.81
PO-100226,CUST-D,ITM-0433,10,1.36
PO-100226,CUST-D,ITM-0917,6,4.01
PO-100226,CUST-D,ITM-0929,2,1.21
PO-100227,CUST-B,ITM-0243,10,0.72
PO-100227,CUST-B,ITM-0311,6,6.92
PO-100227,CUST-B,ITM-0431,10,0.81
PO-100227,CUST-B,ITM-0629,4,3.01
PO-100227,CUST-B,ITM-1015,2,4.37
PO-100229,CUST-B,ITM-0228,6,4.25
PO-100229,CUST-B,ITM-0414,1,1.82
PO-100229,CUST-B,ITM-0939,3,15.62
PO-100230,CUST-B,ITM-0228,2,4.63
PO-100230,CUST-B,ITM-0237,12,3.42
PO-100230,CUST-B,ITM-0425,6,26.83
PO-100230,CUST-B,ITM-0629,2,3.25
PO-100230,CUST-B,ITM-0904,1,0.34
PO-100231,CUST-H,ITM-0425,4,26.26
PO-100231,CUST-H,ITM-0434,6,1.58
PO-100231,CUST-H,ITM-0808,4,1.87
PO-100231,CUST-H,ITM-1014,10,2.91
PO-100232,CUST-H,ITM-1001,2,1.09
PO-100232,CUST-H,ITM-1022,2,5.63
PO-100233,CUST-A,ITM-0211,6,12.49
PO-100233,CUST-A,ITM-0220,24,2.46
PO-100233,CUST-A,ITM-0237,2,3.17
PO-100233,CUST-A,ITM-0629,24,2.67
PO-100233,CUST-A,ITM-0909,1,0.93
PO-100235,CUST-D,ITM-0228,12,4.45
PO-100235,CUST-D,ITM-0309,1,1.88
PO-100235,CUST-D,ITM-0426,4,26.52
PO-100235,CUST-D,ITM-0922,4,6.50
PO-100236,CUST-H,ITM-0243,12,0.67
PO-100236,CUST-H,ITM-0808,1,1.93
PO-100236,CUST-H,ITM-0907,24,0.71
PO-100237,CUST-A,ITM-0220,10,2.60
PO-100237,CUST-A,ITM-0628,6,0.14
PO-100237,CUST-A,ITM-0737,1,71.10
PO-100238,CUST-D,ITM-0443,1,4.72
PO-100238,CUST-D,ITM-0808,2,1.96
PO-100238,CUST-D,ITM-0940,1,20.04
PO-100238,CUST-D,ITM-1010,1,9.50
PO-100239,CUST-H,ITM-0224,1,1.56
PO-100239,CUST-H,ITM-0313,2,4.61
PO-100239,CUST-H,ITM-0628,10,0.16
PO-100239,CUST-H,ITM-0942,10,0.35
PO-100239,CUST-H,ITM-1014,2,2.70
PO-100240,CUST-F,ITM-0243,6,0.75
PO-100241,CUST-C,ITM-0442,4,21.92
PO-100241,CUST-C,ITM-0808,2,2.04
PO-100242,CUST-B,ITM-1020,12,8.96
PO-100243,CUST-F,ITM-0225,2,2.44
PO-100243,CUST-F,ITM-0426,6,23.63
PO-100243,CUST-F,ITM-0611,10,3.25
PO-100244,CUST-E,ITM-0255,4,1.49
PO-100244,CUST-E,ITM-0942,1,0.34
PO-100244,CUST-E,ITM-1006,10,1.30
PO-100245,CUST-A,ITM-0201,1,4.10
PO-100245,CUST-A,ITM-0611,10,3.30
PO-100245,CUST-A,ITM-0928,1,0.80
PO-100245,CUST-A,ITM-1018,6,4.85
PO-100246,CUST-B,ITM-0229,2,1.65
PO-100247,CUST-B,ITM-0220,1,2.82
PO-100247,CUST-B,ITM-0403,24,2.46
PO-100247,CUST-B,ITM-0426,1,27.34
PO-100247,CUST-B,ITM-0908,10,0.88
PO-100248,CUST-A,ITM-0446,2,21.24
PO-100248,CUST-A,ITM-0910,3,0.97
PO-100249,CUST-D,ITM-0627,20,7.25
PO-100250,CUST-A,ITM-0311,2,6.29
PO-100250,CUST-A,ITM-0403,5,2.23
PO-100250,CUST-A,ITM-0629,3,2.79
PO-100250,CUST-A,ITM-0808,10,1.77
PO-100250,CUST-A,ITM-0815,4,7.61
PO-100251,CUST-A,ITM-0229,6,1.53
PO-100251,CUST-A,ITM-0246,4,2.07
PO-100251,CUST-A,ITM-0246,4,2.07
PO-100251,CUST-A,ITM-0621,10,3.98
PO-100252,CUST-H,ITM-0430,2,0.52
PO-100252,CUST-H,ITM-0430,2,0.52
PO-100253,CUST-D,ITM-0508,6,16.13
PO-100253,CUST-D,ITM-0808,12,1.80
PO-100254,CUST-E,ITM-0220,4,2.64
PO-100254,CUST-E,ITM-0228,12,4.49
PO-100254,CUST-E,ITM-0237,10,3.31
PO-100254,CUST-E,ITM-0246,4,2.13
PO-100255,CUST-H,ITM-0517,24,41.78
PO-100255,CUST-H,ITM-0604,12,12.93
PO-100255,CUST-H,ITM-0628,1,0.16
PO-100255,CUST-H,ITM-0715,6,76.93
PO-100256,CUST-B,ITM-0220,10,2.81
PO-100256,CUST-B,ITM-0228,4,4.70
PO-100256,CUST-B,ITM-0629,12,3.22
PO-100257,CUST-B,ITM-0228,10,4.82
PO-100257,CUST-B,ITM-0237,2,3.33
PO-100257,CUST-B,ITM-0326,2,2.78
PO-100257,CUST-B,ITM-0440,1,29.45
PO-100257,CUST-B,ITM-0611,50,3.44
PO-100257,CUST-B,ITM-0737,2,83.16
PO-100258,CUST-D,ITM-0243,12,0.69
PO-100258,CUST-D,ITM-0306,5,0.94
PO-100258,CUST-D,ITM-0311,12,6.80
PO-100258,CUST-D,ITM-0917,10,3.72
PO-100259,CUST-D,ITM-0228,4,4.61
PO-100259,CUST-D,ITM-0426,4,25.50
PO-100259,CUST-D,ITM-0604,4,13.16
PO-100259,CUST-D,ITM-0627,24,7.52
PO-100259,CUST-D,ITM-0922,6,5.93
PO-100260,CUST-D,ITM-1011,1,3.80
PO-100260,CUST-D,ITM-1017,10,3.12
PO-100261,CUST-D,ITM-0220,2,2.61
PO-100261,CUST-D,ITM-0237,4,3.11
PO-100261,CUST-D,ITM-1020,3,8.71
PO-100262,CUST-H,ITM-0237,12,3.38
PO-100262,CUST-H,ITM-0402,4,2.04
PO-100262,CUST-H,ITM-0402,4,2.04
PO-100262,CUST-H,ITM-0408,10,5.15
PO-100262,CUST-H,ITM-0815,24,7.96
PO-100262,CUST-H,ITM-0903,6,0.20
PO-100262,CUST-H,ITM-1018,2,5.13
PO-100263,CUST-B,ITM-0737,3,70.46
PO-100263,CUST-B,ITM-0902,1,4.29
PO-100264,CUST-F,ITM-0437,1,2.22
PO-100265,CUST-A,ITM-0220,12,2.68
PO-100265,CUST-A,ITM-0426,1,25.51
PO-100265,CUST-A,ITM-0612,24,3.92
PO-100265,CUST-A,ITM-0618,4,4.05
PO-100265,CUST-A,ITM-0623,10,2.38
PO-100265,CUST-A,ITM-1015,6,4.24
PO-100266,CUST-D,ITM-0225,24,2.25
PO-100266,CUST-D,ITM-0228,2,4.68
PO-100266,CUST-D,ITM-0404,24,3.37
PO-100266,CUST-D,ITM-0629,4,3.11
PO-100266,CUST-D,ITM-0909,1,1.01
PO-100267,CUST-H,ITM-0612,1,3.80
PO-100268,CUST-B,ITM-0220,12,2.95
PO-100268,CUST-B,ITM-0228,12,4.78
PO-100268,CUST-B,ITM-0311,1,7.37
PO-100268,CUST-B,ITM-0903,1,0.23
PO-100268,CUST-B,ITM-1020,20,8.99
PO-100269,CUST-H,ITM-1014,2,2.93
PO-100270,CUST-B,ITM-0604,4,13.37
PO-100270,CUST-B,ITM-0628,2,0.15
PO-100270,CUST-B,ITM-0629,24,3.23
PO-100270,CUST-B,ITM-0715,4,70.48
PO-100270,CUST-B,ITM-1015,6,4.53
PO-100271,CUST-D,ITM-0904,6,0.31
PO-100272,CUST-A,ITM-0612,2,4.14
PO-100274,CUST-B,ITM-0243,4,0.71
PO-100274,CUST-B,ITM-0611,1,3.25
PO-100274,CUST-B,ITM-0621,4,4.08
PO-100275,CUST-D,ITM-0426,5,25.97
PO-100275,CUST-D,ITM-0612,24,3.79
PO-100275,CUST-D,ITM-0627,4,7.26
PO-100275,CUST-D,ITM-0733,12,23.84
PO-100275,CUST-D,ITM-1017,2,3.23
PO-100276,CUST-F,ITM-0432,4,1.00
PO-100276,CUST-F,ITM-0433,1,1.22
PO-100276,CUST-F,ITM-0609,50,1.52
PO-100276,CUST-F,ITM-1015,6,4.76
PO-100277,CUST-F,ITM-0306,6,0.98
PO-100277,CUST-F,ITM-1003,2,1.19
PO-100277,CUST-F,ITM-1003,2,1.19
PO-100277,CUST-F,ITM-1015,10,4.43
PO-100278,CUST-B,ITM-0605,20,16.64
PO-100278,CUST-B,ITM-0808,12,1.89
PO-100278,CUST-B,ITM-0922,4,5.93
PO-100279,CUST-D,ITM-0426,10,24.87
PO-100281,CUST-G,ITM-0611,4,3.48
PO-100281,CUST-G,ITM-1015,10,4.65
PO-100281,CUST-G,ITM-1021,1,4.35
PO-100282,CUST-A,ITM-0243,10,0.65
PO-100282,CUST-A,ITM-0433,12,1.20
PO-100283,CUST-D,ITM-0306,4,1.03
PO-100283,CUST-D,ITM-0627,2,7.38
PO-100283,CUST-D,ITM-0632,4,4.20
PO-100283,CUST-D,ITM-0908,6,0.91
PO-100284,CUST-H,ITM-0220,10,2.40
PO-100284,CUST-H,ITM-0237,1,3.31
PO-100284,CUST-H,ITM-0408,10,5.36
PO-100284,CUST-H,ITM-0432,1,0.99
PO-100285,CUST-B,ITM-0306,2,1.00
PO-100285,CUST-B,ITM-0612,10,4.58
PO-100285,CUST-B,ITM-0628,4,0.15
PO-100286,CUST-D,ITM-0220,10,2.74
PO-100286,CUST-D,ITM-0908,1,0.84
PO-100287,CUST-A,ITM-0815,1,7.90
PO-100287,CUST-A,ITM-1011,6,3.84
PO-100288,CUST-E,ITM-0201,2,4.39
PO-100288,CUST-E,ITM-0310,6,4.89
PO-100288,CUST-E,ITM-0435,2,1.63
PO-100288,CUST-E,ITM-1008,6,1.44
PO-100288,CUST-E,ITM-1008,6,1.44
PO-100289,CUST-A,ITM-0629,2,3.12
PO-100289,CUST-A,ITM-0629,2,3.12
PO-100290,CUST-B,ITM-0446,10,20.03
PO-100290,CUST-B,ITM-0632,4,4.38
PO-100291,CUST-B,ITM-0416,2,2.99
PO-100291,CUST-B,ITM-0446,24,22.25
PO-100291,CUST-B,ITM-0614,2,6.11
PO-100291,CUST-B,ITM-0629,2,3.40
PO-100291,CUST-B,ITM-0632,2,4.17
PO-100293,CUST-C,ITM-0403,1,2.26
PO-100293,CUST-C,ITM-0629,12,2.87
PO-100293,CUST-C,ITM-0733,5,22.92
PO-100293,CUST-C,ITM-1006,24,1.18
PO-100294,CUST-B,ITM-0402,2,1.94
PO-100294,CUST-B,ITM-0440,6,27.67
PO-100294,CUST-B,ITM-0808,6,1.98
PO-100294,CUST-B,ITM-0809,12,2.63
PO-100295,CUST-B,ITM-0257,4,0.75
PO-100295,CUST-B,ITM-0403,1,2.43
PO-100295,CUST-B,ITM-0403,1,2.43
PO-100295,CUST-B,ITM-0426,3,24.31
PO-100295,CUST-B,ITM-0612,2,4.14
PO-100296,CUST-D,ITM-0446,10,22.49
PO-100296,CUST-D,ITM-0446,10,22.49
PO-100296,CUST-D,ITM-0805,2,33.10
PO-100297,CUST-F,ITM-0225,20,2.35
PO-100297,CUST-F,ITM-0414,6,1.96
PO-100297,CUST-F,ITM-0426,3,26.40
PO-100297,CUST-F,ITM-0433,2,1.26
PO-100297,CUST-F,ITM-0939,10,16.47
PO-100298,CUST-A,ITM-1015,6,4.32
PO-100299,CUST-A,ITM-0412,6,1.08
PO-100299,CUST-A,ITM-0511,4,25.81
PO-100299,CUST-A,ITM-0605,4,15.78
PO-100300,CUST-B,ITM-0404,5,3.00
PO-100300,CUST-B,ITM-0412,2,1.06
PO-100300,CUST-B,ITM-0433,4,1.13
PO-100300,CUST-B,ITM-0433,4,1.13
PO-100300,CUST-B,ITM-0527,2,8.36
PO-100300,CUST-B,ITM-0808,4,1.80
PO-100301,CUST-G,ITM-0220,1,2.98
PO-100301,CUST-G,ITM-0909,4,1.03
PO-100302,CUST-E,ITM-0257,4,0.71
PO-100302,CUST-E,ITM-0612,4,4.33
PO-100303,CUST-B,ITM-0715,12,74.33
PO-100303,CUST-B,ITM-0921,10,3.94
PO-100303,CUST-B,ITM-0943,4,25.21
PO-100304,CUST-D,ITM-0426,2,23.83
PO-100305,CUST-F,ITM-0412,1,1.16
PO-100305,CUST-F,ITM-0414,1,1.96
PO-100306,CUST-B,ITM-0228,24,4.56
PO-100306,CUST-B,ITM-0237,4,3.24
PO-100306,CUST-B,ITM-0327,20,2.49
PO-100306,CUST-B,ITM-0629,2,3.16
PO-100307,CUST-A,ITM-0237,6,3.04
PO-100307,CUST-A,ITM-0306,12,0.91
PO-100307,CUST-A,ITM-0907,6,0.67
PO-100307,CUST-A,ITM-1015,10,3.91
PO-100307,CUST-A,ITM-1015,10,3.91
PO-100308,CUST-G,ITM-0511,10,27.70
PO-100308,CUST-G,ITM-0808,4,1.79
PO-100308,CUST-G,ITM-0902,6,4.61
PO-100308,CUST-G,ITM-1014,4,2.77
PO-100309,CUST-C,ITM-0629,1,3.01
PO-100310,CUST-A,ITM-0306,4,0.87
PO-100310,CUST-A,ITM-0306,4,0.87
PO-100310,CUST-A,ITM-0733,24,20.70
PO-100311,CUST-A,ITM-0431,4,0.76
PO-100311,CUST-A,ITM-0437,4,1.98
PO-100311,CUST-A,ITM-0535,1,8.65
PO-100311,CUST-A,ITM-0922,1,5.73
PO-100312,CUST-A,ITM-0237,20,3.07
PO-100312,CUST-A,ITM-0311,2,6.55
PO-100313,CUST-F,ITM-0902,2,4.46
PO-100313,CUST-F,ITM-1015,4,4.45
PO-100314,CUST-D,ITM-0228,24,4.46
PO-100314,CUST-D,ITM-0237,24,3.21
PO-100314,CUST-D,ITM-0629,4,3.11
PO-100315,CUST-C,ITM-1014,6,2.50
PO-100315,CUST-G,ITM-0434,6,1.50
PO-100315,CUST-G,ITM-0610,12,2.33
PO-100316,CUST-B,ITM-0251,6,2.63
PO-100316,CUST-B,ITM-0517,2,44.73
PO-100316,CUST-B,ITM-0628,2,0.17
PO-100317,CUST-B,ITM-0517,3,41.33
PO-100317,CUST-B,ITM-0535,2,8.83
PO-100317,CUST-B,ITM-0610,10,2.31
PO-100317,CUST-B,ITM-0808,12,1.82
PO-100317,CUST-B,ITM-0902,6,4.38
PO-100317,CUST-B,ITM-0929,10,1.17
PO-100318,CUST-A,ITM-0612,5,3.98
PO-100318,CUST-A,ITM-0943,2,23.99
PO-100320,CUST-E,ITM-0313,1,4.41
PO-100320,CUST-E,ITM-0446,6,21.16
PO-100320,CUST-E,ITM-0620,20,3.00
PO-100320,CUST-E,ITM-0922,12,6.16
PO-100321,CUST-A,ITM-0629,10,3.02
PO-100321,CUST-A,ITM-0917,4,3.36
PO-100322,CUST-F,ITM-0225,5,2.30
PO-100322,CUST-F,ITM-0433,4,1.22
PO-100323,CUST-B,ITM-1011,24,3.98
PO-100324,CUST-B,ITM-0229,3,1.60
PO-100324,CUST-B,ITM-0517,3,44.13
PO-100324,CUST-B,ITM-0612,24,4.29
PO-100324,CUST-B,ITM-0921,12,3.85
PO-100325,CUST-A,ITM-0737,4,71.06
PO-100326,CUST-A,ITM-0517,24,37.32
PO-100326,CUST-A,ITM-0808,4,1.64
PO-100327,CUST-C,ITM-0437,20,1.95
PO-100327,CUST-C,ITM-0610,1,2.35
PO-100327,CUST-C,ITM-0917,6,3.81
PO-100328,CUST-A,ITM-0220,12,2.77
PO-100329,CUST-G,ITM-0237,24,3.06
PO-100329,CUST-G,ITM-0939,24,16.11
PO-100330,CUST-A,ITM-0433,6,1.25
PO-100330,CUST-A,ITM-1011,2,4.00
PO-100331,CUST-B,ITM-1014,12,2.66
PO-100332,CUST-A,ITM-0632,24,3.83
PO-100333,CUST-C,ITM-0408,1,5.25
PO-100333,CUST-C,ITM-0614,6,5.92
PO-100333,CUST-C,ITM-0632,1,4.17
PO-100334,CUST-D,ITM-0228,5,5.03
PO-100334,CUST-D,ITM-0237,2,3.22
PO-100334,CUST-D,ITM-0306,2,1.08
PO-100334,CUST-D,ITM-0939,1,16.49
PO-100334,CUST-D,ITM-1015,24,4.42
PO-100335,CUST-D,ITM-0224,1,1.54
PO-100335,CUST-D,ITM-0431,50,0.68
PO-100336,CUST-A,ITM-0908,1,0.87
PO-100337,CUST-F,ITM-0211,5,13.52
PO-100337,CUST-F,ITM-0621,4,4.65
PO-100338,CUST-F,ITM-0426,24,25.16
PO-100338,CUST-F,ITM-0623,6,2.45
PO-100339,CUST-G,ITM-0627,6,8.18
PO-100339,CUST-G,ITM-0943,4,25.27
PO-100339,CUST-G,ITM-1015,10,4.38
PO-100340,CUST-E,ITM-0904,4,0.37
PO-100341,CUST-H,ITM-0255,4,1.57
PO-100341,CUST-H,ITM-1001,1,1.05
PO-100341,CUST-H,ITM-1008,6,1.42
PO-100342,CUST-A,ITM-0404,12,2.84
PO-100342,CUST-A,ITM-0414,6,1.78
PO-100342,CUST-A,ITM-0426,24,23.06
PO-100342,CUST-A,ITM-0434,10,1.40
PO-100342,CUST-A,ITM-0611,12,3.20
PO-100342,CUST-A,ITM-0627,4,7.22
PO-100343,CUST-A,ITM-0257,2,0.65
PO-100344,CUST-A,ITM-0104,10,65.78
PO-100344,CUST-A,ITM-0254,10,1.68
PO-100344,CUST-A,ITM-0416,2,2.73
PO-100344,CUST-A,ITM-0431,2,0.82
PO-100344,CUST-A,ITM-1015,6,4.25
PO-100345,CUST-G,ITM-0430,2,0.51
PO-100346,CUST-F,ITM-0235,2,1.69
PO-100347,CUST-A,ITM-0201,6,4.03
PO-100347,CUST-A,ITM-0311,6,6.71
PO-100347,CUST-A,ITM-0408,6,4.86
PO-100347,CUST-A,ITM-1015,4,4.22
PO-100348,CUST-A,ITM-0250,4,56.02
PO-100348,CUST-A,ITM-0432,2,0.98
PO-100348,CUST-A,ITM-0433,10,1.14
PO-100348,CUST-A,ITM-0437,2,1.88
PO-100348,CUST-A,ITM-0620,1,3.29
PO-100348,CUST-A,ITM-1015,12,4.28
PO-100349,CUST-H,ITM-0311,10,6.89
PO-100350,CUST-C,ITM-0220,1,2.91
PO-100350,CUST-C,ITM-0228,10,4.86
PO-100350,CUST-C,ITM-0237,6,3.50
PO-100350,CUST-C,ITM-0425,2,27.29
PO-100352,CUST-D,ITM-0251,10,2.33
PO-100352,CUST-D,ITM-0433,4,1.11
PO-100352,CUST-D,ITM-0627,2,7.42
PO-100352,CUST-D,ITM-0921,6,3.65
PO-100352,CUST-D,ITM-1015,2,4.05
PO-100352,CUST-D,ITM-1020,50,7.88
PO-100353,CUST-C,ITM-0629,20,3.29
PO-100354,CUST-E,ITM-0430,6,0.49
PO-100354,CUST-E,ITM-0517,1,42.73
PO-100354,CUST-E,ITM-0611,6,3.55
PO-100354,CUST-E,ITM-1019,2,6.66
PO-100355,CUST-H,ITM-0313,24,3.99
PO-100355,CUST-H,ITM-0604,4,12.70
PO-100355,CUST-H,ITM-0632,3,4.17
PO-100357,CUST-D,ITM-1020,1,8.92
PO-100358,CUST-D,ITM-0219,6,1.96
PO-100358,CUST-D,ITM-0310,1,4.70
PO-100358,CUST-D,ITM-0614,10,5.79
PO-100358,CUST-D,ITM-0627,4,7.67
PO-100359,CUST-C,ITM-1019,2,6.80
PO-100360,CUST-A,ITM-0402,4,1.89
PO-100362,CUST-B,ITM-0220,1,2.54
PO-100363,CUST-B,ITM-0104,1,75.70
PO-100363,CUST-B,ITM-0243,2,0.76
PO-100364,CUST-A,ITM-0306,1,0.92
PO-100364,CUST-A,ITM-0612,1,3.91
PO-100364,CUST-A,ITM-0623,1,
PO-100364,CUST-A,ITM-0737,10,67.94
PO-100364,CUST-A,ITM-1001,1,0.98
PO-100365,CUST-D,ITM-0605,2,15.18
PO-100366,CUST-E,ITM-0211,6,12.97
PO-100366,CUST-E,ITM-0306,2,0.96
PO-100366,CUST-E,ITM-0808,2,2.03
PO-100366,CUST-E,ITM-0920,10,2.96
PO-100367,CUST-A,ITM-0517,12,37.67
PO-100367,CUST-A,ITM-0721,4,32.11
PO-100367,CUST-A,ITM-0929,1,1.12
PO-100368,CUST-A,ITM-0621,4,3.90
PO-100368,CUST-A,ITM-0629,4,2.85
PO-100369,CUST-E,ITM-0426,6,26.57
PO-100369,CUST-E,ITM-0612,6,4.28
PO-100369,CUST-E,ITM-1015,4,4.49
PO-100370,CUST-F,ITM-0929,20,1.27
PO-100371,CUST-H,ITM-0253,2,1.21
PO-100371,CUST-H,ITM-0306,6,0.90
PO-100371,CUST-H,ITM-0309,12,2.00
PO-100371,CUST-H,ITM-0627,2,7.58
PO-100371,CUST-H,ITM-0632,10,4.24
PO-100371,CUST-H,ITM-0903,6,0.21
PO-100372,CUST-A,ITM-0310,2,4.49
PO-100373,CUST-F,ITM-0228,2,4.40
PO-100373,CUST-F,ITM-0250,4,60.07
PO-100373,CUST-F,ITM-0614,3,5.81
PO-100374,CUST-A,ITM-0306,10,0.98
PO-100374,CUST-A,ITM-0310,4,4.30
PO-100375,CUST-G,ITM-0254,3,1.73
PO-100376,CUST-E,ITM-1015,50,4.01
PO-100376,CUST-E,ITM-1015,50,4.01
PO-100377,CUST-A,ITM-0237,1,3.07
PO-100377,CUST-A,ITM-0408,6,4.97
PO-100377,CUST-A,ITM-0629,1,3.13
PO-100377,CUST-A,ITM-1018,1,5.20
PO-100378,CUST-A,ITM-0104,6,64.31
PO-100378,CUST-A,ITM-0612,1,4.06
PO-100379,CUST-A,ITM-0201,10,4.16
PO-100379,CUST-A,ITM-0243,20,0.71
PO-100379,CUST-A,ITM-0433,6,1.26
PO-100380,CUST-A,ITM-0403,1,2.19
PO-100380,CUST-A,ITM-0433,2,1.15
PO-100380,CUST-A,ITM-0942,2,0.30
PO-100381,CUST-A,ITM-0403,12,2.33
PO-100381,CUST-A,ITM-0612,5,3.98
PO-100382,CUST-D,ITM-0246,2,2.23
PO-100383,CUST-G,ITM-0412,4,1.04
PO-100383,CUST-G,ITM-0414,4,1.91
PO-100383,CUST-G,ITM-0612,2,3.89
PO-100383,CUST-G,ITM-0904,2,0.32
PO-100383,CUST-G,ITM-0947,10,0.43
PO-100383,CUST-G,ITM-1014,12,2.71
PO-100384,CUST-B,ITM-0220,6,2.69
PO-100384,CUST-B,ITM-0403,4,2.51
PO-100385,CUST-D,ITM-0208,10,5.14
PO-100385,CUST-D,ITM-0228,4,4.68
PO-100385,CUST-D,ITM-0243,2,0.73
PO-100387,CUST-A,ITM-0611,10,3.47
PO-100387,CUST-A,ITM-0737,10,71.71
PO-100387,CUST-A,ITM-0907,4,0.69
PO-100388,CUST-A,ITM-0237,1,2.95
PO-100388,CUST-A,ITM-0940,24,18.07
PO-100388,CUST-A,ITM-1015,2,3.92
PO-100389,CUST-B,ITM-0426,12,26.42
PO-100389,CUST-B,ITM-0808,1,2.01
PO-100389,CUST-B,ITM-0904,4,0.33
PO-100390,CUST-C,ITM-0437,4,1.95
PO-100390,CUST-C,ITM-0605,4,16.68
PO-100390,CUST-C,ITM-0629,10,2.97
PO-100390,CUST-C,ITM-0943,12,24.91
PO-100390,CUST-C,ITM-1015,20,4.31
PO-100391,CUST-D,ITM-0228,10,4.71
PO-100391,CUST-D,ITM-0229,20,1.58
PO-100391,CUST-D,ITM-0311,50,6.47
PO-100391,CUST-D,ITM-0815,6,8.25
PO-100391,CUST-D,ITM-0815,6,8.25
PO-100391,CUST-D,ITM-1021,3,4.46
PO-100393,CUST-G,ITM-0306,2,0.99
PO-100393,CUST-G,ITM-1019,1,6.35
PO-100394,CUST-D,ITM-0737,1,70.86
PO-100394,CUST-D,ITM-1001,4,1.01
PO-100395,CUST-C,ITM-0230,1,3.15
PO-100395,CUST-C,ITM-0243,2,0.79
PO-100395,CUST-C,ITM-0306,4,1.04
PO-100395,CUST-C,ITM-0309,4,2.06
PO-100395,CUST-C,ITM-0517,1,43.63
PO-100395,CUST-C,ITM-0902,5,45.20
PO-100396,CUST-B,ITM-0414,1,2.02
PO-100397,CUST-F,ITM-0306,4,0.94
PO-100397,CUST-F,ITM-0437,12,2.01
PO-100397,CUST-F,ITM-0440,4,26.49
PO-100397,CUST-F,ITM-0618,10,4.15
PO-100397,CUST-F,ITM-0808,4,1.90
PO-100398,CUST-G,ITM-0437,24,2.03
PO-100399,CUST-D,ITM-0211,5,12.46
PO-100399,CUST-D,ITM-0224,4,1.54
PO-100399,CUST-D,ITM-0243,24,0.64
PO-100399,CUST-D,ITM-0437,50,1.78
PO-100400,CUST-F,ITM-0433,3,1.16
PO-100401,CUST-H,ITM-0414,10,1.78
PO-100401,CUST-H,ITM-1001,5,1.04
PO-100402,CUST-A,ITM-0303,1,2.50
PO-100402,CUST-A,ITM-0527,4,8.44
PO-100402,CUST-A,ITM-0612,10,4.10
PO-100402,CUST-A,ITM-0623,4,2.52
PO-100402,CUST-A,ITM-0928,4,0.76
PO-100402,CUST-A,ITM-0943,4,23.41
PO-100402,CUST-H,ITM-0527,4,8.44
PO-100403,CUST-B,ITM-0611,1,3.36
PO-100404,CUST-H,ITM-0309,24,1.96
PO-100404,CUST-H,ITM-0403,6,2.66
PO-100404,CUST-H,ITM-1003,24,1.18
PO-100405,CUST-D,ITM-0246,10,2.09
PO-100405,CUST-D,ITM-0612,6,3.76
PO-100405,CUST-D,ITM-0627,3,7.67
PO-100405,CUST-D,ITM-0808,1,1.82
PO-100405,CUST-D,ITM-0947,2,0.43
PO-100406,CUST-D,ITM-0228,1,4.57
PO-100406,CUST-D,ITM-0620,6,3.04
PO-100406,CUST-D,ITM-1015,1,4.31
PO-100407,CUST-B,ITM-0328,1,3.40
PO-100407,CUST-B,ITM-0508,4,17.09
PO-100407,CUST-B,ITM-0605,4,16.17
PO-100407,CUST-B,ITM-0737,24,67.84
PO-100407,CUST-B,ITM-0929,20,1.14
PO-100408,CUST-F,ITM-0902,24,4.35
PO-100408,CUST-F,ITM-1011,24,4.36
PO-100409,CUST-A,ITM-0255,50,1.30
PO-100409,CUST-A,ITM-0408,4,4.83
PO-100410,CUST-A,ITM-0446,12,20.97
PO-100410,CUST-A,ITM-0942,20,0.32
PO-100410,CUST-A,ITM-1015,50,3.64
PO-100411,CUST-C,ITM-0211,10,12.55
PO-100412,CUST-A,ITM-0250,4,59.50
PO-100412,CUST-A,ITM-0433,1,1.11
PO-100412,CUST-A,ITM-0629,4,2.83
PO-100412,CUST-A,ITM-1001,10,0.99
PO-100412,CUST-A,ITM-1015,1,4.14
PO-100413,CUST-A,ITM-0612,1,3.88
PO-100413,CUST-A,ITM-0612,1,3.88
PO-100413,CUST-A,ITM-1015,2,4.45
PO-100414,CUST-F,ITM-0904,2,0.32
PO-100415,CUST-B,ITM-0208,2,5.51
PO-100416,CUST-A,ITM-0220,1,2.43
PO-100416,CUST-A,ITM-0612,12,3.82
PO-100416,CUST-A,ITM-0628,10,0.14
PO-100416,CUST-A,ITM-0909,2,0.91
PO-100416,CUST-A,ITM-0921,1,3.37
PO-100417,CUST-C,ITM-0231,4,4.95
PO-100417,CUST-C,ITM-0416,2,2.98
PO-100417,CUST-C,ITM-0614,2,6.13
PO-100417,CUST-C,ITM-0629,2,3.59
PO-100417,CUST-C,ITM-1015,12,4.54
PO-100418,CUST-D,ITM-0220,3,2.65
PO-100418,CUST-D,ITM-0426,12,25.95
PO-100418,CUST-D,ITM-0612,2,3.94
PO-100418,CUST-D,ITM-0623,12,2.44
PO-100418,CUST-D,ITM-1003,10,1.24
PO-100418,CUST-D,ITM-1015,6,4.51
PO-100419,CUST-F,ITM-0902,1,4.40
PO-100420,CUST-D,ITM-0303,6,2.77
PO-100420,CUST-D,ITM-0306,10,1.06
PO-100420,CUST-D,ITM-0517,50,39.02
PO-100420,CUST-D,ITM-0612,2,4.41
PO-100420,CUST-D,ITM-0927,12,0.54
PO-100421,CUST-D,ITM-0228,1,4.42
PO-100421,CUST-D,ITM-0434,2,1.49
PO-100421,CUST-D,ITM-0917,4,3.78
PO-100421,CUST-D,ITM-0928,3,0.83
PO-100421,CUST-D,ITM-1011,4,3.88
PO-100422,CUST-F,ITM-0433,2,1.18
PO-100422,CUST-F,ITM-0611,10,3.57
PO-100423,CUST-B,ITM-0426,2,24.28
PO-100423,CUST-B,ITM-0434,6,1.38
PO-100423,CUST-B,ITM-0611,24,3.16
PO-100424,CUST-A,ITM-0527,2,8.65
PO-100424,CUST-A,ITM-0604,1,11.50
PO-100424,CUST-A,ITM-0605,2,13.61
PO-100424,CUST-A,ITM-0612,6,3.92
PO-100424,CUST-A,ITM-0737,10,66.69
PO-100424,CUST-A,ITM-0942,4,0.28
PO-100425,CUST-C,ITM-0201,2,4.54
PO-100425,CUST-C,ITM-0250,1,65.31
PO-100425,CUST-C,ITM-0433,6,1.25
PO-100425,CUST-C,ITM-0614,4,6.82
PO-100425,CUST-C,ITM-0902,4,4.49
PO-100426,CUST-G,ITM-0208,2,4.78
PO-100427,CUST-G,ITM-0220,1,2.77
PO-100427,CUST-G,ITM-0432,2,1.03
PO-100428,CUST-G,ITM-0614,3,5.79
PO-100429,CUST-C,ITM-0104,10,72.44
PO-100429,CUST-C,ITM-0306,10,0.98
PO-100429,CUST-C,ITM-0621,6,4.19
PO-100430,CUST-A,ITM-0201,4,3.96
PO-100430,CUST-A,ITM-0433,6,1.19
PO-100430,CUST-A,ITM-0527,10,9.17
PO-100430,CUST-A,ITM-0928,1,0.76
PO-100431,CUST-C,ITM-0629,24,3.05
PO-100431,CUST-C,ITM-0903,10,0.22
PO-100432,CUST-G,ITM-0605,12,16.01
PO-100432,CUST-G,ITM-0737,4,73.90
PO-100432,CUST-G,ITM-0922,1,5.73
PO-100433,CUST-D,ITM-0208,6,5.05
PO-100433,CUST-D,ITM-0310,24,4.28
PO-100433,CUST-D,ITM-0611,2,3.27
PO-100433,CUST-D,ITM-0611,2,3.27
PO-100434,CUST-B,ITM-0220,10,2.70
PO-100434,CUST-B,ITM-0230,6,3.27
PO-100434,CUST-B,ITM-0403,2,2.53
PO-100435,CUST-A,ITM-0328,1,3.18
PO-100435,CUST-A,ITM-0610,2,2.29
PO-100435,CUST-A,ITM-0908,5,0.89
PO-100436,CUST-A,ITM-0426,1,22.84
PO-100436,CUST-A,ITM-0433,12,1.09
PO-100436,CUST-A,ITM-0527,24,8.11
PO-100436,CUST-A,ITM-0815,2,8.43
PO-100436,CUST-A,ITM-1014,3,2.58
PO-100437,CUST-C,ITM-0311,1,7.35
PO-100438,CUST-A,ITM-0611,5,3.34
PO-100438,CUST-A,ITM-0627,1,7.38
PO-100438,CUST-A,ITM-0903,24,0.19
PO-100439,CUST-A,ITM-0237,3,3.12
PO-100439,CUST-A,ITM-0314,12,2.27
PO-100439,CUST-A,ITM-0815,10,7.69
PO-100440,CUST-H,ITM-0230,12,3.14
PO-100441,CUST-B,ITM-0442,1,20.44
PO-100441,CUST-B,ITM-0721,4,34.23
PO-100441,CUST-B,ITM-1018,2,
PO-100442,CUST-A,ITM-0220,2,2.60
PO-100442,CUST-A,ITM-0623,4,2.40
PO-100443,CUST-F,ITM-0434,12,1.62
PO-100443,CUST-F,ITM-0902,2,4.48
PO-100444,CUST-D,ITM-0225,4,2.25
PO-100444,CUST-D,ITM-0426,10,24.65
PO-100444,CUST-D,ITM-0433,1,1.18
PO-100444,CUST-D,ITM-0939,10,16.25
PO-100445,CUST-B,ITM-0220,10,2.77
PO-100445,CUST-B,ITM-0632,24,4.26
PO-100446,CUST-B,ITM-0904,2,0.34
PO-100447,CUST-F,ITM-0237,1,3.23
PO-100447,CUST-F,ITM-0306,1,0.94
PO-100447,CUST-F,ITM-0609,5,1.45
PO-100447,CUST-F,ITM-0632,10,4.21
PO-100447,CUST-F,ITM-0921,1,4.26
PO-100448,CUST-B,ITM-0237,2,3.38
PO-100448,CUST-B,ITM-0313,4,4.62
PO-100448,CUST-B,ITM-0511,6,27.36
PO-100448,CUST-B,ITM-1022,2,5.94
PO-100449,CUST-F,ITM-0621,4,4.23
PO-100450,CUST-A,ITM-0403,50,2.13
PO-100450,CUST-A,ITM-0414,20,1.67
PO-100450,CUST-A,ITM-0433,4,1.05
PO-100450,CUST-A,ITM-0612,12,3.71
PO-100450,CUST-A,ITM-0612,12,3.71
PO-100450,CUST-A,ITM-0627,5,7.21
PO-100452,CUST-D,ITM-0326,24,2.57
PO-100454,CUST-B,ITM-0228,4,4.72
PO-100454,CUST-B,ITM-0237,1,3.37
PO-100454,CUST-B,ITM-0408,1,5.36
PO-100454,CUST-B,ITM-0416,6,3.00
PO-100454,CUST-B,ITM-1020,24,8.50
PO-100455,CUST-C,ITM-0903,2,0.23
PO-100456,CUST-A,ITM-0237,2,3.04
PO-100456,CUST-A,ITM-0306,12,0.96
PO-100456,CUST-A,ITM-1022,50,5.02
PO-100457,CUST-A,ITM-0414,6,1.63
PO-100457,CUST-A,ITM-0434,24,1.31
PO-100458,CUST-B,ITM-0309,10,2.05
PO-100458,CUST-B,ITM-0612,2,4.08
PO-100459,CUST-F,ITM-0433,2,1.11
PO-100459,CUST-F,ITM-1010,1,9.05
PO-100460,CUST-A,ITM-0208,20,4.62
PO-100460,CUST-A,ITM-0310,10,4.36
PO-100460,CUST-A,ITM-0517,2,40.09
PO-100460,CUST-A,ITM-0612,10,4.16
PO-100460,CUST-A,ITM-0928,5,0.74
PO-100461,CUST-E,ITM-0311,6,6.96
PO-100461,CUST-E,ITM-0403,1,2.39
PO-100461,CUST-E,ITM-0612,2,3.83
PO-100462,CUST-C,ITM-0104,4,71.07
PO-100462,CUST-C,ITM-0917,4,3.57
PO-100463,CUST-D,ITM-0313,10,4.04
PO-100463,CUST-D,ITM-0430,2,0.52
PO-100463,CUST-D,ITM-0446,10,21.01
PO-100463,CUST-D,ITM-0917,2,3.63
PO-100463,CUST-D,ITM-0922,24,5.41
PO-100463,CUST-D,ITM-1015,6,4.45
PO-100464,CUST-A,ITM-0208,1,4.69
PO-100464,CUST-A,ITM-0208,1,4.69
PO-100464,CUST-A,ITM-0612,2,4.11
PO-100464,CUST-A,ITM-1001,5,1.05
PO-100465,CUST-D,ITM-0421,10,20.66
PO-100465,CUST-D,ITM-0928,4,0.86
PO-100466,CUST-B,ITM-0243,1,0.76
PO-100467,CUST-B,ITM-0201,24,4.20
PO-100467,CUST-B,ITM-0228,4,4.83
PO-100467,CUST-B,ITM-0235,24,1.71
PO-100467,CUST-B,ITM-0629,6,3.15
PO-100468,CUST-D,ITM-0433,5,1.14
PO-100468,CUST-D,ITM-0605,1,16.74
PO-100468,CUST-D,ITM-1015,4,4.20
PO-100468,CUST-D,ITM-1017,4,3.21
PO-100469,CUST-D,ITM-0434,2,1.56
PO-100469,CUST-D,ITM-0808,1,1.97
PO-100470,CUST-A,ITM-0426,12,23.17
PO-100470,CUST-A,ITM-0433,2,1.21
PO-100471,CUST-A,ITM-0229,6,1.52
PO-100471,CUST-A,ITM-0612,12,3.89
PO-100471,CUST-A,ITM-0623,50,2.09
PO-100472,CUST-D,ITM-0412,10,1.05
PO-100472,CUST-D,ITM-0517,1,39.30
PO-100473,CUST-A,ITM-0440,6,24.55
PO-100474,CUST-A,ITM-0201,12,4.00
PO-100474,CUST-A,ITM-0254,5,1.64
PO-100474,CUST-A,ITM-0311,50,5.78
PO-100474,CUST-A,ITM-0430,6,0.46
PO-100475,CUST-F,ITM-0303,2,2.55
PO-100475,CUST-F,ITM-0306,2,0.98
PO-100475,CUST-F,ITM-0517,1,42.46
PO-100475,CUST-F,ITM-0612,4,4.49
PO-100475,CUST-F,ITM-0921,4,3.85
PO-100476,CUST-A,ITM-0250,4,58.69
PO-100476,CUST-A,ITM-0408,4,4.89
PO-100476,CUST-A,ITM-0927,6,0.52
PO-100477,CUST-C,ITM-0235,1,1.73
PO-100477,CUST-C,ITM-0425,2,26.48
PO-100477,CUST-C,ITM-0431,10,0.80
PO-100477,CUST-C,ITM-0434,2,1.52
PO-100477,CUST-C,ITM-0737,2,77.39
PO-100477,CUST-C,ITM-0808,10,1.83
PO-100478,CUST-D,ITM-0404,4,3.13
PO-100478,CUST-D,ITM-0627,4,7.64
PO-100478,CUST-D,ITM-0629,2,3.00
PO-100478,CUST-D,ITM-0947,5,0.45
PO-100479,CUST-D,ITM-1015,20,4.17
PO-100480,CUST-A,ITM-0224,1,1.37
PO-100480,CUST-A,ITM-0237,3,2.97
PO-100480,CUST-A,ITM-0326,1,2.57
PO-100480,CUST-A,ITM-0446,24,19.43
PO-100480,CUST-A,ITM-0611,2,3.24
PO-100480,CUST-A,ITM-1015,12,4.35
PO-100481,CUST-D,ITM-0243,4,0.70
PO-100481,CUST-D,ITM-0309,4,1.78
PO-100483,CUST-A,ITM-0310,12,4.44
PO-100483,CUST-A,ITM-0426,2,24.24
PO-100483,CUST-A,ITM-0433,2,1.16
PO-100483,CUST-A,ITM-0434,4,1.39
PO-100483,CUST-A,ITM-0943,2,22.74
PO-100484,CUST-A,ITM-0433,24,1.14
PO-100484,CUST-A,ITM-0604,10,11.58
PO-100484,CUST-A,ITM-1010,12,8.31
PO-100485,CUST-F,ITM-0808,10,1.71
PO-100485,CUST-F,ITM-0908,10,0.95
PO-100485,CUST-F,ITM-0913,2,1.31
PO-100486,CUST-D,ITM-0311,6,6.85
PO-100486,CUST-D,ITM-0426,6,23.77
PO-100487,CUST-B,ITM-0902,4,4.54
PO-100488,CUST-F,ITM-0201,2,4.18
PO-100488,CUST-F,ITM-0231,6,4.99
PO-100488,CUST-F,ITM-0431,24,0.80
PO-100488,CUST-F,ITM-0632,6,4.50
PO-100488,CUST-F,ITM-1015,2,4.58
PO-100489,CUST-G,ITM-0913,2,1.48
PO-100490,CUST-A,ITM-0404,5,2.97
PO-100490,CUST-A,ITM-0623,2,2.60
PO-100490,CUST-A,ITM-1001,6,1.06
PO-100491,CUST-E,ITM-0306,2,1.01
PO-100491,CUST-E,ITM-0310,2,4.57
PO-100492,CUST-H,ITM-0911,1,1.38
PO-100493,CUST-B,ITM-0403,6,2.52
PO-100493,CUST-B,ITM-0808,6,1.84
PO-100493,CUST-B,ITM-1006,12,1.26
PO-100494,CUST-C,ITM-0403,1,2.52
PO-100494,CUST-C,ITM-0414,6,1.84
PO-100494,CUST-C,ITM-0629,2,3.20
PO-100495,CUST-H,ITM-0237,2,3.04
PO-100495,CUST-H,ITM-0511,6,26.72
PO-100496,CUST-G,ITM-0412,24,1.05
PO-100497,CUST-A,ITM-0311,4,6.42
PO-100497,CUST-A,ITM-0618,2,4.13
PO-100497,CUST-A,ITM-0621,10,4.03
PO-100497,CUST-A,ITM-0907,4,0.68
PO-100497,CUST-A,ITM-0920,1,2.83
PO-100497,CUST-A,ITM-0920,1,2.83
PO-100499,CUST-A,ITM-0201,3,
PO-100499,CUST-A,ITM-0431,2,0.77
PO-100499,CUST-A,ITM-0621,5,4.05
PO-100499,CUST-A,ITM-0815,4,7.68
PO-100499,CUST-A,ITM-0904,1,0.31
PO-100500,CUST-A,ITM-0426,6,25.25
PO-100500,CUST-A,ITM-0612,6,4.09
PO-100502,CUST-A,ITM-0403,1,2.22
PO-100502,CUST-A,ITM-0426,10,23.23
PO-100502,CUST-A,ITM-0435,12,1.60
PO-100502,CUST-A,ITM-0913,50,1.26
PO-100503,CUST-D,ITM-0437,4,2.12
PO-100503,CUST-D,ITM-0922,24,6.16
PO-100504,CUST-F,ITM-0201,4,4.45
PO-100505,CUST-E,ITM-0434,12,1.51
PO-100505,CUST-E,ITM-1008,4,1.46
PO-100506,CUST-G,ITM-0430,4,0.51
PO-100506,CUST-G,ITM-0517,10,42.76
PO-100506,CUST-G,ITM-0621,3,4.20
PO-100507,CUST-A,ITM-0431,3,0.79
PO-100507,CUST-A,ITM-0511,12,25.46
PO-100507,CUST-A,ITM-0535,2,8.75
PO-100507,CUST-A,ITM-0902,4,4.12
PO-100507,CUST-A,ITM-0904,4,0.32
PO-100507,CUST-A,ITM-0922,1,5.68
PO-100508,CUST-D,ITM-0612,1,4.45
PO-100509,CUST-A,ITM-0426,12,23.90
PO-100509,CUST-A,ITM-0808,50,1.73
PO-100510,CUST-B,ITM-0104,1,70.51
PO-100511,CUST-E,ITM-0612,2,4.25
PO-100511,CUST-E,ITM-0628,10,0.17
PO-100512,CUST-B,ITM-0229,5,1.52
PO-100513,CUST-C,ITM-0621,6,4.39
PO-100513,CUST-C,ITM-0628,2,0.16
PO-100514,CUST-D,ITM-0435,1,1.61
PO-100515,CUST-B,ITM-0942,1,0.32
PO-100516,CUST-D,ITM-0611,10,3.35
PO-100517,CUST-B,ITM-0309,50,2.09
PO-100517,CUST-B,ITM-0902,1,4.13
PO-100518,CUST-C,ITM-0225,5,2.47
PO-100518,CUST-C,ITM-0228,4,4.84
PO-100518,CUST-C,ITM-0306,20,0.97
PO-100518,CUST-C,ITM-0605,4,16.87
PO-100518,CUST-C,ITM-1015,2,4.44
PO-100519,CUST-B,ITM-0306,10,0.99
PO-100519,CUST-B,ITM-0311,5,7.12
PO-100519,CUST-B,ITM-0733,1,23.25
PO-100520,CUST-A,ITM-1015,4,4.45
PO-100521,CUST-A,ITM-0328,4,3.13
PO-100521,CUST-A,ITM-0434,5,1.43
PO-100521,CUST-A,ITM-0437,6,1.87
PO-100521,CUST-A,ITM-0904,4,0.30
PO-100522,CUST-C,ITM-0632,2,4.40
PO-100523,CUST-D,ITM-0229,4,1.48
PO-100523,CUST-D,ITM-0947,1,0.41
PO-100523,CUST-D,ITM-1011,20,3.65
PO-100524,CUST-F,ITM-0414,4,1.99
PO-100524,CUST-F,ITM-0426,6,25.60
PO-100524,CUST-F,ITM-0433,24,1.20
PO-100524,CUST-F,ITM-0611,4,3.65
PO-100525,CUST-A,ITM-0623,1,2.40
PO-100526,CUST-H,ITM-0627,2,8.14
PO-100527,CUST-H,ITM-0627,1,7.94
PO-100527,CUST-H,ITM-0929,50,1.10
PO-100527,CUST-H,ITM-1018,2,5.70
PO-100528,CUST-A,ITM-0237,3,3.08
PO-100528,CUST-A,ITM-0306,2,0.96
PO-100528,CUST-A,ITM-0610,4,2.34
PO-100528,CUST-A,ITM-0942,1,0.33
PO-100529,CUST-B,ITM-0228,6,4.37
PO-100529,CUST-B,ITM-0943,2,23.95
PO-100530,CUST-D,ITM-0306,2,1.00
PO-100530,CUST-D,ITM-0808,10,1.99
PO-100530,CUST-D,ITM-0917,10,3.98
PO-100531,CUST-B,ITM-0201,1,4.51
PO-100531,CUST-B,ITM-0434,1,1.60
PO-100531,CUST-B,ITM-0628,6,0.17
PO-100532,CUST-D,ITM-0235,1,1.72
PO-100532,CUST-D,ITM-0255,2,1.61
PO-100532,CUST-D,ITM-0614,2,6.14
PO-100532,CUST-D,ITM-0920,1,3.09
PO-100533,CUST-H,ITM-0414,1,1.86
PO-100533,CUST-H,ITM-0808,12,1.80
PO-100534,CUST-C,ITM-0201,2,4.43
PO-100534,CUST-C,ITM-0243,24,0.68
PO-100534,CUST-C,ITM-0517,12,43.81
PO-100534,CUST-C,ITM-0908,4,0.96
PO-100537,CUST-C,ITM-0425,4,26.24
PO-100537,CUST-C,ITM-0437,6,2.15
PO-100537,CUST-C,ITM-0737,10,73.25
PO-100537,CUST-C,ITM-1014,12,2.72
PO-100538,CUST-H,ITM-0408,1,5.13
PO-100538,CUST-H,ITM-0612,4,4.40
PO-100538,CUST-H,ITM-0942,6,0.32
PO-100538,CUST-H,ITM-1001,12,1.09
PO-100538,CUST-H,ITM-1020,10,8.78
PO-100539,CUST-A,ITM-0431,1,0.72
PO-100540,CUST-C,ITM-1011,4,4.15
PO-100541,CUST-A,ITM-0255,10,1.48
PO-100541,CUST-A,ITM-0629,3,2.94
PO-100541,CUST-A,ITM-0632,3,4.05
PO-100542,CUST-A,ITM-0201,2,4.16
PO-100542,CUST-A,ITM-0433,4,1.22
PO-100543,CUST-D,ITM-0517,24,39.32
PO-100543,CUST-D,ITM-0517,24,39.32
PO-100544,CUST-D,ITM-0211,2,12.66
PO-100544,CUST-D,ITM-0228,5,4.71
PO-100544,CUST-D,ITM-0425,4,25.70
PO-100544,CUST-D,ITM-0629,1,3.08
PO-100544,CUST-D,ITM-1021,6,4.33
PO-100545,CUST-A,ITM-0328,1,3.16
PO-100545,CUST-A,ITM-0412,2,1.04
PO-100545,CUST-A,ITM-0431,4,0.77
PO-100545,CUST-A,ITM-0434,4,1.39
PO-100545,CUST-A,ITM-0610,1,2.21
PO-100546,CUST-A,ITM-0430,12,0.48
PO-100547,CUST-A,ITM-0201,4,3.97
PO-100547,CUST-A,ITM-1015,2,4.22
PO-100548,CUST-A,ITM-0327,1,2.24
PO-100548,CUST-A,ITM-0414,3,1.86
PO-100548,CUST-A,ITM-0433,1,1.21
PO-100548,CUST-A,ITM-0627,2,7.42
PO-100548,CUST-A,ITM-1003,10,1.14
PO-100549,CUST-H,ITM-0412,24,1.04
PO-100549,CUST-H,ITM-0434,4,1.51
PO-100550,CUST-A,ITM-0228,24,4.07
PO-100550,CUST-A,ITM-0433,5,1.18
PO-100551,CUST-D,ITM-0612,24,3.91
PO-100551,CUST-D,ITM-1015,10,4.48
PO-100552,CUST-B,ITM-0237,2,3.37
PO-100552,CUST-B,ITM-0442,2,20.87
PO-100552,CUST-B,ITM-0610,12,2.30
PO-100553,CUST-A,ITM-0403,6,2.21
PO-100553,CUST-A,ITM-0612,1,3.54
PO-100553,CUST-A,ITM-0733,4,21.10
PO-100553,CUST-A,ITM-0815,3,7.74
PO-100554,CUST-B,ITM-0402,10,1.79
PO-100554,CUST-B,ITM-0433,1,1.07
PO-100554,CUST-B,ITM-0808,6,1.90
PO-100554,CUST-B,ITM-0911,24,1.23
PO-100554,CUST-B,ITM-0913,4,1.38
PO-100555,CUST-C,ITM-0808,1,1.94
PO-100555,CUST-C,ITM-0939,2,15.82
PO-100557,CUST-F,ITM-0313,6,4.20
PO-100557,CUST-F,ITM-0535,10,8.83
PO-100558,CUST-H,ITM-0228,6,4.50
PO-100558,CUST-H,ITM-0231,4,4.71
PO-100558,CUST-H,ITM-0433,2,1.17
PO-100558,CUST-H,ITM-0611,3,3.47
PO-100558,CUST-H,ITM-1001,12,1.03
PO-100559,CUST-B,ITM-0306,24,0.88
PO-100560,CUST-H,ITM-0235,50,1.58
PO-100560,CUST-H,ITM-0237,2,3.27
PO-100560,CUST-H,ITM-0311,6,7.39
PO-100560,CUST-H,ITM-0903,2,0.21
PO-100561,CUST-A,ITM-0328,2,3.36
PO-100562,CUST-B,ITM-0201,4,4.19
PO-100562,CUST-B,ITM-0243,1,0.75
PO-100562,CUST-B,ITM-0611,2,3.28
PO-100563,CUST-H,ITM-0208,24,5.11
PO-100563,CUST-H,ITM-0220,4,2.88
PO-100563,CUST-H,ITM-0408,1,5.15
PO-100563,CUST-H,ITM-0604,12,12.13
PO-100563,CUST-H,ITM-1001,12,1.08
PO-100564,CUST-D,ITM-0237,24,3.02
PO-100564,CUST-D,ITM-1015,1,4.19
PO-100565,CUST-A,ITM-0237,6,3.18
PO-100566,CUST-B,ITM-0433,10,1.29
PO-100566,CUST-B,ITM-0929,10,1.12
PO-100567,CUST-D,ITM-0425,2,24.84
PO-100567,CUST-D,ITM-0431,50,0.75
PO-100567,CUST-D,ITM-0902,1,4.50
PO-100567,CUST-D,ITM-0922,1,6.39
PO-100568,CUST-G,ITM-0228,2,4.76
PO-100568,CUST-G,ITM-0326,6,2.77
PO-100568,CUST-G,ITM-0614,4,6.46
PO-100568,CUST-G,ITM-0928,10,0.82
PO-100568,CUST-G,ITM-1011,4,4.24
PO-100569,CUST-D,ITM-0255,2,1.54
PO-100569,CUST-D,ITM-0628,50,0.13
PO-100569,CUST-D,ITM-0943,4,22.90
PO-100570,CUST-A,ITM-0433,2,1.24
PO-100571,CUST-G,ITM-0943,10,25.17
PO-100572,CUST-B,ITM-0224,4,1.54
PO-100572,CUST-B,ITM-0402,50,1.76
PO-100573,CUST-B,ITM-0201,2,4.35
PO-100573,CUST-B,ITM-0243,24,0.74
PO-100574,CUST-A,ITM-0311,20,6.63
PO-100575,CUST-H,ITM-0612,24,4.32
PO-100575,CUST-H,ITM-0809,6,2.48
PO-100575,CUST-H,ITM-0938,4,13.62
PO-100576,CUST-B,ITM-0434,3,1.53
PO-100576,CUST-B,ITM-0609,4,1.57
PO-100577,CUST-B,ITM-0228,2,4.61
PO-100577,CUST-B,ITM-0237,12,3.12
PO-100577,CUST-B,ITM-0610,12,2.28
PO-100577,CUST-B,ITM-0620,1,2.95
PO-100577,CUST-B,ITM-0737,6,76.15
PO-100578,CUST-D,ITM-0627,6,7.67
PO-100578,CUST-D,ITM-1015,4,4.34
PO-100579,CUST-D,ITM-1001,10,1.00
PO-100579,CUST-D,ITM-1020,12,8.55
PO-100580,CUST-F,ITM-0446,24,22.15
PO-100582,CUST-H,ITM-0306,12,1.07
PO-100582,CUST-H,ITM-0604,2,13.74
PO-100583,CUST-D,ITM-0257,6,0.69
PO-100583,CUST-D,ITM-0403,24,2.16
PO-100583,CUST-D,ITM-0426,10,24.88
PO-100583,CUST-D,ITM-1015,4,4.50
PO-100585,CUST-D,ITM-0306,1,0.97
PO-100585,CUST-D,ITM-0446,1,21.00
PO-100585,CUST-D,ITM-0632,6,4.46
PO-100585,CUST-D,ITM-1003,4,1.10
PO-100587,CUST-D,ITM-0328,4,3.14
PO-100587,CUST-D,ITM-0426,10,24.46
PO-100587,CUST-D,ITM-0612,1,4.11
PO-100588,CUST-B,ITM-0808,4,1.89
PO-100589,CUST-A,ITM-0426,6,25.26
PO-100589,CUST-A,ITM-0815,6,8.01
PO-100590,CUST-B,ITM-0414,10,1.87
PO-100591,CUST-D,ITM-0235,1,1.67
PO-100591,CUST-D,ITM-0434,2,1.42
PO-100591,CUST-D,ITM-0517,1,40.99
PO-100592,CUST-A,ITM-0104,4,65.73
PO-100592,CUST-A,ITM-0311,24,6.29
PO-100592,CUST-A,ITM-0629,4,3.09
PO-100592,CUST-A,ITM-1015,3,4.12
PO-100593,CUST-B,ITM-0511,12,25.70
PO-100594,CUST-A,ITM-0431,6,0.75
PO-100594,CUST-A,ITM-0434,1,1.38
PO-100594,CUST-A,ITM-0721,4,32.93
PO-100595,CUST-F,ITM-0632,10,4.24
PO-100596,CUST-D,ITM-0939,24,14.99
PO-100597,CUST-E,ITM-0309,1,2.05
PO-100597,CUST-E,ITM-0433,1,1.22
PO-100597,CUST-E,ITM-0611,2,3.38
PO-100597,CUST-E,ITM-0623,4,2.70
PO-100597,CUST-E,ITM-0627,6,7.47
PO-100597,CUST-E,ITM-0910,12,1.10
PO-100599,CUST-B,ITM-0235,4,1.74
PO-100599,CUST-B,ITM-0605,12,16.97
PO-100599,CUST-B,ITM-0737,10,77.36
PO-100599,CUST-B,ITM-0902,12,5.06
PO-100600,CUST-C,ITM-0201,4,4.12
PO-100600,CUST-C,ITM-0306,1,0.94
PO-100600,CUST-C,ITM-0621,4,4.14
PO-100601,CUST-H,ITM-0733,24,22.79
PO-100601,CUST-H,ITM-0808,4,1.92
PO-100601,CUST-H,ITM-1014,1,2.63
PO-100602,CUST-C,ITM-0611,1,3.62
PO-100602,CUST-C,ITM-0614,6,6.35
PO-100604,CUST-E,ITM-0442,1,20.73
PO-100605,CUST-G,ITM-0434,10,1.44
PO-100605,CUST-G,ITM-0434,10,1.44
PO-100605,CUST-G,ITM-0611,6,3.29
PO-100605,CUST-G,ITM-0623,12,2.42
PO-100606,CUST-D,ITM-1018,2,4.66
PO-100607,CUST-F,ITM-0403,1,2.53
PO-100607,CUST-F,ITM-0412,6,1.07
PO-100607,CUST-F,ITM-0433,1,1.11
PO-100607,CUST-F,ITM-0629,2,2.88
PO-100608,CUST-C,ITM-0433,2,1.18
PO-100608,CUST-C,ITM-0808,1,1.92
PO-100608,CUST-C,ITM-0943,6,24.32
PO-100608,CUST-C,ITM-1015,12,4.57
PO-100609,CUST-H,ITM-0229,10,1.70
PO-100609,CUST-H,ITM-0612,6,4.36
PO-100609,CUST-H,ITM-0809,2,2.61
PO-100611,CUST-B,ITM-0914,10,1.70
PO-100612,CUST-A,ITM-0433,24,1.06
PO-100612,CUST-A,ITM-0612,2,3.88
PO-100612,CUST-A,ITM-1010,2,8.53
PO-100613,CUST-A,ITM-0250,1,59.64
PO-100613,CUST-A,ITM-0310,4,4.26
PO-100613,CUST-A,ITM-0611,1,3.23
PO-100613,CUST-A,ITM-0621,24,3.60
PO-100613,CUST-A,ITM-0929,2,1.13
PO-100613,CUST-A,ITM-1019,1,6.15
PO-100614,CUST-A,ITM-0433,2,1.14
PO-100614,CUST-A,ITM-0902,4,4.21
PO-100615,CUST-H,ITM-0220,10,2.77
PO-100615,CUST-H,ITM-1020,6,8.99
PO-100617,CUST-D,ITM-0211,2,12.59
PO-100617,CUST-D,ITM-0306,10,0.96
PO-100618,CUST-C,ITM-0201,2,4.23
PO-100618,CUST-C,ITM-0225,20,2.48
PO-100618,CUST-C,ITM-0416,6,3.01
PO-100618,CUST-C,ITM-0629,4,3.21
PO-100619,CUST-E,ITM-0511,1,25.63
PO-100619,CUST-E,ITM-0535,4,9.24
PO-100619,CUST-E,ITM-0610,2,2.39
PO-100619,CUST-E,ITM-0737,10,70.23
PO-100619,CUST-E,ITM-0929,12,1.16
PO-100620,CUST-H,ITM-0404,2,2.96
PO-100620,CUST-H,ITM-0412,10,1.09
PO-100621,CUST-G,ITM-0201,6,4.15
PO-100621,CUST-G,ITM-0253,6,1.17
PO-100621,CUST-G,ITM-0621,10,4.12
PO-100622,CUST-A,ITM-0220,10,2.69
PO-100622,CUST-A,ITM-0612,1,4.22
PO-100624,CUST-B,ITM-0426,6,23.90
PO-100624,CUST-B,ITM-0612,2,4.03
PO-100624,CUST-B,ITM-0808,2,1.92
PO-100624,CUST-B,ITM-0815,2,8.40
PO-100625,CUST-B,ITM-0412,10,1.09
PO-100625,CUST-B,ITM-0414,1,1.85
PO-100625,CUST-B,ITM-0808,2,1.81
PO-100625,CUST-B,ITM-0815,50,7.94
PO-100625,CUST-B,ITM-0913,4,1.43
PO-100626,CUST-H,ITM-0446,10,23.20
PO-100626,CUST-H,ITM-0922,6,6.08
PO-100627,CUST-C,ITM-0306,10,0.92
PO-100627,CUST-C,ITM-0621,4,4.26
PO-100627,CUST-C,ITM-0733,4,23.67
PO-100627,CUST-C,ITM-1019,1,6.82
PO-100628,CUST-A,ITM-0220,4,2.66
PO-100628,CUST-A,ITM-0237,12,3.17
PO-100628,CUST-A,ITM-0311,6,7.09
PO-100628,CUST-A,ITM-0632,6,4.05
PO-100629,CUST-D,ITM-0211,1,12.98
PO-100629,CUST-D,ITM-0632,2,4.22
PO-100629,CUST-D,ITM-0815,10,8.09
PO-100630,CUST-E,ITM-0434,4,1.49
PO-100631,CUST-A,ITM-0251,24,2.29
PO-100632,CUST-B,ITM-0903,4,0.21
PO-100632,CUST-B,ITM-1008,1,1.39
PO-100633,CUST-H,ITM-0434,6,1.55
PO-100633,CUST-H,ITM-0808,10,1.90
PO-100633,CUST-H,ITM-0911,6,1.25
PO-100633,CUST-H,ITM-1020,1,8.74
PO-100634,CUST-B,ITM-0309,10,2.13
PO-100635,CUST-E,ITM-0437,6,1.96
PO-100635,CUST-E,ITM-1014,2,2.51
PO-100636,CUST-E,ITM-0255,6,1.79
PO-100636,CUST-E,ITM-0612,24,4.15
PO-100636,CUST-E,ITM-0927,2,0.58
PO-100637,CUST-F,ITM-0611,10,3.52
PO-100638,CUST-A,ITM-0611,4,3.15
PO-100638,CUST-A,ITM-1015,3,3.76
PO-100639,CUST-C,ITM-0208,10,5.86
PO-100639,CUST-C,ITM-0250,6,67.92
PO-100640,CUST-C,ITM-0220,6,2.73
PO-100641,CUST-A,ITM-0326,12,2.76
PO-100641,CUST-A,ITM-0434,1,1.52
PO-100641,CUST-A,ITM-0527,6,8.72
PO-100641,CUST-A,ITM-0614,10,5.98
PO-100642,CUST-A,ITM-0250,6,57.09
PO-100643,CUST-A,ITM-0201,4,4.15
PO-100643,CUST-A,ITM-0310,2,4.18
PO-100643,CUST-A,ITM-0632,2,4.01
PO-100644,CUST-F,ITM-0250,4,65.43
PO-100644,CUST-F,ITM-0943,1,23.89
PO-100645,CUST-A,ITM-0255,1,1.56
PO-100645,CUST-A,ITM-0612,20,4.26
PO-100645,CUST-A,ITM-0909,2,0.91
PO-100646,CUST-H,ITM-0430,6,0.51
PO-100647,CUST-A,ITM-0434,6,1.51
PO-100647,CUST-A,ITM-0511,2,24.25
PO-100648,CUST-D,ITM-0426,1,26.88
PO-100648,CUST-D,ITM-0432,4,0.95
PO-100648,CUST-D,ITM-0609,12,1.50
PO-100648,CUST-D,ITM-0612,10,4.32
PO-100648,CUST-D,ITM-1003,2,1.18
PO-100648,CUST-D,ITM-1015,2,4.61
PO-100649,CUST-A,ITM-0250,2,56.54
PO-100650,CUST-D,ITM-1018,6,4.89
PO-100651,CUST-A,ITM-0431,10,0.77
PO-100651,CUST-A,ITM-0434,6,1.52
PO-100651,CUST-A,ITM-0610,1,2.29
PO-100651,CUST-A,ITM-0808,2,1.78
PO-100651,CUST-A,ITM-0929,2,1.12
PO-100652,CUST-G,ITM-0220,24,2.62
PO-100652,CUST-G,ITM-1015,12,4.53
PO-100653,CUST-D,ITM-0250,6,59.66
PO-100653,CUST-D,ITM-0255,1,1.55
PO-100653,CUST-D,ITM-0306,6,0.89
PO-100654,CUST-A,ITM-0220,10,2.62
PO-100655,CUST-F,ITM-0609,1,1.51
PO-100655,CUST-F,ITM-1015,6,4.69
PO-100656,CUST-B,ITM-1003,1,1.22
PO-100658,CUST-A,ITM-0250,10,61.72
PO-100658,CUST-A,ITM-1008,6,1.39
PO-100659,CUST-F,ITM-0408,10,5.40
PO-100659,CUST-F,ITM-1001,24,1.06
PO-100660,CUST-G,ITM-0228,2,4.74
PO-100660,CUST-G,ITM-1011,4,4.05
PO-100661,CUST-A,ITM-0309,24,1.97
PO-100661,CUST-A,ITM-0426,24,23.53
PO-100661,CUST-A,ITM-0612,2,4.46
PO-100661,CUST-A,ITM-0618,10,4.20
PO-100662,CUST-A,ITM-0433,6,1.18
PO-100662,CUST-A,ITM-0627,6,7.21
PO-100662,CUST-A,ITM-1001,20,0.96
PO-100662,CUST-A,ITM-1003,6,1.08
PO-100663,CUST-C,ITM-0220,10,2.80
PO-100663,CUST-C,ITM-0255,2,1.68
PO-100664,CUST-D,ITM-0228,50,4.37
PO-100664,CUST-D,ITM-0511,1,26.20
PO-100664,CUST-D,ITM-0611,12,3.46
PO-100664,CUST-D,ITM-1022,1,5.24
PO-100665,CUST-A,ITM-0201,10,4.27
PO-100665,CUST-A,ITM-0237,1,3.29
PO-100665,CUST-A,ITM-0311,1,7.28
PO-100666,CUST-H,ITM-0434,10,1.44
PO-100666,CUST-H,ITM-1015,1,4.28
PO-100667,CUST-A,ITM-0306,10,0.97
PO-100667,CUST-A,ITM-0421,1,15.72
PO-100667,CUST-A,ITM-0939,3,15.32
PO-100668,CUST-A,ITM-0535,24,8.08
PO-100668,CUST-A,ITM-0610,3,2.35
PO-100668,CUST-A,ITM-0902,5,37.80
PO-100668,CUST-A,ITM-0908,10,0.92
PO-100668,CUST-A,ITM-0922,4,5.99
PO-100668,CUST-A,ITM-1014,2,2.64
PO-100669,CUST-G,ITM-0326,6,2.66
PO-100669,CUST-G,ITM-0433,10,1.16
PO-100669,CUST-G,ITM-0605,2,
PO-100670,CUST-H,ITM-0255,6,1.60
PO-100670,CUST-H,ITM-0715,10,76.70
PO-100671,CUST-A,ITM-0426,24,22.87
PO-100671,CUST-A,ITM-0611,2,3.24
PO-100671,CUST-A,ITM-0623,12,2.44
PO-100671,CUST-A,ITM-0910,24,1.05
PO-100672,CUST-A,ITM-0508,3,16.55
PO-100673,CUST-F,ITM-0902,6,4.30
PO-100674,CUST-D,ITM-0403,2,2.50
PO-100674,CUST-D,ITM-0426,4,25.03
PO-100674,CUST-D,ITM-0612,4,4.03
PO-100674,CUST-D,ITM-0612,4,4.03
PO-100674,CUST-D,ITM-1003,10,1.15
PO-100674,CUST-D,ITM-1015,20,4.73
PO-100675,CUST-D,ITM-0228,24,4.32
PO-100676,CUST-A,ITM-0605,6,16.50
PO-100676,CUST-A,ITM-0605,6,16.50
PO-100676,CUST-A,ITM-0737,5,71.57
PO-100676,CUST-A,ITM-0902,12,4.15
PO-100676,CUST-A,ITM-0943,24,22.84
PO-100676,CUST-A,ITM-1015,12,4.12
PO-100677,CUST-C,ITM-0327,50,2.29
PO-100677,CUST-C,ITM-0408,2,5.50
PO-100677,CUST-C,ITM-0632,2,4.49
PO-100677,CUST-C,ITM-1021,6,4.45
PO-100678,CUST-F,ITM-0432,3,0.98
PO-100678,CUST-F,ITM-0433,2,1.16
PO-100678,CUST-F,ITM-0629,1,2.87
PO-100678,CUST-F,ITM-1015,6,4.49
PO-100679,CUST-C,ITM-0446,12,21.66
PO-100679,CUST-C,ITM-0908,6,0.92
PO-100679,CUST-C,ITM-1015,2,4.45
PO-100680,CUST-D,ITM-0246,6,2.01
PO-100680,CUST-D,ITM-0310,1,4.58
PO-100680,CUST-D,ITM-0517,5,43.15
PO-100680,CUST-D,ITM-0612,4,4.14
PO-100680,CUST-D,ITM-1020,4,8.23
PO-100681,CUST-A,ITM-0914,6,1.55
PO-100681,CUST-A,ITM-1018,50,4.57
PO-100682,CUST-A,ITM-0306,10,0.97
PO-100682,CUST-A,ITM-0612,1,3.99
PO-100682,CUST-A,ITM-1008,4,1.42
PO-100683,CUST-F,ITM-0433,1,1.24
PO-100683,CUST-F,ITM-0434,1,1.58
PO-100683,CUST-F,ITM-0614,12,6.32
PO-100684,CUST-A,ITM-0311,1,6.99
PO-100684,CUST-A,ITM-0618,6,4.19
PO-100684,CUST-A,ITM-0621,4,4.04
PO-100684,CUST-A,ITM-1020,24,8.26
PO-100685,CUST-B,ITM-0434,12,1.44
PO-100685,CUST-B,ITM-0902,2,4.43
PO-100685,CUST-B,ITM-1014,4,2.69
PO-100687,CUST-A,ITM-0815,4,8.22
PO-100688,CUST-C,ITM-0414,10,1.93
PO-100688,CUST-C,ITM-0629,1,3.15
PO-100688,CUST-C,ITM-0942,6,0.34
PO-100688,CUST-C,ITM-1014,6,2.70
PO-100689,CUST-A,ITM-0434,5,1.54
PO-100689,CUST-A,ITM-0508,10,16.71
PO-100689,CUST-A,ITM-0517,2,41.45
PO-100689,CUST-A,ITM-0535,12,8.62
PO-100689,CUST-A,ITM-0721,6,34.42
PO-100689,CUST-A,ITM-0929,4,1.08
PO-100690,CUST-D,ITM-0408,4,5.27
PO-100690,CUST-D,ITM-0629,4,2.95
PO-100691,CUST-B,ITM-0201,6,4.53
PO-100691,CUST-B,ITM-0243,4,0.77
PO-100691,CUST-B,ITM-0902,1,4.53
PO-100692,CUST-B,ITM-0104,3,65.64
PO-100692,CUST-B,ITM-0629,10,2.95
PO-100692,CUST-B,ITM-0902,4,4.29
PO-100693,CUST-D,ITM-0310,50,4.28
PO-100694,CUST-B,ITM-0311,24,6.69
PO-100694,CUST-B,ITM-0426,1,24.22
PO-100694,CUST-B,ITM-0808,4,1.98
PO-100695,CUST-A,ITM-0208,1,4.56
PO-100695,CUST-A,ITM-0220,3,2.60
PO-100695,CUST-A,ITM-0527,10,8.66
PO-100695,CUST-A,ITM-0612,50,3.70
PO-100696,CUST-B,ITM-0611,5,3.23
PO-100697,CUST-D,ITM-0437,2,1.98
PO-100697,CUST-D,ITM-1015,4,4.22
PO-100698,CUST-F,ITM-0433,3,1.24
PO-100698,CUST-F,ITM-0434,10,1.50
PO-100698,CUST-F,ITM-1015,3,4.47
PO-100699,CUST-D,ITM-0220,6,2.96
PO-100699,CUST-D,ITM-0311,12,7.78
PO-100699,CUST-D,ITM-0408,6,5.75
PO-100699,CUST-D,ITM-0947,5,0.47
PO-100700,CUST-H,ITM-0220,10,2.89
PO-100700,CUST-H,ITM-0309,4,2.17
PO-100700,CUST-H,ITM-0403,10,2.64
PO-100700,CUST-H,ITM-1015,1,4.85
PO-100701,CUST-G,ITM-0943,2,24.20
PO-100702,CUST-F,ITM-0943,1,25.13
PO-100702,CUST-F,ITM-1001,4,1.14
PO-100703,CUST-D,ITM-0224,10,1.58
PO-100704,CUST-A,ITM-0517,6,41.37
PO-100704,CUST-A,ITM-0612,2,4.05
PO-100704,CUST-A,ITM-1001,6,0.99
PO-100705,CUST-F,ITM-0311,12,7.62
PO-100705,CUST-F,ITM-0621,2,4.38
PO-100706,CUST-B,ITM-0437,6,1.96
PO-100706,CUST-B,ITM-0737,2,80.77
PO-100706,CUST-B,ITM-0737,2,80.77
PO-100706,CUST-B,ITM-0808,12,2.03
PO-100706,CUST-B,ITM-1015,1,4.66
PO-100707,CUST-D,ITM-0228,20,4.49
PO-100707,CUST-D,ITM-0310,2,4.64
PO-100707,CUST-D,ITM-0426,4,24.94
PO-100708,CUST-B,ITM-0255,2,1.62
PO-100709,CUST-A,ITM-0306,2,0.88
PO-100709,CUST-A,ITM-0311,6,7.10
PO-100709,CUST-A,ITM-1010,1,9.45
PO-100710,CUST-G,ITM-0237,10,3.23
PO-100710,CUST-G,ITM-0939,4,16.86
PO-100710,CUST-G,ITM-1015,1,4.20
PO-100710,CUST-G,ITM-1022,12,5.50
PO-100710,CUST-G,ITM-1022,12,5.50
PO-100711,CUST-D,ITM-0250,50,60.99
PO-100711,CUST-D,ITM-0306,50,0.90
PO-100711,CUST-D,ITM-0306,50,0.90
PO-100711,CUST-D,ITM-0614,2,6.06
PO-100712,CUST-D,ITM-0421,3,18.77
PO-100713,CUST-A,ITM-0629,2,2.83
PO-100713,CUST-A,ITM-0904,1,0.30
PO-100714,CUST-A,ITM-0434,6,1.39
PO-100714,CUST-A,ITM-0605,2,14.81
PO-100714,CUST-A,ITM-1014,6,2.50
PO-100715,CUST-A,ITM-0201,10,4.24
PO-100715,CUST-A,ITM-0433,4,1.23
PO-100715,CUST-A,ITM-0434,20,1.51
PO-100716,CUST-D,ITM-0733,6,21.34
PO-100716,CUST-D,ITM-1006,50,1.05
PO-100717,CUST-D,ITM-0434,2,1.59
PO-100717,CUST-D,ITM-1015,10,4.50
PO-100718,CUST-H,ITM-0920,4,3.15
PO-100719,CUST-D,ITM-0947,1,0.45
PO-100720,CUST-A,ITM-0228,6,4.60
PO-100720,CUST-A,ITM-0938,4,12.72
PO-100721,CUST-B,ITM-1015,10,4.08
PO-100723,CUST-G,ITM-0434,4,1.46
PO-100724,CUST-A,ITM-0201,6,3.81
PO-100724,CUST-A,ITM-0229,6,1.42
PO-100724,CUST-A,ITM-0402,10,1.69
PO-100724,CUST-A,ITM-0632,1,3.88
PO-100725,CUST-D,ITM-0517,4,43.29
PO-100726,CUST-B,ITM-0235,4,1.63
PO-100726,CUST-B,ITM-0446,4,22.40
PO-100726,CUST-B,ITM-0917,4,3.89
PO-100727,CUST-A,ITM-0310,2,4.29
PO-100728,CUST-D,ITM-1021,24,3.89
PO-100729,CUST-D,ITM-0403,6,2.60
PO-100729,CUST-D,ITM-1010,5,9.90
PO-100730,CUST-A,ITM-0220,1,2.64
PO-100730,CUST-A,ITM-0403,24,2.21
PO-100730,CUST-A,ITM-0612,4,4.09
PO-100730,CUST-A,ITM-0623,2,2.35
PO-100731,CUST-C,ITM-0201,24,4.24
PO-100733,CUST-F,ITM-0403,10,2.75
PO-100733,CUST-F,ITM-0938,2,14.57
PO-100734,CUST-F,ITM-0220,4,2.76
PO-100734,CUST-F,ITM-0220,4,2.76
PO-100734,CUST-F,ITM-0229,1,1.70
PO-100734,CUST-F,ITM-0426,4,26.73
PO-100734,CUST-F,ITM-0612,10,4.57
PO-100735,CUST-A,ITM-0201,2,3.95
PO-100736,CUST-C,ITM-0201,2,4.45
PO-100737,CUST-A,ITM-0257,2,0.69
PO-100737,CUST-A,ITM-0612,6,3.73
PO-100738,CUST-B,ITM-0306,4,1.06
PO-100738,CUST-B,ITM-0609,4,1.56
PO-100738,CUST-B,ITM-0632,3,4.61
PO-100738,CUST-B,ITM-0922,3,6.41
PO-100739,CUST-A,ITM-0254,6,1.66
PO-100739,CUST-A,ITM-0446,10,22.04
PO-100739,CUST-A,ITM-0610,10,2.29
PO-100740,CUST-A,ITM-0201,6,4.05
PO-100740,CUST-A,ITM-0250,6,60.71
PO-100740,CUST-A,ITM-0929,50,1.04
PO-100741,CUST-B,ITM-0437,1,1.93
PO-100742,CUST-B,ITM-0220,12,2.75
PO-100742,CUST-B,ITM-0246,5,2.19
PO-100742,CUST-B,ITM-0612,50,4.06
PO-100743,CUST-A,ITM-0235,24,1.60
PO-100743,CUST-A,ITM-0929,2,1.18
PO-100744,CUST-A,ITM-0434,4,1.41
PO-100744,CUST-A,ITM-0908,24,0.80
PO-100744,CUST-A,ITM-0929,20,1.09
PO-100745,CUST-C,ITM-0808,1,1.87
PO-100745,CUST-C,ITM-0922,10,5.80
PO-100746,CUST-A,ITM-0446,50,19.38
PO-100747,CUST-H,ITM-0527,10,9.79
PO-100747,CUST-H,ITM-0904,24,0.33
PO-100748,CUST-H,ITM-0228,1,4.73
PO-100748,CUST-H,ITM-0414,12,1.79
PO-100748,CUST-H,ITM-0611,1,3.65
PO-100749,CUST-A,ITM-0201,1,4.05
PO-100749,CUST-A,ITM-0433,24,1.21
PO-100750,CUST-B,ITM-0629,1,3.16
PO-100751,CUST-B,ITM-0737,24,65.55
PO-100751,CUST-B,ITM-0913,2,1.29
PO-100751,CUST-B,ITM-0913,2,1.29
PO-100752,CUST-A,ITM-0928,12,0.78
PO-100753,CUST-E,ITM-0306,10,0.94
PO-100753,CUST-E,ITM-0611,1,3.27
PO-100753,CUST-E,ITM-0621,6,4.21
PO-100753,CUST-E,ITM-1008,4,1.44
PO-100754,CUST-E,ITM-0434,6,1.65
PO-100754,CUST-E,ITM-0808,2,1.86
PO-100754,CUST-E,ITM-0904,1,0.34
PO-100755,CUST-F,ITM-0403,10,2.68
PO-100755,CUST-F,ITM-0426,2,28.23
PO-100755,CUST-F,ITM-0612,1,4.64
PO-100755,CUST-F,ITM-0623,1,2.64
PO-100755,CUST-F,ITM-1015,20,4.98
PO-100756,CUST-F,ITM-0426,2,27.20
PO-100757,CUST-G,ITM-0237,5,3.37
PO-100757,CUST-G,ITM-0535,5,9.44
PO-100757,CUST-G,ITM-0715,4,77.07
PO-100758,CUST-D,ITM-0943,24,22.75
PO-100759,CUST-D,ITM-0219,2,1.99
PO-100759,CUST-D,ITM-0511,4,24.68
PO-100759,CUST-D,ITM-0929,24,1.16
PO-100760,CUST-D,ITM-0228,2,4.91
PO-100760,CUST-D,ITM-0446,1,21.02
PO-100761,CUST-F,ITM-0306,4,0.98
PO-100761,CUST-F,ITM-0311,12,7.71
PO-100761,CUST-F,ITM-0621,10,4.21
PO-100761,CUST-F,ITM-0939,1,17.07
PO-100762,CUST-C,ITM-0605,24,15.18
PO-100762,CUST-C,ITM-0737,2,74.47
PO-100762,CUST-C,ITM-0908,2,0.92
PO-100762,CUST-C,ITM-0922,1,5.98
PO-100763,CUST-E,ITM-0224,5,1.49
PO-100763,CUST-E,ITM-0737,4,73.31
PO-100764,CUST-B,ITM-0426,4,27.36
PO-100764,CUST-B,ITM-0434,6,1.57
PO-100764,CUST-B,ITM-0611,10,3.65
PO-100765,CUST-D,ITM-0922,24,5.16
PO-100765,CUST-D,ITM-0927,50,0.46
PO-100766,CUST-F,ITM-0437,1,1.97
PO-100766,CUST-F,ITM-0442,2,19.98
PO-100766,CUST-F,ITM-0621,6,4.12
PO-100767,CUST-B,ITM-0225,3,2.43
PO-100767,CUST-B,ITM-0228,1,4.69
PO-100767,CUST-B,ITM-0404,24,3.10
PO-100767,CUST-B,ITM-0414,10,1.91
PO-100767,CUST-B,ITM-0426,2,25.64
PO-100767,CUST-B,ITM-0627,2,8.21
PO-100768,CUST-E,ITM-1020,1,9.22
PO-100769,CUST-D,ITM-0805,10,32.49
PO-100770,CUST-A,ITM-0414,2,1.84
PO-100771,CUST-A,ITM-0929,10,1.12
PO-100772,CUST-B,ITM-0426,2,24.63
PO-100773,CUST-D,ITM-0425,12,25.13
PO-100773,CUST-D,ITM-0517,4,38.44
PO-100773,CUST-D,ITM-0908,4,0.94
PO-100773,CUST-D,ITM-0922,2,6.02
PO-100774,CUST-D,ITM-0611,4,3.40
PO-100774,CUST-D,ITM-0939,24,14.09
PO-100775,CUST-B,ITM-0201,2,4.53
PO-100775,CUST-B,ITM-0416,20,3.00
PO-100775,CUST-B,ITM-0914,4,1.64
PO-100776,CUST-A,ITM-0904,5,0.33
PO-100777,CUST-G,ITM-0230,4,3.07
PO-100777,CUST-G,ITM-0618,4,3.99
PO-100778,CUST-D,ITM-0246,6,2.09
PO-100778,CUST-D,ITM-0306,12,0.97
PO-100779,CUST-B,ITM-0220,1,2.72
PO-100779,CUST-B,ITM-0426,4,26.59
PO-100779,CUST-B,ITM-0612,4,4.36
PO-100780,CUST-F,ITM-0246,1,2.04
PO-100780,CUST-F,ITM-1020,10,8.27
PO-100781,CUST-A,ITM-0431,4,0.80
PO-100781,CUST-A,ITM-0610,12,2.25
PO-100781,CUST-A,ITM-0808,5,1.84
PO-100781,CUST-A,ITM-0929,10,1.21
PO-100782,CUST-B,ITM-0442,24,19.32
PO-100782,CUST-B,ITM-1018,4,5.30
PO-100783,CUST-F,ITM-0237,12,3.28
PO-100783,CUST-F,ITM-0306,24,0.97
PO-100783,CUST-F,ITM-0611,12,3.79
PO-100783,CUST-F,ITM-0715,50,70.57
PO-100783,CUST-F,ITM-1015,12,4.63
PO-100784,CUST-A,ITM-0229,2,1.59
PO-100784,CUST-A,ITM-0306,1,0.97
PO-100784,CUST-A,ITM-0612,6,3.86
PO-100785,CUST-A,ITM-0426,10,25.88
PO-100786,CUST-E,ITM-0303,3,2.49
PO-100786,CUST-E,ITM-0434,2,1.56
PO-100786,CUST-E,ITM-0611,1,3.52
PO-100786,CUST-E,ITM-0927,10,0.55
PO-100786,CUST-E,ITM-1001,10,1.13
PO-100787,CUST-G,ITM-0328,12,3.34
PO-100788,CUST-A,ITM-0228,2,4.18
PO-100788,CUST-A,ITM-0433,4,1.18
PO-100788,CUST-A,ITM-0434,1,1.45
PO-100789,CUST-A,ITM-0306,4,0.98
PO-100789,CUST-A,ITM-0907,12,0.73
PO-100790,CUST-A,ITM-0426,2,23.59
PO-100790,CUST-A,ITM-0433,50,1.11
PO-100791,CUST-D,ITM-0425,4,25.18
PO-100791,CUST-D,ITM-0434,4,1.52
PO-100791,CUST-D,ITM-0922,4,5.90
PO-100791,CUST-D,ITM-0929,3,1.16
PO-100792,CUST-D,ITM-0326,2,2.80
PO-100792,CUST-D,ITM-0737,2,77.55
PO-100792,CUST-D,ITM-1010,6,9.53
PO-100792,CUST-D,ITM-1015,10,4.43
PO-100793,CUST-A,ITM-1015,12,4.02
PO-100794,CUST-A,ITM-0327,2,2.17
PO-100794,CUST-A,ITM-0426,4,25.90
PO-100795,CUST-D,ITM-0922,1,5.70
PO-100796,CUST-A,ITM-0306,2,1.01
PO-100796,CUST-A,ITM-0612,2,4.45
PO-100796,CUST-A,ITM-0928,1,0.83
PO-100797,CUST-B,ITM-0902,6,4.44
PO-100798,CUST-D,ITM-0310,5,4.57
PO-100798,CUST-D,ITM-0517,1,
PO-100798,CUST-D,ITM-0927,4,0.51
PO-100799,CUST-F,ITM-0306,6,1.08
PO-100799,CUST-F,ITM-0311,6,7.45
PO-100799,CUST-F,ITM-0621,6,4.68
PO-100799,CUST-F,ITM-0809,24,2.70
PO-100799,CUST-F,ITM-1010,3,10.75
PO-100799,CUST-F,ITM-1010,3,10.75
PO-100799,CUST-F,ITM-1020,4,9.26
PO-100800,CUST-D,ITM-0235,10,1.55
PO-100801,CUST-D,ITM-0104,1,65.81
PO-100801,CUST-D,ITM-0243,50,0.58
PO-100801,CUST-D,ITM-0311,6,6.92
PO-100801,CUST-D,ITM-0621,50,3.81
PO-100801,CUST-D,ITM-0939,2,15.14
PO-100802,CUST-D,ITM-0328,6,3.35
PO-100802,CUST-D,ITM-0612,2,3.92
PO-100802,CUST-D,ITM-1017,2,3.16
PO-100803,CUST-A,ITM-0426,6,24.07
PO-100803,CUST-A,ITM-0433,4,1.09
PO-100803,CUST-A,ITM-0527,2,8.67
PO-100803,CUST-A,ITM-0612,5,3.79
PO-100803,CUST-A,ITM-0629,1,3.07
PO-100803,CUST-A,ITM-0808,10,1.73
PO-100804,CUST-A,ITM-0201,12,3.98
PO-100804,CUST-A,ITM-0915,2,2.45
PO-100805,CUST-E,ITM-0808,1,1.74
PO-100805,CUST-E,ITM-0902,2,48.00
PO-100805,CUST-E,ITM-0904,10,0.33
PO-100805,CUST-E,ITM-0908,4,0.94
PO-100805,CUST-E,ITM-0929,3,1.18
PO-100805,CUST-E,ITM-1014,2,2.63
PO-100806,CUST-C,ITM-0303,2,2.60
PO-100806,CUST-C,ITM-0414,10,1.81
PO-100808,CUST-B,ITM-0412,6,1.10
PO-100809,CUST-A,ITM-0201,12,4.07
PO-100809,CUST-A,ITM-0208,10,4.84
PO-100809,CUST-A,ITM-0621,2,3.90
PO-100809,CUST-A,ITM-0929,6,1.12
PO-100810,CUST-H,ITM-0511,4,25.15
PO-100810,CUST-H,ITM-0605,5,15.75
PO-100810,CUST-H,ITM-1014,2,2.66
PO-100811,CUST-F,ITM-0434,4,1.61
PO-100811,CUST-F,ITM-1015,24,4.33
PO-100812,CUST-A,ITM-0621,5,4.41
PO-100812,CUST-A,ITM-0939,2,15.45
PO-100812,CUST-A,ITM-1001,6,1.11
PO-100813,CUST-D,ITM-0220,50,2.36
PO-100813,CUST-D,ITM-0618,10,4.06
PO-100814,CUST-D,ITM-0404,6,3.06
PO-100814,CUST-D,ITM-0408,10,5.04
PO-100814,CUST-D,ITM-0612,2,3.88
PO-100814,CUST-D,ITM-0628,10,0.14
PO-100814,CUST-D,ITM-0921,2,3.63
PO-100815,CUST-H,ITM-0306,4,1.00
PO-100815,CUST-H,ITM-0421,20,18.17
PO-100815,CUST-H,ITM-0621,4,4.40
PO-100815,CUST-H,ITM-1001,4,1.19
PO-100816,CUST-B,ITM-0808,1,1.78
PO-100816,CUST-B,ITM-0809,24,2.39
PO-100816,CUST-B,ITM-0902,4,3.96
PO-100816,CUST-B,ITM-0911,24,1.18
PO-100817,CUST-A,ITM-0224,10,1.34
PO-100817,CUST-A,ITM-0237,3,3.04
PO-100817,CUST-A,ITM-0511,2,24.52
PO-100819,CUST-E,ITM-0220,4,2.83
PO-100819,CUST-E,ITM-0403,1,2.62
PO-100819,CUST-E,ITM-0612,24,4.04
PO-100819,CUST-E,ITM-1015,24,4.32
PO-100820,CUST-B,ITM-0904,24,0.31
PO-100821,CUST-A,ITM-0435,10,1.44
PO-100822,CUST-C,ITM-0231,24,4.89
PO-100822,CUST-C,ITM-0408,12,5.08
PO-100823,CUST-A,ITM-0224,12,1.51
PO-100823,CUST-A,ITM-0224,12,1.51
PO-100823,CUST-A,ITM-0306,5,1.00
PO-100823,CUST-A,ITM-0306,5,1.00
PO-100823,CUST-A,ITM-0430,6,0.48
PO-100823,CUST-A,ITM-0430,6,0.48
PO-100823,CUST-A,ITM-0907,10,0.71
PO-100823,CUST-A,ITM-1014,6,2.69
PO-100824,CUST-A,ITM-0229,12,1.45
PO-100824,CUST-A,ITM-0303,5,2.37
PO-100824,CUST-A,ITM-0306,2,0.93
PO-100825,CUST-B,ITM-0446,4,20.77
PO-100826,CUST-D,ITM-0612,2,4.33
PO-100826,CUST-D,ITM-0909,1,1.00
PO-100827,CUST-E,ITM-0310,1,4.63
PO-100828,CUST-B,ITM-0309,2,1.99
PO-100828,CUST-B,ITM-0433,2,1.22
PO-100828,CUST-B,ITM-1003,12,1.15
PO-100828,CUST-B,ITM-1003,12,1.15
PO-100828,CUST-B,ITM-1006,4,1.26
PO-100830,CUST-B,ITM-0412,4,1.13
PO-100830,CUST-B,ITM-0425,10,26.03
PO-100830,CUST-B,ITM-0434,24,1.50
PO-100830,CUST-B,ITM-0605,4,17.11
PO-100830,CUST-B,ITM-0610,12,2.38
PO-100831,CUST-D,ITM-0220,24,2.59
PO-100831,CUST-D,ITM-0250,1,58.78
PO-100832,CUST-B,ITM-0220,4,2.82
PO-100832,CUST-B,ITM-0250,24,60.73
PO-100832,CUST-B,ITM-0306,2,0.96
PO-100832,CUST-B,ITM-0306,2,0.96
PO-100832,CUST-B,ITM-0612,4,4.22
PO-100833,CUST-F,ITM-0403,5,2.68
PO-100833,CUST-F,ITM-0426,2,25.89
PO-100833,CUST-F,ITM-0431,2,0.82
PO-100834,CUST-E,ITM-0306,2,0.97
PO-100834,CUST-E,ITM-0309,10,2.13
PO-100834,CUST-E,ITM-0310,10,4.72
PO-100834,CUST-E,ITM-0611,6,3.52
PO-100834,CUST-E,ITM-0929,2,1.24
PO-100834,CUST-E,ITM-1008,1,1.40
PO-100835,CUST-A,ITM-0433,4,1.08
PO-100835,CUST-A,ITM-0527,4,8.36
PO-100836,CUST-H,ITM-0237,2,3.16
PO-100836,CUST-H,ITM-0408,4,5.08
PO-100836,CUST-H,ITM-0938,2,12.94
PO-100837,CUST-A,ITM-0201,10,4.34
PO-100837,CUST-A,ITM-0433,4,1.31
PO-100838,CUST-B,ITM-0433,2,1.23
PO-100838,CUST-B,ITM-0737,10,85.42
PO-100838,CUST-B,ITM-0808,24,1.99
PO-100838,CUST-B,ITM-1015,1,4.88
PO-100839,CUST-A,ITM-0237,1,2.95
PO-100840,CUST-A,ITM-0250,6,55.24
PO-100840,CUST-A,ITM-0604,1,11.87
PO-100840,CUST-A,ITM-0612,4,4.05
PO-100842,CUST-G,ITM-0220,4,2.77
PO-100842,CUST-G,ITM-0306,6,1.03
PO-100842,CUST-G,ITM-0605,2,15.15
PO-100842,CUST-G,ITM-0612,3,4.15
PO-100842,CUST-G,ITM-0623,5,2.46
PO-100843,CUST-A,ITM-0610,1,2.21
PO-100843,CUST-A,ITM-0737,24,67.88
PO-100843,CUST-A,ITM-0902,1,3.99
PO-100844,CUST-A,ITM-0311,3,6.11
PO-100844,CUST-A,ITM-0917,1,3.29
PO-100845,CUST-D,ITM-0235,2,1.65
PO-100845,CUST-D,ITM-0412,1,1.05
PO-100846,CUST-G,ITM-0621,12,4.28
PO-100847,CUST-A,ITM-0303,4,2.50
PO-100847,CUST-A,ITM-0517,10,41.89
PO-100847,CUST-A,ITM-0612,1,4.01
PO-100847,CUST-A,ITM-0715,2,67.59
PO-100847,CUST-A,ITM-0909,6,0.88
PO-100848,CUST-A,ITM-0623,6,2.34
PO-100848,CUST-A,ITM-1011,3,3.93
PO-100849,CUST-E,ITM-0306,6,1.00
PO-100849,CUST-E,ITM-0310,2,4.81
PO-100849,CUST-E,ITM-0517,10,45.35
PO-100849,CUST-E,ITM-0611,6,3.55
PO-100849,CUST-E,ITM-0903,1,0.24
PO-100849,CUST-E,ITM-1008,2,1.44
PO-100850,CUST-B,ITM-0618,1,4.32
PO-100850,CUST-B,ITM-0808,12,1.94
PO-100851,CUST-B,ITM-0228,1,4.76
PO-100851,CUST-B,ITM-0243,6,0.75
PO-100851,CUST-B,ITM-0433,4,1.34
PO-100851,CUST-B,ITM-0527,20,9.91
PO-100851,CUST-B,ITM-0902,2,4.38
PO-100852,CUST-E,ITM-0612,1,3.60
PO-100853,CUST-E,ITM-0246,4,2.16
PO-100853,CUST-E,ITM-0310,2,4.43
PO-100853,CUST-E,ITM-0604,6,12.71
PO-100853,CUST-E,ITM-0612,4,4.27
PO-100853,CUST-E,ITM-0612,4,4.27
PO-100854,CUST-D,ITM-0733,24,22.60
PO-100855,CUST-H,ITM-0433,1,1.30
PO-100855,CUST-H,ITM-0434,5,1.69
PO-100857,CUST-A,ITM-0201,2,4.26
PO-100857,CUST-A,ITM-0240,4,44.09
PO-100857,CUST-A,ITM-0433,2,1.28
PO-100857,CUST-A,ITM-0434,12,1.53
PO-100858,CUST-H,ITM-0612,5,3.90
PO-100858,CUST-H,ITM-0809,2,2.45
PO-100859,CUST-A,ITM-0201,4,4.05
PO-100859,CUST-A,ITM-0208,2,4.50
PO-100860,CUST-D,ITM-0229,4,1.60
PO-100860,CUST-D,ITM-0629,4,3.24
PO-100861,CUST-F,ITM-0310,24,4.31
PO-100861,CUST-F,ITM-0611,6,3.27
PO-100861,CUST-F,ITM-0611,6,3.27
PO-100861,CUST-F,ITM-0929,10,1.24
PO-100862,CUST-A,ITM-0237,2,3.32
PO-100862,CUST-A,ITM-0432,3,0.89
PO-100863,CUST-B,ITM-0237,2,3.52
PO-100863,CUST-B,ITM-1021,12,4.42
PO-100864,CUST-B,ITM-0220,10,2.79
PO-100864,CUST-B,ITM-0228,10,4.38
PO-100864,CUST-B,ITM-0408,2,5.45
PO-100865,CUST-D,ITM-0914,6,1.58
PO-100866,CUST-A,ITM-0237,50,2.73
PO-100867,CUST-A,ITM-0414,1,1.69
PO-100867,CUST-A,ITM-0426,6,22.94
PO-100867,CUST-A,ITM-0611,4,3.08
PO-100869,CUST-A,ITM-0433,6,1.16
PO-100869,CUST-A,ITM-0434,12,1.48
PO-100870,CUST-A,ITM-0403,1,2.27
PO-100870,CUST-A,ITM-0414,12,1.68
PO-100870,CUST-A,ITM-0414,12,1.68
PO-100870,CUST-A,ITM-0815,12,7.60
PO-100870,CUST-A,ITM-1011,1,3.49
PO-100871,CUST-H,ITM-0408,5,5.39
PO-100872,CUST-B,ITM-0104,1,66.80
PO-100872,CUST-B,ITM-0306,6,1.08
PO-100872,CUST-B,ITM-0621,6,4.32
PO-100872,CUST-B,ITM-0808,6,1.98
PO-100872,CUST-B,ITM-0928,6,0.83
PO-100872,CUST-B,ITM-1014,10,2.72
PO-100873,CUST-B,ITM-0228,1,4.64
PO-100873,CUST-B,ITM-0440,10,28.56
PO-100874,CUST-A,ITM-0306,2,0.95
PO-100874,CUST-A,ITM-0311,6,6.79
PO-100874,CUST-A,ITM-0402,24,1.62
PO-100874,CUST-A,ITM-1001,1,1.05
PO-100874,CUST-A,ITM-1014,5,2.44
PO-100875,CUST-A,ITM-0201,6,4.27
PO-100875,CUST-A,ITM-0306,2,0.97
PO-100875,CUST-A,ITM-0632,10,3.90
PO-100876,CUST-B,ITM-0220,10,2.58
PO-100876,CUST-B,ITM-0251,4,2.38
PO-100876,CUST-B,ITM-0306,10,0.96
PO-100876,CUST-B,ITM-0604,6,12.27
PO-100877,CUST-C,ITM-0220,4,2.77
PO-100877,CUST-C,ITM-0237,50,3.18
PO-100879,CUST-C,ITM-1015,24,4.18
PO-100879,CUST-C,ITM-1020,3,8.37
PO-100880,CUST-F,ITM-0421,10,20.43
PO-100880,CUST-F,ITM-0433,6,1.38
PO-100881,CUST-A,ITM-0311,6,6.78
PO-100881,CUST-A,ITM-0408,6,4.79
PO-100881,CUST-A,ITM-0604,24,11.75
PO-100881,CUST-A,ITM-0629,6,3.15
PO-100881,CUST-A,ITM-1015,2,4.25
PO-100881,CUST-A,ITM-1015,2,4.25
PO-100882,CUST-D,ITM-0220,20,2.84
PO-100882,CUST-D,ITM-0612,2,4.21
PO-100882,CUST-D,ITM-1015,12,4.91
PO-100883,CUST-B,ITM-0416,1,3.05
PO-100883,CUST-B,ITM-0433,50,1.18
PO-100884,CUST-A,ITM-0431,6,0.73
PO-100884,CUST-A,ITM-0610,1,2.13
PO-100884,CUST-A,ITM-0808,1,1.57
PO-100884,CUST-A,ITM-0902,2,39.00
PO-100885,CUST-C,ITM-0632,1,4.24
PO-100886,CUST-B,ITM-0426,2,27.14
PO-100886,CUST-B,ITM-0511,6,25.83
PO-100887,CUST-D,ITM-0403,6,2.58
PO-100887,CUST-D,ITM-1015,5,4.60
PO-100888,CUST-A,ITM-0309,6,1.89
PO-100889,CUST-F,ITM-0403,2,2.57
PO-100889,CUST-F,ITM-0612,6,4.53
PO-100890,CUST-F,ITM-0250,2,59.60
PO-100890,CUST-F,ITM-0433,2,1.24
PO-100890,CUST-F,ITM-1015,10,4.61
PO-100891,CUST-A,ITM-0432,6,0.97
PO-100891,CUST-A,ITM-0627,1,7.19
PO-100891,CUST-A,ITM-0921,12,3.96
PO-100891,CUST-A,ITM-1015,4,4.24
PO-100892,CUST-A,ITM-0237,24,3.08
PO-100892,CUST-A,ITM-0306,6,0.98
PO-100892,CUST-A,ITM-0605,4,16.60
PO-100892,CUST-A,ITM-1003,3,1.15
PO-100892,CUST-A,ITM-1015,2,4.30
PO-100893,CUST-D,ITM-0621,4,4.19
PO-100894,CUST-B,ITM-0230,12,3.23
PO-100894,CUST-B,ITM-0612,10,4.17
PO-100895,CUST-G,ITM-0306,6,1.01
PO-100895,CUST-G,ITM-0627,6,7.57
PO-100895,CUST-G,ITM-0929,2,1.22
PO-100896,CUST-B,ITM-0104,1,65.40
PO-100896,CUST-B,ITM-0254,6,1.71
PO-100896,CUST-B,ITM-0942,2,0.34
PO-100897,CUST-A,ITM-0201,10,4.15
PO-100897,CUST-A,ITM-0220,2,2.69
PO-100897,CUST-A,ITM-0229,2,1.45
PO-100897,CUST-A,ITM-0237,5,3.01
PO-100897,CUST-A,ITM-0815,10,7.45
PO-100898,CUST-C,ITM-0430,6,0.46
PO-100898,CUST-C,ITM-0430,6,0.46
PO-100898,CUST-C,ITM-0632,12,4.13
PO-100898,CUST-C,ITM-0908,4,0.94
PO-100898,CUST-C,ITM-0928,1,0.83
PO-100899,CUST-D,ITM-0243,2,0.70
PO-100899,CUST-D,ITM-0421,2,16.98
PO-100900,CUST-A,ITM-0623,2,2.44
PO-100900,CUST-A,ITM-0623,2,2.44
PO-100901,CUST-F,ITM-0426,1,27.30
PO-100902,CUST-H,ITM-0237,4,3.50
PO-100903,CUST-B,ITM-0243,2,0.78
PO-100903,CUST-B,ITM-0611,10,3.56
PO-100903,CUST-B,ITM-0611,10,3.56
PO-100903,CUST-B,ITM-0902,4,4.83
PO-100903,CUST-B,ITM-0914,2,1.81
PO-100903,CUST-B,ITM-0929,1,1.22
PO-100904,CUST-A,ITM-0416,1,2.95
PO-100904,CUST-A,ITM-0432,2,1.01
PO-100904,CUST-A,ITM-0434,2,1.53
PO-100904,CUST-A,ITM-0443,12,4.86
PO-100904,CUST-A,ITM-0913,4,1.50
PO-100904,CUST-A,ITM-1015,4,4.37
PO-100905,CUST-D,ITM-0326,12,2.68
PO-100905,CUST-D,ITM-0737,1,76.41
PO-100905,CUST-D,ITM-0921,12,4.04
PO-100906,CUST-B,ITM-0220,12,2.87
PO-100906,CUST-B,ITM-0328,4,3.34
PO-100906,CUST-B,ITM-0612,1,4.31
PO-100907,CUST-D,ITM-0440,12,25.58
PO-100907,CUST-D,ITM-0628,12,0.15
PO-100907,CUST-D,ITM-0629,4,3.07
PO-100907,CUST-D,ITM-0917,4,3.56
PO-100907,CUST-D,ITM-1015,2,4.35
PO-100908,CUST-A,ITM-0612,6,3.58
PO-100909,CUST-D,ITM-0306,4,0.93
PO-100910,CUST-D,ITM-0228,12,4.46
PO-100910,CUST-D,ITM-0228,12,4.46
PO-100910,CUST-D,ITM-0310,24,4.61
PO-100911,CUST-H,ITM-0243,2,0.71
PO-100911,CUST-H,ITM-0311,4,7.21
PO-100911,CUST-H,ITM-0920,1,3.11
PO-100912,CUST-C,ITM-0629,10,2.98
PO-100912,CUST-C,ITM-1020,6,8.80
PO-100913,CUST-D,ITM-0251,2,2.64
PO-100913,CUST-D,ITM-0629,4,3.13
PO-100913,CUST-D,ITM-1015,4,4.21
PO-100913,CUST-D,ITM-1020,2,9.00
PO-100914,CUST-B,ITM-1015,2,4.10
PO-100915,CUST-D,ITM-0517,1,41.50
PO-100915,CUST-D,ITM-0621,1,4.09
PO-100915,CUST-D,ITM-0903,2,0.20
PO-100917,CUST-B,ITM-0104,6,64.49
PO-100917,CUST-B,ITM-0255,6,1.57
PO-100917,CUST-B,ITM-0430,50,0.50
PO-100917,CUST-B,ITM-0431,4,0.85
PO-100917,CUST-B,ITM-1015,2,4.52
PO-100918,CUST-D,ITM-0433,6,1.15
PO-100918,CUST-D,ITM-0433,6,1.15
PO-100918,CUST-D,ITM-0434,12,1.56
PO-100918,CUST-D,ITM-0605,10,16.71
PO-100918,CUST-D,ITM-0715,6,75.87
PO-100918,CUST-D,ITM-1015,10,4.42
PO-100919,CUST-G,ITM-0104,5,73.90
PO-100919,CUST-G,ITM-0437,4,2.11
PO-100919,CUST-G,ITM-1015,6,4.51
PO-100919,CUST-G,ITM-1022,24,5.09
PO-100920,CUST-B,ITM-0220,2,2.59
PO-100920,CUST-B,ITM-0632,24,4.09
PO-100921,CUST-A,ITM-0511,6,24.89
PO-100921,CUST-A,ITM-0535,2,8.21
PO-100921,CUST-A,ITM-0929,6,1.11
PO-100921,CUST-A,ITM-1014,12,2.50
PO-100922,CUST-A,ITM-0306,24,0.83
PO-100924,CUST-C,ITM-0235,4,1.66
PO-100924,CUST-C,ITM-0902,1,4.25
PO-100924,CUST-C,ITM-0908,1,0.90
PO-100925,CUST-D,ITM-0235,24,1.65
PO-100925,CUST-D,ITM-0517,1,40.87
PO-100925,CUST-D,ITM-0908,10,0.93
PO-100926,CUST-D,ITM-0611,2,3.67
PO-100927,CUST-B,ITM-0228,2,4.62
PO-100927,CUST-B,ITM-0237,4,3.05
PO-100927,CUST-B,ITM-0737,10,79.81
PO-100927,CUST-B,ITM-1022,2,5.35
PO-100928,CUST-H,ITM-0237,4,3.42
PO-100929,CUST-A,ITM-0629,12,3.07
PO-100930,CUST-H,ITM-0246,2,2.07
PO-100931,CUST-A,ITM-0237,24,2.98
PO-100931,CUST-A,ITM-0621,4,3.91
PO-100932,CUST-A,ITM-0251,4,2.61
PO-100932,CUST-A,ITM-1010,10,9.29
PO-100933,CUST-A,ITM-1015,6,3.82
PO-100934,CUST-H,ITM-0434,6,1.60
PO-100935,CUST-B,ITM-0737,12,69.45
PO-100936,CUST-B,ITM-0243,3,0.70
PO-100936,CUST-B,ITM-0618,2,4.38
PO-100936,CUST-B,ITM-0628,5,0.17
PO-100937,CUST-F,ITM-0629,6,3.16
PO-100937,CUST-F,ITM-0632,4,4.46
PO-100937,CUST-F,ITM-0938,4,13.89
PO-100938,CUST-H,ITM-0434,5,1.51
PO-100938,CUST-H,ITM-0437,12,2.15
PO-100938,CUST-H,ITM-0721,10,34.36
PO-100938,CUST-H,ITM-0922,1,6.07
PO-100938,CUST-H,ITM-0929,24,1.15
PO-100938,CUST-H,ITM-1014,6,2.58
PO-100939,CUST-C,ITM-0535,4,8.90
PO-100939,CUST-C,ITM-0808,2,1.74
PO-100939,CUST-C,ITM-0808,2,1.74
PO-100939,CUST-C,ITM-0913,2,1.40
PO-100939,CUST-C,ITM-0929,4,1.13
PO-100940,CUST-B,ITM-0211,6,12.42
PO-100940,CUST-B,ITM-0228,10,4.64
PO-100940,CUST-B,ITM-0611,10,3.60
PO-100940,CUST-B,ITM-0632,2,4.84
PO-100941,CUST-A,ITM-0246,1,2.15
PO-100941,CUST-A,ITM-0311,1,7.15
PO-100941,CUST-A,ITM-0412,20,1.00
PO-100941,CUST-A,ITM-0527,10,8.54
PO-100941,CUST-A,ITM-0627,12,7.21
PO-100941,CUST-A,ITM-0815,4,8.44
PO-100942,CUST-H,ITM-0434,2,1.48
PO-100943,CUST-A,ITM-0929,4,1.10
PO-100944,CUST-A,ITM-0250,4,61.20
PO-100944,CUST-A,ITM-0433,1,1.24
PO-100944,CUST-A,ITM-0929,6,1.14
PO-100945,CUST-F,ITM-0433,3,1.19
PO-100945,CUST-F,ITM-0902,1,39.90
PO-100945,CUST-F,ITM-0913,1,1.46
PO-100945,CUST-F,ITM-1022,12,5.25
PO-100945,CUST-F,ITM-1022,12,5.25
PO-100946,CUST-C,ITM-0535,4,8.82
PO-100946,CUST-C,ITM-0902,12,4.43
PO-100947,CUST-F,ITM-0404,4,3.15
PO-100948,CUST-A,ITM-0220,1,2.55
PO-100948,CUST-A,ITM-0623,6,2.39
PO-100949,CUST-C,ITM-0604,2,12.18
PO-100949,CUST-C,ITM-0623,6,2.57
PO-100949,CUST-C,ITM-0921,10,3.77
PO-100951,CUST-C,ITM-0201,4,4.47
PO-100951,CUST-C,ITM-0442,2,20.78
PO-100951,CUST-C,ITM-0805,2,33.70
PO-100951,CUST-C,ITM-1011,2,4.13
PO-100952,CUST-C,ITM-0421,10,20.28
PO-100952,CUST-C,ITM-0614,6,6.58
PO-100952,CUST-C,ITM-0914,10,1.62
PO-100953,CUST-D,ITM-0224,4,1.44
PO-100953,CUST-D,ITM-0243,6,0.69
PO-100953,CUST-D,ITM-0442,4,20.21
PO-100953,CUST-D,ITM-1001,10,1.03
PO-100954,CUST-F,ITM-0250,2,66.72
PO-100954,CUST-F,ITM-1011,1,4.19
PO-100955,CUST-A,ITM-0426,24,23.81
PO-100955,CUST-A,ITM-0433,4,1.20
PO-100955,CUST-A,ITM-0611,4,3.12
PO-100955,CUST-A,ITM-0927,10,0.51
PO-100956,CUST-F,ITM-0430,4,0.55
PO-100956,CUST-F,ITM-0614,6,6.15
PO-100956,CUST-F,ITM-0632,10,4.43
PO-100956,CUST-F,ITM-0910,2,1.11
PO-100956,CUST-F,ITM-1014,4,2.62
PO-100958,CUST-H,ITM-0629,10,3.16
PO-100958,CUST-H,ITM-1015,6,4.61
PO-100959,CUST-D,ITM-0327,50,2.09
PO-100959,CUST-D,ITM-1011,4,3.65
PO-100960,CUST-C,ITM-0313,1,4.48
PO-100960,CUST-C,ITM-0430,2,0.57
PO-100960,CUST-C,ITM-0614,1,6.53
PO-100961,CUST-B,ITM-0737,10,78.99
PO-100961,CUST-B,ITM-0737,10,78.99
PO-100962,CUST-A,ITM-0201,4,4.09
PO-100962,CUST-A,ITM-0250,2,59.62
PO-100962,CUST-A,ITM-0433,6,1.14
PO-100962,CUST-A,ITM-0928,10,0.73
PO-100962,CUST-A,ITM-0929,6,1.11
PO-100963,CUST-A,ITM-0414,1,1.74
PO-100963,CUST-A,ITM-0426,1,24.22
PO-100963,CUST-A,ITM-0433,1,1.13
PO-100963,CUST-A,ITM-0922,50,5.06
PO-100964,CUST-F,ITM-0815,24,8.39
PO-100965,CUST-A,ITM-0201,12,4.30
PO-100965,CUST-A,ITM-0201,12,4.30
PO-100965,CUST-A,ITM-0629,2,3.23
PO-100966,CUST-A,ITM-0621,5,3.77
PO-100967,CUST-B,ITM-0416,2,2.99
PO-100967,CUST-B,ITM-0628,1,0.16
PO-100967,CUST-B,ITM-1014,1,2.80
PO-100968,CUST-D,ITM-0243,10,0.66
PO-100968,CUST-D,ITM-0306,4,0.93
PO-100968,CUST-D,ITM-0628,24,0.15
PO-100968,CUST-D,ITM-0917,4,3.66
PO-100968,CUST-D,ITM-1020,12,9.01
PO-100969,CUST-A,ITM-0433,2,1.22
PO-100969,CUST-A,ITM-0434,10,1.40
PO-100969,CUST-A,ITM-0927,10,0.55
PO-100969,CUST-A,ITM-0928,12,0.79
PO-100970,CUST-G,ITM-0228,6,4.58
PO-100971,CUST-C,ITM-0431,4,0.78
PO-100972,CUST-F,ITM-0250,6,62.94
PO-100972,CUST-F,ITM-0306,1,1.02
PO-100972,CUST-F,ITM-0310,20,4.44
PO-100972,CUST-F,ITM-0612,6,4.46
PO-100972,CUST-F,ITM-0943,4,24.66
PO-100973,CUST-B,ITM-0235,4,1.75
PO-100973,CUST-B,ITM-0604,2,12.91
PO-100973,CUST-B,ITM-1015,24,4.31
PO-100974,CUST-B,ITM-0220,2,2.82
PO-100974,CUST-B,ITM-0903,10,0.22
PO-100975,CUST-B,ITM-0426,1,24.25
PO-100975,CUST-B,ITM-0433,10,1.11
PO-100976,CUST-H,ITM-0328,2,3.43
PO-100977,CUST-H,ITM-0306,1,0.98
PO-100977,CUST-H,ITM-0632,12,4.67
PO-100977,CUST-H,ITM-0903,10,0.23
PO-100977,CUST-H,ITM-1008,6,1.45
PO-100978,CUST-A,ITM-0910,50,0.88
PO-100978,CUST-A,ITM-0928,6,0.76
PO-100978,CUST-A,ITM-0929,2,1.08
PO-100978,CUST-A,ITM-1011,50,3.66
PO-100978,CUST-A,ITM-1011,50,3.66
PO-100979,CUST-F,ITM-0433,4,1.24
PO-100979,CUST-F,ITM-0929,1,1.23
PO-100979,CUST-F,ITM-1021,10,4.53
PO-100980,CUST-A,ITM-0605,24,14.13
PO-100980,CUST-A,ITM-0808,12,1.68
PO-100980,CUST-A,ITM-0929,1,1.12
PO-100980,CUST-A,ITM-1014,2,2.49
PO-100981,CUST-A,ITM-1014,24,2.48
PO-100982,CUST-A,ITM-0220,1,2.59
PO-100982,CUST-A,ITM-0250,2,56.30
PO-100982,CUST-A,ITM-0517,5,42.07
PO-100982,CUST-A,ITM-0623,10,2.13
PO-100983,CUST-B,ITM-0443,10,5.30
PO-100984,CUST-H,ITM-0243,6,0.73
PO-100984,CUST-H,ITM-0306,24,1.00
PO-100984,CUST-H,ITM-0435,4,1.62
PO-100984,CUST-H,ITM-0611,6,3.29
PO-100986,CUST-B,ITM-0104,6,65.97
PO-100986,CUST-B,ITM-0220,2,2.99
PO-100986,CUST-B,ITM-0306,12,1.07
PO-100986,CUST-B,ITM-0517,2,44.17
PO-100986,CUST-B,ITM-0623,1,2.51
PO-100986,CUST-B,ITM-0623,1,2.51
PO-100987,CUST-C,ITM-0328,4,3.33
PO-100987,CUST-C,ITM-0620,3,2.92
PO-100987,CUST-C,ITM-0947,1,0.47
PO-100988,CUST-D,ITM-0306,2,0.98
PO-100988,CUST-D,ITM-1015,4,4.10
PO-100988,CUST-D,ITM-1021,4,4.17
PO-100989,CUST-A,ITM-0612,1,3.96
PO-100990,CUST-A,ITM-0229,1,1.60
PO-100990,CUST-A,ITM-0237,2,3.32
PO-100990,CUST-A,ITM-0621,24,4.23
PO-100991,CUST-H,ITM-1001,6,1.00
PO-100992,CUST-H,ITM-0904,3,0.33
PO-100992,CUST-H,ITM-0938,10,12.81
PO-100993,CUST-A,ITM-0237,1,3.06
PO-100993,CUST-A,ITM-0306,12,0.96
PO-100994,CUST-D,ITM-0434,3,1.38
PO-100995,CUST-A,ITM-0431,1,0.69
PO-100995,CUST-A,ITM-0904,2,0.30
PO-100995,CUST-A,ITM-1014,2,2.35
PO-100996,CUST-C,ITM-0737,4,72.78
PO-100996,CUST-C,ITM-0737,4,72.78
PO-100997,CUST-H,ITM-0511,4,27.37
PO-100998,CUST-A,ITM-0403,10,2.42
PO-100998,CUST-A,ITM-0433,12,1.07
PO-100998,CUST-A,ITM-0809,3,2.24
PO-100999,CUST-C,ITM-0201,2,4.52
PO-100999,CUST-C,ITM-0434,4,1.63
PO-100999,CUST-C,ITM-0440,6,28.32
PO-100999,CUST-C,ITM-0805,50,33.45
PO-101000,CUST-D,ITM-0228,3,4.32
PO-101000,CUST-D,ITM-0446,3,19.77
PO-101000,CUST-D,ITM-0632,1,4.28
PO-101000,CUST-D,ITM-0737,10,74.96
PO-101000,CUST-D,ITM-1015,6,4.24
PO-101001,CUST-A,ITM-0237,1,3.20
PO-101001,CUST-A,ITM-0413,24,1.39
PO-101001,CUST-A,ITM-0815,4,7.55
PO-101002,CUST-A,ITM-0929,2,1.13
PO-101003,CUST-B,ITM-0605,10,15.95
PO-101003,CUST-B,ITM-0908,1,0.92
PO-101004,CUST-F,ITM-0220,5,2.85
PO-101004,CUST-F,ITM-0328,1,3.36
PO-101004,CUST-F,ITM-0426,2,26.42
PO-101004,CUST-F,ITM-0612,4,4.49
PO-101004,CUST-F,ITM-0809,10,2.55
PO-101004,CUST-F,ITM-0938,2,14.72
PO-101005,CUST-A,ITM-0250,10,61.10
PO-101005,CUST-A,ITM-0433,50,1.10
PO-101005,CUST-A,ITM-0721,2,35.86
PO-101005,CUST-A,ITM-0929,10,1.10
PO-101005,CUST-A,ITM-1011,12,3.91
PO-101006,CUST-C,ITM-0220,6,2.79
PO-101006,CUST-C,ITM-0225,4,2.54
PO-101006,CUST-C,ITM-0629,10,3.16
PO-101007,CUST-A,ITM-0434,2,1.44
PO-101007,CUST-A,ITM-0943,6,27.02
PO-101007,CUST-A,ITM-1001,10,1.05
PO-101007,CUST-A,ITM-1015,6,4.33
PO-101007,CUST-A,ITM-1020,5,9.18
PO-101008,CUST-E,ITM-0310,1,4.44
PO-101008,CUST-E,ITM-0612,4,4.36
PO-101008,CUST-E,ITM-0942,1,0.33
PO-101009,CUST-B,ITM-0228,12,4.25
PO-101009,CUST-B,ITM-0416,4,2.85
PO-101009,CUST-B,ITM-0929,4,1.17
PO-101010,CUST-F,ITM-0254,6,1.70
PO-101010,CUST-F,ITM-0430,4,0.49
PO-101010,CUST-F,ITM-0431,4,0.79
PO-101010,CUST-F,ITM-0632,12,4.24
PO-101010,CUST-F,ITM-0805,1,30.70
PO-101012,CUST-B,ITM-0220,10,2.55
PO-101012,CUST-B,ITM-0228,2,4.67
PO-101012,CUST-B,ITM-0629,6,2.96
PO-101013,CUST-D,ITM-0517,1,42.41
PO-101014,CUST-B,ITM-0913,10,1.49
PO-101015,CUST-H,ITM-0434,12,1.51
PO-101015,CUST-H,ITM-0808,1,1.75
PO-101015,CUST-H,ITM-0913,6,1.32
PO-101016,CUST-F,ITM-0328,6,3.55
PO-101016,CUST-F,ITM-0612,1,4.33
PO-101016,CUST-F,ITM-1015,2,4.63
PO-101017,CUST-A,ITM-0621,1,4.11
PO-101018,CUST-E,ITM-0201,2,4.59
PO-101018,CUST-E,ITM-0309,6,2.01
PO-101018,CUST-E,ITM-1008,4,1.39
PO-101019,CUST-B,ITM-0412,24,1.12
PO-101019,CUST-B,ITM-0605,4,17.63
PO-101019,CUST-B,ITM-0737,1,73.96
PO-101019,CUST-B,ITM-0808,24,1.76
PO-101019,CUST-B,ITM-1014,6,2.71
PO-101021,CUST-A,ITM-0805,24,30.02
PO-101021,CUST-A,ITM-0920,3,2.91
PO-101021,CUST-A,ITM-1015,10,4.27
PO-101022,CUST-B,ITM-0228,1,4.39
PO-101022,CUST-B,ITM-0303,50,2.47
PO-101022,CUST-B,ITM-0413,4,1.59
PO-101022,CUST-B,ITM-0426,2,25.88
PO-101023,CUST-B,ITM-0303,10,2.73
PO-101023,CUST-B,ITM-0414,1,1.90
PO-101023,CUST-B,ITM-0433,10,1.21
PO-101024,CUST-D,ITM-0220,1,2.69
PO-101024,CUST-D,ITM-0229,2,1.58
PO-101024,CUST-D,ITM-0310,2,4.57
PO-101024,CUST-D,ITM-0408,6,4.71
PO-101024,CUST-D,ITM-0517,20,43.61
PO-101025,CUST-D,ITM-0243,1,0.69
PO-101025,CUST-D,ITM-0306,10,0.98
PO-101025,CUST-D,ITM-0310,5,4.34
PO-101025,CUST-D,ITM-0611,2,3.15
PO-101025,CUST-D,ITM-0621,20,3.96
PO-101025,CUST-D,ITM-0902,5,41.00
PO-101026,CUST-E,ITM-0237,1,3.12
PO-101026,CUST-E,ITM-0446,24,21.30
PO-101026,CUST-E,ITM-1022,4,5.49
PO-101027,CUST-B,ITM-0902,6,4.51
PO-101028,CUST-A,ITM-0228,5,4.29
PO-101028,CUST-A,ITM-0243,2,0.67
PO-101028,CUST-A,ITM-0402,4,1.94
PO-101028,CUST-A,ITM-0433,12,
PO-101028,CUST-A,ITM-0628,12,0.15
PO-101028,CUST-A,ITM-0928,4,0.77
PO-101029,CUST-D,ITM-1015,2,4.50
PO-101029,CUST-D,ITM-1015,2,4.50
PO-101030,CUST-A,ITM-0237,10,3.02
PO-101030,CUST-A,ITM-0306,2,0.98
PO-101030,CUST-A,ITM-0938,1,13.68
PO-101031,CUST-C,ITM-0431,2,0.81
PO-101031,CUST-C,ITM-0908,6,0.98
PO-101032,CUST-E,ITM-0328,1,3.34
PO-101032,CUST-E,ITM-0328,1,3.34
PO-101032,CUST-E,ITM-0403,2,2.45
PO-101033,CUST-A,ITM-0201,12,4.22
PO-101033,CUST-A,ITM-0250,2,61.64
PO-101033,CUST-A,ITM-0402,10,2.04
PO-101033,CUST-A,ITM-0904,6,0.35
PO-101034,CUST-B,ITM-0243,50,0.65
PO-101034,CUST-B,ITM-0311,1,6.85
PO-101034,CUST-B,ITM-0618,4,4.19
PO-101034,CUST-B,ITM-0808,50,1.75
PO-101034,CUST-B,ITM-1020,4,8.72
PO-101035,CUST-A,ITM-0431,50,0.70
PO-101035,CUST-A,ITM-0434,20,1.48
PO-101035,CUST-A,ITM-0929,24,1.16
PO-101036,CUST-F,ITM-0104,12,68.18
PO-101036,CUST-F,ITM-0610,10,2.34
PO-101036,CUST-F,ITM-0733,10,23.44
PO-101036,CUST-F,ITM-1001,10,1.14
PO-101036,CUST-F,ITM-1010,6,9.26
PO-101037,CUST-A,ITM-0220,3,2.74
PO-101037,CUST-A,ITM-0815,10,8.00
PO-101038,CUST-B,ITM-0311,2,7.11
PO-101038,CUST-B,ITM-0431,24,0.77
PO-101039,CUST-C,ITM-0237,4,3.17
PO-101039,CUST-C,ITM-0908,6,0.90
PO-101039,CUST-C,ITM-0942,2,0.35
PO-101039,CUST-C,ITM-1015,10,4.36
PO-101041,CUST-H,ITM-0228,4,4.49
PO-101041,CUST-H,ITM-0253,2,1.34
PO-101041,CUST-H,ITM-0309,2,2.11
PO-101042,CUST-E,ITM-0426,12,24.21
PO-101042,CUST-E,ITM-0527,10,8.49
PO-101043,CUST-B,ITM-0225,2,2.51
PO-101044,CUST-D,ITM-0326,4,2.44
PO-101045,CUST-A,ITM-0237,1,3.30
PO-101045,CUST-A,ITM-0311,5,7.11
PO-101046,CUST-F,ITM-0237,2,3.28
PO-101046,CUST-F,ITM-1003,4,1.12
PO-101047,CUST-A,ITM-0220,3,2.62
PO-101047,CUST-A,ITM-0229,6,1.49
PO-101047,CUST-A,ITM-0310,6,4.22
PO-101047,CUST-A,ITM-0527,10,8.74
PO-101047,CUST-A,ITM-0612,2,3.87
PO-101047,CUST-A,ITM-0623,10,2.27
PO-101048,CUST-F,ITM-0433,1,1.13
PO-101048,CUST-F,ITM-0815,50,7.99
PO-101048,CUST-F,ITM-0915,12,2.58
PO-101049,CUST-G,ITM-0328,2,3.47
PO-101049,CUST-G,ITM-0535,1,9.22
PO-101049,CUST-G,ITM-0913,24,1.33
PO-101050,CUST-A,ITM-0437,4,2.04
PO-101050,CUST-A,ITM-0632,1,4.15
PO-101050,CUST-A,ITM-0920,2,2.95
PO-101050,CUST-A,ITM-0920,2,2.95
PO-101050,CUST-A,ITM-0922,24,5.37
PO-101050,CUST-A,ITM-1015,10,4.34
PO-101051,CUST-H,ITM-0254,12,1.78
PO-101051,CUST-H,ITM-0612,4,3.99
PO-101051,CUST-H,ITM-0623,10,2.48
PO-101052,CUST-D,ITM-0611,2,3.34
PO-101053,CUST-B,ITM-0208,4,5.28
PO-101053,CUST-B,ITM-0220,2,2.88
PO-101053,CUST-B,ITM-0306,2,1.04
PO-101054,CUST-B,ITM-0220,4,2.73
PO-101054,CUST-B,ITM-0328,2,3.18
PO-101054,CUST-B,ITM-0403,2,2.52
PO-101054,CUST-B,ITM-0426,1,24.63
PO-101055,CUST-C,ITM-0220,4,2.82
PO-101055,CUST-C,ITM-0328,4,3.52
PO-101055,CUST-C,ITM-0403,4,2.56
PO-101055,CUST-C,ITM-0612,6,4.28
PO-101055,CUST-C,ITM-1015,2,4.61
PO-101056,CUST-D,ITM-0426,5,25.84
PO-101056,CUST-D,ITM-0433,4,1.19
PO-101057,CUST-H,ITM-0201,2,4.59
PO-101058,CUST-F,ITM-0404,6,3.15
PO-101058,CUST-F,ITM-0404,6,3.15
PO-101058,CUST-F,ITM-0412,4,1.05
PO-101058,CUST-F,ITM-0426,2,25.02
PO-101058,CUST-F,ITM-0433,6,1.25
PO-101058,CUST-F,ITM-0434,12,1.45
PO-101059,CUST-D,ITM-0254,12,1.69
PO-101060,CUST-F,ITM-0328,6,3.26
PO-101060,CUST-F,ITM-0902,1,43.60
PO-101061,CUST-F,ITM-0435,20,1.60
PO-101061,CUST-F,ITM-0621,6,3.94
PO-101061,CUST-F,ITM-0632,4,4.23
PO-101062,CUST-G,ITM-0921,6,4.32
PO-101062,CUST-G,ITM-1022,10,5.63
PO-101063,CUST-A,ITM-0104,1,60.43
PO-101063,CUST-A,ITM-0610,4,2.23
PO-101063,CUST-A,ITM-0621,4,3.91
PO-101063,CUST-A,ITM-0621,4,3.91
PO-101063,CUST-A,ITM-0808,2,1.78
PO-101063,CUST-A,ITM-0920,5,2.66
PO-101063,CUST-A,ITM-1001,12,1.02
PO-101064,CUST-B,ITM-0737,4,66.81
PO-101065,CUST-A,ITM-0434,12,1.38
PO-101065,CUST-A,ITM-1001,2,0.92
PO-101065,CUST-A,ITM-1015,4,4.07
PO-101066,CUST-D,ITM-0219,12,1.90
PO-101066,CUST-D,ITM-0517,2,44.23
PO-101066,CUST-D,ITM-0942,24,0.31
PO-101067,CUST-B,ITM-0929,4,1.21
PO-101067,CUST-B,ITM-1019,12,6.48
PO-101068,CUST-B,ITM-0403,1,2.38
PO-101068,CUST-B,ITM-0404,12,3.10
PO-101068,CUST-B,ITM-0426,10,23.62
PO-101068,CUST-B,ITM-1014,2,2.63
PO-101069,CUST-B,ITM-0808,2,1.83
PO-101071,CUST-B,ITM-0416,4,2.87
PO-101072,CUST-D,ITM-0627,4,7.76
PO-101072,CUST-D,ITM-1015,12,4.28
PO-101073,CUST-C,ITM-0104,1,66.90
PO-101073,CUST-C,ITM-0229,20,1.60
PO-101073,CUST-C,ITM-0246,5,2.12
PO-101073,CUST-C,ITM-0306,10,1.01
PO-101074,CUST-D,ITM-0220,10,2.63
PO-101074,CUST-D,ITM-0426,2,25.20
PO-101074,CUST-D,ITM-0911,6,1.23
PO-101074,CUST-D,ITM-1003,24,1.03
PO-101074,CUST-D,ITM-1015,4,4.33
PO-101075,CUST-E,ITM-0612,4,4.35
PO-101075,CUST-E,ITM-1008,6,1.40
PO-101076,CUST-A,ITM-0104,6,66.72
PO-101076,CUST-A,ITM-0604,4,11.64
PO-101076,CUST-A,ITM-0629,10,3.04
PO-101077,CUST-H,ITM-0421,6,18.19
PO-101077,CUST-H,ITM-0440,6,26.77
PO-101077,CUST-H,ITM-0808,12,2.01
PO-101077,CUST-H,ITM-0907,6,0.75
PO-101077,CUST-H,ITM-0920,10,2.99
PO-101077,CUST-H,ITM-1014,4,2.68
PO-101078,CUST-A,ITM-0201,3,4.14
PO-101078,CUST-A,ITM-0237,12,3.25
PO-101078,CUST-A,ITM-0404,12,3.21
PO-101078,CUST-A,ITM-0431,4,0.77
PO-101078,CUST-A,ITM-0632,3,4.24
PO-101078,CUST-A,ITM-0815,2,7.93
PO-101079,CUST-C,ITM-0201,12,3.92
PO-101079,CUST-C,ITM-0629,1,3.15
PO-101079,CUST-C,ITM-0903,2,0.21
PO-101079,CUST-C,ITM-0903,2,0.21
PO-101080,CUST-B,ITM-0231,10,4.79
PO-101080,CUST-B,ITM-0243,10,0.72
PO-101080,CUST-B,ITM-0614,2,6.48
PO-101080,CUST-B,ITM-0917,3,3.88
PO-101081,CUST-F,ITM-0313,2,4.48
PO-101081,CUST-F,ITM-0609,20,1.56
PO-101082,CUST-D,ITM-0909,6,0.89
PO-101082,CUST-D,ITM-0921,12,3.71
PO-101082,CUST-D,ITM-1008,2,1.25
PO-101083,CUST-D,ITM-0306,50,0.90
PO-101083,CUST-D,ITM-0605,2,15.57
PO-101083,CUST-D,ITM-0737,5,73.26
PO-101084,CUST-F,ITM-0254,2,1.67
PO-101084,CUST-F,ITM-0403,1,2.44
PO-101084,CUST-F,ITM-0609,6,1.53
PO-101084,CUST-F,ITM-0612,1,4.07
PO-101086,CUST-A,ITM-0237,6,3.21
PO-101086,CUST-A,ITM-0327,2,2.21
PO-101087,CUST-A,ITM-0201,6,4.16
PO-101087,CUST-A,ITM-0922,10,5.38
PO-101088,CUST-D,ITM-0224,4,1.55
PO-101088,CUST-D,ITM-0254,10,1.72
PO-101088,CUST-D,ITM-1015,50,4.28
PO-101089,CUST-B,ITM-0220,2,2.65
PO-101089,CUST-B,ITM-0328,2,3.24
PO-101089,CUST-B,ITM-0426,50,24.24
PO-101090,CUST-A,ITM-0618,10,3.62
PO-101092,CUST-D,ITM-0517,4,40.57
PO-101093,CUST-D,ITM-1015,2,4.59
PO-101094,CUST-C,ITM-0228,10,4.65
PO-101094,CUST-C,ITM-0605,50,15.28
PO-101094,CUST-C,ITM-0942,20,0.35
PO-101095,CUST-F,ITM-0426,10,23.95
PO-101095,CUST-F,ITM-0433,10,1.18
PO-101095,CUST-F,ITM-1010,4,9.09
PO-101096,CUST-F,ITM-0328,6,3.36
PO-101096,CUST-F,ITM-0412,6,1.09
PO-101097,CUST-C,ITM-0228,10,4.62
PO-101098,CUST-C,ITM-0306,1,1.00
PO-101098,CUST-C,ITM-0733,4,24.02
PO-101099,CUST-D,ITM-0403,12,2.56
PO-101100,CUST-B,ITM-0243,12,0.77
PO-101100,CUST-B,ITM-0416,1,3.13
PO-101100,CUST-B,ITM-0629,2,3.38
PO-101102,CUST-D,ITM-0426,12,25.71
PO-101102,CUST-D,ITM-0426,12,25.71
PO-101102,CUST-D,ITM-0612,10,4.46
PO-101102,CUST-D,ITM-0908,10,0.89
PO-101102,CUST-D,ITM-1015,3,4.53
PO-101103,CUST-C,ITM-0229,50,1.48
PO-101103,CUST-C,ITM-0942,12,0.32
PO-101104,CUST-D,ITM-0306,6,0.91
PO-101105,CUST-H,ITM-0808,1,1.81
PO-101105,CUST-H,ITM-0920,2,2.78
PO-101105,CUST-H,ITM-0928,4,0.85
PO-101105,CUST-H,ITM-1014,4,2.62
PO-101106,CUST-B,ITM-0220,2,2.79
PO-101106,CUST-B,ITM-0254,2,1.76
PO-101106,CUST-B,ITM-0403,6,2.54
PO-101106,CUST-B,ITM-0612,2,4.52
PO-101106,CUST-B,ITM-1003,1,1.20
PO-101106,CUST-B,ITM-1015,1,4.34
PO-101107,CUST-A,ITM-0611,10,3.59
PO-101108,CUST-B,ITM-0220,1,2.78
PO-101108,CUST-B,ITM-0403,10,2.55
PO-101108,CUST-B,ITM-0426,6,27.38
PO-101108,CUST-B,ITM-0612,4,4.33
PO-101108,CUST-B,ITM-0612,4,4.33
PO-101109,CUST-A,ITM-0228,50,4.43
PO-101110,CUST-E,ITM-0309,10,2.00
PO-101110,CUST-E,ITM-1008,2,1.54
PO-101111,CUST-B,ITM-0237,2,3.49
PO-101111,CUST-B,ITM-0610,2,2.25
PO-101111,CUST-B,ITM-0737,6,78.17
PO-101112,CUST-F,ITM-0228,1,4.66
PO-101112,CUST-F,ITM-0426,6,26.63
PO-101112,CUST-F,ITM-0611,24,3.46
PO-101112,CUST-F,ITM-0623,6,2.60
PO-101113,CUST-H,ITM-0229,2,1.63
PO-101113,CUST-H,ITM-0612,4,4.29
PO-101114,CUST-A,ITM-0201,1,4.22
PO-101114,CUST-A,ITM-0614,2,5.23
PO-101115,CUST-D,ITM-0306,1,1.01
PO-101115,CUST-D,ITM-0909,12,0.93
PO-101115,CUST-D,ITM-0921,24,3.92
PO-101115,CUST-D,ITM-1001,2,1.10
PO-101116,CUST-F,ITM-0219,3,1.81
PO-101116,CUST-F,ITM-0632,20,4.13
PO-101117,CUST-G,ITM-0433,10,1.27
PO-101117,CUST-G,ITM-0902,1,4.89
PO-101117,CUST-G,ITM-0914,4,1.69
PO-101117,CUST-G,ITM-0927,6,0.59
PO-101118,CUST-G,ITM-0907,1,0.71
PO-101119,CUST-D,ITM-0220,2,2.54
PO-101119,CUST-D,ITM-0426,2,25.63
PO-101119,CUST-D,ITM-0432,10,0.91
PO-101119,CUST-D,ITM-0612,1,4.21
PO-101120,CUST-D,ITM-0612,6,4.29
PO-101121,CUST-D,ITM-0201,4,4.17
PO-101121,CUST-D,ITM-0228,2,4.52
PO-101121,CUST-D,ITM-0243,6,0.74
PO-101121,CUST-D,ITM-0402,10,2.01
PO-101122,CUST-E,ITM-0237,2,3.10
PO-101122,CUST-E,ITM-0446,3,20.37
PO-101122,CUST-E,ITM-0737,1,74.45
PO-101122,CUST-E,ITM-0940,6,19.24
PO-101123,CUST-H,ITM-0104,2,70.15
PO-101123,CUST-H,ITM-0733,12,23.19
PO-101123,CUST-H,ITM-0920,12,2.90
PO-101123,CUST-H,ITM-1014,24,2.62
PO-101124,CUST-B,ITM-0220,2,2.81
PO-101124,CUST-B,ITM-0237,6,3.24
PO-101126,CUST-A,ITM-0433,10,1.12
PO-101126,CUST-A,ITM-0808,2,1.83
PO-101127,CUST-A,ITM-0228,1,4.12
PO-101127,CUST-A,ITM-0310,1,4.05
PO-101127,CUST-A,ITM-0404,4,2.99
PO-101127,CUST-A,ITM-0623,10,2.43
PO-101127,CUST-A,ITM-0922,12,5.48
PO-101127,CUST-A,ITM-1006,12,1.24
PO-101128,CUST-D,ITM-0220,10,2.73
PO-101128,CUST-D,ITM-0426,10,26.77
PO-101128,CUST-D,ITM-0612,12,4.08
PO-101128,CUST-D,ITM-1015,6,4.55
PO-101129,CUST-A,ITM-0612,1,3.98
PO-101130,CUST-H,ITM-0921,2,4.16
PO-101131,CUST-B,ITM-0220,12,2.62
PO-101131,CUST-B,ITM-0605,4,14.89
PO-101131,CUST-B,ITM-0737,2,74.65
PO-101132,CUST-A,ITM-0432,50,0.81
PO-101132,CUST-A,ITM-0627,6,7.00
PO-101132,CUST-A,ITM-0914,3,1.49
PO-101132,CUST-A,ITM-1015,4,4.25
PO-101133,CUST-A,ITM-0250,1,60.25
PO-101133,CUST-A,ITM-0433,12,1.18
PO-101133,CUST-A,ITM-0940,1,19.79
PO-101133,CUST-A,ITM-1010,6,9.38
PO-101133,CUST-A,ITM-1015,2,4.28
PO-101134,CUST-A,ITM-0431,4,0.73
PO-101134,CUST-A,ITM-0511,4,26.15
PO-101134,CUST-A,ITM-0808,3,1.69
PO-101134,CUST-A,ITM-0929,12,1.11
PO-101135,CUST-H,ITM-0243,1,0.80
PO-101136,CUST-A,ITM-0433,1,1.16
PO-101136,CUST-A,ITM-0434,4,1.43
PO-101136,CUST-A,ITM-1015,10,4.52
PO-101137,CUST-C,ITM-0306,20,
PO-101138,CUST-F,ITM-0609,10,1.55
PO-101138,CUST-F,ITM-0938,1,13.20
PO-101139,CUST-A,ITM-0220,2,2.61
PO-101139,CUST-A,ITM-0517,6,41.24
PO-101141,CUST-C,ITM-0306,4,0.94
PO-101141,CUST-C,ITM-0311,50,6.67
PO-101141,CUST-C,ITM-0437,4,2.03
PO-101141,CUST-C,ITM-0440,24,26.39
PO-101141,CUST-C,ITM-0610,1,2.26
PO-101141,CUST-C,ITM-0907,4,0.74
PO-101142,CUST-A,ITM-0403,6,2.34
PO-101142,CUST-A,ITM-0433,1,1.05
PO-101142,CUST-A,ITM-0435,4,1.47
PO-101142,CUST-A,ITM-0612,24,3.65
PO-101142,CUST-A,ITM-0808,1,1.69
PO-101142,CUST-A,ITM-0904,12,0.30
PO-101143,CUST-D,ITM-0224,4,1.61
PO-101143,CUST-D,ITM-0235,4,1.62
PO-101143,CUST-D,ITM-0243,12,0.78
PO-101143,CUST-D,ITM-0446,5,23.78
PO-101144,CUST-A,ITM-0306,5,0.92
PO-101144,CUST-A,ITM-0618,3,3.84
PO-101144,CUST-A,ITM-1010,6,8.91
PO-101145,CUST-E,ITM-0629,4,3.26
PO-101145,CUST-E,ITM-1001,10,1.07
PO-101146,CUST-B,ITM-0228,2,4.15
PO-101146,CUST-B,ITM-0309,24,1.92
PO-101146,CUST-B,ITM-0426,20,24.89
PO-101146,CUST-B,ITM-0433,10,1.23
PO-101146,CUST-B,ITM-0939,2,15.71
PO-101146,CUST-B,ITM-1003,3,1.08
PO-101147,CUST-D,ITM-0517,4,39.77
PO-101147,CUST-D,ITM-0527,10,8.78
PO-101147,CUST-D,ITM-0527,10,8.78
PO-101148,CUST-B,ITM-0104,2,70.75
PO-101148,CUST-B,ITM-0614,6,5.71
PO-101149,CUST-A,ITM-0432,24,0.97
PO-101149,CUST-A,ITM-0434,50,1.40
PO-101149,CUST-A,ITM-1015,4,4.60
PO-101150,CUST-C,ITM-0412,1,1.08
PO-101150,CUST-C,ITM-0426,4,25.89
PO-101150,CUST-C,ITM-0922,6,5.65
PO-101150,CUST-C,ITM-0943,10,22.77
PO-101150,CUST-C,ITM-1006,10,1.35
PO-101150,CUST-C,ITM-1010,4,9.46
PO-101151,CUST-A,ITM-0243,6,0.69
PO-101151,CUST-A,ITM-0907,24,0.70
PO-101152,CUST-D,ITM-0434,10,1.38
PO-101153,CUST-B,ITM-0243,1,0.72
PO-101153,CUST-B,ITM-0309,6,2.12
PO-101153,CUST-B,ITM-0929,24,1.18
PO-101154,CUST-C,ITM-0805,24,35.86
PO-101154,CUST-C,ITM-1021,10,5.28
PO-101155,CUST-C,ITM-0517,6,41.25
PO-101156,CUST-F,ITM-0220,2,2.69
PO-101156,CUST-F,ITM-0237,24,3.02
PO-101156,CUST-F,ITM-0632,1,4.26
PO-101156,CUST-F,ITM-0815,2,8.32
PO-101157,CUST-A,ITM-0737,2,78.23
PO-101157,CUST-A,ITM-1015,24,4.06
PO-101157,CUST-A,ITM-1015,24,4.06
PO-101158,CUST-A,ITM-0403,4,2.25
PO-101158,CUST-A,ITM-0612,12,4.00
PO-101158,CUST-A,ITM-0618,4,3.92
PO-101158,CUST-A,ITM-1015,12,4.22
PO-101159,CUST-H,ITM-0943,12,25.09
PO-101160,CUST-D,ITM-0403,24,2.63
PO-101160,CUST-D,ITM-0426,6,24.55
PO-101160,CUST-D,ITM-1015,10,4.62
PO-101161,CUST-A,ITM-0254,4,1.57
PO-101161,CUST-A,ITM-0612,6,3.92
PO-101162,CUST-G,ITM-0326,4,2.74
PO-101162,CUST-G,ITM-0629,12,3.05
PO-101163,CUST-B,ITM-0235,4,1.71
PO-101163,CUST-B,ITM-0629,2,3.25
PO-101163,CUST-B,ITM-0922,12,5.82
PO-101163,CUST-B,ITM-1015,10,4.57
PO-101164,CUST-C,ITM-0225,2,2.46
PO-101165,CUST-A,ITM-0237,2,3.09
PO-101165,CUST-A,ITM-0253,50,1.12
PO-101165,CUST-A,ITM-0621,1,4.08
PO-101165,CUST-A,ITM-0632,50,3.75
PO-101166,CUST-B,ITM-0235,10,1.70
PO-101166,CUST-B,ITM-0431,1,0.83
PO-101166,CUST-B,ITM-0929,6,1.23
PO-101167,CUST-H,ITM-0430,24,0.52
PO-101167,CUST-H,ITM-0446,1,23.55
PO-101167,CUST-H,ITM-1014,10,2.74
PO-101168,CUST-D,ITM-0527,2,8.57
PO-101168,CUST-D,ITM-0627,2,7.62
PO-101169,CUST-F,ITM-0431,6,0.78
PO-101169,CUST-F,ITM-0446,6,20.91
PO-101169,CUST-F,ITM-0629,2,3.20
PO-101169,CUST-F,ITM-1015,6,4.43
PO-101170,CUST-G,ITM-0328,6,3.55
PO-101170,CUST-G,ITM-1014,12,2.84
PO-101171,CUST-H,ITM-0627,24,7.45
PO-101172,CUST-H,ITM-0627,2,7.42
PO-101173,CUST-A,ITM-0250,1,65.13
PO-101173,CUST-A,ITM-0605,10,15.17
PO-101173,CUST-A,ITM-0612,2,3.98
PO-101173,CUST-A,ITM-0628,4,0.16
PO-101174,CUST-H,ITM-0311,6,6.94
PO-101174,CUST-H,ITM-0733,4,23.94
PO-101174,CUST-H,ITM-0808,24,1.90
PO-101174,CUST-H,ITM-0920,2,3.05
PO-101174,CUST-H,ITM-1014,2,2.81
PO-101175,CUST-E,ITM-0311,12,6.46
PO-101175,CUST-E,ITM-0446,2,22.90
PO-101175,CUST-E,ITM-1015,6,4.53
PO-101176,CUST-G,ITM-1022,2,5.50
PO-101178,CUST-D,ITM-0917,24,3.79
PO-101178,CUST-D,ITM-0939,6,16.57
PO-101179,CUST-E,ITM-0311,1,6.99
PO-101179,CUST-E,ITM-0446,6,22.73
PO-101179,CUST-E,ITM-0629,4,3.21
PO-101179,CUST-E,ITM-1006,4,1.36
PO-101180,CUST-F,ITM-0431,6,0.79
PO-101180,CUST-F,ITM-0517,4,41.10
PO-101180,CUST-F,ITM-0808,4,1.87
PO-101180,CUST-F,ITM-0929,50,1.09
PO-101181,CUST-A,ITM-0433,6,1.01
PO-101181,CUST-A,ITM-0612,10,3.60
PO-101182,CUST-A,ITM-0433,12,1.13
PO-101182,CUST-A,ITM-0434,4,1.43
PO-101182,CUST-A,ITM-0629,12,2.94
PO-101182,CUST-A,ITM-1015,6,4.34
PO-101183,CUST-B,ITM-0902,4,4.49
PO-101184,CUST-B,ITM-0230,6,3.23
PO-101185,CUST-E,ITM-0403,6,2.48
PO-101185,CUST-E,ITM-1003,4,1.16
PO-101186,CUST-D,ITM-0611,10,3.29
PO-101186,CUST-D,ITM-0939,4,15.05
PO-101187,CUST-B,ITM-0627,4,7.90
PO-101187,CUST-B,ITM-0914,10,1.70
PO-101188,CUST-H,ITM-0253,10,1.29
PO-101188,CUST-H,ITM-0309,1,2.06
PO-101188,CUST-H,ITM-0435,12,1.61
PO-101188,CUST-H,ITM-0442,4,20.26
PO-101188,CUST-H,ITM-0611,6,3.33
PO-101190,CUST-E,ITM-0902,24,4.48
PO-101191,CUST-A,ITM-0403,3,2.52
PO-101191,CUST-A,ITM-0426,2,25.85
PO-101191,CUST-A,ITM-0612,2,4.18
PO-101191,CUST-A,ITM-1015,10,4.61
PO-101192,CUST-F,ITM-0517,2,43.03
PO-101192,CUST-F,ITM-1014,24,2.52
PO-101193,CUST-D,ITM-0235,4,1.64
PO-101193,CUST-D,ITM-0243,2,0.76
PO-101193,CUST-D,ITM-0446,6,22.96
PO-101193,CUST-D,ITM-0922,1,6.02
PO-101193,CUST-D,ITM-1014,10,2.61
PO-101193,CUST-D,ITM-1015,4,4.65
PO-101194,CUST-B,ITM-0228,10,4.53
PO-101194,CUST-B,ITM-0433,1,1.35
PO-101194,CUST-B,ITM-0902,12,4.72
PO-101195,CUST-A,ITM-0623,1,2.36
PO-101195,CUST-A,ITM-1003,1,1.06
PO-101196,CUST-B,ITM-0808,1,1.74
PO-101197,CUST-H,ITM-0243,4,0.74
PO-101197,CUST-H,ITM-0430,1,0.52
PO-101197,CUST-H,ITM-0446,1,20.85
PO-101197,CUST-H,ITM-0629,5,3.23
PO-101197,CUST-H,ITM-0805,2,31.93
PO-101198,CUST-C,ITM-0116,1,20.42
PO-101198,CUST-C,ITM-0328,50,3.12
PO-101198,CUST-C,ITM-0425,2,25.19
PO-101198,CUST-C,ITM-0437,10,2.14
PO-101198,CUST-C,ITM-0535,12,9.80
PO-101198,CUST-C,ITM-0808,24,1.73
PO-101200,CUST-D,ITM-0403,1,2.38
PO-101200,CUST-D,ITM-0426,6,23.81
PO-101200,CUST-D,ITM-0733,2,22.83
PO-101201,CUST-B,ITM-0403,50,2.31
PO-101201,CUST-B,ITM-0404,2,3.11
PO-101201,CUST-B,ITM-0433,2,1.19
PO-101201,CUST-B,ITM-0629,2,2.98
PO-101202,CUST-D,ITM-0629,50,2.96
PO-101202,CUST-D,ITM-1015,1,4.24
PO-101203,CUST-A,ITM-0907,1,0.67
PO-101204,CUST-B,ITM-0235,4,1.74
PO-101204,CUST-B,ITM-0412,1,1.15
PO-101204,CUST-B,ITM-0434,2,1.55
PO-101204,CUST-B,ITM-0434,2,1.55
PO-101204,CUST-B,ITM-0721,2,37.93
PO-101204,CUST-B,ITM-0808,6,1.98
PO-101205,CUST-A,ITM-0426,1,23.00
PO-101206,CUST-A,ITM-0243,1,0.71
PO-101206,CUST-A,ITM-0611,2,3.44
PO-101207,CUST-D,ITM-0446,2,22.11
PO-101208,CUST-F,ITM-0632,24,4.23
PO-101208,CUST-F,ITM-1011,2,4.05
PO-101209,CUST-H,ITM-0437,4,2.05
PO-101209,CUST-H,ITM-0442,10,21.65
PO-101209,CUST-H,ITM-1014,4,2.74
PO-101210,CUST-B,ITM-0225,10,2.21
PO-101210,CUST-B,ITM-0237,4,3.18
PO-101210,CUST-B,ITM-0737,10,73.91
PO-101210,CUST-B,ITM-0908,4,0.88
PO-101210,CUST-B,ITM-1015,2,4.50
PO-101210,CUST-B,ITM-1022,10,5.61
PO-101211,CUST-B,ITM-0201,10,4.11
PO-101211,CUST-B,ITM-0228,3,4.76
PO-101211,CUST-B,ITM-0237,6,3.20
PO-101212,CUST-B,ITM-0228,10,4.66
PO-101212,CUST-B,ITM-0426,4,25.68
PO-101212,CUST-B,ITM-0434,4,1.57
PO-101213,CUST-A,ITM-1014,10,2.75
PO-101214,CUST-D,ITM-0328,2,3.57
PO-101214,CUST-D,ITM-0412,10,1.12
PO-101214,CUST-D,ITM-0425,4,25.76
PO-101214,CUST-D,ITM-0434,2,1.53
PO-101214,CUST-D,ITM-0605,6,16.00
PO-101214,CUST-D,ITM-0922,6,6.52
PO-101215,CUST-B,ITM-0426,2,27.33
PO-101215,CUST-B,ITM-1001,10,1.07
PO-101216,CUST-B,ITM-0220,12,2.60
PO-101216,CUST-B,ITM-0403,2,2.48
PO-101216,CUST-B,ITM-1011,50,3.35
PO-101217,CUST-G,ITM-0311,6,6.74
PO-101217,CUST-G,ITM-0404,1,3.15
PO-101217,CUST-G,ITM-0414,6,1.90
PO-101217,CUST-G,ITM-0612,4,3.92
PO-101217,CUST-G,ITM-1014,12,2.66
PO-101217,CUST-G,ITM-1017,4,3.29
PO-101218,CUST-E,ITM-0433,4,1.15
PO-101218,CUST-E,ITM-0943,6,24.84
PO-101218,CUST-E,ITM-1008,4,1.34
PO-101219,CUST-D,ITM-0632,1,4.18
PO-101220,CUST-D,ITM-0943,10,22.97
PO-101221,CUST-A,ITM-0426,2,24.99
PO-101221,CUST-A,ITM-0612,2,4.03
PO-101222,CUST-D,ITM-0228,24,4.68
PO-101222,CUST-D,ITM-0237,2,3.21
PO-101222,CUST-D,ITM-1020,6,8.70
PO-101223,CUST-A,ITM-0425,2,24.78
PO-101223,CUST-A,ITM-1014,1,2.76
PO-101224,CUST-B,ITM-0426,6,25.43
PO-101224,CUST-B,ITM-0815,50,7.85
PO-101225,CUST-F,ITM-0243,1,0.76
PO-101225,CUST-F,ITM-0628,6,0.15
PO-101225,CUST-F,ITM-0629,6,3.34
PO-101225,CUST-F,ITM-1015,2,4.54
PO-101226,CUST-E,ITM-0611,4,3.21
PO-101227,CUST-E,ITM-0229,4,1.60
PO-101227,CUST-E,ITM-0403,6,2.48
PO-101227,CUST-E,ITM-0426,2,25.99
PO-101227,CUST-E,ITM-0612,10,4.42
PO-101228,CUST-G,ITM-0328,10,3.21
PO-101228,CUST-G,ITM-0605,1,15.46
PO-101228,CUST-G,ITM-1014,6,2.66
PO-101229,CUST-A,ITM-0201,4,4.31
PO-101229,CUST-A,ITM-0621,24,3.35
PO-101229,CUST-A,ITM-0902,4,4.02
PO-101230,CUST-C,ITM-0220,1,2.88
PO-101230,CUST-C,ITM-0623,4,2.62
PO-101231,CUST-D,ITM-0403,3,
PO-101231,CUST-D,ITM-0426,1,26.82
PO-101231,CUST-D,ITM-0426,1,26.82
PO-101231,CUST-D,ITM-0609,2,1.50
PO-101231,CUST-D,ITM-0911,2,1.35
PO-101231,CUST-D,ITM-1003,2,1.17
PO-101232,CUST-B,ITM-0104,2,70.04
PO-101232,CUST-B,ITM-0220,2,2.80
PO-101232,CUST-B,ITM-0303,12,2.60
PO-101232,CUST-B,ITM-0612,2,4.50
PO-101232,CUST-B,ITM-0628,10,0.16
PO-101232,CUST-B,ITM-0737,4,76.03
PO-101233,CUST-D,ITM-0434,4,1.56
PO-101235,CUST-A,ITM-0434,6,1.39
PO-101236,CUST-A,ITM-0808,2,1.77
PO-101236,CUST-A,ITM-0939,10,15.16
PO-101237,CUST-D,ITM-1014,24,2.38
PO-101238,CUST-A,ITM-0237,4,3.11
PO-101238,CUST-A,ITM-0621,24,3.84
PO-101239,CUST-D,ITM-0911,4,1.36
PO-101239,CUST-D,ITM-1015,6,4.64
PO-101240,CUST-F,ITM-0250,12,60.20
PO-101240,CUST-F,ITM-0627,4,7.50
PO-101240,CUST-F,ITM-0911,24,1.20
PO-101240,CUST-F,ITM-1015,2,4.34
PO-101241,CUST-C,ITM-0416,1,2.75
PO-101242,CUST-B,ITM-0243,24,0.70
PO-101243,CUST-A,ITM-0229,20,1.48
PO-101243,CUST-A,ITM-0235,20,1.55
PO-101243,CUST-A,ITM-0311,1,6.59
PO-101243,CUST-A,ITM-0629,4,2.78
PO-101244,CUST-A,ITM-0612,12,4.23
PO-101245,CUST-H,ITM-0311,50,6.73
PO-101247,CUST-E,ITM-0433,12,1.31
PO-101247,CUST-E,ITM-0614,2,6.41
PO-101247,CUST-E,ITM-1011,24,4.07
PO-101248,CUST-A,ITM-0610,4,2.19
PO-101249,CUST-B,ITM-0228,6,4.70
PO-101249,CUST-B,ITM-0433,24,1.22
PO-101250,CUST-B,ITM-0220,4,2.89
PO-101250,CUST-B,ITM-0403,10,2.73
PO-101250,CUST-B,ITM-1015,4,4.37
PO-101251,CUST-B,ITM-0629,5,3.04
PO-101252,CUST-H,ITM-0326,5,2.73
PO-101252,CUST-H,ITM-0808,5,1.82
PO-101254,CUST-B,ITM-0443,1,4.89
PO-101254,CUST-B,ITM-0911,4,1.34
PO-101255,CUST-A,ITM-0942,6,0.29
PO-101256,CUST-F,ITM-0922,4,6.37
PO-101257,CUST-E,ITM-0433,1,1.21
PO-101257,CUST-E,ITM-0612,5,4.27
PO-101257,CUST-E,ITM-0620,10,3.34
PO-101257,CUST-E,ITM-1006,6,1.35
PO-101257,CUST-E,ITM-1014,2,2.77
PO-101258,CUST-A,ITM-0612,10,3.84
PO-101259,CUST-F,ITM-0228,10,4.56
PO-101259,CUST-F,ITM-0412,5,1.14
PO-101260,CUST-C,ITM-1001,1,1.03
PO-101260,CUST-C,ITM-1001,1,1.03
PO-101261,CUST-A,ITM-0440,6,24.86
PO-101261,CUST-A,ITM-0618,2,3.93
PO-101261,CUST-A,ITM-0621,10,3.88
PO-101261,CUST-A,ITM-0928,1,0.77
PO-101262,CUST-D,ITM-0434,5,1.45
PO-101262,CUST-D,ITM-0629,50,2.54
PO-101262,CUST-D,ITM-0737,5,73.35
PO-101262,CUST-D,ITM-1015,4,4.37
PO-101263,CUST-C,ITM-0446,20,22.63
PO-101263,CUST-C,ITM-0632,1,4.05
PO-101263,CUST-C,ITM-0922,2,5.88
PO-101264,CUST-A,ITM-0243,3,0.64
PO-101264,CUST-A,ITM-0618,12,3.64
PO-101265,CUST-E,ITM-0310,10,4.38
PO-101266,CUST-C,ITM-0201,20,4.32
PO-101266,CUST-C,ITM-0228,10,4.56
PO-101266,CUST-C,ITM-0250,1,63.00
PO-101266,CUST-C,ITM-0902,12,4.60
PO-101266,CUST-C,ITM-1011,4,4.11
PO-101266,CUST-C,ITM-1021,2,4.94
PO-101267,CUST-B,ITM-0433,10,1.13
PO-101268,CUST-F,ITM-0412,2,1.16
PO-101268,CUST-F,ITM-0431,10,0.81
PO-101268,CUST-F,ITM-0434,2,1.58
PO-101268,CUST-F,ITM-0902,2,4.65
PO-101268,CUST-F,ITM-1014,4,2.72
PO-101269,CUST-H,ITM-0220,50,2.61
PO-101269,CUST-H,ITM-0403,2,2.52
PO-101269,CUST-H,ITM-0612,6,4.00
PO-101269,CUST-H,ITM-1015,24,4.45
PO-101270,CUST-B,ITM-0737,2,78.00
PO-101271,CUST-A,ITM-0929,4,1.11
PO-101272,CUST-F,ITM-0230,2,3.09
PO-101272,CUST-F,ITM-0328,1,3.22
PO-101272,CUST-F,ITM-0403,1,2.49
PO-101272,CUST-F,ITM-0426,20,25.16
PO-101272,CUST-F,ITM-0609,4,1.43
PO-101273,CUST-D,ITM-0426,6,25.95
PO-101273,CUST-D,ITM-0623,4,2.73
PO-101274,CUST-A,ITM-0426,12,26.07
PO-101275,CUST-A,ITM-0250,3,60.82
PO-101275,CUST-A,ITM-0611,6,3.10
PO-101275,CUST-A,ITM-0627,24,6.59
PO-101275,CUST-A,ITM-0902,1,4.11
PO-101276,CUST-D,ITM-0612,2,4.18
PO-101277,CUST-G,ITM-0220,6,2.68
PO-101277,CUST-G,ITM-0254,20,1.71
PO-101277,CUST-G,ITM-0328,10,3.12
PO-101277,CUST-G,ITM-1011,2,3.85
PO-101277,CUST-G,ITM-1015,6,4.28
PO-101279,CUST-F,ITM-0224,10,1.49
PO-101279,CUST-F,ITM-1015,10,4.44
PO-101280,CUST-C,ITM-0220,1,2.82
PO-101281,CUST-H,ITM-0433,1,1.25
PO-101281,CUST-H,ITM-0434,1,1.45
PO-101281,CUST-H,ITM-0808,3,1.90
PO-101281,CUST-H,ITM-0911,24,1.19
PO-101281,CUST-H,ITM-0914,1,1.62
PO-101281,CUST-H,ITM-1020,24,8.64
PO-101282,CUST-E,ITM-0437,1,2.02
PO-101282,CUST-E,ITM-0609,1,1.59
PO-101282,CUST-E,ITM-0629,6,2.71
PO-101282,CUST-E,ITM-0913,1,1.42
PO-101282,CUST-E,ITM-1015,6,4.26
PO-101285,CUST-D,ITM-0326,1,2.77
PO-101285,CUST-D,ITM-1015,3,4.14
PO-101286,CUST-D,ITM-1015,5,4.35
PO-101287,CUST-H,ITM-0434,10,1.67
PO-101287,CUST-H,ITM-0902,1,47.80
PO-101287,CUST-H,ITM-0914,4,1.69
PO-101288,CUST-A,ITM-0254,4,1.69
PO-101289,CUST-C,ITM-0612,1,3.93
PO-101289,CUST-C,ITM-1014,5,2.50
PO-101290,CUST-A,ITM-0254,6,1.85
PO-101291,CUST-B,ITM-0412,10,1.09
PO-101291,CUST-B,ITM-0629,4,3.25
PO-101292,CUST-D,ITM-0604,4,12.58
PO-101292,CUST-D,ITM-0921,6,3.69
PO-101293,CUST-H,ITM-0309,24,2.00
PO-101293,CUST-H,ITM-0403,4,2.47
PO-101293,CUST-H,ITM-0612,1,4.21
PO-101293,CUST-H,ITM-0908,1,0.91
PO-101294,CUST-D,ITM-0414,6,1.78
PO-101294,CUST-D,ITM-0426,10,23.50
PO-101294,CUST-D,ITM-0612,1,3.78
PO-101294,CUST-D,ITM-0627,10,7.36
PO-101297,CUST-A,ITM-0310,12,4.17
PO-101297,CUST-A,ITM-0433,1,1.19
PO-101297,CUST-A,ITM-0434,4,1.36
PO-101297,CUST-A,ITM-0604,10,11.92
PO-101298,CUST-C,ITM-0211,2,12.98
PO-101298,CUST-C,ITM-0621,1,4.53
PO-101298,CUST-C,ITM-0808,4,1.85
PO-101298,CUST-C,ITM-0809,4,2.58
PO-101298,CUST-C,ITM-1020,3,9.54
PO-101299,CUST-D,ITM-0715,1,74.97
PO-101299,CUST-D,ITM-1015,5,4.37
PO-101300,CUST-C,ITM-0328,12,3.57
PO-101300,CUST-C,ITM-0605,12,16.79
PO-101300,CUST-C,ITM-0922,12,6.47
PO-101301,CUST-G,ITM-0328,1,3.19
PO-101302,CUST-F,ITM-1015,2,4.25
PO-101303,CUST-A,ITM-0443,2,5.17
PO-101303,CUST-A,ITM-0612,10,3.94
PO-101303,CUST-A,ITM-0808,1,1.80
PO-101304,CUST-D,ITM-0326,10,2.71
PO-101304,CUST-D,ITM-0632,10,4.32
PO-101304,CUST-D,ITM-1015,2,4.54
PO-101305,CUST-A,ITM-0328,24,2.90
PO-101305,CUST-A,ITM-0433,2,1.11
PO-101305,CUST-A,ITM-0612,4,3.65
PO-101305,CUST-A,ITM-1010,2,8.85
PO-101307,CUST-H,ITM-0306,2,0.92
PO-101307,CUST-H,ITM-0511,4,24.16
PO-101307,CUST-H,ITM-0902,1,44.50
PO-101308,CUST-C,ITM-0220,1,2.68
PO-101308,CUST-C,ITM-0942,24,0.30
PO-101308,CUST-C,ITM-0943,12,24.32
PO-101308,CUST-C,ITM-1001,6,1.05
PO-101309,CUST-H,ITM-0604,4,13.26
PO-101310,CUST-A,ITM-0511,1,24.23
PO-101310,CUST-A,ITM-0517,2,36.82
PO-101310,CUST-A,ITM-0913,1,1.27
PO-101311,CUST-F,ITM-0433,12,1.15
PO-101312,CUST-B,ITM-0446,24,22.18
PO-101312,CUST-B,ITM-0605,50,16.35
PO-101312,CUST-B,ITM-0605,50,16.35
PO-101312,CUST-B,ITM-0611,6,3.55
PO-101313,CUST-A,ITM-0403,20,2.44
PO-101313,CUST-A,ITM-0815,1,8.03
PO-101315,CUST-B,ITM-0228,10,4.54
PO-101315,CUST-B,ITM-0416,2,2.84
PO-101316,CUST-A,ITM-0517,4,42.05
PO-101316,CUST-A,ITM-0929,3,
PO-101316,CUST-A,ITM-1018,12,5.08
PO-101317,CUST-A,ITM-0201,6,4.14
PO-101317,CUST-A,ITM-0611,24,3.00
PO-101317,CUST-A,ITM-1008,24,1.34
PO-101318,CUST-A,ITM-0237,4,2.88
PO-101318,CUST-A,ITM-0632,2,4.26
PO-101318,CUST-A,ITM-1015,10,4.03
PO-101319,CUST-A,ITM-0611,12,3.35
PO-101321,CUST-H,ITM-0808,6,1.96
PO-101322,CUST-A,ITM-0433,4,1.10
PO-101323,CUST-G,ITM-0230,1,2.94
PO-101324,CUST-C,ITM-0434,1,1.39
PO-101325,CUST-D,ITM-1021,2,4.38
PO-101326,CUST-D,ITM-0235,2,1.74
PO-101326,CUST-D,ITM-0412,4,1.11
PO-101326,CUST-D,ITM-0434,6,1.49
PO-101326,CUST-D,ITM-0437,24,1.98
PO-101326,CUST-D,ITM-0922,1,6.06
PO-101326,CUST-D,ITM-1014,1,2.75
PO-101327,CUST-A,ITM-0434,10,1.54
PO-101328,CUST-H,ITM-0414,6,1.86
PO-101328,CUST-H,ITM-0414,6,1.86
PO-101328,CUST-H,ITM-0629,10,3.15
PO-101329,CUST-D,ITM-0733,1,24.95
PO-101330,CUST-C,ITM-0943,50,21.31
PO-101331,CUST-B,ITM-0611,4,3.44
PO-101332,CUST-A,ITM-0250,10,59.98
PO-101332,CUST-A,ITM-0902,2,4.20
PO-101333,CUST-D,ITM-0228,24,4.50
PO-101333,CUST-D,ITM-0815,4,9.08
PO-101333,CUST-D,ITM-0938,2,13.56
PO-101333,CUST-D,ITM-1018,2,5.46
PO-101334,CUST-D,ITM-0403,5,2.51
PO-101334,CUST-D,ITM-1015,6,4.70
PO-101335,CUST-A,ITM-0433,2,1.14
PO-101335,CUST-A,ITM-0808,2,1.84
PO-101335,CUST-A,ITM-0911,6,1.23
PO-101335,CUST-A,ITM-1015,12,4.14
PO-101336,CUST-H,ITM-0414,20,1.95
PO-101336,CUST-H,ITM-0433,12,1.20
PO-101336,CUST-H,ITM-0434,24,1.55
PO-101336,CUST-H,ITM-0604,1,13.04
PO-101336,CUST-H,ITM-0939,2,16.73
PO-101337,CUST-F,ITM-0632,10,4.64
PO-101338,CUST-A,ITM-0237,1,2.99
PO-101338,CUST-A,ITM-0535,4,8.44
PO-101339,CUST-A,ITM-0306,5,0.88
PO-101339,CUST-A,ITM-0611,12,3.02
PO-101340,CUST-H,ITM-0237,2,3.25
PO-101341,CUST-D,ITM-0421,6,17.94
PO-101341,CUST-D,ITM-0433,1,1.20
PO-101342,CUST-G,ITM-0201,4,4.58
PO-101342,CUST-G,ITM-0237,1,3.50
PO-101343,CUST-C,ITM-0610,6,2.23
PO-101344,CUST-H,ITM-0612,10,4.14
PO-101344,CUST-H,ITM-0911,12,1.24
PO-101345,CUST-D,ITM-1017,6,3.03
PO-101346,CUST-D,ITM-0228,24,4.52
PO-101346,CUST-D,ITM-0434,2,1.61
PO-101347,CUST-D,ITM-0254,2,1.65
PO-101347,CUST-D,ITM-0309,6,1.99
PO-101347,CUST-D,ITM-0426,1,23.84
PO-101348,CUST-D,ITM-0511,1,27.44
PO-101348,CUST-D,ITM-0517,2,43.89
PO-101348,CUST-D,ITM-0922,12,6.38
PO-101348,CUST-D,ITM-1014,6,2.84
PO-101349,CUST-A,ITM-0251,2,2.31
PO-101349,CUST-A,ITM-0305,2,41.17
PO-101349,CUST-A,ITM-0612,2,3.97
PO-101349,CUST-A,ITM-0715,2,70.31
PO-101350,CUST-B,ITM-0250,2,65.57
PO-101351,CUST-A,ITM-0257,1,0.72
PO-101351,CUST-A,ITM-0403,6,2.48
PO-101351,CUST-A,ITM-0612,2,3.90
PO-101352,CUST-E,ITM-0220,2,2.80
PO-101353,CUST-D,ITM-0228,4,4.86
PO-101353,CUST-D,ITM-0235,2,1.63
PO-101353,CUST-D,ITM-0815,24,7.98
PO-101355,CUST-A,ITM-0220,4,2.76
PO-101355,CUST-A,ITM-0612,1,4.23
PO-101355,CUST-A,ITM-0623,1,2.31
PO-101356,CUST-B,ITM-0629,1,2.98
PO-101356,CUST-B,ITM-0808,2,1.83
PO-101357,CUST-C,ITM-0629,1,3.50
PO-101357,CUST-C,ITM-0632,5,4.27
PO-101357,CUST-C,ITM-1015,1,4.66
PO-101358,CUST-F,ITM-0220,4,2.66
PO-101358,CUST-F,ITM-0938,5,12.48
PO-101358,CUST-F,ITM-1018,12,5.16
PO-101358,CUST-F,ITM-1020,4,8.38
PO-101359,CUST-D,ITM-0434,10,1.52
PO-101359,CUST-D,ITM-0517,2,40.75
PO-101359,CUST-D,ITM-0922,20,5.80
PO-101360,CUST-F,ITM-0311,10,7.54
PO-101361,CUST-B,ITM-0434,2,1.54
PO-101361,CUST-B,ITM-1014,2,2.81
PO-101362,CUST-C,ITM-1015,1,4.23
PO-101363,CUST-G,ITM-0609,24,1.49
PO-101366,CUST-F,ITM-0612,4,4.07
PO-101366,CUST-F,ITM-0815,10,8.16
PO-101367,CUST-C,ITM-0434,4,1.58
PO-101367,CUST-C,ITM-0437,4,1.97
PO-101367,CUST-C,ITM-0437,4,1.97
PO-101368,CUST-A,ITM-0403,4,2.44
PO-101368,CUST-A,ITM-0433,2,1.07
PO-101368,CUST-A,ITM-0527,1,8.76
PO-101368,CUST-A,ITM-0914,24,1.47
PO-101369,CUST-D,ITM-0517,4,43.22
PO-101369,CUST-D,ITM-0632,50,3.63
PO-101369,CUST-D,ITM-0929,2,1.13
PO-101369,CUST-D,ITM-1018,20,4.91
PO-101370,CUST-D,ITM-0235,1,1.58
PO-101370,CUST-D,ITM-0243,24,0.71
PO-101370,CUST-D,ITM-0446,1,21.59
PO-101370,CUST-D,ITM-1015,3,4.32
PO-101371,CUST-F,ITM-0306,6,0.96
PO-101371,CUST-F,ITM-0612,6,4.04
PO-101371,CUST-F,ITM-0928,2,0.74
PO-101371,CUST-F,ITM-0942,2,0.33
PO-101372,CUST-A,ITM-0928,50,0.65
PO-101373,CUST-C,ITM-0517,1,40.36
PO-101373,CUST-C,ITM-0535,4,8.77
PO-101373,CUST-C,ITM-0922,4,6.05
PO-101373,CUST-C,ITM-0929,6,1.15
PO-101374,CUST-F,ITM-0250,2,69.94
PO-101376,CUST-D,ITM-0511,4,27.47
PO-101377,CUST-A,ITM-0907,6,0.69
PO-101378,CUST-B,ITM-0104,24,63.66
PO-101378,CUST-B,ITM-0220,2,2.71
PO-101378,CUST-B,ITM-0306,10,1.02
PO-101378,CUST-B,ITM-0527,10,9.28
PO-101378,CUST-B,ITM-0604,1,12.15
PO-101379,CUST-D,ITM-0426,2,25.75
PO-101379,CUST-D,ITM-0604,4,12.60
PO-101379,CUST-D,ITM-0604,4,12.60
PO-101379,CUST-D,ITM-0922,4,6.04
PO-101379,CUST-D,ITM-0939,3,15.37
PO-101380,CUST-B,ITM-0211,4,13.13
PO-101380,CUST-B,ITM-0808,10,1.90
PO-101381,CUST-D,ITM-0733,10,21.91
PO-101381,CUST-D,ITM-0808,4,1.84
PO-101381,CUST-D,ITM-0939,1,15.86
PO-101382,CUST-F,ITM-0328,4,3.11
PO-101382,CUST-F,ITM-0414,6,1.75
PO-101382,CUST-F,ITM-1011,24,3.53
PO-101382,CUST-F,ITM-1014,1,2.58
PO-101383,CUST-B,ITM-0433,12,1.25
PO-101383,CUST-B,ITM-0902,2,4.32
PO-101383,CUST-B,ITM-0910,4,1.14
PO-101383,CUST-B,ITM-1011,2,4.24
PO-101384,CUST-G,ITM-1011,2,3.83
PO-101385,CUST-E,ITM-0243,2,0.76
PO-101386,CUST-F,ITM-0612,1,4.18
PO-101386,CUST-F,ITM-0737,1,72.90
PO-101386,CUST-F,ITM-1008,6,1.39
PO-101387,CUST-B,ITM-0220,20,2.90
PO-101387,CUST-B,ITM-0230,2,3.12
PO-101387,CUST-B,ITM-1015,5,4.52
PO-101388,CUST-A,ITM-0434,24,1.36
PO-101389,CUST-E,ITM-0403,2,2.48
PO-101389,CUST-E,ITM-0815,50,7.57
PO-101390,CUST-B,ITM-0225,1,2.39
PO-101390,CUST-B,ITM-0228,50,4.43
PO-101390,CUST-B,ITM-0306,4,1.06
PO-101390,CUST-B,ITM-1022,1,5.77
PO-101391,CUST-A,ITM-0250,2,58.44
PO-101391,CUST-A,ITM-0432,1,0.96
PO-101391,CUST-A,ITM-1001,10,1.02
PO-101391,CUST-A,ITM-1015,2,4.31
PO-101392,CUST-A,ITM-0433,2,1.34
PO-101393,CUST-B,ITM-0228,2,4.42
PO-101393,CUST-B,ITM-0611,1,3.45
PO-101393,CUST-B,ITM-1001,1,1.01
PO-101394,CUST-G,ITM-0430,50,0.45
PO-101394,CUST-G,ITM-0621,10,4.16
PO-101395,CUST-F,ITM-0311,12,7.00
PO-101395,CUST-F,ITM-0403,6,2.41
PO-101395,CUST-F,ITM-1017,1,3.05
PO-101396,CUST-F,ITM-0208,10,5.50
PO-101396,CUST-F,ITM-0228,1,4.36
PO-101396,CUST-F,ITM-0433,24,1.32
PO-101396,CUST-F,ITM-0902,4,4.59
PO-101397,CUST-D,ITM-0201,6,4.26
PO-101398,CUST-C,ITM-0220,4,2.71
PO-101398,CUST-C,ITM-0229,6,1.64
PO-101398,CUST-C,ITM-0612,4,4.40
PO-101399,CUST-B,ITM-0313,4,4.50
PO-101399,CUST-B,ITM-0628,24,0.15
PO-101399,CUST-B,ITM-0632,10,4.47
PO-101399,CUST-B,ITM-1015,5,4.71
PO-101400,CUST-B,ITM-0251,2,2.61
PO-101400,CUST-B,ITM-0311,6,7.58
PO-101401,CUST-A,ITM-0328,4,2.67
PO-101401,CUST-A,ITM-0403,4,2.33
PO-101401,CUST-A,ITM-0433,1,1.08
PO-101401,CUST-A,ITM-0612,12,3.62
PO-101401,CUST-A,ITM-0915,10,2.38
PO-101402,CUST-C,ITM-0435,4,1.63
PO-101402,CUST-C,ITM-0632,6,4.02
PO-101402,CUST-C,ITM-1018,1,5.04
PO-101403,CUST-C,ITM-0225,10,2.32
PO-101403,CUST-C,ITM-0237,10,3.21
PO-101403,CUST-C,ITM-0440,2,29.77
PO-101403,CUST-C,ITM-0922,4,5.95
PO-101403,CUST-C,ITM-1022,1,5.37
PO-101404,CUST-E,ITM-0201,10,4.64
PO-101404,CUST-E,ITM-0402,1,2.20
PO-101404,CUST-E,ITM-0527,2,10.72
PO-101404,CUST-E,ITM-0614,2,6.67
PO-101404,CUST-G,ITM-0402,1,2.20
PO-101405,CUST-B,ITM-0431,2,0.83
PO-101405,CUST-B,ITM-0808,4,1.89
PO-101405,CUST-B,ITM-0904,1,0.35
PO-101405,CUST-B,ITM-0922,24,6.23
PO-101406,CUST-C,ITM-0220,4,2.70
PO-101406,CUST-C,ITM-0408,6,4.57
PO-101406,CUST-C,ITM-0909,10,
PO-101406,CUST-C,ITM-0927,2,0.50
PO-101407,CUST-A,ITM-0426,1,25.97
PO-101407,CUST-A,ITM-0433,2,1.29
PO-101407,CUST-A,ITM-0434,50,1.35
PO-101407,CUST-A,ITM-0939,2,15.65
PO-101408,CUST-A,ITM-0229,12,1.40
PO-101408,CUST-A,ITM-0403,6,2.34
PO-101408,CUST-A,ITM-0612,6,4.01
PO-101408,CUST-A,ITM-0618,1,3.89
PO-101408,CUST-A,ITM-0911,1,1.16
PO-101408,CUST-A,ITM-0938,20,12.17
PO-101410,CUST-E,ITM-0211,6,12.67
PO-101410,CUST-E,ITM-0220,2,2.57
PO-101411,CUST-A,ITM-0426,12,24.90
PO-101411,CUST-A,ITM-0612,6,3.99
PO-101412,CUST-A,ITM-0237,4,2.93
PO-101413,CUST-H,ITM-0201,12,4.25
PO-101413,CUST-H,ITM-0306,6,0.97
PO-101413,CUST-H,ITM-0611,10,3.43
PO-101413,CUST-H,ITM-0903,2,0.21
PO-101414,CUST-A,ITM-0224,24,1.35
PO-101414,CUST-A,ITM-0621,10,3.99
PO-101415,CUST-G,ITM-0604,4,13.32
PO-101416,CUST-F,ITM-0306,6,0.95
PO-101416,CUST-F,ITM-0618,1,4.11
PO-101416,CUST-F,ITM-1019,2,6.59
PO-101417,CUST-A,ITM-0311,4,6.64
PO-101417,CUST-A,ITM-0314,2,2.51
PO-101417,CUST-A,ITM-0618,24,3.89
PO-101417,CUST-A,ITM-0621,2,3.87
PO-101417,CUST-A,ITM-1010,4,8.76
PO-101418,CUST-B,ITM-0431,1,0.79
PO-101418,CUST-B,ITM-0808,2,1.94
PO-101418,CUST-B,ITM-0815,6,8.64
PO-101419,CUST-B,ITM-0403,10,
PO-101419,CUST-B,ITM-0426,4,24.38
PO-101419,CUST-B,ITM-0612,6,4.15
PO-101419,CUST-B,ITM-0913,6,1.39
PO-101420,CUST-F,ITM-0433,3,1.25
PO-101421,CUST-F,ITM-0250,12,62.67
PO-101421,CUST-F,ITM-0421,12,18.97
PO-101421,CUST-F,ITM-0433,10,1.28
PO-101421,CUST-F,ITM-0614,4,6.24
PO-101422,CUST-D,ITM-0605,4,16.79
PO-101422,CUST-D,ITM-0940,4,19.38
PO-101422,CUST-D,ITM-1015,2,4.39
PO-101423,CUST-H,ITM-0237,12,3.22
PO-101423,CUST-H,ITM-0609,1,1.47
PO-101424,CUST-A,ITM-0310,10,4.08
PO-101425,CUST-C,ITM-0228,24,4.29
PO-101425,CUST-C,ITM-0237,1,3.21
PO-101425,CUST-C,ITM-0535,12,9.18
PO-101425,CUST-C,ITM-1015,6,4.40
PO-101425,CUST-C,ITM-1022,1,5.72
PO-101426,CUST-D,ITM-0228,24,4.80
PO-101427,CUST-H,ITM-0201,6,4.38
PO-101427,CUST-H,ITM-0309,2,1.95
PO-101427,CUST-H,ITM-0326,10,2.68
PO-101427,CUST-H,ITM-0434,4,1.42
PO-101427,CUST-H,ITM-0628,6,0.16
PO-101427,CUST-H,ITM-0927,3,0.54
PO-101428,CUST-A,ITM-0715,4,70.11
PO-101428,CUST-A,ITM-0737,10,67.63
PO-101428,CUST-A,ITM-0928,6,0.74
PO-101429,CUST-A,ITM-0435,10,1.43
PO-101431,CUST-A,ITM-0220,6,2.57
PO-101432,CUST-D,ITM-0224,3,1.42
PO-101432,CUST-D,ITM-0311,6,7.07
PO-101433,CUST-H,ITM-0220,5,2.75
PO-101433,CUST-H,ITM-0623,6,2.50
PO-101433,CUST-H,ITM-0809,2,2.56
PO-101433,CUST-H,ITM-1015,10,4.98
PO-101434,CUST-H,ITM-0201,1,4.02
PO-101434,CUST-H,ITM-0237,2,3.27
PO-101435,CUST-A,ITM-0228,4,4.86
PO-101435,CUST-A,ITM-0250,2,61.11
PO-101435,CUST-A,ITM-0433,1,1.22
PO-101435,CUST-A,ITM-0902,6,4.43
PO-101435,CUST-A,ITM-0914,3,1.54
PO-101436,CUST-B,ITM-0902,2,4.68
PO-101437,CUST-D,ITM-0201,1,4.24
PO-101437,CUST-D,ITM-0228,24,4.53
PO-101437,CUST-D,ITM-0326,10,2.87
PO-101438,CUST-G,ITM-0228,4,4.65
PO-101438,CUST-G,ITM-0939,6,15.82
PO-101438,CUST-G,ITM-0943,10,23.68
PO-101439,CUST-B,ITM-0220,3,2.55
PO-101440,CUST-C,ITM-0243,4,0.71
PO-101440,CUST-C,ITM-0621,4,4.30
PO-101441,CUST-B,ITM-1015,4,4.40
PO-101442,CUST-B,ITM-0313,3,4.63
PO-101442,CUST-B,ITM-0446,4,21.51
PO-101442,CUST-B,ITM-1022,6,5.88
PO-101443,CUST-A,ITM-0310,4,4.69
PO-101443,CUST-A,ITM-0408,2,5.22
PO-101443,CUST-A,ITM-0612,12,4.21
PO-101443,CUST-A,ITM-0623,1,2.52
PO-101444,CUST-D,ITM-0104,2,69.00
PO-101444,CUST-D,ITM-0909,1,0.93
PO-101445,CUST-G,ITM-0434,4,1.57
PO-101445,CUST-G,ITM-0943,4,23.68
PO-101446,CUST-B,ITM-0311,1,7.01
PO-101446,CUST-B,ITM-0414,6,1.99
PO-101446,CUST-B,ITM-0433,1,1.17
PO-101446,CUST-B,ITM-0612,2,3.86
PO-101448,CUST-A,ITM-0250,10,60.18
PO-101448,CUST-A,ITM-0306,10,1.02
PO-101448,CUST-A,ITM-0517,3,41.89
PO-101448,CUST-A,ITM-0604,4,12.73
PO-101448,CUST-A,ITM-0612,1,4.13
PO-101449,CUST-B,ITM-0201,1,4.75
PO-101449,CUST-B,ITM-0306,1,1.01
PO-101449,CUST-B,ITM-0902,1,4.37
PO-101449,CUST-B,ITM-0929,1,1.24
PO-101450,CUST-H,ITM-0235,3,1.76
PO-101450,CUST-H,ITM-0517,1,43.30
PO-101450,CUST-H,ITM-1014,6,2.71
PO-101452,CUST-H,ITM-0311,1,7.41
PO-101452,CUST-H,ITM-0311,1,7.41
PO-101452,CUST-H,ITM-0808,10,1.85
PO-101452,CUST-H,ITM-1014,4,2.50
PO-101453,CUST-A,ITM-0237,4,2.93
PO-101453,CUST-A,ITM-0535,10,8.27
PO-101453,CUST-A,ITM-1015,24,3.77
PO-101454,CUST-B,ITM-0808,10,1.78
PO-101456,CUST-B,ITM-0230,4,3.14
PO-101456,CUST-B,ITM-0432,10,1.01
PO-101457,CUST-G,ITM-0715,3,68.64
PO-101457,CUST-G,ITM-0928,50,0.72
PO-101457,CUST-G,ITM-1008,4,1.40
PO-101458,CUST-B,ITM-0225,2,2.44
PO-101458,CUST-B,ITM-0228,6,4.63
PO-101458,CUST-B,ITM-0412,6,1.12
PO-101458,CUST-B,ITM-0414,10,1.88
PO-101458,CUST-B,ITM-0604,2,13.55
PO-101458,CUST-B,ITM-0927,12,0.57
PO-101459,CUST-F,ITM-0224,2,1.65
PO-101460,CUST-A,ITM-0228,2,4.01
PO-101460,CUST-A,ITM-0243,50,0.64
PO-101460,CUST-A,ITM-0433,6,1.18
PO-101460,CUST-A,ITM-0628,2,0.15
PO-101461,CUST-B,ITM-0402,2,1.94
PO-101462,CUST-G,ITM-0911,1,1.38
PO-101462,CUST-G,ITM-1015,12,4.36
PO-101462,CUST-G,ITM-1022,10,5.32
PO-101463,CUST-F,ITM-0235,10,1.72
PO-101463,CUST-F,ITM-0437,10,2.24
PO-101463,CUST-F,ITM-0721,6,34.89
PO-101463,CUST-F,ITM-0908,1,1.02
PO-101464,CUST-F,ITM-0225,10,2.28
PO-101465,CUST-H,ITM-0309,12,1.87
PO-101465,CUST-H,ITM-0721,10,33.16
PO-101466,CUST-C,ITM-0425,12,24.85
PO-101466,CUST-C,ITM-0721,6,33.77
PO-101466,CUST-C,ITM-0737,6,74.87
PO-101467,CUST-D,ITM-0237,4,3.27
PO-101467,CUST-D,ITM-0629,6,3.11
PO-101468,CUST-H,ITM-0628,1,
PO-101469,CUST-B,ITM-0434,2,1.46
PO-101470,CUST-A,ITM-0610,2,2.19
PO-101470,CUST-A,ITM-0929,10,1.05
PO-101470,CUST-A,ITM-1014,6,
PO-101471,CUST-H,ITM-0309,1,2.19
PO-101471,CUST-H,ITM-0604,20,12.75
PO-101471,CUST-H,ITM-0627,10,7.46
PO-101471,CUST-H,ITM-1006,6,1.44
PO-101472,CUST-H,ITM-0911,5,1.25
PO-101473,CUST-F,ITM-0414,2,1.91
PO-101473,CUST-F,ITM-0939,12,16.04
PO-101474,CUST-D,ITM-0611,10,3.53
PO-101475,CUST-B,ITM-0201,2,4.19
PO-101475,CUST-B,ITM-0230,4,3.05
PO-101475,CUST-B,ITM-0611,6,3.38
PO-101475,CUST-B,ITM-0902,5,4.48
PO-101477,CUST-H,ITM-0604,20,12.47
PO-101477,CUST-H,ITM-0917,3,3.65
PO-101478,CUST-A,ITM-0311,2,6.76
PO-101478,CUST-A,ITM-0907,20,0.68
PO-101478,CUST-A,ITM-0920,12,2.80
PO-101478,CUST-A,ITM-0939,1,14.38
PO-101479,CUST-A,ITM-0228,24,4.35
PO-101479,CUST-A,ITM-0433,24,1.21
PO-101479,CUST-A,ITM-0623,10,2.60
PO-101479,CUST-A,ITM-1003,12,1.14
PO-101479,CUST-A,ITM-1010,2,9.67
PO-101480,CUST-A,ITM-0942,50,0.30
PO-101482,CUST-H,ITM-0235,4,1.78
PO-101482,CUST-H,ITM-0237,6,3.56
PO-101482,CUST-H,ITM-0431,4,0.86
PO-101482,CUST-H,ITM-0947,2,0.48
PO-101482,CUST-H,ITM-1018,6,5.73
PO-101483,CUST-A,ITM-0311,4,6.66
PO-101483,CUST-A,ITM-0621,12,3.83
PO-101483,CUST-A,ITM-0928,10,0.69
PO-101483,CUST-A,ITM-1010,2,8.95
PO-101484,CUST-F,ITM-0442,2,22.97
PO-101484,CUST-F,ITM-0628,1,0.16
PO-101484,CUST-F,ITM-0902,6,4.56
PO-101485,CUST-E,ITM-0433,1,1.20
PO-101485,CUST-E,ITM-0434,10,1.56
PO-101485,CUST-E,ITM-0620,1,3.54
PO-101485,CUST-E,ITM-0737,1,83.93
PO-101486,CUST-A,ITM-0250,12,57.41
PO-101486,CUST-A,ITM-0433,20,1.19
PO-101486,CUST-A,ITM-0911,1,1.23
PO-101486,CUST-A,ITM-1015,2,4.16
PO-101488,CUST-B,ITM-0220,10,2.76
PO-101488,CUST-B,ITM-0715,4,78.91
PO-101489,CUST-B,ITM-0228,2,4.75
PO-101489,CUST-B,ITM-0253,6,1.36
PO-101489,CUST-B,ITM-0421,24,18.07
PO-101489,CUST-B,ITM-0929,4,1.18
PO-101490,CUST-A,ITM-0237,10,3.11
PO-101490,CUST-A,ITM-0632,12,4.13
PO-101491,CUST-D,ITM-0228,4,4.59
PO-101492,CUST-B,ITM-0254,4,1.89
PO-101492,CUST-B,ITM-0426,10,27.30
PO-101492,CUST-B,ITM-0612,12,4.18
PO-101493,CUST-A,ITM-0237,10,3.14
PO-101493,CUST-A,ITM-0610,10,2.22
PO-101493,CUST-A,ITM-1015,12,4.18
PO-101494,CUST-E,ITM-0620,1,3.31
PO-101494,CUST-E,ITM-0940,10,19.98
PO-101495,CUST-A,ITM-0808,6,1.70
PO-101496,CUST-E,ITM-0914,4,1.53
PO-101497,CUST-B,ITM-0220,4,2.93
PO-101497,CUST-B,ITM-0251,4,2.60
PO-101498,CUST-A,ITM-0610,12,2.17
PO-101498,CUST-A,ITM-0621,24,3.54
PO-101498,CUST-A,ITM-0809,12,2.33
PO-101499,CUST-B,ITM-0612,2,4.06
PO-101500,CUST-A,ITM-0721,6,33.01
PO-101501,CUST-C,ITM-0437,50,1.99
PO-101501,CUST-C,ITM-0605,4,16.58
PO-101501,CUST-C,ITM-1014,1,2.90
PO-101502,CUST-B,ITM-1010,6,9.72
PO-101503,CUST-A,ITM-0426,10,22.64
PO-101504,CUST-C,ITM-0306,50,0.89
PO-101504,CUST-C,ITM-0306,50,0.89
PO-101504,CUST-C,ITM-0311,6,6.93
PO-101504,CUST-C,ITM-0314,24,2.73
PO-101505,CUST-D,ITM-0517,4,39.29
PO-101505,CUST-D,ITM-0611,1,3.25
PO-101505,CUST-D,ITM-0627,5,7.70
PO-101505,CUST-D,ITM-1018,1,4.77
PO-101506,CUST-B,ITM-0433,4,1.13
PO-101506,CUST-B,ITM-0443,1,4.88
PO-101506,CUST-B,ITM-0715,4,77.07
PO-101506,CUST-B,ITM-0902,4,4.09
PO-101507,CUST-E,ITM-0614,2,6.28
PO-101508,CUST-B,ITM-0306,6,1.02
PO-101508,CUST-B,ITM-0907,50,0.71
PO-101509,CUST-B,ITM-0632,1,4.43
PO-101510,CUST-A,ITM-0250,12,57.95
PO-101510,CUST-A,ITM-0250,12,57.95
PO-101511,CUST-D,ITM-0104,1,61.56
PO-101511,CUST-D,ITM-0909,2,0.94
PO-101512,CUST-G,ITM-0517,6,40.69
PO-101513,CUST-B,ITM-0229,1,1.55
PO-101513,CUST-B,ITM-0426,24,25.02
PO-101514,CUST-B,ITM-0309,12,2.02
PO-101514,CUST-B,ITM-0426,6,24.79
PO-101514,CUST-B,ITM-0433,6,1.20
PO-101514,CUST-B,ITM-0604,2,12.33
PO-101514,CUST-B,ITM-0939,4,15.42
PO-101515,CUST-A,ITM-0250,1,62.46
PO-101515,CUST-A,ITM-0614,1,6.07
PO-101515,CUST-A,ITM-0917,4,3.78
PO-101515,CUST-A,ITM-0928,4,0.82
PO-101516,CUST-B,ITM-0902,4,4.23
PO-101517,CUST-D,ITM-0230,6,3.25
PO-101517,CUST-D,ITM-0403,4,2.41
PO-101517,CUST-D,ITM-0426,4,25.43
PO-101518,CUST-D,ITM-0433,4,1.23
PO-101518,CUST-D,ITM-0627,10,7.55
PO-101518,CUST-D,ITM-0922,5,5.92
PO-101519,CUST-C,ITM-0313,24,4.17
PO-101519,CUST-C,ITM-0446,4,20.21
PO-101520,CUST-B,ITM-0310,12,4.54
PO-101520,CUST-B,ITM-0737,50,64.92
PO-101521,CUST-A,ITM-0306,1,0.97
PO-101521,CUST-A,ITM-0612,12,4.19
PO-101521,CUST-A,ITM-0715,3,74.93
PO-101521,CUST-A,ITM-0928,2,0.78
PO-101521,CUST-A,ITM-1008,5,1.38
PO-101522,CUST-E,ITM-0228,6,4.79
PO-101522,CUST-E,ITM-0426,6,26.31
PO-101522,CUST-E,ITM-0627,10,7.41
PO-101522,CUST-E,ITM-1006,1,1.42
PO-101523,CUST-B,ITM-0929,10,1.29
PO-101524,CUST-C,ITM-0437,4,2.13
PO-101524,CUST-C,ITM-1014,1,2.68
PO-101525,CUST-B,ITM-0611,4,3.64
PO-101525,CUST-B,ITM-0611,4,3.64
PO-101525,CUST-B,ITM-0943,24,23.00
PO-101526,CUST-A,ITM-0201,50,3.73
PO-101526,CUST-A,ITM-0433,6,1.21
PO-101527,CUST-A,ITM-0922,10,5.67
PO-101527,CUST-A,ITM-1014,6,2.58
PO-101527,CUST-D,ITM-0610,6,2.32
PO-101528,CUST-A,ITM-0611,10,3.28
PO-101528,CUST-A,ITM-0928,2,0.78
PO-101528,CUST-A,ITM-0929,6,1.13
PO-101529,CUST-G,ITM-0306,6,1.00
PO-101529,CUST-G,ITM-0715,4,79.95
PO-101529,CUST-G,ITM-1015,4,4.78
PO-101530,CUST-D,ITM-0426,1,25.32
PO-101530,CUST-D,ITM-0426,1,25.32
PO-101530,CUST-D,ITM-0433,4,1.20
PO-101530,CUST-D,ITM-0627,4,7.07
PO-101530,CUST-D,ITM-0939,2,14.47
PO-101530,CUST-D,ITM-1001,1,1.03
PO-101531,CUST-A,ITM-0306,6,0.96
PO-101531,CUST-A,ITM-0311,50,6.18
PO-101531,CUST-A,ITM-0621,10,4.15
PO-101531,CUST-A,ITM-0621,10,4.15
PO-101532,CUST-A,ITM-0426,12,23.31
PO-101532,CUST-A,ITM-0612,5,4.02
PO-101532,CUST-A,ITM-0938,20,12.66
PO-101532,CUST-A,ITM-1011,10,3.71
PO-101532,CUST-A,ITM-1015,2,4.24
PO-101533,CUST-A,ITM-0442,4,19.34
PO-101533,CUST-A,ITM-0618,4,4.18
PO-101534,CUST-A,ITM-0612,4,4.12
PO-101534,CUST-A,ITM-0928,10,0.74
PO-101535,CUST-C,ITM-0433,2,1.12
PO-101536,CUST-A,ITM-0237,1,2.83
PO-101536,CUST-A,ITM-0610,6,2.24
PO-101536,CUST-A,ITM-0611,24,3.10
PO-101536,CUST-A,ITM-0939,1,15.40
PO-101537,CUST-D,ITM-0243,24,0.66
PO-101537,CUST-D,ITM-0306,24,0.92
PO-101537,CUST-D,ITM-0907,50,0.64
PO-101537,CUST-D,ITM-1010,5,9.42
PO-101538,CUST-B,ITM-0220,6,2.61
PO-101538,CUST-B,ITM-0403,24,2.43
PO-101538,CUST-B,ITM-0426,1,25.16
PO-101538,CUST-B,ITM-0618,50,3.98
PO-101538,CUST-B,ITM-1003,10,1.24
PO-101539,CUST-D,ITM-0306,2,0.94
PO-101539,CUST-D,ITM-0446,12,21.84
PO-101539,CUST-D,ITM-0938,1,13.51
PO-101539,CUST-D,ITM-0939,6,15.60
PO-101540,CUST-B,ITM-0306,12,1.01
PO-101540,CUST-B,ITM-0808,10,2.11
PO-101540,CUST-B,ITM-0917,24,3.72
PO-101540,CUST-B,ITM-0939,10,17.46
PO-101541,CUST-G,ITM-0326,1,2.94
PO-101541,CUST-G,ITM-0402,4,2.22
PO-101541,CUST-G,ITM-0433,10,1.34
PO-101541,CUST-G,ITM-1011,4,4.30
PO-101542,CUST-C,ITM-0255,12,1.74
PO-101542,CUST-C,ITM-0942,2,0.33
PO-101543,CUST-H,ITM-0434,6,1.56
PO-101544,CUST-B,ITM-0243,2,0.71
PO-101545,CUST-A,ITM-0306,50,0.83
PO-101545,CUST-A,ITM-0314,1,2.59
PO-101545,CUST-A,ITM-0430,10,0.47
PO-101545,CUST-A,ITM-0618,24,3.97
PO-101545,CUST-A,ITM-0618,24,3.97
PO-101546,CUST-A,ITM-0220,24,2.52
PO-101546,CUST-A,ITM-0426,2,26.10
PO-101546,CUST-A,ITM-0612,24,4.01
PO-101547,CUST-H,ITM-0434,6,1.41
PO-101547,CUST-H,ITM-1001,2,1.02
PO-101548,CUST-E,ITM-0231,4,4.68
PO-101548,CUST-E,ITM-0426,6,26.86
PO-101548,CUST-E,ITM-0604,2,13.13
PO-101549,CUST-A,ITM-0237,4,3.01
PO-101550,CUST-D,ITM-0433,10,1.15
PO-101550,CUST-D,ITM-0627,6,7.58
PO-101550,CUST-D,ITM-0808,2,1.96
PO-101550,CUST-D,ITM-1015,24,4.20
PO-101551,CUST-C,ITM-0201,24,4.12
PO-101551,CUST-C,ITM-0306,2,0.94
PO-101551,CUST-C,ITM-0310,2,4.33
PO-101551,CUST-C,ITM-0517,1,43.36
PO-101552,CUST-B,ITM-0426,2,23.33
PO-101552,CUST-B,ITM-0612,10,3.78
PO-101552,CUST-B,ITM-1006,12,1.15
PO-101553,CUST-B,ITM-0254,3,1.70
PO-101554,CUST-F,ITM-0201,10,4.64
PO-101555,CUST-A,ITM-0426,6,25.20
PO-101555,CUST-A,ITM-0612,10,4.10
PO-101555,CUST-A,ITM-1015,10,4.39
PO-101556,CUST-E,ITM-0228,1,4.62
PO-101556,CUST-E,ITM-0434,4,1.63
PO-101556,CUST-E,ITM-0611,1,3.49
PO-101556,CUST-E,ITM-1006,4,1.47
PO-101557,CUST-B,ITM-0228,1,4.63
PO-101557,CUST-B,ITM-0903,10,0.21
PO-101558,CUST-H,ITM-0201,2,4.51
PO-101558,CUST-H,ITM-0231,10,4.96
PO-101558,CUST-H,ITM-0604,1,13.39
PO-101559,CUST-B,ITM-0228,6,4.42
PO-101559,CUST-B,ITM-0309,2,2.09
PO-101559,CUST-B,ITM-0902,4,4.58
PO-101559,CUST-B,ITM-0929,24,1.16
PO-101560,CUST-G,ITM-0246,2,2.19
PO-101561,CUST-D,ITM-0243,4,0.69
PO-101561,CUST-D,ITM-0326,5,2.89
PO-101561,CUST-D,ITM-0904,50,0.32
PO-101561,CUST-D,ITM-0917,3,3.60
PO-101561,CUST-D,ITM-0929,1,1.14
PO-101562,CUST-D,ITM-0306,4,0.95
PO-101563,CUST-C,ITM-0327,4,2.25
PO-101563,CUST-C,ITM-0412,1,1.08
PO-101563,CUST-C,ITM-0911,6,1.33
PO-101564,CUST-A,ITM-0306,1,0.94
PO-101564,CUST-A,ITM-0610,3,2.19
PO-101564,CUST-A,ITM-0907,6,0.70
PO-101565,CUST-D,ITM-0224,3,1.57
PO-101566,CUST-H,ITM-0328,3,3.30
PO-101566,CUST-H,ITM-0434,2,1.60
PO-101566,CUST-H,ITM-1014,24,2.46
PO-101567,CUST-A,ITM-0433,24,1.04
PO-101567,CUST-A,ITM-1015,12,4.26
PO-101568,CUST-D,ITM-0228,2,4.60
PO-101568,CUST-D,ITM-0310,2,4.76
PO-101568,CUST-D,ITM-0414,1,1.93
PO-101568,CUST-D,ITM-0426,1,27.20
PO-101568,CUST-D,ITM-0604,10,12.67
PO-101569,CUST-B,ITM-0228,1,4.50
PO-101569,CUST-B,ITM-0426,6,26.00
PO-101569,CUST-B,ITM-0627,2,7.61
PO-101570,CUST-C,ITM-0235,4,1.66
PO-101570,CUST-C,ITM-0412,10,1.01
PO-101570,CUST-C,ITM-0511,3,26.71
PO-101570,CUST-C,ITM-0922,4,5.96
PO-101571,CUST-G,ITM-0220,24,2.67
PO-101571,CUST-G,ITM-0229,1,1.61
PO-101571,CUST-G,ITM-0229,1,1.61
PO-101571,CUST-G,ITM-0632,1,4.60
PO-101571,CUST-G,ITM-1011,1,3.82
PO-101572,CUST-A,ITM-0306,2,0.97
PO-101572,CUST-A,ITM-0311,1,7.21
PO-101572,CUST-A,ITM-0442,2,20.04
PO-101573,CUST-F,ITM-0629,2,3.20
PO-101573,CUST-F,ITM-1021,12,4.05
PO-101574,CUST-A,ITM-0432,1,0.96
PO-101574,CUST-A,ITM-0940,4,19.01
PO-101574,CUST-A,ITM-1015,10,4.35
PO-101575,CUST-C,ITM-0426,10,27.17
PO-101575,CUST-C,ITM-0433,10,1.33
PO-101575,CUST-C,ITM-0627,24,7.59
PO-101576,CUST-H,ITM-0511,2,26.91
PO-101576,CUST-H,ITM-0517,6,39.23
PO-101576,CUST-H,ITM-0808,6,1.79
PO-101577,CUST-D,ITM-0246,20,2.28
PO-101577,CUST-D,ITM-0815,1,8.10
PO-101578,CUST-D,ITM-0902,5,4.26
PO-101578,CUST-D,ITM-0913,12,1.31
PO-101579,CUST-F,ITM-0939,10,16.26
PO-101579,CUST-F,ITM-1010,10,10.10
PO-101580,CUST-E,ITM-0328,1,3.63
PO-101580,CUST-E,ITM-0605,4,16.48
PO-101580,CUST-E,ITM-0737,24,75.48
PO-101581,CUST-C,ITM-0220,12,2.76
PO-101581,CUST-C,ITM-0403,2,2.55
PO-101581,CUST-C,ITM-0612,1,4.14
PO-101582,CUST-A,ITM-0433,10,1.23
PO-101583,CUST-A,ITM-0808,20,1.97
PO-101583,CUST-A,ITM-1010,6,9.46
PO-101584,CUST-D,ITM-0219,4,1.98
PO-101584,CUST-D,ITM-0310,50,4.22
PO-101584,CUST-D,ITM-0517,5,45.34
PO-101584,CUST-D,ITM-0605,12,16.76
PO-101584,CUST-D,ITM-0921,10,3.97
PO-101584,CUST-D,ITM-0943,10,23.73
PO-101585,CUST-D,ITM-0326,10,2.60
PO-101585,CUST-D,ITM-0442,6,20.56
PO-101585,CUST-D,ITM-0632,4,4.17
PO-101585,CUST-D,ITM-0632,4,4.17
PO-101585,CUST-D,ITM-1015,10,3.98
PO-101586,CUST-A,ITM-1014,50,2.32
PO-101587,CUST-A,ITM-0902,2,47.00
PO-101587,CUST-A,ITM-0903,4,0.21
PO-101588,CUST-H,ITM-0224,5,1.48
PO-101588,CUST-H,ITM-0437,24,1.80
PO-101588,CUST-H,ITM-0920,6,2.98
PO-101589,CUST-B,ITM-0220,5,2.55
PO-101589,CUST-B,ITM-0309,1,1.94
PO-101589,CUST-B,ITM-0403,4,2.54
PO-101590,CUST-C,ITM-0922,2,6.08
PO-101591,CUST-A,ITM-0237,2,2.90
PO-101591,CUST-A,ITM-0605,4,14.91
PO-101592,CUST-F,ITM-0433,4,1.36
PO-101593,CUST-H,ITM-0612,1,3.81
PO-101594,CUST-A,ITM-0621,2,3.66
PO-101595,CUST-A,ITM-0311,6,6.82
PO-101596,CUST-A,ITM-0220,2,2.64
PO-101596,CUST-A,ITM-0612,5,4.21
PO-101596,CUST-A,ITM-1015,4,4.32
PO-101597,CUST-B,ITM-0942,12,0.35
PO-101597,CUST-B,ITM-1022,1,5.46
PO-101598,CUST-C,ITM-0220,2,2.65
PO-101598,CUST-C,ITM-0237,2,3.38
PO-101598,CUST-C,ITM-0413,24,1.56
PO-101598,CUST-C,ITM-0632,1,4.76
PO-101598,CUST-C,ITM-0903,2,0.21
PO-101598,CUST-C,ITM-1011,4,3.84
PO-101599,CUST-A,ITM-0201,2,4.20
PO-101599,CUST-A,ITM-1015,10,4.25
PO-101600,CUST-A,ITM-0201,6,3.96
PO-101600,CUST-A,ITM-0314,3,2.55
PO-101601,CUST-B,ITM-0306,24,0.91
PO-101601,CUST-B,ITM-0612,6,4.35
PO-101601,CUST-B,ITM-0628,2,0.16
PO-101602,CUST-A,ITM-0220,10,2.72
PO-101603,CUST-B,ITM-0433,2,1.21
PO-101603,CUST-B,ITM-0611,24,3.34
PO-101603,CUST-B,ITM-0627,12,7.25
PO-101603,CUST-B,ITM-1003,10,1.08
PO-101604,CUST-F,ITM-0440,6,27.43
PO-101604,CUST-F,ITM-0446,4,22.74
PO-101604,CUST-F,ITM-0632,50,3.93
PO-101604,CUST-F,ITM-0915,50,2.48
PO-101604,CUST-F,ITM-0927,2,0.54
PO-101604,CUST-F,ITM-1015,1,4.44
PO-101605,CUST-D,ITM-0220,6,2.93
PO-101605,CUST-D,ITM-0254,6,1.90
PO-101605,CUST-D,ITM-0426,10,26.93
PO-101605,CUST-D,ITM-0612,4,4.29
PO-101605,CUST-D,ITM-0623,4,2.49
PO-101607,CUST-A,ITM-0328,12,3.40
PO-101607,CUST-A,ITM-0431,20,0.80
PO-101608,CUST-A,ITM-0104,50,56.97
PO-101608,CUST-A,ITM-0201,24,3.91
PO-101608,CUST-A,ITM-0715,4,72.13
PO-101608,CUST-A,ITM-0915,4,2.65
PO-101608,CUST-A,ITM-1015,5,4.42
PO-101609,CUST-C,ITM-0220,2,2.64
PO-101609,CUST-C,ITM-0225,4,2.52
PO-101609,CUST-C,ITM-0425,4,26.86
PO-101609,CUST-C,ITM-0629,24,3.10
PO-101609,CUST-C,ITM-1011,3,3.85
PO-101610,CUST-B,ITM-0230,6,3.14
PO-101610,CUST-B,ITM-0426,10,26.46
PO-101610,CUST-B,ITM-0612,10,4.27
PO-101611,CUST-C,ITM-0257,1,0.70
PO-101611,CUST-C,ITM-0403,1,2.62
PO-101611,CUST-C,ITM-1015,1,4.79
PO-101612,CUST-B,ITM-0326,50,2.39
PO-101613,CUST-D,ITM-0311,12,6.68
PO-101613,CUST-D,ITM-0612,1,3.85
PO-101613,CUST-D,ITM-1014,2,2.44
PO-101614,CUST-H,ITM-0426,2,25.00
PO-101614,CUST-H,ITM-0629,4,3.27
PO-101614,CUST-H,ITM-0808,6,1.94
PO-101615,CUST-B,ITM-0426,24,23.02
PO-101615,CUST-B,ITM-0815,2,8.39
PO-101617,CUST-A,ITM-0201,24,3.80
PO-101617,CUST-A,ITM-0237,2,3.21
PO-101617,CUST-A,ITM-0815,24,7.79
PO-101617,CUST-A,ITM-1011,6,3.73
PO-101618,CUST-E,ITM-0421,50,17.01
PO-101619,CUST-A,ITM-0416,2,2.86
PO-101619,CUST-A,ITM-0416,2,2.86
PO-101619,CUST-A,ITM-0605,6,16.58
PO-101619,CUST-A,ITM-0913,4,1.51
PO-101619,CUST-A,ITM-1010,50,8.43
PO-101619,CUST-A,ITM-1015,2,4.10
PO-101620,CUST-F,ITM-0408,10,4.99
PO-101620,CUST-F,ITM-0614,2,5.79
PO-101620,CUST-F,ITM-0628,4,0.15
PO-101620,CUST-F,ITM-0632,4,3.88
PO-101620,CUST-F,ITM-1014,4,2.66
PO-101620,CUST-F,ITM-1015,6,4.41
PO-101621,CUST-A,ITM-0431,12,0.78
PO-101621,CUST-A,ITM-0434,10,1.44
PO-101621,CUST-A,ITM-0808,10,1.69
PO-101621,CUST-A,ITM-0929,10,1.12
PO-101622,CUST-E,ITM-1011,2,4.14
PO-101623,CUST-C,ITM-0908,6,0.90
PO-101624,CUST-A,ITM-0306,5,0.88
PO-101624,CUST-A,ITM-0306,5,0.88
PO-101624,CUST-A,ITM-0628,6,0.14
PO-101624,CUST-A,ITM-0907,6,0.69
PO-101624,CUST-A,ITM-0928,24,0.78
PO-101625,CUST-C,ITM-0416,2,3.06
PO-101625,CUST-C,ITM-0433,4,1.26
PO-101625,CUST-C,ITM-0629,10,3.17
PO-101625,CUST-C,ITM-1015,10,4.50
PO-101626,CUST-A,ITM-0404,2,3.09
PO-101626,CUST-A,ITM-0426,10,25.47
PO-101627,CUST-G,ITM-0430,2,0.48
PO-101627,CUST-G,ITM-0614,1,6.07
PO-101627,CUST-G,ITM-1015,4,4.37
PO-101628,CUST-A,ITM-0403,6,2.29
PO-101628,CUST-A,ITM-1015,6,4.22
PO-101629,CUST-B,ITM-0257,4,0.70
PO-101629,CUST-F,ITM-0230,5,2.97
PO-101630,CUST-H,ITM-0237,2,3.31
PO-101630,CUST-H,ITM-0621,3,4.20
PO-101631,CUST-D,ITM-0224,3,1.44
PO-101631,CUST-D,ITM-0235,12,1.64
PO-101631,CUST-D,ITM-0910,6,1.10
PO-101631,CUST-D,ITM-0917,3,3.53
PO-101632,CUST-D,ITM-0228,2,4.43
PO-101632,CUST-D,ITM-0426,4,24.29
PO-101632,CUST-D,ITM-0910,2,1.18
PO-101633,CUST-H,ITM-0434,12,1.56
PO-101633,CUST-H,ITM-0627,2,8.04
PO-101633,CUST-H,ITM-1001,5,1.08
PO-101635,CUST-B,ITM-0225,2,2.32
PO-101635,CUST-B,ITM-0228,1,4.63
PO-101635,CUST-B,ITM-0426,1,25.86
PO-101635,CUST-B,ITM-0433,1,1.24
PO-101636,CUST-H,ITM-0246,6,2.09
PO-101636,CUST-H,ITM-0408,12,5.24
PO-101636,CUST-H,ITM-0612,2,4.31
PO-101636,CUST-H,ITM-0715,1,71.23
PO-101636,CUST-H,ITM-0943,1,24.00
PO-101637,CUST-C,ITM-0104,2,75.72
PO-101637,CUST-C,ITM-0104,2,75.72
PO-101637,CUST-C,ITM-0446,1,22.31
PO-101637,CUST-C,ITM-1015,3,4.85
PO-101638,CUST-B,ITM-0228,2,5.24
PO-101638,CUST-B,ITM-0237,6,3.36
PO-101638,CUST-B,ITM-0306,2,1.03
PO-101638,CUST-B,ITM-0508,1,17.60
PO-101638,CUST-B,ITM-0610,50,2.23
PO-101639,CUST-F,ITM-0612,5,4.16
PO-101639,CUST-F,ITM-0815,2,8.62
PO-101640,CUST-A,ITM-0426,1,23.64
PO-101641,CUST-D,ITM-0434,2,1.52
PO-101641,CUST-D,ITM-0904,1,0.33
PO-101641,CUST-D,ITM-0922,2,5.77
PO-101641,CUST-D,ITM-1014,10,2.43
PO-101643,CUST-H,ITM-0437,12,2.10
PO-101643,CUST-H,ITM-0446,10,22.11
PO-101644,CUST-A,ITM-0431,1,0.78
PO-101644,CUST-A,ITM-1015,20,4.32
PO-101645,CUST-B,ITM-0412,6,1.16
PO-101645,CUST-B,ITM-0737,4,76.33
PO-101646,CUST-D,ITM-0306,4,1.01
PO-101646,CUST-D,ITM-0733,2,24.83
PO-101646,CUST-D,ITM-0917,1,3.96
PO-101647,CUST-G,ITM-0201,4,4.17
PO-101647,CUST-G,ITM-0235,50,1.68
PO-101647,CUST-G,ITM-0237,10,3.34
PO-101647,CUST-G,ITM-0311,1,8.19
PO-101647,CUST-G,ITM-0425,6,26.86
PO-101647,CUST-G,ITM-0904,12,0.36
PO-101648,CUST-F,ITM-0220,1,2.74
PO-101648,CUST-F,ITM-0403,20,2.68
PO-101649,CUST-D,ITM-0228,12,4.55
PO-101649,CUST-D,ITM-0426,4,28.25
PO-101649,CUST-D,ITM-0611,12,3.49
PO-101649,CUST-D,ITM-1001,1,1.09
PO-101649,CUST-D,ITM-1010,6,9.72
PO-101650,CUST-C,ITM-0246,4,2.37
PO-101650,CUST-C,ITM-0414,3,1.91
PO-101650,CUST-C,ITM-0815,4,9.06
PO-101650,CUST-C,ITM-1011,10,3.81
PO-101651,CUST-A,ITM-0219,24,1.68
PO-101651,CUST-A,ITM-0612,4,3.91
PO-101652,CUST-B,ITM-0508,24,17.50
PO-101653,CUST-F,ITM-0612,4,4.19
PO-101653,CUST-F,ITM-0623,24,2.40
PO-101653,CUST-F,ITM-0715,1,76.07
PO-101653,CUST-F,ITM-0942,4,0.34
PO-101654,CUST-A,ITM-0306,4,0.99
PO-101654,CUST-A,ITM-0612,12,4.05
PO-101655,CUST-C,ITM-0243,4,0.78
PO-101655,CUST-C,ITM-0621,1,3.96
PO-101655,CUST-C,ITM-0908,6,0.94
PO-101656,CUST-F,ITM-0403,12,2.44
PO-101656,CUST-F,ITM-0433,2,1.13
PO-101656,CUST-F,ITM-0612,2,3.88
PO-101656,CUST-F,ITM-1011,1,3.76
PO-101657,CUST-E,ITM-0228,4,4.71
PO-101657,CUST-E,ITM-0611,1,3.59
PO-101657,CUST-E,ITM-0921,2,4.23
PO-101658,CUST-G,ITM-0808,1,1.89
PO-101659,CUST-H,ITM-0517,4,39.62
PO-101659,CUST-H,ITM-0737,3,75.99
PO-101659,CUST-H,ITM-0808,1,1.81
PO-101659,CUST-H,ITM-0922,1,5.97
PO-101659,CUST-H,ITM-1014,5,2.58
PO-101660,CUST-A,ITM-0433,6,1.19
PO-101660,CUST-A,ITM-0434,1,1.45
PO-101660,CUST-A,ITM-1021,1,4.54
PO-101661,CUST-D,ITM-0446,6,21.82
PO-101661,CUST-D,ITM-0915,4,2.60
PO-101661,CUST-D,ITM-1015,24,4.07
PO-101662,CUST-C,ITM-0517,1,39.12
PO-101663,CUST-H,ITM-0629,2,3.19
PO-101664,CUST-D,ITM-0230,1,2.92
PO-101665,CUST-F,ITM-0255,5,1.51
PO-101665,CUST-F,ITM-0629,10,3.33
PO-101665,CUST-F,ITM-1015,4,4.35
PO-101666,CUST-B,ITM-0243,2,0.71
PO-101666,CUST-B,ITM-0306,6,1.06
PO-101666,CUST-B,ITM-0442,2,22.41
PO-101666,CUST-B,ITM-0808,1,2.03
PO-101667,CUST-A,ITM-0220,12,2.57
PO-101668,CUST-B,ITM-0228,1,4.70
PO-101668,CUST-B,ITM-0237,2,3.31
PO-101668,CUST-B,ITM-0311,24,7.00
PO-101668,CUST-B,ITM-0408,4,5.35
PO-101668,CUST-B,ITM-0408,4,5.35
PO-101669,CUST-C,ITM-0437,1,1.98
PO-101669,CUST-C,ITM-0908,50,0.86
PO-101670,CUST-A,ITM-0237,2,3.25
PO-101671,CUST-B,ITM-0104,10,66.53
PO-101671,CUST-B,ITM-1014,3,2.75
PO-101672,CUST-B,ITM-0426,10,24.08
PO-101673,CUST-C,ITM-0306,6,0.97
PO-101674,CUST-C,ITM-0434,4,1.44
PO-101674,CUST-C,ITM-0517,50,38.24
PO-101676,CUST-D,ITM-0235,2,1.62
PO-101677,CUST-D,ITM-0243,24,0.68
PO-101677,CUST-D,ITM-0430,5,0.45
PO-101677,CUST-D,ITM-0917,2,3.65
PO-101678,CUST-G,ITM-0208,2,5.32
PO-101678,CUST-G,ITM-0413,3,1.50
PO-101678,CUST-G,ITM-0426,2,25.84
PO-101678,CUST-G,ITM-0433,10,1.24
PO-101678,CUST-G,ITM-0623,20,2.64
PO-101679,CUST-F,ITM-0628,4,0.16
PO-101679,CUST-F,ITM-0632,4,4.09
PO-101679,CUST-F,ITM-1015,1,4.80
PO-101680,CUST-E,ITM-0228,2,4.66
PO-101680,CUST-E,ITM-0426,10,26.90
PO-101680,CUST-E,ITM-0611,10,3.58
PO-101680,CUST-E,ITM-0927,10,0.57
PO-101680,CUST-E,ITM-0943,2,23.02
PO-101681,CUST-F,ITM-0426,2,25.98
PO-101681,CUST-F,ITM-0433,4,1.30
PO-101681,CUST-F,ITM-0611,2,3.37
PO-101681,CUST-F,ITM-0939,2,16.18
PO-101681,CUST-F,ITM-1006,6,1.31
PO-101682,CUST-G,ITM-0326,20,2.88
PO-101682,CUST-G,ITM-0434,10,1.44
PO-101682,CUST-G,ITM-0715,24,67.85
PO-101682,CUST-G,ITM-0737,1,77.73
PO-101683,CUST-A,ITM-0904,1,0.30
PO-101684,CUST-F,ITM-0609,4,1.50
PO-101684,CUST-F,ITM-0611,10,3.70
PO-101684,CUST-F,ITM-0715,6,80.12
PO-101685,CUST-F,ITM-0414,6,1.88
PO-101685,CUST-F,ITM-0426,12,27.41
PO-101685,CUST-F,ITM-0433,4,1.26
PO-101686,CUST-E,ITM-0612,4,4.13
PO-101687,CUST-A,ITM-0311,6,6.60
PO-101688,CUST-B,ITM-0243,50,0.65
PO-101688,CUST-B,ITM-0243,50,0.65
PO-101688,CUST-B,ITM-0402,2,1.84
PO-101688,CUST-B,ITM-0808,2,1.85
PO-101688,CUST-B,ITM-0920,3,3.00
PO-101689,CUST-B,ITM-0220,50,2.54
PO-101689,CUST-B,ITM-0229,4,1.65
PO-101689,CUST-B,ITM-0237,2,3.28
PO-101689,CUST-B,ITM-0425,4,27.30
PO-101689,CUST-B,ITM-0947,2,0.44
PO-101690,CUST-F,ITM-0440,4,26.47
PO-101690,CUST-F,ITM-0920,4,3.04
PO-101690,CUST-F,ITM-0939,10,16.74
PO-101690,CUST-F,ITM-1020,2,9.52
PO-101691,CUST-D,ITM-0224,4,1.61
PO-101691,CUST-D,ITM-0235,12,1.70
PO-101691,CUST-D,ITM-0917,1,3.83
PO-101691,CUST-D,ITM-1015,6,4.67
PO-101692,CUST-E,ITM-0306,4,1.04
PO-101692,CUST-E,ITM-0446,6,21.54
PO-101692,CUST-E,ITM-0737,1,80.71
PO-101693,CUST-F,ITM-1015,2,4.48
PO-101694,CUST-A,ITM-0237,6,3.08
PO-101694,CUST-A,ITM-0432,4,0.85
PO-101695,CUST-B,ITM-0225,5,2.43
PO-101695,CUST-B,ITM-0306,2,0.98
PO-101695,CUST-B,ITM-0620,5,3.07
PO-101695,CUST-B,ITM-0737,1,74.33
PO-101695,CUST-B,ITM-0907,10,0.75
PO-101695,CUST-B,ITM-1008,1,1.51
PO-101696,CUST-A,ITM-0237,2,3.06
PO-101697,CUST-A,ITM-0229,1,1.52
PO-101697,CUST-A,ITM-0237,6,2.98
PO-101698,CUST-G,ITM-0220,6,2.62
PO-101698,CUST-G,ITM-0612,1,4.57
PO-101698,CUST-G,ITM-1015,24,4.33
PO-101699,CUST-C,ITM-0246,2,2.14
PO-101700,CUST-A,ITM-0311,12,7.51
PO-101700,CUST-A,ITM-0618,2,4.15
PO-101701,CUST-A,ITM-0620,2,2.93
PO-101702,CUST-D,ITM-0412,10,1.08
PO-101702,CUST-D,ITM-0627,2,7.20
PO-101703,CUST-C,ITM-0433,5,1.32
PO-101703,CUST-C,ITM-0805,20,36.94
PO-101704,CUST-C,ITM-0943,4,25.05
PO-101704,CUST-C,ITM-1022,10,5.37
PO-101705,CUST-D,ITM-0228,10,4.59
PO-101705,CUST-D,ITM-0426,10,27.23
PO-101705,CUST-D,ITM-0943,10,23.78
PO-101706,CUST-B,ITM-0235,6,1.68
PO-101706,CUST-B,ITM-0920,4,2.86
PO-101707,CUST-H,ITM-0629,3,2.77
PO-101707,CUST-H,ITM-0902,1,4.40
PO-101707,CUST-H,ITM-0914,50,1.50
PO-101707,CUST-H,ITM-1015,10,4.37
PO-101708,CUST-B,ITM-0243,6,0.75
PO-101708,CUST-B,ITM-0253,2,1.25
PO-101708,CUST-B,ITM-0306,6,0.94
PO-101708,CUST-B,ITM-0903,6,0.22
PO-101708,CUST-B,ITM-1008,4,1.37
PO-101708,CUST-B,ITM-1019,2,6.56
PO-101709,CUST-B,ITM-0228,1,4.70
PO-101709,CUST-B,ITM-0309,2,2.20
PO-101710,CUST-F,ITM-0808,10,2.08
PO-101710,CUST-F,ITM-1014,5,2.92
PO-101712,CUST-B,ITM-0737,12,80.72
PO-101712,CUST-B,ITM-0808,2,1.97
PO-101712,CUST-B,ITM-0943,24,25.48
PO-101713,CUST-B,ITM-0903,2,0.23
PO-101714,CUST-D,ITM-0311,2,7.30
PO-101714,CUST-D,ITM-0920,10,3.11
PO-101715,CUST-A,ITM-0403,6,2.20
PO-101715,CUST-A,ITM-0809,4,2.09
PO-101715,CUST-A,ITM-1014,12,2.42
PO-101716,CUST-A,ITM-0535,6,8.87
PO-101716,CUST-A,ITM-0808,4,1.70
PO-101716,CUST-A,ITM-1014,10,2.55
PO-101717,CUST-D,ITM-0434,4,1.45
PO-101718,CUST-B,ITM-0228,4,4.58
PO-101718,CUST-B,ITM-0243,4,0.72
PO-101718,CUST-B,ITM-0309,1,2.05
PO-101718,CUST-B,ITM-0433,24,1.23
PO-101719,CUST-A,ITM-0612,2,3.92
PO-101720,CUST-D,ITM-0254,2,1.80
PO-101720,CUST-D,ITM-0426,1,26.12
PO-101720,CUST-D,ITM-1015,4,4.62
PO-101721,CUST-A,ITM-0201,6,4.04
PO-101721,CUST-A,ITM-0306,4,0.83
PO-101721,CUST-A,ITM-0517,4,38.89
PO-101722,CUST-A,ITM-0815,4,7.72
PO-101723,CUST-D,ITM-0433,24,1.19
PO-101723,CUST-D,ITM-0914,2,1.67
PO-101723,CUST-D,ITM-1020,12,8.74
PO-101724,CUST-G,ITM-0508,20,15.75
PO-101724,CUST-G,ITM-0908,2,0.86
PO-101724,CUST-G,ITM-0939,4,15.55
PO-101725,CUST-A,ITM-0306,10,0.92
PO-101725,CUST-A,ITM-0314,2,2.48
PO-101725,CUST-A,ITM-1014,1,2.67
PO-101726,CUST-H,ITM-0403,10,2.55
PO-101727,CUST-G,ITM-0104,6,67.96
PO-101727,CUST-G,ITM-0251,6,2.54
PO-101727,CUST-G,ITM-0255,12,1.69
PO-101727,CUST-G,ITM-0943,2,25.15
PO-101728,CUST-B,ITM-0208,4,5.61
PO-101728,CUST-B,ITM-0228,4,4.46
PO-101728,CUST-B,ITM-0902,12,4.47
PO-101728,CUST-B,ITM-0929,1,1.29
PO-101729,CUST-A,ITM-0426,50,22.96
PO-101729,CUST-A,ITM-0433,12,1.24
PO-101729,CUST-A,ITM-0611,6,3.20
PO-101729,CUST-A,ITM-0910,6,1.05
PO-101729,CUST-A,ITM-1006,1,1.32
PO-101730,CUST-D,ITM-0508,5,17.33
PO-101730,CUST-D,ITM-0517,2,42.99
PO-101731,CUST-A,ITM-0408,2,4.79
PO-101731,CUST-A,ITM-0632,5,3.82
PO-101731,CUST-A,ITM-1015,12,4.16
PO-101732,CUST-B,ITM-1014,4,2.74
PO-101734,CUST-A,ITM-0433,2,1.28
PO-101734,CUST-A,ITM-0904,6,0.32
PO-101734,CUST-A,ITM-0929,1,1.20
PO-101735,CUST-B,ITM-0306,2,1.04
PO-101735,CUST-B,ITM-0922,1,6.38
PO-101735,CUST-B,ITM-0938,2,13.37
PO-101735,CUST-B,ITM-1022,1,5.62
PO-101736,CUST-A,ITM-0306,5,0.90
PO-101736,CUST-A,ITM-0611,50,2.94
PO-101737,CUST-G,ITM-0632,6,4.14
PO-101738,CUST-F,ITM-0328,2,2.99
PO-101738,CUST-F,ITM-0403,4,2.50
PO-101738,CUST-F,ITM-0433,6,1.12
PO-101738,CUST-F,ITM-0808,2,1.83
PO-101738,CUST-F,ITM-0815,50,8.11
PO-101739,CUST-A,ITM-0201,2,3.97
PO-101739,CUST-A,ITM-0922,2,5.67
PO-101740,CUST-A,ITM-0201,5,3.92
PO-101740,CUST-A,ITM-0628,50,0.13
PO-101740,CUST-A,ITM-1015,24,4.17
PO-101741,CUST-G,ITM-0220,1,2.72
PO-101741,CUST-G,ITM-0328,1,3.15
PO-101741,CUST-G,ITM-0609,1,1.48
PO-101742,CUST-F,ITM-0442,10,20.14
PO-101743,CUST-F,ITM-0612,1,4.29
PO-101744,CUST-F,ITM-0433,2,1.24
PO-101744,CUST-F,ITM-0737,6,84.82
PO-101745,CUST-F,ITM-0433,20,1.32
PO-101745,CUST-F,ITM-0902,6,4.47
PO-101746,CUST-D,ITM-0208,6,5.27
PO-101746,CUST-D,ITM-0255,24,1.66
PO-101746,CUST-D,ITM-0306,3,1.08
PO-101746,CUST-D,ITM-0612,50,4.05
PO-101746,CUST-D,ITM-1001,1,1.18
PO-101747,CUST-D,ITM-0306,4,0.90
PO-101748,CUST-F,ITM-0306,2,0.99
PO-101748,CUST-F,ITM-0314,2,2.77
PO-101748,CUST-F,ITM-0440,50,23.19
PO-101748,CUST-F,ITM-0733,50,21.70
PO-101748,CUST-F,ITM-1019,2,6.08
PO-101749,CUST-H,ITM-0414,50,1.62
PO-101749,CUST-H,ITM-0426,4,24.50
PO-101750,CUST-B,ITM-0430,1,0.53
PO-101750,CUST-B,ITM-0628,50,0.16
PO-101751,CUST-A,ITM-0104,50,56.39
PO-101751,CUST-A,ITM-0201,10,4.20
PO-101751,CUST-A,ITM-0235,1,1.63
PO-101751,CUST-A,ITM-0446,3,20.75
PO-101752,CUST-A,ITM-0311,1,6.68
PO-101752,CUST-A,ITM-0414,6,1.73
PO-101752,CUST-A,ITM-0433,2,1.11
PO-101752,CUST-A,ITM-0612,10,3.96
PO-101752,CUST-A,ITM-0733,4,22.01
PO-101753,CUST-G,ITM-0306,1,1.08
PO-101753,CUST-G,ITM-0517,4,46.73
PO-101753,CUST-G,ITM-0612,6,4.27
PO-101753,CUST-G,ITM-0943,4,24.66
PO-101753,CUST-G,ITM-1001,2,1.12
PO-101754,CUST-A,ITM-0201,4,4.38
PO-101755,CUST-A,ITM-0426,5,23.43
PO-101755,CUST-A,ITM-0612,6,4.03
PO-101756,CUST-A,ITM-0306,10,0.96
PO-101756,CUST-A,ITM-0311,4,6.66
PO-101756,CUST-A,ITM-0618,50,3.66
PO-101756,CUST-A,ITM-0928,12,0.81
PO-101757,CUST-A,ITM-0201,24,3.66
PO-101757,CUST-A,ITM-0311,4,6.31
PO-101757,CUST-A,ITM-0430,2,0.49
PO-101757,CUST-A,ITM-0632,6,3.83
PO-101757,CUST-A,ITM-1015,10,4.04
PO-101758,CUST-A,ITM-0403,2,2.42
PO-101758,CUST-A,ITM-0612,6,4.18
PO-101759,CUST-F,ITM-0250,6,65.66
PO-101760,CUST-D,ITM-0306,1,1.05
PO-101760,CUST-D,ITM-0517,12,44.53
PO-101762,CUST-A,ITM-0201,4,4.01
PO-101762,CUST-A,ITM-0433,5,1.16
PO-101762,CUST-A,ITM-0805,1,32.69
PO-101762,CUST-A,ITM-0928,1,0.76
PO-101763,CUST-B,ITM-0433,6,1.29
PO-101763,CUST-B,ITM-0805,6,35.81
PO-101763,CUST-B,ITM-1021,6,4.67
PO-101764,CUST-G,ITM-0237,2,3.38
PO-101764,CUST-G,ITM-0737,24,80.22
PO-101765,CUST-A,ITM-0237,4,2.89
PO-101765,CUST-A,ITM-0511,6,23.90
PO-101765,CUST-A,ITM-0632,20,4.21
PO-101765,CUST-A,ITM-0907,24,0.64
PO-101765,CUST-A,ITM-0922,24,5.30
PO-101765,CUST-A,ITM-1015,6,4.02
PO-101766,CUST-B,ITM-0243,6,0.71
PO-101766,CUST-B,ITM-1019,10,6.41
PO-101767,CUST-D,ITM-0220,4,2.74
PO-101767,CUST-D,ITM-0908,24,0.90
PO-101768,CUST-B,ITM-0403,12,2.58
PO-101768,CUST-B,ITM-0612,12,4.12
PO-101768,CUST-B,ITM-0627,2,8.31
PO-101768,CUST-B,ITM-0629,4,3.28
PO-101768,CUST-B,ITM-1010,1,10.10
PO-101769,CUST-F,ITM-0228,10,4.94
PO-101769,CUST-F,ITM-0632,1,4.52
PO-101769,CUST-F,ITM-0939,4,16.77
PO-101769,CUST-F,ITM-1015,4,4.46
PO-101769,CUST-F,ITM-1022,4,5.93
PO-101770,CUST-B,ITM-0412,2,1.08
PO-101771,CUST-A,ITM-0535,2,9.02
PO-101771,CUST-A,ITM-0929,4,1.12
PO-101772,CUST-D,ITM-0201,2,4.30
PO-101772,CUST-D,ITM-0228,4,4.76
PO-101772,CUST-D,ITM-0904,24,0.29
PO-101772,CUST-D,ITM-1021,10,4.18
PO-101773,CUST-A,ITM-1015,4,4.35
PO-101774,CUST-A,ITM-0433,6,1.09
PO-101774,CUST-A,ITM-1015,10,4.07
PO-101775,CUST-B,ITM-0229,4,1.61
PO-101775,CUST-B,ITM-0408,1,5.31
PO-101775,CUST-B,ITM-0909,50,0.92
PO-101775,CUST-B,ITM-1011,12,3.76
PO-101776,CUST-D,ITM-0237,20,3.11
PO-101776,CUST-D,ITM-0404,2,3.19
PO-101776,CUST-D,ITM-0632,10,4.33
PO-101776,CUST-D,ITM-1011,50,3.46
PO-101777,CUST-H,ITM-0306,6,0.99
PO-101777,CUST-H,ITM-0612,6,4.34
PO-101778,CUST-D,ITM-1015,2,4.36
PO-101779,CUST-B,ITM-1015,1,4.34
PO-101780,CUST-D,ITM-0306,2,1.08
PO-101780,CUST-D,ITM-0408,12,5.23
PO-101780,CUST-D,ITM-0612,4,4.33
PO-101781,CUST-B,ITM-0629,6,3.02
PO-101782,CUST-B,ITM-0220,6,2.68
PO-101782,CUST-B,ITM-0229,1,1.52
PO-101782,CUST-B,ITM-1018,12,5.18
PO-101783,CUST-C,ITM-0220,50,2.55
PO-101783,CUST-C,ITM-0408,4,5.24
PO-101783,CUST-C,ITM-0612,4,4.40
PO-101783,CUST-C,ITM-0943,5,25.17
PO-101784,CUST-A,ITM-0815,5,8.08
PO-101785,CUST-B,ITM-0104,2,73.55
PO-101786,CUST-A,ITM-0237,10,2.94
PO-101786,CUST-A,ITM-1015,1,4.09
PO-101787,CUST-D,ITM-0306,10,0.93
PO-101787,CUST-D,ITM-0310,12,4.34
PO-101787,CUST-D,ITM-0517,6,43.52
PO-101787,CUST-D,ITM-0614,1,5.25
PO-101788,CUST-A,ITM-0431,4,0.75
PO-101788,CUST-A,ITM-0511,24,25.51
PO-101788,CUST-A,ITM-0922,4,5.62
PO-101788,CUST-A,ITM-1014,10,2.53
PO-101789,CUST-A,ITM-0211,10,13.39
PO-101790,CUST-A,ITM-0433,2,1.24
PO-101791,CUST-B,ITM-0306,4,0.97
PO-101791,CUST-B,ITM-0618,2,4.16
PO-101791,CUST-B,ITM-0808,50,1.75
PO-101792,CUST-B,ITM-0208,1,5.19
PO-101792,CUST-B,ITM-0228,2,4.58
PO-101792,CUST-B,ITM-1001,2,1.10
PO-101793,CUST-H,ITM-0809,2,2.49
PO-101793,CUST-H,ITM-0908,6,0.92
PO-101794,CUST-A,ITM-0220,1,2.59
PO-101794,CUST-A,ITM-0220,1,2.59
PO-101794,CUST-A,ITM-0426,1,24.82
PO-101794,CUST-A,ITM-0612,10,4.17
PO-101794,CUST-A,ITM-0618,4,4.12
PO-101794,CUST-A,ITM-0623,10,2.47
PO-101795,CUST-C,ITM-1003,2,1.09
PO-101796,CUST-D,ITM-0403,6,2.61
PO-101796,CUST-D,ITM-0426,10,25.96
PO-101796,CUST-D,ITM-0612,10,4.17
PO-101798,CUST-H,ITM-0612,1,4.43
PO-101798,CUST-H,ITM-0943,6,25.26
PO-101799,CUST-D,ITM-0434,4,1.46
PO-101799,CUST-D,ITM-0921,1,3.96
PO-101799,CUST-D,ITM-1001,2,0.98
PO-101799,CUST-D,ITM-1015,1,4.41
PO-101800,CUST-C,ITM-0250,1,68.07
PO-101800,CUST-C,ITM-0903,50,0.20
PO-101801,CUST-A,ITM-0310,2,4.43
PO-101801,CUST-A,ITM-0412,2,0.94
PO-101801,CUST-A,ITM-0623,4,2.35
PO-101802,CUST-C,ITM-0412,1,1.04
PO-101802,CUST-C,ITM-0414,2,1.90
PO-101802,CUST-C,ITM-0943,10,22.76
PO-101802,CUST-C,ITM-1001,10,1.00
PO-101803,CUST-E,ITM-0433,1,1.23
PO-101803,CUST-E,ITM-0620,4,3.22
PO-101804,CUST-A,ITM-0235,6,1.55
PO-101804,CUST-A,ITM-0243,4,0.72
PO-101804,CUST-A,ITM-0604,24,11.22
PO-101804,CUST-A,ITM-0920,4,2.92
PO-101804,CUST-A,ITM-1014,4,2.37
PO-101804,CUST-A,ITM-1015,2,3.96
PO-101805,CUST-B,ITM-0808,2,1.71
PO-101806,CUST-D,ITM-1018,1,4.74
PO-101807,CUST-C,ITM-0201,2,4.57
PO-101807,CUST-C,ITM-1002,6,17.28
PO-101807,CUST-C,ITM-1011,6,4.26
PO-101808,CUST-G,ITM-0808,2,2.01
PO-101808,CUST-G,ITM-1015,12,4.51
PO-101809,CUST-D,ITM-0220,3,2.64
PO-101810,CUST-F,ITM-0808,10,1.88
PO-101811,CUST-C,ITM-0327,1,2.07
PO-101811,CUST-C,ITM-0612,6,3.84
PO-101811,CUST-C,ITM-0629,20,2.90
PO-101811,CUST-C,ITM-1014,1,2.67
PO-101812,CUST-A,ITM-0426,2,24.36
PO-101812,CUST-A,ITM-0612,6,3.86
PO-101812,CUST-A,ITM-0809,12,2.44
PO-101812,CUST-A,ITM-0938,4,11.86
PO-101813,CUST-A,ITM-0237,1,3.10
PO-101813,CUST-A,ITM-0446,2,19.40
PO-101813,CUST-A,ITM-1003,4,1.05
PO-101814,CUST-H,ITM-0303,10,2.64
PO-101814,CUST-H,ITM-0942,24,0.31
PO-101814,CUST-H,ITM-1001,4,1.09
PO-101814,CUST-H,ITM-1020,10,8.61
PO-101815,CUST-A,ITM-0434,24,1.39
PO-101815,CUST-A,ITM-0737,10,70.25
PO-101816,CUST-E,ITM-0431,10,0.79
PO-101816,CUST-E,ITM-1014,1,2.65
PO-101817,CUST-H,ITM-0237,4,3.27
PO-101817,CUST-H,ITM-0446,1,21.14
PO-101817,CUST-H,ITM-1021,4,4.62
PO-101818,CUST-F,ITM-0403,6,2.41
PO-101818,CUST-F,ITM-0815,4,8.51
PO-101819,CUST-F,ITM-0433,2,1.14
PO-101819,CUST-F,ITM-0437,24,1.94
PO-101819,CUST-F,ITM-1015,2,4.20
PO-101820,CUST-D,ITM-0228,10,4.73
PO-101820,CUST-D,ITM-0237,2,3.23
PO-101820,CUST-D,ITM-0413,3,1.54
PO-101820,CUST-D,ITM-0629,2,3.07
PO-101821,CUST-D,ITM-0434,12,1.49
PO-101822,CUST-A,ITM-0437,1,2.07
PO-101822,CUST-A,ITM-0929,6,1.17
PO-101822,CUST-A,ITM-1014,2,2.76
PO-101823,CUST-B,ITM-0220,10,2.72
PO-101823,CUST-B,ITM-0237,6,3.37
PO-101824,CUST-A,ITM-0201,24,3.83
PO-101824,CUST-A,ITM-0416,12,2.66
PO-101824,CUST-A,ITM-0433,1,1.28
PO-101824,CUST-A,ITM-0434,10,1.40
PO-101824,CUST-A,ITM-0902,2,4.20
PO-101824,CUST-A,ITM-0927,6,0.53
PO-101825,CUST-D,ITM-0237,1,3.17
PO-101826,CUST-B,ITM-0235,2,1.64
PO-101828,CUST-D,ITM-0228,4,4.47
PO-101828,CUST-D,ITM-0237,4,2.92
PO-101828,CUST-D,ITM-0632,24,4.24
PO-101828,CUST-D,ITM-0715,2,74.87
PO-101828,CUST-D,ITM-0737,10,79.67
PO-101829,CUST-B,ITM-0239,2,56.03
PO-101829,CUST-B,ITM-0404,4,3.20
PO-101829,CUST-B,ITM-0412,6,1.01
PO-101830,CUST-C,ITM-0313,6,4.35
PO-101830,CUST-C,ITM-0408,4,4.79
PO-101830,CUST-C,ITM-0805,4,33.43
PO-101830,CUST-C,ITM-1015,1,4.28
PO-101831,CUST-D,ITM-0208,1,4.89
PO-101831,CUST-D,ITM-0246,6,2.11
PO-101831,CUST-D,ITM-0255,10,1.42
PO-101831,CUST-D,ITM-0306,4,0.98
PO-101831,CUST-D,ITM-0612,2,4.02
PO-101832,CUST-A,ITM-0621,4,3.94
PO-101832,CUST-A,ITM-0928,10,0.85
PO-101833,CUST-A,ITM-0201,1,4.58
PO-101833,CUST-A,ITM-0435,6,1.61
PO-101833,CUST-A,ITM-0611,12,3.14
PO-101833,CUST-A,ITM-0621,10,4.07
PO-101833,CUST-A,ITM-0903,1,0.22
PO-101834,CUST-A,ITM-0237,2,3.32
PO-101834,CUST-A,ITM-0311,2,7.37
PO-101834,CUST-A,ITM-0408,6,5.04
PO-101835,CUST-B,ITM-0229,12,1.61
PO-101835,CUST-B,ITM-0251,1,2.56
PO-101835,CUST-B,ITM-0306,1,0.98
PO-101835,CUST-B,ITM-0408,12,5.04
PO-101835,CUST-B,ITM-0928,4,0.82
PO-101836,CUST-F,ITM-0437,10,2.12
PO-101836,CUST-F,ITM-0437,10,2.12
PO-101837,CUST-A,ITM-0403,12,2.45
PO-101839,CUST-B,ITM-0220,2,2.79
PO-101839,CUST-B,ITM-0517,24,41.43
PO-101839,CUST-B,ITM-0612,6,4.07
PO-101839,CUST-B,ITM-0628,10,0.16
PO-101839,CUST-B,ITM-0715,10,74.63
PO-101840,CUST-B,ITM-0920,2,3.03
PO-101841,CUST-F,ITM-0228,4,4.33
PO-101842,CUST-F,ITM-0208,4,4.62
PO-101842,CUST-F,ITM-0306,4,1.01
PO-101842,CUST-F,ITM-0605,2,15.17
PO-101843,CUST-C,ITM-0201,4,4.39
PO-101843,CUST-C,ITM-0219,2,2.01
PO-101843,CUST-C,ITM-0611,4,3.05
PO-101843,CUST-C,ITM-0908,1,0.95
PO-101844,CUST-C,ITM-0629,2,3.23
PO-101844,CUST-C,ITM-1011,2,3.93
PO-101844,CUST-C,ITM-1020,4,8.58
PO-101844,CUST-G,ITM-0225,2,2.46
PO-101846,CUST-B,ITM-0220,2,2.85
PO-101846,CUST-B,ITM-0403,10,2.64
PO-101846,CUST-B,ITM-0426,50,24.87
PO-101846,CUST-B,ITM-1011,4,3.97
PO-101848,CUST-D,ITM-0208,24,5.20
PO-101849,CUST-A,ITM-0219,12,1.81
PO-101849,CUST-A,ITM-0306,4,0.91
PO-101849,CUST-A,ITM-0611,4,3.52
PO-101849,CUST-A,ITM-0929,6,1.16
PO-101849,CUST-A,ITM-1008,6,1.38
PO-101850,CUST-D,ITM-0629,2,3.04
PO-101851,CUST-A,ITM-0434,6,1.44
PO-101851,CUST-A,ITM-0902,2,4.04
PO-101852,CUST-A,ITM-0611,4,3.15
PO-101852,CUST-A,ITM-1010,1,8.73
PO-101853,CUST-D,ITM-0306,5,0.88
PO-101853,CUST-D,ITM-0517,10,40.87
PO-101853,CUST-D,ITM-0604,1,11.63
PO-101853,CUST-D,ITM-0612,10,3.90
PO-101853,CUST-D,ITM-0928,2,0.76
PO-101854,CUST-B,ITM-0257,2,0.70
PO-101854,CUST-B,ITM-0612,10,4.48
PO-101855,CUST-D,ITM-0715,50,66.36
PO-101856,CUST-H,ITM-0220,12,2.51
PO-101856,CUST-H,ITM-0404,10,3.41
PO-101856,CUST-H,ITM-0408,4,5.02
PO-101856,CUST-H,ITM-0715,4,78.40
PO-101856,CUST-H,ITM-0943,6,24.03
PO-101857,CUST-D,ITM-0517,4,41.62
PO-101858,CUST-D,ITM-0425,1,25.18
PO-101858,CUST-D,ITM-0517,1,41.33
PO-101858,CUST-D,ITM-0904,2,0.33
PO-101860,CUST-C,ITM-0403,10,2.46
PO-101860,CUST-C,ITM-0612,24,3.82
PO-101860,CUST-C,ITM-0629,4,3.21
PO-101861,CUST-A,ITM-0612,2,3.82
PO-101861,CUST-A,ITM-0737,12,66.88
PO-101862,CUST-B,ITM-0250,1,61.74
PO-101862,CUST-B,ITM-0737,24,70.99
PO-101863,CUST-A,ITM-0434,4,1.35
PO-101864,CUST-B,ITM-0237,2,3.24
PO-101866,CUST-E,ITM-0237,4,3.40
PO-101866,CUST-E,ITM-0253,6,1.18
PO-101867,CUST-C,ITM-0604,2,12.37
PO-101868,CUST-G,ITM-0403,4,2.61
PO-101868,CUST-G,ITM-1003,6,1.19
PO-101869,CUST-A,ITM-0306,10,0.93
PO-101869,CUST-A,ITM-0311,12,6.76
PO-101869,CUST-A,ITM-0621,4,4.07
PO-101869,CUST-A,ITM-0907,1,0.72
PO-101870,CUST-H,ITM-0604,10,12.55
PO-101871,CUST-B,ITM-0246,1,2.05
PO-101871,CUST-B,ITM-0412,3,1.05
PO-101871,CUST-B,ITM-0426,12,24.67
PO-101871,CUST-B,ITM-0433,10,1.19
PO-101871,CUST-B,ITM-0808,2,1.77
PO-101873,CUST-D,ITM-0228,12,4.31
PO-101873,CUST-D,ITM-0426,1,25.27
PO-101873,CUST-D,ITM-0627,2,7.54
PO-101873,CUST-D,ITM-0922,1,6.29
PO-101873,CUST-D,ITM-0922,1,6.29
PO-101873,CUST-D,ITM-1010,1,9.27
PO-101874,CUST-H,ITM-0604,2,13.16
PO-101874,CUST-H,ITM-0612,6,4.46
PO-101874,CUST-H,ITM-0715,1,70.16
PO-101874,CUST-H,ITM-0737,6,72.75
PO-101874,CUST-H,ITM-0942,3,0.31
PO-101874,CUST-H,ITM-1001,1,1.12
PO-101875,CUST-A,ITM-0437,4,2.01
PO-101875,CUST-A,ITM-0610,2,2.27
PO-101876,CUST-D,ITM-0737,12,78.46
PO-101876,CUST-D,ITM-0914,2,1.61
PO-101876,CUST-D,ITM-0943,4,26.16
PO-101877,CUST-F,ITM-0306,1,1.08
PO-101878,CUST-E,ITM-0430,6,0.50
PO-101879,CUST-D,ITM-0328,4,3.36
PO-101879,CUST-D,ITM-0508,2,17.07
PO-101879,CUST-D,ITM-0511,20,27.16
PO-101879,CUST-D,ITM-0517,4,39.51
PO-101879,CUST-D,ITM-0605,1,15.17
PO-101879,CUST-D,ITM-1014,2,2.60
PO-101880,CUST-C,ITM-0220,2,2.61
PO-101881,CUST-B,ITM-0535,4,8.64
PO-101881,CUST-B,ITM-0737,4,67.30
PO-101881,CUST-B,ITM-0808,4,1.76
PO-101881,CUST-B,ITM-0929,1,1.15
PO-101882,CUST-H,ITM-0911,12,1.35
PO-101883,CUST-C,ITM-0104,6,61.88
PO-101883,CUST-C,ITM-0250,4,56.02
PO-101883,CUST-C,ITM-0416,6,3.07
PO-101883,CUST-C,ITM-0629,10,2.91
PO-101883,CUST-C,ITM-0808,6,1.92
PO-101883,CUST-C,ITM-1022,24,4.92
PO-101884,CUST-C,ITM-0201,4,4.26
PO-101884,CUST-C,ITM-0237,4,3.25
PO-101884,CUST-C,ITM-0404,2,3.31
PO-101884,CUST-C,ITM-0629,5,3.18
PO-101885,CUST-B,ITM-0235,12,1.69
PO-101886,CUST-D,ITM-0220,12,2.62
PO-101886,CUST-D,ITM-0237,24,3.03
PO-101886,CUST-D,ITM-0432,4,0.94
PO-101886,CUST-D,ITM-0432,4,0.94
PO-101886,CUST-D,ITM-1018,2,5.00
PO-101887,CUST-E,ITM-1014,6,2.64
PO-101888,CUST-A,ITM-0220,3,2.66
PO-101888,CUST-A,ITM-0255,4,1.63
PO-101888,CUST-A,ITM-0612,12,4.22
PO-101888,CUST-A,ITM-0928,1,0.75
PO-101889,CUST-F,ITM-1010,6,9.41
PO-101890,CUST-B,ITM-0228,2,4.54
PO-101890,CUST-B,ITM-0914,24,1.60
PO-101891,CUST-H,ITM-0808,6,1.77
PO-101891,CUST-H,ITM-1014,6,2.55
PO-101892,CUST-C,ITM-0618,12,4.13
PO-101893,CUST-B,ITM-0220,10,2.82
PO-101893,CUST-B,ITM-0403,6,2.69
PO-101894,CUST-H,ITM-0230,1,3.24
PO-101894,CUST-H,ITM-0612,6,4.01
PO-101895,CUST-A,ITM-0327,24,2.11
PO-101896,CUST-B,ITM-0328,10,3.39
PO-101896,CUST-B,ITM-0328,10,3.39
PO-101896,CUST-B,ITM-0412,12,1.09
PO-101896,CUST-B,ITM-0808,4,1.91
PO-101896,CUST-B,ITM-0902,4,4.20
PO-101897,CUST-C,ITM-0612,10,4.14
PO-101897,CUST-C,ITM-0623,1,2.42
PO-101897,CUST-C,ITM-0938,2,12.77
PO-101898,CUST-A,ITM-0224,1,1.49
PO-101898,CUST-A,ITM-0311,20,6.63
PO-101898,CUST-A,ITM-0610,2,2.23
PO-101898,CUST-A,ITM-0907,10,0.72
PO-101899,CUST-C,ITM-1011,10,3.86
PO-101900,CUST-H,ITM-0220,12,2.86
PO-101900,CUST-H,ITM-0309,2,2.11
PO-101900,CUST-H,ITM-0618,2,4.28
PO-101900,CUST-H,ITM-1015,2,4.58
PO-101901,CUST-F,ITM-0220,6,2.66
PO-101901,CUST-F,ITM-0612,1,4.27
PO-101901,CUST-F,ITM-1011,12,3.68
PO-101901,CUST-F,ITM-1015,12,4.50
PO-101902,CUST-B,ITM-0211,3,11.74
PO-101902,CUST-B,ITM-0243,3,0.66
PO-101902,CUST-B,ITM-0440,1,26.41
PO-101902,CUST-B,ITM-0939,24,15.32
PO-101902,CUST-B,ITM-1001,2,1.12
PO-101903,CUST-D,ITM-0224,6,1.66
PO-101903,CUST-D,ITM-0224,6,1.66
PO-101903,CUST-D,ITM-0621,6,4.23
PO-101904,CUST-F,ITM-0403,3,2.47
PO-101904,CUST-F,ITM-0426,1,24.04
PO-101905,CUST-C,ITM-0629,6,3.38
PO-101905,CUST-C,ITM-1015,50,4.16
PO-101906,CUST-A,ITM-0237,10,2.92
PO-101906,CUST-A,ITM-0611,1,3.35
PO-101906,CUST-A,ITM-0907,12,0.70
PO-101906,CUST-A,ITM-0939,12,14.22
PO-101906,CUST-A,ITM-1015,4,4.11
PO-101907,CUST-H,ITM-0434,6,1.53
PO-101907,CUST-H,ITM-0437,6,2.02
PO-101907,CUST-H,ITM-0904,12,0.33
PO-101908,CUST-F,ITM-0614,1,5.76
PO-101908,CUST-F,ITM-0903,20,0.22
PO-101908,CUST-F,ITM-1019,10,6.66
PO-101909,CUST-D,ITM-0425,6,25.47
PO-101910,CUST-F,ITM-0306,4,1.00
PO-101910,CUST-F,ITM-0517,10,43.02
PO-101910,CUST-F,ITM-0612,1,4.06
PO-101910,CUST-F,ITM-0909,12,0.88
PO-101911,CUST-B,ITM-0808,12,1.99
PO-101911,CUST-B,ITM-1015,6,4.63
PO-101911,CUST-B,ITM-1022,12,5.68
PO-101912,CUST-B,ITM-0220,10,2.78
PO-101912,CUST-B,ITM-0251,12,2.49
PO-101912,CUST-B,ITM-0629,1,3.14
PO-101913,CUST-H,ITM-0437,4,2.00
PO-101913,CUST-H,ITM-1015,24,4.47
PO-101914,CUST-D,ITM-0228,4,4.48
PO-101914,CUST-D,ITM-0611,2,3.39
PO-101914,CUST-D,ITM-1015,4,4.58
PO-101915,CUST-B,ITM-0208,10,5.80
PO-101915,CUST-B,ITM-0243,3,0.75
PO-101915,CUST-B,ITM-0402,1,2.05
PO-101915,CUST-B,ITM-0416,2,2.95
PO-101915,CUST-B,ITM-0805,2,36.04
PO-101915,CUST-B,ITM-0902,2,4.53
PO-101916,CUST-A,ITM-0220,2,2.51
PO-101916,CUST-A,ITM-0311,10,6.69
PO-101916,CUST-A,ITM-0815,12,7.51
PO-101917,CUST-D,ITM-0404,4,3.05
PO-101917,CUST-D,ITM-0517,6,45.38
PO-101917,CUST-D,ITM-0909,1,0.92
PO-101918,CUST-A,ITM-0250,5,58.43
PO-101918,CUST-A,ITM-0621,4,3.75
PO-101919,CUST-D,ITM-0228,24,4.67
PO-101919,CUST-D,ITM-0237,6,3.40
PO-101919,CUST-D,ITM-0408,3,5.31
PO-101919,CUST-D,ITM-0947,4,0.45
PO-101920,CUST-D,ITM-0228,4,4.92
PO-101920,CUST-D,ITM-0235,50,1.54
PO-101920,CUST-D,ITM-0237,6,3.37
PO-101920,CUST-D,ITM-0425,24,24.73
PO-101920,CUST-D,ITM-0903,2,0.21
PO-101922,CUST-B,ITM-0629,10,3.08
PO-101923,CUST-A,ITM-0433,4,1.21
PO-101923,CUST-A,ITM-0929,2,1.14
PO-101924,CUST-G,ITM-0328,2,3.47
PO-101924,CUST-G,ITM-0412,12,1.13
PO-101924,CUST-G,ITM-0437,6,2.12
PO-101924,CUST-G,ITM-0605,3,16.53
PO-101924,CUST-G,ITM-0737,2,74.53
PO-101925,CUST-E,ITM-0104,24,61.41
PO-101925,CUST-E,ITM-0433,4,1.22
PO-101925,CUST-E,ITM-0434,1,1.65
PO-101925,CUST-E,ITM-0629,10,3.22
PO-101925,CUST-E,ITM-0737,1,77.88
PO-101925,CUST-E,ITM-0902,24,4.20
PO-101926,CUST-A,ITM-1008,2,1.37
PO-101926,CUST-A,ITM-1015,1,4.25
PO-101927,CUST-B,ITM-0228,1,4.37
PO-101927,CUST-B,ITM-0440,3,27.32
PO-101927,CUST-B,ITM-0527,2,9.80
PO-101927,CUST-B,ITM-0929,20,1.23
PO-101928,CUST-H,ITM-0623,24,2.20
PO-101929,CUST-B,ITM-0235,1,1.77
PO-101929,CUST-B,ITM-0737,1,69.03
PO-101929,CUST-B,ITM-0808,10,1.82
PO-101929,CUST-B,ITM-0929,4,1.22
PO-101929,CUST-B,ITM-1014,6,2.69
PO-101930,CUST-B,ITM-0228,4,4.53
PO-101930,CUST-B,ITM-0402,12,2.17
PO-101930,CUST-B,ITM-0442,2,20.17
PO-101930,CUST-B,ITM-0721,4,36.24
PO-101930,CUST-B,ITM-1011,6,4.20
PO-101931,CUST-B,ITM-0715,1,74.62
PO-101932,CUST-B,ITM-0211,1,12.66
PO-101932,CUST-B,ITM-0809,1,2.47
PO-101933,CUST-C,ITM-0942,20,0.36
PO-101934,CUST-C,ITM-0412,10,1.07
PO-101935,CUST-A,ITM-0306,1,0.96
PO-101935,CUST-A,ITM-0310,1,4.14
PO-101935,CUST-A,ITM-0611,2,3.15
PO-101935,CUST-A,ITM-0621,10,3.77
PO-101935,CUST-A,ITM-0627,2,7.12
PO-101936,CUST-H,ITM-0412,6,1.06
PO-101936,CUST-H,ITM-0434,2,1.54
PO-101936,CUST-H,ITM-0721,6,34.44
PO-101936,CUST-H,ITM-0929,6,1.18
PO-101936,CUST-H,ITM-1014,1,2.70
PO-101937,CUST-A,ITM-0224,3,1.38
PO-101937,CUST-A,ITM-0237,6,3.05
PO-101937,CUST-A,ITM-0611,2,3.34
PO-101937,CUST-A,ITM-0922,6,5.53
PO-101938,CUST-C,ITM-0208,4,5.30
PO-101938,CUST-C,ITM-0303,12,2.75
PO-101938,CUST-C,ITM-0414,5,1.95
PO-101938,CUST-C,ITM-0426,12,27.35
PO-101939,CUST-D,ITM-0426,12,25.64
PO-101939,CUST-D,ITM-0612,1,4.34
PO-101940,CUST-F,ITM-0404,10,3.23
PO-101941,CUST-A,ITM-0907,1,0.75
PO-101941,CUST-A,ITM-0920,24,2.63
PO-101941,CUST-A,ITM-1014,50,2.50
PO-101942,CUST-D,ITM-0921,2,4.01
PO-101942,CUST-D,ITM-1015,10,4.35
PO-101943,CUST-F,ITM-0433,10,1.40
PO-101943,CUST-F,ITM-1011,6,4.30
PO-101944,CUST-B,ITM-0440,2,29.79
PO-101944,CUST-B,ITM-1015,10,4.46
PO-101945,CUST-D,ITM-0243,10,0.68
PO-101945,CUST-D,ITM-0306,2,0.97
PO-101945,CUST-D,ITM-0939,1,16.51
PO-101945,CUST-D,ITM-1020,12,8.65
PO-101946,CUST-E,ITM-0938,4,14.03
PO-101947,CUST-A,ITM-0201,2,4.20
PO-101947,CUST-A,ITM-0306,2,0.94
PO-101947,CUST-A,ITM-0611,2,3.13
PO-101947,CUST-A,ITM-0929,24,1.12
PO-101949,CUST-E,ITM-0403,1,2.27
PO-101949,CUST-E,ITM-0404,2,3.10
PO-101949,CUST-E,ITM-0620,6,3.02
PO-101949,CUST-E,ITM-0815,6,8.24
PO-101949,CUST-E,ITM-0904,10,0.33
PO-101949,CUST-E,ITM-1014,2,2.60
PO-101950,CUST-F,ITM-0201,12,4.21
PO-101950,CUST-F,ITM-0440,10,26.39
PO-101950,CUST-F,ITM-0442,4,19.77
PO-101950,CUST-F,ITM-0902,4,4.32
PO-101951,CUST-A,ITM-0243,4,0.73
PO-101951,CUST-A,ITM-0254,10,1.61
PO-101951,CUST-A,ITM-0311,24,6.56
PO-101951,CUST-A,ITM-0610,12,2.25
PO-101951,CUST-A,ITM-1015,10,4.05
PO-101952,CUST-A,ITM-0433,3,1.28
PO-101952,CUST-A,ITM-0434,1,1.55
PO-101952,CUST-A,ITM-1021,3,4.56
PO-101953,CUST-H,ITM-0908,1,0.88
PO-101953,CUST-H,ITM-0908,1,0.88
PO-101954,CUST-D,ITM-0612,4,3.64
PO-101954,CUST-D,ITM-0627,1,7.41
PO-101955,CUST-G,ITM-0208,24,4.98
PO-101955,CUST-G,ITM-0442,24,19.76
PO-101955,CUST-G,ITM-0614,4,5.42
PO-101955,CUST-G,ITM-0929,50,1.04
PO-101955,CUST-G,ITM-1019,4,6.47
PO-101956,CUST-A,ITM-1015,3,4.43
PO-101957,CUST-A,ITM-0612,50,3.66
PO-101958,CUST-D,ITM-0237,2,3.21
PO-101958,CUST-D,ITM-1021,1,4.44
PO-101959,CUST-D,ITM-0310,2,4.64
PO-101959,CUST-D,ITM-0627,6,7.65
PO-101959,CUST-D,ITM-0939,10,15.99
PO-101960,CUST-B,ITM-0426,1,25.90
PO-101960,CUST-B,ITM-0609,3,1.58
PO-101960,CUST-B,ITM-0908,24,0.85
PO-101961,CUST-C,ITM-0220,4,2.84
PO-101961,CUST-C,ITM-0253,10,1.28
PO-101962,CUST-B,ITM-0907,12,0.74
PO-101963,CUST-G,ITM-0309,24,1.78
PO-101963,CUST-G,ITM-0309,24,1.78
PO-101963,CUST-G,ITM-0517,5,41.51
PO-101963,CUST-G,ITM-0611,10,3.38
PO-101964,CUST-A,ITM-0311,4,6.08
PO-101965,CUST-B,ITM-0235,12,1.65
PO-101965,CUST-B,ITM-0434,4,1.43
PO-101965,CUST-B,ITM-0517,6,42.89
PO-101965,CUST-B,ITM-0929,3,1.19
PO-101966,CUST-B,ITM-0808,4,1.74
PO-101966,CUST-B,ITM-0902,1,4.31
PO-101966,CUST-B,ITM-0922,1,5.85
PO-101966,CUST-B,ITM-0929,5,1.13
PO-101966,CUST-B,ITM-1014,12,2.50
PO-101967,CUST-F,ITM-0404,2,3.09
PO-101967,CUST-F,ITM-0815,10,8.09
PO-101967,CUST-F,ITM-0938,1,12.59
PO-101967,CUST-F,ITM-1011,4,3.79
PO-101967,CUST-F,ITM-1021,2,4.29
PO-101968,CUST-F,ITM-0311,10,6.74
PO-101968,CUST-F,ITM-0412,6,1.11
PO-101968,CUST-F,ITM-0431,1,0.78
PO-101968,CUST-F,ITM-0612,6,4.07
PO-101969,CUST-D,ITM-0201,4,4.31
PO-101969,CUST-D,ITM-0220,10,2.56
PO-101969,CUST-D,ITM-0225,10,2.37
PO-101969,CUST-D,ITM-0904,6,0.34
PO-101970,CUST-C,ITM-0220,24,2.68
PO-101970,CUST-C,ITM-0220,24,2.68
PO-101970,CUST-C,ITM-0254,6,1.77
PO-101970,CUST-C,ITM-0426,6,26.47
PO-101970,CUST-C,ITM-1003,2,1.22
PO-101971,CUST-B,ITM-0220,3,2.68
PO-101971,CUST-B,ITM-0306,10,0.99
PO-101972,CUST-H,ITM-0237,1,3.31
PO-101972,CUST-H,ITM-0311,4,7.19
PO-101972,CUST-H,ITM-0632,24,4.25
PO-101972,CUST-H,ITM-0903,1,0.21
PO-101973,CUST-D,ITM-0310,6,4.41
PO-101975,CUST-C,ITM-0311,10,6.98
PO-101975,CUST-C,ITM-0403,24,2.47
PO-101975,CUST-C,ITM-0612,10,4.08
PO-101975,CUST-C,ITM-0629,4,3.04
PO-101975,CUST-C,ITM-0808,6,1.83
PO-101975,CUST-C,ITM-0815,2,9.10
PO-101976,CUST-E,ITM-0446,12,23.08
PO-101976,CUST-E,ITM-0629,10,3.16
PO-101977,CUST-B,ITM-0902,2,4.87
PO-101978,CUST-D,ITM-0328,10,3.43
PO-101978,CUST-D,ITM-0612,1,4.39
PO-101978,CUST-D,ITM-1003,6,1.17
PO-101978,CUST-D,ITM-1015,1,4.67
PO-101979,CUST-B,ITM-0225,1,2.31
PO-101979,CUST-B,ITM-0231,2,4.86
PO-101979,CUST-B,ITM-0922,24,5.54
PO-101980,CUST-A,ITM-0306,50,0.87
PO-101980,CUST-A,ITM-0310,2,4.16
PO-101980,CUST-A,ITM-0612,6,3.97
PO-101980,CUST-A,ITM-0942,24,0.28
PO-101981,CUST-B,ITM-0412,10,1.16
PO-101981,CUST-B,ITM-0414,12,2.00
PO-101981,CUST-B,ITM-0426,1,27.01
PO-101981,CUST-B,ITM-0611,6,3.60
PO-101981,CUST-B,ITM-0939,6,16.36
PO-101982,CUST-A,ITM-0228,1,4.53
PO-101982,CUST-A,ITM-0904,12,0.33
PO-101983,CUST-G,ITM-0402,24,1.96
PO-101983,CUST-G,ITM-0942,10,0.33
PO-101983,CUST-G,ITM-0942,10,0.33
PO-101984,CUST-D,ITM-0629,6,3.15
PO-101985,CUST-D,ITM-0402,4,1.79
PO-101985,CUST-D,ITM-0928,4,0.73
PO-101985,CUST-D,ITM-0939,1,15.91
PO-101986,CUST-A,ITM-0404,10,3.16
PO-101988,CUST-A,ITM-0535,24,7.82
PO-101988,CUST-A,ITM-0908,3,0.92
PO-101988,CUST-A,ITM-0913,24,1.22
PO-101988,CUST-A,ITM-0929,4,1.13
PO-101989,CUST-A,ITM-0508,10,15.74
PO-101989,CUST-A,ITM-0922,2,5.61
PO-101989,CUST-A,ITM-0929,4,1.06
PO-101990,CUST-C,ITM-0605,20,15.74
PO-101990,CUST-C,ITM-0942,10,0.32
PO-101991,CUST-A,ITM-0907,12,0.74
PO-101991,CUST-A,ITM-0922,6,5.89
PO-101992,CUST-A,ITM-0235,2,1.49
PO-101993,CUST-E,ITM-0201,4,4.27
PO-101993,CUST-E,ITM-0237,1,3.54
PO-101993,CUST-E,ITM-0311,24,7.10
PO-101993,CUST-E,ITM-0404,6,3.37
PO-101993,CUST-E,ITM-0904,1,0.34
PO-101993,CUST-E,ITM-0947,12,0.43
PO-101994,CUST-D,ITM-0605,10,16.73
PO-101994,CUST-D,ITM-1015,4,4.43
PO-101995,CUST-D,ITM-0230,2,2.90
PO-101995,CUST-D,ITM-0310,4,4.46
PO-101996,CUST-B,ITM-0403,10,2.50
PO-101996,CUST-B,ITM-0426,2,26.82
PO-101996,CUST-B,ITM-0612,5,4.01
PO-101996,CUST-B,ITM-0629,4,2.91
PO-101996,CUST-B,ITM-1017,1,3.01
PO-101997,CUST-F,ITM-0614,6,6.15
PO-101997,CUST-F,ITM-0628,1,0.14
PO-101997,CUST-F,ITM-0942,1,0.36
PO-101997,CUST-F,ITM-1015,4,4.55
PO-101998,CUST-C,ITM-0225,24,2.33
PO-101998,CUST-C,ITM-0404,10,3.28
PO-101998,CUST-C,ITM-0611,24,3.36
PO-101998,CUST-C,ITM-0623,4,2.67
PO-101998,CUST-C,ITM-0939,6,14.78
PO-101999,CUST-F,ITM-0208,4,5.24
PO-102000,CUST-B,ITM-0408,1,5.22
PO-102000,CUST-B,ITM-0527,10,9.46
PO-102000,CUST-B,ITM-0737,1,76.66
PO-102001,CUST-A,ITM-0433,12,1.25
PO-102001,CUST-A,ITM-0628,2,0.16
PO-102002,CUST-B,ITM-0618,4,4.16
PO-102002,CUST-B,ITM-0621,2,4.23
PO-102002,CUST-B,ITM-1010,6,9.64
PO-102003,CUST-E,ITM-0231,12,4.69
PO-102003,CUST-E,ITM-0431,1,0.75
PO-102003,CUST-E,ITM-0629,6,3.29
PO-102003,CUST-E,ITM-1014,24,2.40
PO-102003,CUST-E,ITM-1015,12,4.27
PO-102004,CUST-A,ITM-0230,4,2.98
PO-102004,CUST-A,ITM-0612,12,4.24
PO-102004,CUST-A,ITM-0618,10,3.99
PO-102004,CUST-A,ITM-0809,2,2.53
PO-102005,CUST-A,ITM-0309,20,1.77
PO-102005,CUST-A,ITM-0433,10,1.14
PO-102006,CUST-H,ITM-0414,4,1.89
PO-102006,CUST-H,ITM-0611,24,3.29
PO-102007,CUST-A,ITM-0907,4,0.68
PO-102008,CUST-B,ITM-0104,4,70.68
PO-102008,CUST-B,ITM-0243,1,0.74
PO-102008,CUST-B,ITM-0306,4,1.04
PO-102008,CUST-B,ITM-0440,10,28.14
PO-102008,CUST-B,ITM-0808,6,1.97
PO-102008,CUST-B,ITM-0920,4,3.14
PO-102009,CUST-D,ITM-0433,2,1.11
PO-102010,CUST-A,ITM-0627,1,6.93
PO-102010,CUST-A,ITM-0808,4,1.75
PO-102011,CUST-F,ITM-0220,2,2.89
PO-102011,CUST-F,ITM-0328,4,3.42
PO-102011,CUST-F,ITM-0809,2,2.65
PO-102011,CUST-F,ITM-1015,2,4.97
PO-102012,CUST-A,ITM-0431,10,0.77
PO-102013,CUST-C,ITM-0430,10,0.50
PO-102013,CUST-E,ITM-0611,1,3.56
PO-102013,CUST-E,ITM-0614,10,6.38
PO-102013,CUST-E,ITM-1019,6,6.97
PO-102014,CUST-E,ITM-0237,12,3.40
PO-102014,CUST-E,ITM-0947,4,0.49
PO-102015,CUST-B,ITM-0426,1,24.32
PO-102015,CUST-B,ITM-0433,10,1.14
PO-102015,CUST-B,ITM-0733,2,23.18
PO-102015,CUST-B,ITM-0947,2,0.42
PO-102016,CUST-A,ITM-0220,2,
PO-102016,CUST-A,ITM-0220,2,
PO-102016,CUST-A,ITM-0623,24,2.35
PO-102016,CUST-A,ITM-0628,10,0.14
PO-102016,CUST-A,ITM-0715,4,69.01
PO-102017,CUST-A,ITM-0426,50,20.19
PO-102018,CUST-F,ITM-0404,2,3.47
PO-102019,CUST-B,ITM-0230,6,3.09
PO-102019,CUST-B,ITM-0611,6,3.56
PO-102019,CUST-B,ITM-0902,1,48.40
PO-102019,CUST-B,ITM-0903,24,0.23
PO-102020,CUST-A,ITM-0311,2,6.88
PO-102020,CUST-A,ITM-0628,24,0.14
PO-102020,CUST-A,ITM-0715,2,67.21
PO-102020,CUST-A,ITM-0805,4,30.35
PO-102021,CUST-H,ITM-0225,2,2.47
PO-102021,CUST-H,ITM-0414,10,1.85
PO-102021,CUST-H,ITM-0426,2,24.29
PO-102022,CUST-C,ITM-0402,2,1.93
PO-102022,CUST-C,ITM-0437,4,1.95
PO-102022,CUST-C,ITM-0809,10,2.50
PO-102022,CUST-D,ITM-0306,24,0.90
PO-102023,CUST-E,ITM-0201,24,4.17
PO-102023,CUST-E,ITM-0309,6,2.11
PO-102023,CUST-E,ITM-0326,10,2.87
PO-102023,CUST-E,ITM-0416,4,2.84
PO-102024,CUST-B,ITM-0220,1,3.14
PO-102025,CUST-D,ITM-0310,6,4.45
PO-102025,CUST-D,ITM-0426,4,24.45
PO-102025,CUST-D,ITM-0433,2,1.24
PO-102026,CUST-B,ITM-0220,2,2.82
PO-102026,CUST-B,ITM-0403,1,2.55
PO-102026,CUST-B,ITM-0426,2,25.46
PO-102026,CUST-B,ITM-0609,6,1.58
PO-102026,CUST-B,ITM-0612,2,4.18
PO-102026,CUST-B,ITM-1015,6,4.36
PO-102027,CUST-D,ITM-0228,1,4.80
PO-102027,CUST-D,ITM-0404,2,3.26
PO-102027,CUST-D,ITM-0413,6,1.51
PO-102028,CUST-D,ITM-0211,2,13.03
PO-102029,CUST-A,ITM-0612,24,4.04
PO-102029,CUST-A,ITM-0618,10,4.26
PO-102029,CUST-A,ITM-1015,4,4.51
PO-102030,CUST-E,ITM-0306,4,0.91
PO-102030,CUST-E,ITM-0311,1,7.27
PO-102030,CUST-E,ITM-0402,24,1.85
PO-102030,CUST-E,ITM-1014,10,2.71
PO-102031,CUST-D,ITM-0220,12,2.80
PO-102032,CUST-E,ITM-0201,12,4.38
PO-102032,CUST-E,ITM-0228,2,4.61
PO-102033,CUST-D,ITM-0254,6,1.73
PO-102033,CUST-D,ITM-0403,12,2.45
PO-102034,CUST-B,ITM-0235,6,1.66
PO-102035,CUST-C,ITM-0921,1,4.03
PO-102035,CUST-C,ITM-0921,1,4.03
PO-102035,CUST-C,ITM-1015,2,4.58
PO-102036,CUST-B,ITM-0402,2,2.02
PO-102036,CUST-B,ITM-0929,24,1.15
PO-102037,CUST-D,ITM-0219,5,1.81
PO-102037,CUST-D,ITM-0220,10,2.62
PO-102037,CUST-D,ITM-0255,10,1.61
PO-102037,CUST-D,ITM-0306,5,1.04
PO-102037,CUST-D,ITM-0612,2,3.95
PO-102037,CUST-D,ITM-0715,2,75.55
PO-102038,CUST-C,ITM-0432,6,0.99
PO-102038,CUST-C,ITM-0618,2,4.35
PO-102038,CUST-C,ITM-1015,6,4.50
PO-102039,CUST-D,ITM-0614,4,6.14
PO-102039,CUST-D,ITM-0629,1,3.43
PO-102039,CUST-D,ITM-0917,12,3.83
PO-102039,CUST-D,ITM-1006,12,1.35
PO-102039,CUST-D,ITM-1015,24,4.12
PO-102041,CUST-D,ITM-0246,4,2.01
PO-102041,CUST-D,ITM-0404,2,3.15
PO-102042,CUST-A,ITM-0257,6,0.68
PO-102042,CUST-A,ITM-0403,24,2.26
PO-102042,CUST-A,ITM-0612,1,3.73
PO-102044,CUST-F,ITM-0250,6,68.84
PO-102044,CUST-F,ITM-0430,4,0.54
PO-102044,CUST-F,ITM-0442,1,21.84
PO-102044,CUST-F,ITM-0611,6,3.56
PO-102044,CUST-F,ITM-0902,1,4.61
PO-102045,CUST-B,ITM-0104,1,61.19
PO-102045,CUST-B,ITM-0220,4,2.77
PO-102045,CUST-B,ITM-0306,10,0.98
PO-102045,CUST-B,ITM-0612,4,4.47
PO-102045,CUST-B,ITM-0612,4,4.47
PO-102045,CUST-B,ITM-0942,3,0.32
PO-102046,CUST-A,ITM-0403,6,2.50
PO-102046,CUST-A,ITM-0612,24,3.76
PO-102046,CUST-A,ITM-0618,50,3.77
PO-102046,CUST-A,ITM-1015,10,4.41
PO-102047,CUST-C,ITM-0433,2,1.11
PO-102047,CUST-C,ITM-0815,10,8.69
PO-102048,CUST-D,ITM-0237,1,3.51
PO-102049,CUST-D,ITM-0228,4,4.53
PO-102049,CUST-D,ITM-0426,24,24.43
PO-102049,CUST-D,ITM-0939,12,15.51
PO-102049,CUST-D,ITM-0943,2,23.57
PO-102049,CUST-D,ITM-1003,1,1.15
PO-102050,CUST-H,ITM-0431,10,0.80
PO-102052,CUST-D,ITM-0228,2,4.34
PO-102052,CUST-D,ITM-0306,4,1.00
PO-102052,CUST-D,ITM-1015,4,4.09
PO-102053,CUST-E,ITM-0403,24,2.62
PO-102053,CUST-E,ITM-0623,1,2.47
PO-102053,CUST-E,ITM-0938,12,13.93
PO-102053,CUST-E,ITM-1011,2,3.86
PO-102054,CUST-G,ITM-0629,1,2.86
PO-102055,CUST-D,ITM-0219,6,1.90
PO-102055,CUST-D,ITM-0517,2,43.76
PO-102056,CUST-F,ITM-0328,10,3.49
PO-102057,CUST-B,ITM-0402,4,2.15
PO-102057,CUST-B,ITM-0902,1,4.41
PO-102059,CUST-A,ITM-0306,5,1.01
PO-102059,CUST-A,ITM-0402,10,1.85
PO-102059,CUST-A,ITM-0808,24,1.79
PO-102060,CUST-E,ITM-0310,1,4.78
PO-102061,CUST-A,ITM-1003,3,1.09
PO-102062,CUST-A,ITM-0618,5,3.95
PO-102062,CUST-A,ITM-0618,5,3.95
PO-102063,CUST-B,ITM-0443,2,4.73
PO-102064,CUST-B,ITM-0632,24,4.02
PO-102065,CUST-A,ITM-0237,2,3.29
PO-102065,CUST-A,ITM-0311,10,6.32
PO-102065,CUST-A,ITM-0327,1,2.23
PO-102065,CUST-A,ITM-0909,2,0.89
PO-102066,CUST-C,ITM-0306,1,0.91
PO-102066,CUST-C,ITM-0611,2,3.30
PO-102066,CUST-C,ITM-0614,6,5.72
PO-102066,CUST-C,ITM-0929,6,1.23
PO-102067,CUST-H,ITM-0243,10,0.75
PO-102068,CUST-A,ITM-0229,2,1.50
PO-102068,CUST-A,ITM-0612,10,3.91
PO-102068,CUST-A,ITM-0623,2,2.27
PO-102068,CUST-A,ITM-1003,24,1.11
PO-102069,CUST-A,ITM-0604,2,11.73
PO-102069,CUST-A,ITM-0610,4,2.17
PO-102070,CUST-H,ITM-0737,2,80.75
PO-102070,CUST-H,ITM-1015,6,4.68
PO-102071,CUST-E,ITM-0414,4,1.93
PO-102071,CUST-E,ITM-0426,2,24.43
PO-102071,CUST-E,ITM-0433,1,1.33
PO-102072,CUST-B,ITM-0224,50,1.39
PO-102072,CUST-B,ITM-0311,4,6.70
PO-102072,CUST-B,ITM-0604,2,13.46
PO-102072,CUST-B,ITM-0629,2,3.15
PO-102073,CUST-B,ITM-0737,1,78.62
PO-102073,CUST-B,ITM-0808,5,1.81
PO-102073,CUST-B,ITM-0902,1,4.32
PO-102075,CUST-A,ITM-0201,2,3.89
PO-102075,CUST-A,ITM-0225,2,2.26
PO-102075,CUST-A,ITM-0237,4,3.06
PO-102075,CUST-A,ITM-0815,10,7.75
PO-102076,CUST-A,ITM-0414,4,1.87
PO-102077,CUST-D,ITM-0517,6,41.04
PO-102078,CUST-H,ITM-0224,10,1.61
PO-102078,CUST-H,ITM-0254,4,1.90
PO-102078,CUST-H,ITM-0311,10,7.74
PO-102078,CUST-H,ITM-0604,1,12.47
PO-102079,CUST-B,ITM-0629,6,3.17
PO-102079,CUST-B,ITM-1014,12,2.56
PO-102080,CUST-D,ITM-0605,6,16.35
PO-102080,CUST-D,ITM-0611,12,3.42
PO-102080,CUST-D,ITM-0620,6,3.12
PO-102080,CUST-D,ITM-0939,4,16.74
PO-102082,CUST-E,ITM-0201,12,4.33
PO-102082,CUST-E,ITM-0517,12,40.58
PO-102083,CUST-C,ITM-0605,2,16.85
PO-102085,CUST-C,ITM-0614,10,6.03
PO-102085,CUST-C,ITM-0629,50,3.11
PO-102085,CUST-C,ITM-0917,10,3.53
PO-102085,CUST-C,ITM-1006,1,1.31
PO-102085,CUST-C,ITM-1015,4,4.41
PO-102086,CUST-B,ITM-0220,20,2.87
PO-102086,CUST-B,ITM-0612,2,4.40
PO-102087,CUST-D,ITM-0446,2,21.56
PO-102087,CUST-D,ITM-0629,6,3.18
PO-102088,CUST-D,ITM-0220,10,2.77
PO-102089,CUST-F,ITM-0328,24,3.02
PO-102090,CUST-A,ITM-0621,24,4.08
PO-102091,CUST-B,ITM-0721,6,35.71
PO-102092,CUST-D,ITM-0237,2,3.28
PO-102092,CUST-D,ITM-0611,4,3.60
PO-102092,CUST-D,ITM-1015,20,4.70
PO-102093,CUST-A,ITM-1001,4,1.04
PO-102094,CUST-A,ITM-0612,1,3.97
PO-102095,CUST-D,ITM-0922,2,5.48
PO-102096,CUST-D,ITM-0431,24,0.73
PO-102096,CUST-D,ITM-0517,6,41.38
PO-102096,CUST-D,ITM-0922,10,5.96
PO-102097,CUST-A,ITM-0237,6,2.92
PO-102097,CUST-A,ITM-1015,6,4.14
PO-102098,CUST-B,ITM-0220,10,2.87
PO-102099,CUST-D,ITM-0421,10,17.64
PO-102100,CUST-F,ITM-0229,20,1.52
PO-102100,CUST-F,ITM-0254,4,1.76
PO-102100,CUST-F,ITM-0426,20,25.35
PO-102100,CUST-F,ITM-0623,10,2.46
PO-102100,CUST-F,ITM-1015,12,4.33
PO-102101,CUST-D,ITM-0426,1,24.68
PO-102101,CUST-D,ITM-0612,1,4.26
PO-102101,CUST-D,ITM-1015,1,4.33
PO-102102,CUST-G,ITM-0230,4,3.10
PO-102102,CUST-G,ITM-0426,6,25.13
PO-102102,CUST-G,ITM-0609,1,1.55
PO-102102,CUST-G,ITM-1011,2,3.79
PO-102103,CUST-C,ITM-0201,2,4.44
PO-102103,CUST-C,ITM-0220,10,2.77
PO-102103,CUST-C,ITM-0404,4,3.46
PO-102103,CUST-C,ITM-0629,10,3.48
PO-102103,CUST-C,ITM-0903,1,0.24
PO-102104,CUST-A,ITM-0433,2,1.09
PO-102105,CUST-D,ITM-0228,10,4.36
PO-102105,CUST-D,ITM-0412,50,0.98
PO-102105,CUST-D,ITM-0414,4,1.88
PO-102105,CUST-D,ITM-0627,1,7.18
PO-102105,CUST-D,ITM-0939,3,14.97
PO-102106,CUST-B,ITM-0922,50,5.83
PO-102107,CUST-E,ITM-0228,4,4.35
PO-102107,CUST-E,ITM-0433,6,1.28
PO-102107,CUST-E,ITM-0440,1,24.87
PO-102107,CUST-E,ITM-0527,2,9.29
PO-102108,CUST-H,ITM-0426,2,24.89
PO-102108,CUST-H,ITM-0433,2,1.09
PO-102108,CUST-H,ITM-0815,10,8.44
PO-102108,CUST-H,ITM-0911,3,1.26
PO-102109,CUST-H,ITM-0611,12,3.46
PO-102109,CUST-H,ITM-1006,4,1.41
PO-102110,CUST-B,ITM-0228,24,4.22
PO-102110,CUST-B,ITM-0228,24,4.22
PO-102110,CUST-B,ITM-0623,3,2.56
PO-102110,CUST-B,ITM-1010,10,9.73
PO-102111,CUST-A,ITM-0309,12,2.10
PO-102111,CUST-A,ITM-0416,6,2.74
PO-102111,CUST-A,ITM-0433,1,1.25
PO-102111,CUST-A,ITM-0929,50,1.08
PO-102112,CUST-A,ITM-0201,10,4.33
PO-102112,CUST-A,ITM-0433,20,1.21
PO-102112,CUST-A,ITM-0442,4,20.61
PO-102112,CUST-A,ITM-0614,2,5.91
PO-102113,CUST-B,ITM-0201,2,4.20
PO-102113,CUST-B,ITM-0309,10,1.86
PO-102113,CUST-B,ITM-0611,1,3.10
PO-102113,CUST-B,ITM-0627,4,7.23
PO-102113,CUST-B,ITM-0632,4,4.13
PO-102113,CUST-B,ITM-0902,5,39.90
PO-102114,CUST-C,ITM-0257,10,0.73
PO-102114,CUST-C,ITM-1015,4,4.23
PO-102115,CUST-F,ITM-0434,10,1.50
PO-102115,CUST-F,ITM-1015,50,4.11
PO-102116,CUST-D,ITM-0246,4,2.10
PO-102116,CUST-D,ITM-0621,10,4.19
PO-102116,CUST-D,ITM-0904,10,0.35
PO-102116,CUST-D,ITM-1018,6,4.97
PO-102117,CUST-B,ITM-0201,2,4.10
PO-102117,CUST-B,ITM-0430,3,0.49
PO-102118,CUST-F,ITM-0250,4,60.34
PO-102118,CUST-F,ITM-0437,5,2.04
PO-102119,CUST-G,ITM-0228,10,4.79
PO-102119,CUST-G,ITM-0433,10,1.33
PO-102119,CUST-G,ITM-0434,2,1.72
PO-102119,CUST-G,ITM-1011,1,4.28
PO-102120,CUST-A,ITM-0250,6,56.05
PO-102121,CUST-A,ITM-0220,4,2.50
PO-102121,CUST-A,ITM-0237,4,3.41
PO-102122,CUST-D,ITM-0433,4,1.13
PO-102122,CUST-D,ITM-0605,3,16.76
PO-102122,CUST-D,ITM-0627,6,7.95
PO-102122,CUST-D,ITM-0911,4,1.24
PO-102122,CUST-D,ITM-1015,24,4.21
PO-102123,CUST-B,ITM-0220,10,2.53
PO-102123,CUST-B,ITM-0220,10,2.53
PO-102123,CUST-B,ITM-0408,1,4.83
PO-102123,CUST-B,ITM-0612,2,4.19
PO-102123,CUST-B,ITM-0943,1,24.21
PO-102124,CUST-B,ITM-0434,12,1.75
PO-102124,CUST-B,ITM-0517,1,41.21
PO-102124,CUST-B,ITM-0808,10,1.88
PO-102124,CUST-B,ITM-0902,12,4.91
PO-102124,CUST-B,ITM-0929,4,1.29
PO-102125,CUST-A,ITM-0426,4,23.95
PO-102125,CUST-A,ITM-0433,2,1.11
PO-102125,CUST-A,ITM-0433,2,1.11
PO-102125,CUST-A,ITM-0434,2,1.37
PO-102125,CUST-A,ITM-0434,2,1.37
PO-102125,CUST-A,ITM-0943,2,22.03
PO-102126,CUST-A,ITM-0228,2,4.60
PO-102126,CUST-A,ITM-0426,1,24.86
PO-102126,CUST-A,ITM-0433,2,1.15
PO-102126,CUST-A,ITM-0604,12,11.88
PO-102127,CUST-F,ITM-0228,2,4.43
PO-102127,CUST-F,ITM-0250,50,59.76
PO-102127,CUST-F,ITM-0433,6,1.33
PO-102129,CUST-F,ITM-0306,6,0.98
PO-102129,CUST-F,ITM-0621,6,4.15
PO-102129,CUST-F,ITM-0808,2,1.92
PO-102130,CUST-B,ITM-0909,2,0.89
PO-102131,CUST-B,ITM-0201,2,4.64
PO-102131,CUST-B,ITM-0220,1,2.85
PO-102131,CUST-B,ITM-0235,1,1.75
PO-102131,CUST-B,ITM-0237,12,3.39
PO-102131,CUST-B,ITM-0311,2,7.89
PO-102131,CUST-B,ITM-0621,6,4.48
PO-102132,CUST-D,ITM-0612,10,4.28
PO-102132,CUST-D,ITM-1015,6,4.84
PO-102133,CUST-A,ITM-0243,4,0.70
PO-102133,CUST-A,ITM-0250,10,65.69
PO-102133,CUST-A,ITM-0433,24,1.17
PO-102133,CUST-A,ITM-0434,6,1.56
PO-102133,CUST-A,ITM-0527,24,9.52
PO-102133,CUST-A,ITM-0929,2,1.19
PO-102134,CUST-C,ITM-0508,4,18.41
PO-102135,CUST-F,ITM-0433,6,1.27
PO-102135,CUST-F,ITM-0434,1,1.47
PO-102135,CUST-F,ITM-0611,2,3.56
PO-102136,CUST-G,ITM-0251,4,2.47
PO-102136,CUST-G,ITM-0433,4,1.18
PO-102136,CUST-G,ITM-0437,5,2.02
PO-102136,CUST-G,ITM-0809,4,2.46
PO-102136,CUST-G,ITM-0943,1,25.22
PO-102136,CUST-G,ITM-1015,6,4.49
PO-102137,CUST-A,ITM-0604,2,12.07
PO-102137,CUST-A,ITM-0623,2,2.51
PO-102137,CUST-A,ITM-1001,6,1.00
PO-102138,CUST-D,ITM-0611,2,3.48
PO-102138,CUST-D,ITM-0627,1,7.94
PO-102139,CUST-E,ITM-0255,24,1.57
PO-102140,CUST-B,ITM-0228,6,4.21
PO-102140,CUST-B,ITM-0434,10,1.62
PO-102140,CUST-B,ITM-0929,5,1.18
PO-102141,CUST-A,ITM-0309,12,1.99
PO-102141,CUST-A,ITM-0310,6,4.19
PO-102141,CUST-A,ITM-0939,24,13.94
PO-102142,CUST-A,ITM-0201,24,4.06
PO-102142,CUST-A,ITM-0621,4,4.01
PO-102142,CUST-A,ITM-0627,4,7.29
PO-102142,CUST-A,ITM-0627,4,7.29
PO-102142,CUST-A,ITM-0632,6,4.09
PO-102142,CUST-A,ITM-0929,4,1.16
PO-102143,CUST-B,ITM-0306,1,1.09
PO-102143,CUST-B,ITM-0446,2,21.82
PO-102144,CUST-D,ITM-0224,10,1.53
PO-102144,CUST-D,ITM-0430,2,0.47
PO-102144,CUST-D,ITM-0621,12,4.27
PO-102144,CUST-D,ITM-0733,2,23.02
PO-102145,CUST-D,ITM-0228,6,4.47
PO-102145,CUST-D,ITM-0426,10,26.89
PO-102145,CUST-D,ITM-0611,20,3.41
PO-102145,CUST-D,ITM-0939,10,16.04
PO-102146,CUST-F,ITM-0237,1,3.13
PO-102146,CUST-F,ITM-0446,1,21.71
PO-102147,CUST-F,ITM-0306,1,
PO-102147,CUST-F,ITM-0611,6,3.21
PO-102147,CUST-F,ITM-0721,6,31.80
PO-102147,CUST-F,ITM-0902,1,4.32
PO-102147,CUST-F,ITM-0929,6,1.10
PO-102149,CUST-B,ITM-0237,12,3.13
PO-102149,CUST-B,ITM-1022,4,5.29
PO-102150,CUST-B,ITM-0620,24,3.16
PO-102151,CUST-B,ITM-0604,10,13.26
PO-102152,CUST-F,ITM-0201,10,4.11
PO-102152,CUST-F,ITM-0220,4,2.89
PO-102152,CUST-F,ITM-0629,4,3.35
PO-102152,CUST-F,ITM-0632,2,4.57
PO-102152,CUST-F,ITM-0903,1,0.22
PO-102152,CUST-F,ITM-0947,10,0.46
PO-102153,CUST-A,ITM-0412,6,1.01
PO-102153,CUST-A,ITM-0535,4,8.15
PO-102153,CUST-A,ITM-0610,6,2.18
PO-102154,CUST-A,ITM-0612,12,3.95
PO-102155,CUST-A,ITM-0627,1,7.41
PO-102156,CUST-E,ITM-0303,4,2.66
PO-102156,CUST-E,ITM-0943,4,23.33
PO-102157,CUST-A,ITM-0237,2,3.07
PO-102157,CUST-A,ITM-0815,1,7.89
PO-102158,CUST-H,ITM-0911,2,1.30
PO-102158,CUST-H,ITM-0921,10,3.98
PO-102159,CUST-D,ITM-0612,6,4.50
PO-102160,CUST-B,ITM-0220,12,2.60
PO-102160,CUST-B,ITM-0403,1,2.56
PO-102161,CUST-A,ITM-0201,10,4.13
PO-102161,CUST-A,ITM-0326,4,2.69
PO-102161,CUST-A,ITM-0928,2,0.79
PO-102161,CUST-A,ITM-1011,4,4.04
PO-102162,CUST-G,ITM-0237,10,3.20
PO-102163,CUST-E,ITM-0604,4,13.38
PO-102163,CUST-E,ITM-1014,1,2.52
PO-102164,CUST-D,ITM-0611,4,3.69
PO-102164,CUST-D,ITM-0922,4,6.08
PO-102165,CUST-B,ITM-0235,6,1.65
PO-102165,CUST-B,ITM-0243,4,0.73
PO-102166,CUST-H,ITM-0237,12,3.29
PO-102166,CUST-H,ITM-0306,4,1.00
PO-102166,CUST-H,ITM-0908,2,0.90
PO-102167,CUST-B,ITM-0808,2,2.10
PO-102167,CUST-B,ITM-1022,12,5.56
PO-102168,CUST-A,ITM-0605,2,15.33
PO-102168,CUST-A,ITM-0611,1,3.31
PO-102168,CUST-A,ITM-1015,1,4.09
PO-102169,CUST-A,ITM-0414,1,1.69
PO-102169,CUST-A,ITM-0426,12,24.25
PO-102169,CUST-A,ITM-0433,2,1.08
PO-102169,CUST-A,ITM-0434,2,1.38
PO-102170,CUST-B,ITM-0228,20,4.59
PO-102170,CUST-B,ITM-0737,6,76.59
PO-102171,CUST-A,ITM-0224,6,1.42
PO-102172,CUST-H,ITM-0237,1,3.09
PO-102172,CUST-H,ITM-0306,10,1.00
PO-102172,CUST-H,ITM-0508,1,17.87
PO-102173,CUST-D,ITM-0808,6,1.66
PO-102173,CUST-D,ITM-0922,3,5.78
PO-102174,CUST-B,ITM-0942,2,0.32
PO-102175,CUST-A,ITM-0433,50,0.98
PO-102176,CUST-E,ITM-0201,6,4.42
PO-102177,CUST-A,ITM-0201,50,3.73
PO-102177,CUST-A,ITM-0326,4,2.55
PO-102177,CUST-A,ITM-0927,4,0.54
PO-102177,CUST-A,ITM-0928,1,0.77
PO-102178,CUST-A,ITM-0432,1,0.96
PO-102178,CUST-A,ITM-0433,3,1.10
PO-102178,CUST-A,ITM-1015,6,4.16
PO-102179,CUST-A,ITM-0433,3,1.18
PO-102180,CUST-C,ITM-0629,4,3.40
PO-102180,CUST-C,ITM-0909,12,0.98
PO-102182,CUST-C,ITM-0623,6,2.61
PO-102183,CUST-A,ITM-0612,6,3.90
PO-102183,CUST-A,ITM-0618,4,4.03
PO-102183,CUST-A,ITM-0623,20,2.51
PO-102183,CUST-A,ITM-1015,10,4.38
PO-102184,CUST-A,ITM-0432,1,0.90
PO-102184,CUST-A,ITM-0627,5,6.99
PO-102185,CUST-D,ITM-0219,12,1.99
PO-102185,CUST-D,ITM-0220,1,2.82
PO-102185,CUST-D,ITM-0605,4,15.81
PO-102186,CUST-A,ITM-0313,2,4.34
PO-102186,CUST-A,ITM-0942,10,0.33
PO-102187,CUST-G,ITM-0224,4,1.47
PO-102187,CUST-G,ITM-0306,4,0.99
PO-102187,CUST-G,ITM-0621,1,4.04
PO-102188,CUST-B,ITM-0627,2,7.58
PO-102188,CUST-B,ITM-1010,6,9.59
PO-102189,CUST-A,ITM-0250,10,57.84
PO-102189,CUST-A,ITM-0310,3,4.39
PO-102189,CUST-A,ITM-0527,12,8.16
PO-102189,CUST-A,ITM-0942,10,0.29
PO-102190,CUST-F,ITM-0303,10,2.60
PO-102190,CUST-F,ITM-0414,4,1.97
PO-102190,CUST-F,ITM-0434,4,1.43
PO-102190,CUST-F,ITM-0939,4,14.70
PO-102190,CUST-F,ITM-1006,12,1.25
PO-102190,CUST-F,ITM-1010,4,9.36
PO-102191,CUST-A,ITM-0228,2,4.30
PO-102191,CUST-A,ITM-0426,2,23.58
PO-102192,CUST-E,ITM-0431,1,0.73
PO-102193,CUST-B,ITM-0416,10,3.09
PO-102193,CUST-B,ITM-0605,3,18.09
PO-102193,CUST-B,ITM-0737,6,80.00
PO-102194,CUST-H,ITM-0414,2,1.76
PO-102194,CUST-H,ITM-0612,24,3.73
PO-102194,CUST-H,ITM-0629,10,3.06
PO-102194,CUST-H,ITM-0808,10,1.84
PO-102194,CUST-H,ITM-0911,4,1.22
PO-102195,CUST-B,ITM-0412,24,1.12
PO-102195,CUST-B,ITM-0611,4,3.41
PO-102196,CUST-A,ITM-1014,1,2.50
PO-102197,CUST-A,ITM-0255,6,1.44
PO-102197,CUST-A,ITM-1015,1,4.26
PO-102198,CUST-C,ITM-0220,4,2.70
PO-102198,CUST-C,ITM-0254,4,1.69
PO-102198,CUST-C,ITM-0612,2,4.18
PO-102199,CUST-H,ITM-0306,10,1.04
PO-102199,CUST-H,ITM-0604,10,13.05
PO-102199,CUST-H,ITM-0623,3,2.54
PO-102199,CUST-H,ITM-1001,4,1.12
PO-102200,CUST-F,ITM-0808,24,1.86
PO-102200,CUST-F,ITM-1001,1,1.09
PO-102200,CUST-F,ITM-1010,12,9.91
PO-102201,CUST-A,ITM-0237,6,3.02
PO-102201,CUST-A,ITM-0621,1,3.78
PO-102202,CUST-B,ITM-0250,50,58.01
PO-102202,CUST-B,ITM-0309,4,2.05
PO-102202,CUST-B,ITM-0628,24,0.15
PO-102202,CUST-B,ITM-0902,4,4.24
PO-102202,CUST-B,ITM-0914,10,1.60
PO-102203,CUST-E,ITM-0618,6,4.15
PO-102203,CUST-E,ITM-1014,4,2.66
PO-102204,CUST-A,ITM-0426,4,24.08
PO-102205,CUST-A,ITM-0201,24,4.08
PO-102205,CUST-A,ITM-0306,24,0.85
PO-102206,CUST-H,ITM-0434,1,1.46
PO-102206,CUST-H,ITM-0604,4,13.06
PO-102207,CUST-H,ITM-0808,4,1.82
PO-102207,CUST-H,ITM-0902,6,4.20
PO-102208,CUST-B,ITM-0903,1,0.20
PO-102209,CUST-A,ITM-0433,4,1.26
PO-102209,CUST-A,ITM-0442,12,19.73
PO-102210,CUST-G,ITM-0328,24,3.20
PO-102210,CUST-G,ITM-0433,1,1.07
PO-102210,CUST-G,ITM-1006,6,1.24
PO-102211,CUST-A,ITM-0237,12,3.39
PO-102211,CUST-A,ITM-0311,4,7.00
PO-102211,CUST-A,ITM-0416,12,2.70
PO-102211,CUST-A,ITM-0815,4,7.95
PO-102211,CUST-A,ITM-1021,20,4.31
PO-102212,CUST-D,ITM-0228,6,4.97
PO-102212,CUST-D,ITM-0614,20,6.24
PO-102212,CUST-D,ITM-1021,2,4.58
PO-102213,CUST-D,ITM-0230,12,3.01
PO-102213,CUST-D,ITM-0243,4,0.68
PO-102213,CUST-D,ITM-0517,20,40.44
PO-102214,CUST-F,ITM-1001,4,1.07
PO-102214,CUST-F,ITM-1020,4,9.39
PO-102215,CUST-A,ITM-0328,2,3.19
PO-102215,CUST-A,ITM-1014,2,2.62
PO-102216,CUST-C,ITM-0434,1,1.45
PO-102217,CUST-B,ITM-0412,4,1.14
PO-102217,CUST-B,ITM-0902,1,43.00
PO-102218,CUST-E,ITM-0201,1,4.58
PO-102218,CUST-E,ITM-0237,4,3.36
PO-102218,CUST-E,ITM-0404,6,3.38
PO-102219,CUST-B,ITM-0306,6,1.01
PO-102220,CUST-F,ITM-0243,4,0.76
PO-102220,CUST-F,ITM-0243,4,0.76
PO-102220,CUST-F,ITM-0927,1,0.59
PO-102221,CUST-D,ITM-0426,5,25.34
PO-102221,CUST-D,ITM-0433,4,1.14
PO-102221,CUST-D,ITM-0612,2,3.99
PO-102221,CUST-D,ITM-0808,5,1.86
PO-102222,CUST-A,ITM-0237,12,3.33
PO-102222,CUST-A,ITM-0326,20,2.39
PO-102222,CUST-A,ITM-0907,12,0.74
PO-102223,CUST-D,ITM-0517,4,43.44
PO-102223,CUST-D,ITM-0628,2,0.15
PO-102224,CUST-B,ITM-0228,2,4.98
PO-102224,CUST-B,ITM-0442,4,22.82
PO-102224,CUST-B,ITM-0611,6,3.51
PO-102224,CUST-B,ITM-0632,2,4.57
PO-102224,CUST-B,ITM-1008,4,1.46
PO-102225,CUST-F,ITM-0220,6,2.69
PO-102225,CUST-F,ITM-0943,4,23.75
PO-102225,CUST-F,ITM-1008,12,1.35
PO-102226,CUST-C,ITM-0434,12,1.52
PO-102226,CUST-C,ITM-0908,4,0.93
PO-102226,CUST-C,ITM-0922,6,5.97
PO-102227,CUST-D,ITM-0224,4,1.41
PO-102227,CUST-D,ITM-0231,10,4.45
PO-102227,CUST-D,ITM-0446,3,20.33
PO-102228,CUST-F,ITM-0211,6,11.65
PO-102228,CUST-F,ITM-0609,24,1.48
PO-102229,CUST-D,ITM-0433,10,1.14
PO-102229,CUST-D,ITM-0612,2,4.03
PO-102230,CUST-D,ITM-0426,1,24.24
PO-102230,CUST-D,ITM-0939,12,14.68
PO-102230,CUST-D,ITM-1003,2,1.01
PO-102231,CUST-C,ITM-0326,2,2.81
PO-102231,CUST-C,ITM-0416,1,2.87
PO-102231,CUST-C,ITM-0433,24,1.06
PO-102231,CUST-C,ITM-0629,10,3.03
PO-102231,CUST-C,ITM-0913,50,1.41
PO-102232,CUST-A,ITM-1010,12,9.16
PO-102232,CUST-A,ITM-1020,50,8.07
PO-102233,CUST-A,ITM-0326,12,2.55
PO-102234,CUST-C,ITM-0403,4,2.38
PO-102235,CUST-A,ITM-1015,1,4.52
PO-102236,CUST-E,ITM-1015,1,4.10
PO-102237,CUST-C,ITM-0433,2,1.21
PO-102238,CUST-A,ITM-0201,4,4.24
PO-102238,CUST-A,ITM-0903,4,0.20
PO-102239,CUST-B,ITM-0251,1,2.67
PO-102239,CUST-B,ITM-0306,6,0.98
PO-102239,CUST-B,ITM-0612,4,4.35
PO-102239,CUST-B,ITM-0612,4,4.35
PO-102240,CUST-F,ITM-0431,3,0.80
PO-102240,CUST-F,ITM-0629,3,3.17
PO-102240,CUST-F,ITM-0632,10,4.19
PO-102240,CUST-F,ITM-0805,3,34.88
PO-102242,CUST-A,ITM-0224,5,1.52
PO-102242,CUST-A,ITM-0224,5,1.52
PO-102243,CUST-A,ITM-0201,2,3.89
PO-102243,CUST-A,ITM-0326,6,2.64
PO-102243,CUST-A,ITM-0628,1,0.14
PO-102243,CUST-A,ITM-1011,4,3.72
PO-102244,CUST-A,ITM-0220,1,2.80
PO-102244,CUST-A,ITM-0403,50,2.24
PO-102244,CUST-A,ITM-0426,10,24.29
PO-102244,CUST-A,ITM-0612,6,4.44
PO-102245,CUST-A,ITM-0229,1,1.49
PO-102245,CUST-A,ITM-0612,1,3.93
PO-102246,CUST-A,ITM-0309,10,1.86
PO-102246,CUST-A,ITM-0433,1,1.15
PO-102246,CUST-A,ITM-0611,12,3.14
PO-102246,CUST-A,ITM-0623,10,2.42
PO-102246,CUST-A,ITM-1001,4,0.94
PO-102246,CUST-A,ITM-1003,4,1.04
PO-102248,CUST-B,ITM-0902,1,46.40
PO-102248,CUST-B,ITM-0929,12,1.14
PO-102249,CUST-A,ITM-0310,2,4.08
PO-102249,CUST-A,ITM-0511,6,24.95
PO-102250,CUST-D,ITM-0426,1,24.64
PO-102250,CUST-D,ITM-0609,1,1.48
PO-102250,CUST-D,ITM-1015,24,4.31
PO-102251,CUST-C,ITM-0408,10,5.16
PO-102251,CUST-C,ITM-0629,1,3.22
PO-102252,CUST-B,ITM-0433,6,1.24
PO-102253,CUST-C,ITM-0225,3,2.42
PO-102254,CUST-H,ITM-0309,24,1.97
PO-102254,CUST-H,ITM-0902,1,4.45
PO-102255,CUST-B,ITM-0228,2,4.72
PO-102258,CUST-D,ITM-0201,1,4.33
PO-102258,CUST-D,ITM-0228,10,4.50
PO-102258,CUST-D,ITM-0229,6,1.53
PO-102258,CUST-D,ITM-0408,2,5.45
PO-102260,CUST-B,ITM-0412,4,1.09
PO-102260,CUST-B,ITM-0605,10,16.03
PO-102260,CUST-B,ITM-0610,4,2.36
PO-102260,CUST-B,ITM-0808,6,1.88
PO-102260,CUST-B,ITM-0929,4,1.19
PO-102261,CUST-G,ITM-0235,4,1.77
PO-102261,CUST-G,ITM-0412,4,1.08
PO-102261,CUST-G,ITM-0508,5,18.63
PO-102261,CUST-G,ITM-0517,2,43.55
PO-102261,CUST-G,ITM-1014,4,2.66
PO-102262,CUST-A,ITM-0237,6,3.20
PO-102263,CUST-C,ITM-0414,2,1.87
PO-102264,CUST-E,ITM-0257,20,0.71
PO-102264,CUST-E,ITM-0328,6,3.35
PO-102264,CUST-E,ITM-0403,2,2.61
PO-102265,CUST-A,ITM-0201,12,4.32
PO-102265,CUST-A,ITM-0250,2,61.53
PO-102265,CUST-A,ITM-0416,2,2.95
PO-102265,CUST-A,ITM-0433,2,1.28
PO-102265,CUST-A,ITM-0929,4,1.21
PO-102266,CUST-D,ITM-0228,6,5.01
PO-102266,CUST-D,ITM-0416,6,3.00
PO-102267,CUST-B,ITM-0201,2,4.34
PO-102267,CUST-B,ITM-0902,1,4.51
PO-102268,CUST-A,ITM-0237,2,3.25
PO-102269,CUST-E,ITM-0927,6,0.55
PO-102270,CUST-H,ITM-0629,12,3.12
PO-102270,CUST-H,ITM-0947,4,0.45
PO-102271,CUST-H,ITM-0243,6,0.74
PO-102271,CUST-H,ITM-0611,6,3.42
PO-102272,CUST-H,ITM-0306,4,0.98
PO-102272,CUST-H,ITM-0808,1,1.86
PO-102273,CUST-D,ITM-0426,2,26.32
PO-102273,CUST-D,ITM-0939,1,15.36
PO-102273,CUST-D,ITM-1003,6,1.09
PO-102274,CUST-F,ITM-0220,1,2.82
PO-102274,CUST-F,ITM-0426,24,25.16
PO-102274,CUST-F,ITM-0609,6,1.49
PO-102274,CUST-F,ITM-1011,12,4.02
PO-102274,CUST-F,ITM-1015,3,4.30
PO-102275,CUST-H,ITM-0326,20,2.75
PO-102275,CUST-H,ITM-0433,6,1.30
PO-102275,CUST-H,ITM-0527,2,9.46
PO-102276,CUST-D,ITM-0224,4,1.54
PO-102276,CUST-D,ITM-0621,6,4.34
PO-102276,CUST-D,ITM-0808,4,1.83
PO-102277,CUST-H,ITM-0254,2,
PO-102277,CUST-H,ITM-0609,2,
PO-102279,CUST-B,ITM-0220,1,2.68
PO-102280,CUST-A,ITM-0426,3,22.74
PO-102280,CUST-A,ITM-0612,2,3.93
PO-102280,CUST-A,ITM-0911,24,1.18
PO-102281,CUST-F,ITM-0208,10,5.12
PO-102281,CUST-F,ITM-0611,5,3.25
PO-102281,CUST-F,ITM-0632,10,4.04
PO-102281,CUST-F,ITM-0902,2,4.52
PO-102282,CUST-F,ITM-0306,1,1.04
PO-102282,CUST-F,ITM-0310,2,4.72
PO-102282,CUST-F,ITM-0517,4,43.11
PO-102282,CUST-F,ITM-0612,2,4.22
PO-102282,CUST-F,ITM-0942,24,0.32
PO-102282,CUST-F,ITM-1001,4,1.04
PO-102283,CUST-A,ITM-0201,12,4.02
PO-102283,CUST-A,ITM-0621,4,3.96
PO-102284,CUST-D,ITM-0326,1,2.58
PO-102284,CUST-D,ITM-0446,12,21.33
PO-102284,CUST-D,ITM-0605,1,16.88
PO-102284,CUST-D,ITM-0938,2,12.75
PO-102284,CUST-D,ITM-1003,10,1.13
PO-102284,CUST-D,ITM-1015,3,4.29
PO-102285,CUST-E,ITM-0237,2,3.19
PO-102285,CUST-E,ITM-0306,4,0.97
PO-102285,CUST-E,ITM-0446,5,20.48
PO-102285,CUST-E,ITM-1003,2,1.11
PO-102286,CUST-B,ITM-0250,50,56.73
PO-102286,CUST-B,ITM-0715,6,70.77
PO-102286,CUST-B,ITM-0808,12,1.88
PO-102287,CUST-G,ITM-0326,2,2.83
PO-102287,CUST-G,ITM-0416,4,2.90
PO-102287,CUST-G,ITM-0943,12,24.58
PO-102287,CUST-G,ITM-1022,2,5.42
PO-102288,CUST-A,ITM-0403,10,2.33
PO-102288,CUST-A,ITM-0612,1,3.83
PO-102289,CUST-E,ITM-0605,6,17.26
PO-102289,CUST-E,ITM-0612,2,4.60
PO-102289,CUST-E,ITM-0737,12,81.27
PO-102289,CUST-E,ITM-0927,10,0.56
PO-102290,CUST-H,ITM-0715,3,79.99
PO-102292,CUST-E,ITM-0328,24,3.08
PO-102292,CUST-E,ITM-0721,6,33.97
PO-102292,CUST-E,ITM-0922,4,6.04
PO-102293,CUST-G,ITM-0310,1,4.49
PO-102293,CUST-G,ITM-0433,6,1.26
PO-102294,CUST-B,ITM-0412,24,1.14
PO-102294,CUST-B,ITM-0605,4,15.88
PO-102294,CUST-B,ITM-0737,2,77.14
PO-102294,CUST-B,ITM-0808,24,1.67
PO-102294,CUST-B,ITM-0902,1,4.60
PO-102294,CUST-B,ITM-1014,4,2.56
PO-102295,CUST-B,ITM-0737,4,70.66
PO-102295,CUST-B,ITM-0808,12,1.74
PO-102295,CUST-B,ITM-0929,4,1.22
PO-102296,CUST-B,ITM-0228,2,4.79
PO-102296,CUST-B,ITM-0508,3,16.46
PO-102296,CUST-B,ITM-0611,4,3.45
PO-102296,CUST-B,ITM-0611,4,3.45
PO-102296,CUST-B,ITM-0715,1,73.71
PO-102296,CUST-B,ITM-0737,1,77.70
PO-102297,CUST-H,ITM-0220,4,2.74
PO-102297,CUST-H,ITM-0237,4,3.24
PO-102297,CUST-H,ITM-0416,1,2.88
PO-102297,CUST-H,ITM-0621,1,3.90
PO-102297,CUST-H,ITM-1018,6,5.03
PO-102298,CUST-F,ITM-0433,1,1.29
PO-102299,CUST-F,ITM-0437,6,2.02
PO-102299,CUST-F,ITM-0632,2,4.26
PO-102299,CUST-F,ITM-1015,1,4.56
PO-102300,CUST-H,ITM-0237,4,3.48
PO-102300,CUST-H,ITM-0311,10,7.09
PO-102301,CUST-A,ITM-0612,4,4.41
PO-102301,CUST-A,ITM-0623,4,2.47
PO-102301,CUST-A,ITM-0737,1,72.18
PO-102302,CUST-B,ITM-0309,6,2.00
PO-102303,CUST-A,ITM-0237,10,3.05
PO-102303,CUST-A,ITM-0306,1,0.89
PO-102303,CUST-A,ITM-0326,10,2.49
PO-102303,CUST-A,ITM-0442,10,19.42
PO-102303,CUST-A,ITM-1003,6,1.14
PO-102303,CUST-A,ITM-1015,6,4.14
PO-102304,CUST-B,ITM-0621,1,4.20
PO-102306,CUST-B,ITM-0808,24,1.81
PO-102307,CUST-A,ITM-0314,50,2.46
PO-102307,CUST-A,ITM-0314,50,2.46
PO-102307,CUST-A,ITM-0610,12,2.34
PO-102307,CUST-A,ITM-0618,2,3.82
PO-102307,CUST-A,ITM-0621,12,4.21
PO-102307,CUST-A,ITM-0920,6,2.98
PO-102307,CUST-A,ITM-1014,6,2.66
PO-102308,CUST-A,ITM-0314,10,2.57
PO-102308,CUST-A,ITM-0430,10,0.50
PO-102308,CUST-A,ITM-0618,4,3.94
PO-102309,CUST-D,ITM-0306,1,0.99
PO-102309,CUST-D,ITM-0440,4,28.23
PO-102311,CUST-E,ITM-0610,10,2.46
PO-102311,CUST-E,ITM-0737,6,75.24
PO-102311,CUST-E,ITM-0808,10,1.93
PO-102312,CUST-C,ITM-0614,4,5.88
PO-102312,CUST-C,ITM-0632,6,4.34
PO-102312,CUST-C,ITM-0908,12,0.93
PO-102313,CUST-A,ITM-0201,10,4.08
PO-102313,CUST-A,ITM-0311,6,6.59
PO-102313,CUST-A,ITM-0904,12,0.31
PO-102314,CUST-A,ITM-0253,2,1.31
PO-102314,CUST-A,ITM-0433,1,1.15
PO-102314,CUST-A,ITM-0902,2,4.26
PO-102314,CUST-A,ITM-1008,2,1.33
PO-102314,CUST-A,ITM-1010,6,9.34
PO-102314,CUST-A,ITM-1015,2,4.41
PO-102315,CUST-B,ITM-0306,2,0.88
PO-102315,CUST-B,ITM-0914,4,1.54
PO-102315,CUST-B,ITM-0914,4,1.54
PO-102316,CUST-G,ITM-0228,20,4.70
PO-102316,CUST-G,ITM-0237,6,3.62
PO-102316,CUST-G,ITM-0251,4,2.55
PO-102317,CUST-H,ITM-0808,5,1.85
PO-102317,CUST-H,ITM-1014,2,2.77
PO-102320,CUST-A,ITM-0517,20,37.52
PO-102320,CUST-A,ITM-0535,4,8.41
PO-102320,CUST-A,ITM-0610,2,2.10
PO-102320,CUST-A,ITM-0808,2,1.63
PO-102320,CUST-A,ITM-0929,1,1.07
PO-102321,CUST-H,ITM-0430,1,0.50
PO-102321,CUST-H,ITM-1014,4,2.57
PO-102322,CUST-A,ITM-0911,1,1.22
PO-102322,CUST-A,ITM-1015,10,4.01
PO-102323,CUST-C,ITM-0220,6,2.78
PO-102323,CUST-C,ITM-0908,10,0.90
PO-102324,CUST-A,ITM-0618,3,3.95
PO-102325,CUST-B,ITM-0443,4,5.08
PO-102325,CUST-B,ITM-0715,2,77.32
PO-102325,CUST-B,ITM-0902,2,4.47
PO-102325,CUST-B,ITM-1015,6,4.33
PO-102325,CUST-B,ITM-1020,2,9.25
PO-102326,CUST-A,ITM-0306,24,0.86
PO-102326,CUST-A,ITM-0612,4,3.95
PO-102327,CUST-C,ITM-0808,6,1.83
PO-102328,CUST-E,ITM-0403,2,2.59
PO-102329,CUST-A,ITM-0237,2,3.33
PO-102331,CUST-F,ITM-0604,6,12.53
PO-102331,CUST-F,ITM-0614,10,5.98
PO-102331,CUST-F,ITM-0632,12,4.32
PO-102331,CUST-F,ITM-1015,4,4.60
PO-102332,CUST-H,ITM-0228,12,4.61
PO-102333,CUST-G,ITM-0430,2,0.49
PO-102333,CUST-G,ITM-0511,12,25.78
PO-102333,CUST-G,ITM-0621,2,4.08
PO-102333,CUST-G,ITM-0929,5,1.10
PO-102334,CUST-A,ITM-0201,12,4.26
PO-102334,CUST-A,ITM-0250,1,61.40
PO-102334,CUST-A,ITM-0306,1,0.92
PO-102334,CUST-A,ITM-0621,10,3.90
PO-102334,CUST-A,ITM-1008,1,1.31
PO-102335,CUST-E,ITM-0809,4,2.52
PO-102335,CUST-E,ITM-0917,4,3.45
PO-102335,CUST-E,ITM-1014,1,2.76
PO-102336,CUST-A,ITM-0237,10,3.19
PO-102336,CUST-A,ITM-0431,5,0.77
PO-102337,CUST-D,ITM-0235,3,1.67
PO-102337,CUST-D,ITM-0243,10,0.75
PO-102337,CUST-D,ITM-0629,2,3.26
PO-102337,CUST-D,ITM-1014,12,2.47
PO-102337,CUST-D,ITM-1015,1,4.30
PO-102338,CUST-D,ITM-0228,1,4.53
PO-102338,CUST-D,ITM-0433,4,1.30
PO-102338,CUST-D,ITM-0433,4,1.30
PO-102338,CUST-D,ITM-0440,1,28.43
PO-102339,CUST-A,ITM-0808,1,1.92
PO-102339,CUST-G,ITM-1014,4,2.82
PO-102340,CUST-B,ITM-0228,4,4.38
PO-102340,CUST-B,ITM-0434,10,1.40
PO-102340,CUST-B,ITM-0611,4,3.39
PO-102341,CUST-H,ITM-0228,1,4.88
PO-102341,CUST-H,ITM-0237,5,3.27
PO-102341,CUST-H,ITM-0611,4,3.52
PO-102342,CUST-B,ITM-0426,12,26.32
PO-102342,CUST-B,ITM-0433,12,1.13
PO-102342,CUST-B,ITM-1011,6,4.03
PO-102343,CUST-D,ITM-0426,4,25.17
PO-102343,CUST-D,ITM-0433,1,1.24
PO-102343,CUST-D,ITM-0939,10,16.25
PO-102343,CUST-D,ITM-1003,6,1.11
PO-102344,CUST-C,ITM-0201,2,4.39
PO-102344,CUST-C,ITM-0416,12,3.02
PO-102344,CUST-C,ITM-0805,5,34.01
PO-102345,CUST-H,ITM-0434,5,1.53
PO-102346,CUST-B,ITM-0605,12,16.64
PO-102346,CUST-B,ITM-0908,50,0.77
PO-102347,CUST-F,ITM-0612,4,4.16
PO-102347,CUST-F,ITM-1015,2,4.36
PO-102348,CUST-A,ITM-0403,1,2.41
PO-102349,CUST-B,ITM-0228,1,4.64
PO-102350,CUST-F,ITM-0433,2,1.18
PO-102350,CUST-F,ITM-0815,4,9.12
PO-102351,CUST-A,ITM-0231,2,4.77
PO-102351,CUST-A,ITM-0446,1,20.35
PO-102351,CUST-A,ITM-1015,1,4.22
PO-102352,CUST-C,ITM-0629,24,3.11
PO-102353,CUST-H,ITM-0434,1,1.63
PO-102354,CUST-A,ITM-0201,24,4.14
PO-102354,CUST-A,ITM-0220,2,2.73
PO-102354,CUST-A,ITM-0237,24,3.05
PO-102354,CUST-A,ITM-0432,50,0.88
PO-102354,CUST-A,ITM-0938,24,13.26
PO-102355,CUST-C,ITM-0201,4,4.37
PO-102355,CUST-C,ITM-0228,6,4.62
PO-102355,CUST-C,ITM-0326,2,2.89
PO-102355,CUST-C,ITM-0433,4,1.35
PO-102355,CUST-C,ITM-1011,2,4.09
PO-102356,CUST-H,ITM-0917,24,3.87
PO-102358,CUST-A,ITM-0201,6,4.20
PO-102358,CUST-A,ITM-0433,4,1.22
PO-102358,CUST-A,ITM-0628,12,0.15
PO-102359,CUST-A,ITM-0314,12,2.44
PO-102359,CUST-A,ITM-0621,12,3.90
PO-102359,CUST-A,ITM-0928,12,0.76
PO-102359,CUST-A,ITM-1010,2,8.94
PO-102361,CUST-B,ITM-0902,2,42.40
PO-102361,CUST-B,ITM-0903,4,0.22
PO-102362,CUST-A,ITM-0612,1,3.89
PO-102362,CUST-A,ITM-1010,1,8.47
PO-102363,CUST-A,ITM-0426,20,25.03
PO-102363,CUST-A,ITM-0434,1,1.39
PO-102363,CUST-A,ITM-0511,4,25.65
PO-102364,CUST-E,ITM-0927,6,0.52
PO-102364,CUST-E,ITM-0942,1,0.33
PO-102365,CUST-A,ITM-0228,1,4.37
PO-102366,CUST-G,ITM-0433,5,1.27
PO-102366,CUST-G,ITM-0737,50,68.97
PO-102366,CUST-G,ITM-0902,4,4.27
PO-102367,CUST-A,ITM-0220,2,2.72
PO-102367,CUST-A,ITM-0306,4,0.95
PO-102367,CUST-A,ITM-0612,1,4.44
PO-102368,CUST-B,ITM-0402,6,1.80
PO-102368,CUST-B,ITM-0403,2,2.40
PO-102368,CUST-B,ITM-0426,1,25.21
PO-102368,CUST-B,ITM-0808,24,1.88
PO-102370,CUST-F,ITM-0433,4,1.23
PO-102370,CUST-F,ITM-0715,6,73.23
PO-102371,CUST-B,ITM-0104,12,66.81
PO-102371,CUST-B,ITM-0629,1,3.20
PO-102371,CUST-B,ITM-0927,1,0.52
PO-102371,CUST-B,ITM-1015,6,4.51
PO-102372,CUST-F,ITM-0413,2,1.64
PO-102372,CUST-F,ITM-0414,50,1.76
PO-102372,CUST-F,ITM-0426,2,27.97
PO-102372,CUST-F,ITM-0434,10,1.53
PO-102372,CUST-F,ITM-0604,4,13.32
PO-102372,CUST-F,ITM-0939,4,15.97
PO-102373,CUST-B,ITM-0303,2,2.76
PO-102373,CUST-B,ITM-0414,2,2.00
PO-102373,CUST-B,ITM-0434,2,1.49
PO-102373,CUST-B,ITM-0511,12,27.53
PO-102374,CUST-A,ITM-0311,4,6.65
PO-102374,CUST-A,ITM-0431,6,0.74
PO-102374,CUST-A,ITM-0629,2,2.98
PO-102374,CUST-A,ITM-1015,50,3.69
PO-102375,CUST-H,ITM-0326,24,2.54
PO-102375,CUST-H,ITM-0632,6,4.54
PO-102376,CUST-C,ITM-0230,50,3.11
PO-102376,CUST-C,ITM-0611,1,3.41
PO-102376,CUST-C,ITM-0929,1,1.28
PO-102377,CUST-A,ITM-0610,1,2.50
PO-102377,CUST-A,ITM-0610,1,2.50
PO-102379,CUST-B,ITM-0402,6,2.02
PO-102380,CUST-B,ITM-0805,10,32.50
PO-102380,CUST-B,ITM-0915,4,2.79
PO-102381,CUST-H,ITM-0403,4,2.71
PO-102381,CUST-H,ITM-0612,4,4.24
PO-102381,CUST-H,ITM-0623,10,2.41
PO-102381,CUST-H,ITM-0809,2,2.46
PO-102381,CUST-H,ITM-1003,24,1.07
PO-102381,CUST-H,ITM-1015,4,4.40
PO-102382,CUST-A,ITM-0907,5,0.76
PO-102383,CUST-H,ITM-0715,2,76.87
PO-102384,CUST-A,ITM-0527,6,8.55
PO-102384,CUST-A,ITM-0612,6,4.35
PO-102384,CUST-A,ITM-0623,6,2.30
PO-102385,CUST-B,ITM-0220,2,2.72
PO-102385,CUST-B,ITM-0237,10,3.21
PO-102385,CUST-B,ITM-0938,50,11.30
PO-102386,CUST-G,ITM-0228,10,4.95
PO-102386,CUST-G,ITM-0237,4,3.27
PO-102386,CUST-G,ITM-0251,3,2.47
PO-102386,CUST-G,ITM-0253,3,1.21
PO-102386,CUST-G,ITM-0904,4,0.34
PO-102387,CUST-A,ITM-0237,2,3.06
PO-102387,CUST-A,ITM-1003,4,1.14
PO-102387,CUST-A,ITM-1015,10,4.33
PO-102388,CUST-A,ITM-0414,10,1.78
PO-102388,CUST-A,ITM-0433,20,1.09
PO-102389,CUST-A,ITM-0250,2,57.84
PO-102389,CUST-A,ITM-0309,5,1.91
PO-102389,CUST-A,ITM-0433,2,1.18
PO-102389,CUST-A,ITM-0927,2,0.50
PO-102390,CUST-F,ITM-0426,4,25.46
PO-102390,CUST-F,ITM-0433,6,1.25
PO-102390,CUST-F,ITM-0939,4,15.94
PO-102390,CUST-F,ITM-0939,4,15.94
PO-102390,CUST-F,ITM-1010,6,10.47
PO-102391,CUST-B,ITM-0104,10,65.78
PO-102391,CUST-B,ITM-0201,50,4.00
PO-102391,CUST-B,ITM-0231,6,4.95
PO-102391,CUST-B,ITM-0629,24,3.24
PO-102392,CUST-D,ITM-0201,1,4.50
PO-102392,CUST-D,ITM-0243,5,0.77
PO-102392,CUST-D,ITM-0433,10,1.35
PO-102392,CUST-D,ITM-0527,10,10.53
PO-102392,CUST-D,ITM-0628,1,0.17
PO-102392,CUST-D,ITM-1011,2,4.17
PO-102393,CUST-C,ITM-0255,24,1.59
PO-102395,CUST-B,ITM-0426,2,25.97
PO-102396,CUST-B,ITM-0224,6,1.38
PO-102396,CUST-B,ITM-0313,2,4.33
PO-102397,CUST-C,ITM-0434,10,1.47
PO-102397,CUST-C,ITM-1014,4,2.84
PO-102398,CUST-C,ITM-0611,10,3.33
PO-102399,CUST-G,ITM-0605,50,16.00
PO-102399,CUST-G,ITM-0611,24,3.53
PO-102399,CUST-G,ITM-0939,2,18.27
PO-102399,CUST-G,ITM-1003,1,1.18
PO-102400,CUST-B,ITM-0220,6,2.93
PO-102400,CUST-B,ITM-0408,2,5.34
PO-102400,CUST-B,ITM-0715,1,79.31
PO-102401,CUST-A,ITM-0237,2,3.18
PO-102401,CUST-A,ITM-0431,1,0.79
PO-102401,CUST-A,ITM-0621,2,4.13
PO-102402,CUST-A,ITM-0328,2,3.15
PO-102402,CUST-A,ITM-0913,6,1.28
PO-102403,CUST-B,ITM-0907,2,0.69
PO-102404,CUST-A,ITM-0225,10,2.16
PO-102404,CUST-A,ITM-0433,1,1.12
PO-102405,CUST-A,ITM-0431,1,0.77
PO-102406,CUST-H,ITM-0414,24,1.69
PO-102406,CUST-H,ITM-0433,12,1.16
PO-102406,CUST-H,ITM-0911,2,1.34
PO-102407,CUST-G,ITM-0943,1,24.93
PO-102407,CUST-G,ITM-1008,6,1.34
PO-102408,CUST-E,ITM-0201,12,4.37
PO-102408,CUST-E,ITM-0629,1,3.11
PO-102408,CUST-E,ITM-1011,4,3.98
PO-102409,CUST-B,ITM-0246,4,2.28
PO-102409,CUST-B,ITM-0402,6,1.88
PO-102410,CUST-F,ITM-0446,24,20.72
PO-102410,CUST-F,ITM-1015,12,4.24
PO-102411,CUST-C,ITM-0229,1,1.56
PO-102411,CUST-C,ITM-0251,6,2.51
PO-102411,CUST-C,ITM-0306,6,0.94
PO-102411,CUST-C,ITM-0612,1,4.15
PO-102412,CUST-C,ITM-0201,1,4.11
PO-102412,CUST-C,ITM-0219,3,1.81
PO-102412,CUST-C,ITM-0230,6,2.90
PO-102412,CUST-C,ITM-0903,12,0.21
PO-102413,CUST-H,ITM-0434,2,1.67
PO-102414,CUST-D,ITM-0309,4,1.91
PO-102414,CUST-D,ITM-0309,4,1.91
PO-102415,CUST-D,ITM-0426,10,24.17
PO-102415,CUST-D,ITM-0939,6,15.22
PO-102415,CUST-D,ITM-1001,1,1.02
PO-102416,CUST-A,ITM-0328,4,2.97
PO-102416,CUST-A,ITM-0403,3,2.34
PO-102416,CUST-A,ITM-0426,4,23.10
PO-102416,CUST-A,ITM-0612,1,3.84
PO-102416,CUST-A,ITM-1003,10,1.13
PO-102416,CUST-A,ITM-1015,24,3.75
PO-102418,CUST-B,ITM-0220,10,2.55
PO-102418,CUST-B,ITM-0220,10,2.55
PO-102418,CUST-B,ITM-0228,4,4.63
PO-102418,CUST-B,ITM-0237,6,3.34
PO-102418,CUST-B,ITM-0815,12,7.91
PO-102418,CUST-B,ITM-0909,4,0.93
PO-102419,CUST-D,ITM-1015,1,4.80
PO-102421,CUST-D,ITM-0235,1,1.70
PO-102421,CUST-D,ITM-0243,2,0.76
PO-102422,CUST-H,ITM-0208,6,4.83
PO-102422,CUST-H,ITM-0408,2,5.06
PO-102422,CUST-H,ITM-0527,24,8.71
PO-102422,CUST-H,ITM-0715,6,71.85
PO-102422,CUST-H,ITM-0942,4,0.32
PO-102423,CUST-B,ITM-0104,12,72.08
PO-102423,CUST-B,ITM-0402,12,1.88
PO-102423,CUST-B,ITM-0621,10,4.27
PO-102424,CUST-B,ITM-0808,4,1.86
PO-102424,CUST-B,ITM-0917,1,3.81
PO-102425,CUST-B,ITM-0402,6,1.98
PO-102426,CUST-D,ITM-0104,2,69.99
PO-102426,CUST-D,ITM-0306,6,1.00
PO-102427,CUST-B,ITM-0228,1,4.29
PO-102427,CUST-B,ITM-0412,12,1.07
PO-102427,CUST-B,ITM-0414,1,1.85
PO-102428,CUST-A,ITM-0201,6,4.09
PO-102428,CUST-A,ITM-0219,4,1.69
PO-102428,CUST-A,ITM-0903,12,0.20
PO-102429,CUST-A,ITM-0426,4,23.52
PO-102429,CUST-A,ITM-0618,1,4.03
PO-102430,CUST-B,ITM-0219,2,2.01
PO-102430,CUST-B,ITM-0306,1,1.03
PO-102430,CUST-B,ITM-0612,6,4.70
PO-102430,CUST-B,ITM-0737,2,78.66
PO-102430,CUST-B,ITM-0921,4,4.18
PO-102431,CUST-A,ITM-0201,2,4.12
PO-102431,CUST-A,ITM-0433,6,1.20
PO-102431,CUST-A,ITM-0434,1,1.49
PO-102431,CUST-A,ITM-0628,12,0.15
PO-102431,CUST-A,ITM-0928,50,0.71
PO-102432,CUST-D,ITM-0435,3,1.47
PO-102432,CUST-D,ITM-1006,1,1.12
PO-102433,CUST-A,ITM-0254,10,1.64
PO-102433,CUST-A,ITM-0328,20,3.21
PO-102433,CUST-A,ITM-0403,2,2.43
PO-102433,CUST-A,ITM-0426,2,25.00
PO-102433,CUST-A,ITM-0911,2,1.27
PO-102433,CUST-A,ITM-1015,24,4.01
PO-102434,CUST-A,ITM-0610,4,2.35
PO-102434,CUST-A,ITM-0610,4,2.35
PO-102435,CUST-C,ITM-0250,4,67.95
PO-102436,CUST-F,ITM-0228,4,4.68
PO-102436,CUST-F,ITM-0737,10,74.75
PO-102436,CUST-F,ITM-1015,50,4.03
PO-102437,CUST-A,ITM-0921,4,3.84
PO-102438,CUST-E,ITM-0610,24,2.40
PO-102438,CUST-E,ITM-0737,2,76.81
PO-102438,CUST-E,ITM-0904,1,0.33
PO-102438,CUST-E,ITM-0922,24,6.19
PO-102438,CUST-E,ITM-1014,24,2.63
PO-102439,CUST-A,ITM-0715,12,67.83
PO-102439,CUST-A,ITM-1006,50,1.15
PO-102440,CUST-B,ITM-0309,6,2.01
PO-102440,CUST-B,ITM-0309,6,2.01
PO-102441,CUST-F,ITM-0310,2,5.03
PO-102441,CUST-F,ITM-0426,2,26.17
PO-102441,CUST-F,ITM-0433,2,1.24
PO-102441,CUST-F,ITM-0434,4,1.50
PO-102441,CUST-F,ITM-0939,2,17.02
PO-102442,CUST-D,ITM-0434,24,1.53
PO-102442,CUST-D,ITM-0627,4,8.09
PO-102442,CUST-D,ITM-0902,1,4.82
PO-102442,CUST-D,ITM-0921,4,4.30
PO-102442,CUST-D,ITM-1001,1,1.00
PO-102442,CUST-D,ITM-1015,2,4.61
PO-102443,CUST-C,ITM-0433,10,1.32
PO-102443,CUST-C,ITM-0721,50,35.45
PO-102443,CUST-C,ITM-0929,2,1.27
PO-102445,CUST-A,ITM-0618,12,4.43
PO-102445,CUST-A,ITM-0621,4,3.98
PO-102446,CUST-D,ITM-0228,4,4.52
PO-102446,CUST-D,ITM-0228,4,4.52
PO-102446,CUST-D,ITM-1018,6,4.85
PO-102447,CUST-D,ITM-0433,24,1.03
PO-102448,CUST-H,ITM-0433,6,1.23
PO-102449,CUST-F,ITM-0408,4,4.92
PO-102450,CUST-H,ITM-0604,2,12.86
PO-102450,CUST-H,ITM-0917,10,3.53
PO-102450,CUST-H,ITM-0942,1,0.35
PO-102450,CUST-H,ITM-1014,2,2.70
PO-102450,CUST-H,ITM-1015,24,4.30
PO-102451,CUST-A,ITM-0425,6,24.51
PO-102451,CUST-A,ITM-0908,10,0.90
PO-102452,CUST-D,ITM-0228,10,4.47
PO-102452,CUST-D,ITM-0243,10,0.77
PO-102452,CUST-D,ITM-0433,2,1.26
PO-102452,CUST-D,ITM-0614,10,6.81
PO-102452,CUST-D,ITM-0904,6,0.35
PO-102453,CUST-G,ITM-0433,10,1.28
PO-102453,CUST-G,ITM-0927,10,0.57
PO-102454,CUST-D,ITM-0228,6,4.53
PO-102455,CUST-B,ITM-0929,6,1.11
PO-102456,CUST-B,ITM-0303,24,2.75
PO-102456,CUST-B,ITM-0611,4,3.77
PO-102457,CUST-A,ITM-0313,12,4.21
PO-102457,CUST-A,ITM-0920,50,2.61
PO-102457,CUST-A,ITM-1015,4,4.33
PO-102458,CUST-C,ITM-0433,10,1.15
PO-102458,CUST-C,ITM-1015,1,4.07
PO-102459,CUST-B,ITM-0201,6,4.04
PO-102459,CUST-B,ITM-1018,6,4.91
PO-102460,CUST-F,ITM-0621,4,4.53
PO-102461,CUST-F,ITM-0201,2,4.02
PO-102461,CUST-F,ITM-0250,2,62.01
PO-102461,CUST-F,ITM-0628,5,0.16
PO-102461,CUST-F,ITM-0902,10,4.33
PO-102462,CUST-A,ITM-0306,2,0.90
PO-102462,CUST-A,ITM-0310,6,4.18
PO-102462,CUST-A,ITM-0435,10,1.60
PO-102463,CUST-A,ITM-0201,10,3.89
PO-102463,CUST-A,ITM-0201,10,3.89
PO-102463,CUST-A,ITM-0433,4,1.28
PO-102463,CUST-A,ITM-0434,2,1.64
PO-102463,CUST-A,ITM-0527,4,9.44
PO-102463,CUST-A,ITM-0527,4,9.44
PO-102463,CUST-A,ITM-0929,12,1.15
PO-102464,CUST-C,ITM-1001,2,1.04
PO-102466,CUST-E,ITM-0306,10,0.92
PO-102466,CUST-E,ITM-0326,6,2.44
PO-102466,CUST-E,ITM-0535,2,8.63
PO-102466,CUST-E,ITM-0611,4,3.36
PO-102466,CUST-E,ITM-0938,50,11.70
PO-102466,CUST-E,ITM-1015,1,4.22
PO-102467,CUST-F,ITM-0433,12,1.16
PO-102467,CUST-F,ITM-1015,1,4.07
PO-102468,CUST-B,ITM-0902,1,43.80
PO-102468,CUST-B,ITM-0913,1,1.44
PO-102469,CUST-B,ITM-0104,2,70.50
PO-102469,CUST-B,ITM-0614,10,
PO-102470,CUST-D,ITM-1006,12,1.32
PO-102470,CUST-D,ITM-1014,24,2.45
PO-102471,CUST-A,ITM-0237,10,3.07
PO-102471,CUST-A,ITM-0326,4,2.44
PO-102471,CUST-A,ITM-0609,20,1.44
PO-102471,CUST-A,ITM-0610,6,2.10
PO-102471,CUST-A,ITM-1003,2,1.04
PO-102473,CUST-F,ITM-0303,4,2.68
PO-102473,CUST-F,ITM-0433,10,1.25
PO-102473,CUST-F,ITM-0434,6,1.57
PO-102473,CUST-F,ITM-0611,4,3.55
PO-102473,CUST-F,ITM-0922,4,6.37
PO-102473,CUST-F,ITM-0939,1,15.77
PO-102474,CUST-C,ITM-1011,12,4.03
PO-102475,CUST-D,ITM-0414,4,1.90
PO-102475,CUST-D,ITM-0426,3,27.43
PO-102475,CUST-D,ITM-0434,12,1.51
PO-102475,CUST-D,ITM-0511,10,25.49
PO-102475,CUST-D,ITM-0611,2,3.48
PO-102476,CUST-B,ITM-0412,4,1.09
PO-102476,CUST-B,ITM-0425,10,25.84
PO-102476,CUST-B,ITM-0508,4,17.26
PO-102476,CUST-B,ITM-0902,1,4.27
PO-102477,CUST-G,ITM-0208,12,5.01
PO-102477,CUST-G,ITM-0611,2,3.14
PO-102478,CUST-C,ITM-0433,24,1.14
PO-102478,CUST-C,ITM-1015,2,4.55
PO-102479,CUST-D,ITM-0517,1,42.28
PO-102480,CUST-A,ITM-0201,50,3.39
PO-102480,CUST-A,ITM-0220,1,2.39
PO-102480,CUST-A,ITM-0237,24,2.93
PO-102480,CUST-A,ITM-0246,1,2.06
PO-102480,CUST-A,ITM-0815,4,8.08
PO-102480,CUST-A,ITM-0903,6,0.18
PO-102481,CUST-F,ITM-0243,12,0.85
PO-102481,CUST-F,ITM-0311,50,6.52
PO-102481,CUST-F,ITM-0431,2,0.83
PO-102481,CUST-F,ITM-0437,4,2.14
PO-102481,CUST-F,ITM-0614,2,6.01
PO-102482,CUST-C,ITM-0220,10,2.74
PO-102482,CUST-C,ITM-0220,10,2.74
PO-102482,CUST-C,ITM-0254,2,1.79
PO-102482,CUST-C,ITM-0328,12,3.39
PO-102483,CUST-B,ITM-0306,2,1.02
PO-102483,CUST-B,ITM-0808,12,1.85
PO-102483,CUST-B,ITM-0917,4,3.55
PO-102484,CUST-A,ITM-0920,6,2.50
PO-102485,CUST-C,ITM-0431,10,0.79
PO-102485,CUST-C,ITM-0511,1,26.03
PO-102485,CUST-C,ITM-0535,4,9.20
PO-102485,CUST-C,ITM-0535,4,9.20
PO-102486,CUST-A,ITM-0621,2,4.28
PO-102486,CUST-A,ITM-0907,1,0.72
PO-102486,CUST-A,ITM-1001,10,1.10
PO-102486,CUST-A,ITM-1020,1,8.44
PO-102487,CUST-B,ITM-0306,5,1.10
PO-102487,CUST-B,ITM-0737,12,73.75
PO-102488,CUST-B,ITM-0237,2,3.43
PO-102488,CUST-B,ITM-0903,1,0.21
PO-102489,CUST-D,ITM-0426,2,26.89
PO-102489,CUST-D,ITM-0435,12,1.58
PO-102489,CUST-D,ITM-0612,10,4.35
PO-102489,CUST-D,ITM-0627,50,7.24
PO-102489,CUST-D,ITM-0629,4,3.18
PO-102490,CUST-F,ITM-0440,10,25.96
PO-102491,CUST-E,ITM-0311,10,7.33
PO-102491,CUST-E,ITM-0815,1,7.99
PO-102494,CUST-C,ITM-0446,10,20.59
PO-102495,CUST-A,ITM-0326,6,2.47
PO-102495,CUST-A,ITM-0614,4,5.85
PO-102495,CUST-A,ITM-0929,12,1.11
PO-102496,CUST-D,ITM-0237,5,3.35
PO-102496,CUST-D,ITM-0311,2,6.99
PO-102496,CUST-D,ITM-0947,50,0.41
PO-102497,CUST-C,ITM-0938,6,13.35
PO-102498,CUST-B,ITM-0442,1,20.41
PO-102498,CUST-B,ITM-0632,10,4.70
PO-102499,CUST-A,ITM-0328,6,3.16
PO-102499,CUST-A,ITM-0425,10,25.52
PO-102499,CUST-A,ITM-0434,50,1.34
PO-102499,CUST-A,ITM-0517,6,40.14
PO-102499,CUST-A,ITM-0517,6,40.14
PO-102499,CUST-A,ITM-1014,2,2.63
PO-102500,CUST-A,ITM-0104,12,67.30
PO-102500,CUST-A,ITM-0809,10,2.25
PO-102500,CUST-A,ITM-0902,24,3.83
PO-102500,CUST-A,ITM-1010,5,9.04
PO-102501,CUST-D,ITM-0721,5,34.19
PO-102501,CUST-D,ITM-0929,4,1.22
PO-102503,CUST-B,ITM-0220,12,2.78
PO-102503,CUST-B,ITM-0303,10,2.65
PO-102503,CUST-B,ITM-0408,4,5.45
PO-102504,CUST-A,ITM-0432,4,0.93
PO-102504,CUST-A,ITM-0433,10,1.13
PO-102504,CUST-A,ITM-0808,10,1.88
PO-102504,CUST-A,ITM-0902,4,3.81
PO-102504,CUST-A,ITM-1015,6,4.13
PO-102505,CUST-E,ITM-0306,2,1.02
PO-102505,CUST-E,ITM-0311,10,6.93
PO-102505,CUST-E,ITM-0628,6,0.15
PO-102505,CUST-E,ITM-0907,2,0.74
PO-102505,CUST-E,ITM-0939,1,16.05
PO-102505,CUST-E,ITM-1014,4,2.61
PO-102506,CUST-H,ITM-0243,6,0.72
PO-102506,CUST-H,ITM-0433,4,1.35
PO-102506,CUST-H,ITM-0434,12,1.77
PO-102506,CUST-H,ITM-0929,10,1.24
PO-102507,CUST-G,ITM-0228,24,4.32
PO-102507,CUST-G,ITM-0237,4,3.13
PO-102507,CUST-G,ITM-1003,10,1.08
PO-102507,CUST-G,ITM-1003,10,1.08
PO-102508,CUST-F,ITM-0250,10,65.76
PO-102508,CUST-F,ITM-0306,4,1.02
PO-102508,CUST-F,ITM-0605,12,17.11
PO-102509,CUST-D,ITM-0224,2,1.41
PO-102509,CUST-D,ITM-0306,10,0.98
PO-102509,CUST-D,ITM-0440,6,28.11
PO-102509,CUST-D,ITM-1015,10,4.30
PO-102510,CUST-H,ITM-0808,50,1.62
PO-102512,CUST-A,ITM-0629,3,3.03
PO-102513,CUST-C,ITM-0902,5,40.20
PO-102514,CUST-G,ITM-0943,12,26.93
PO-102514,CUST-G,ITM-1015,1,4.60
PO-102515,CUST-H,ITM-0527,4,9.46
PO-102515,CUST-H,ITM-0911,50,1.20
PO-102515,CUST-H,ITM-0911,50,1.20
PO-102515,CUST-H,ITM-1006,2,1.28
PO-102516,CUST-E,ITM-0611,10,3.31
PO-102517,CUST-B,ITM-0228,1,4.70
PO-102517,CUST-B,ITM-0404,4,3.26
PO-102517,CUST-B,ITM-0903,10,0.20
PO-102518,CUST-E,ITM-0220,5,2.75
PO-102518,CUST-E,ITM-0403,50,2.40
PO-102518,CUST-E,ITM-0612,12,4.22
PO-102520,CUST-A,ITM-0404,4,3.27
PO-102521,CUST-A,ITM-0246,3,2.05
PO-102521,CUST-A,ITM-0306,6,0.97
PO-102521,CUST-A,ITM-0404,12,3.02
PO-102521,CUST-A,ITM-0612,1,4.23
PO-102522,CUST-F,ITM-0257,2,0.75
PO-102522,CUST-F,ITM-0328,1,3.08
PO-102522,CUST-F,ITM-0426,2,24.31
PO-102522,CUST-F,ITM-0808,2,1.87
PO-102524,CUST-B,ITM-0809,3,2.67
PO-102525,CUST-B,ITM-0611,4,3.69
PO-102525,CUST-B,ITM-0902,24,4.21
PO-102525,CUST-B,ITM-0929,50,1.07
PO-102526,CUST-G,ITM-0939,10,14.70
PO-102527,CUST-H,ITM-0208,12,5.09
PO-102527,CUST-H,ITM-0414,2,1.77
PO-102527,CUST-H,ITM-0434,12,1.48
PO-102527,CUST-H,ITM-0604,2,12.04
PO-102527,CUST-H,ITM-0627,12,7.15
PO-102528,CUST-B,ITM-0250,24,61.45
PO-102528,CUST-B,ITM-0421,2,18.88
PO-102529,CUST-A,ITM-0201,1,4.32
PO-102529,CUST-A,ITM-0310,4,4.46
PO-102529,CUST-A,ITM-0632,1,4.26
PO-102530,CUST-C,ITM-0220,4,2.85
PO-102530,CUST-C,ITM-0612,2,4.35
PO-102531,CUST-C,ITM-0433,6,1.33
PO-102532,CUST-D,ITM-0517,4,44.51
PO-102533,CUST-H,ITM-0433,10,1.31
PO-102533,CUST-H,ITM-0440,6,24.90
PO-102534,CUST-F,ITM-0431,1,0.78
PO-102534,CUST-F,ITM-0437,2,1.97
PO-102534,CUST-F,ITM-0808,4,1.67
PO-102536,CUST-B,ITM-0253,2,1.39
PO-102537,CUST-H,ITM-0311,4,6.95
PO-102537,CUST-H,ITM-0629,24,3.14
PO-102538,CUST-C,ITM-0433,10,1.27
PO-102538,CUST-C,ITM-0805,1,33.00
PO-102538,CUST-C,ITM-0914,4,1.60
PO-102539,CUST-E,ITM-0908,2,1.05
PO-102539,CUST-E,ITM-1014,10,2.67
PO-102540,CUST-F,ITM-0237,1,3.41
PO-102540,CUST-F,ITM-0605,2,17.64
PO-102540,CUST-F,ITM-0632,2,4.37
PO-102540,CUST-F,ITM-0939,4,17.06
PO-102540,CUST-F,ITM-1015,2,4.55
PO-102541,CUST-G,ITM-0328,4,3.04
PO-102541,CUST-G,ITM-1011,10,3.82
PO-102541,CUST-G,ITM-1015,6,4.54
PO-102542,CUST-G,ITM-0237,2,3.15
PO-102542,CUST-G,ITM-0326,4,2.56
PO-102542,CUST-G,ITM-0632,1,4.14
PO-102542,CUST-G,ITM-1015,50,3.71
PO-102543,CUST-D,ITM-0610,4,2.34
PO-102543,CUST-D,ITM-0942,1,0.31
PO-102543,CUST-D,ITM-1015,1,4.37
PO-102544,CUST-F,ITM-0250,24,60.87
PO-102544,CUST-F,ITM-0306,1,0.94
PO-102544,CUST-F,ITM-0404,5,3.21
PO-102544,CUST-F,ITM-0604,12,12.50
PO-102544,CUST-F,ITM-0927,5,0.52
PO-102545,CUST-G,ITM-0629,2,3.00
PO-102546,CUST-F,ITM-0326,1,2.82
PO-102546,CUST-F,ITM-1011,2,4.65
PO-102547,CUST-A,ITM-0211,2,11.52
PO-102547,CUST-A,ITM-0314,1,2.43
PO-102547,CUST-A,ITM-0815,10,7.58
PO-102548,CUST-A,ITM-0208,24,4.70
PO-102548,CUST-A,ITM-0243,10,0.68
PO-102548,CUST-A,ITM-0250,4,58.78
PO-102548,CUST-A,ITM-0611,1,3.14
PO-102548,CUST-A,ITM-0621,4,3.97
PO-102548,CUST-A,ITM-0632,10,4.03
PO-102549,CUST-C,ITM-0908,2,0.90
PO-102550,CUST-E,ITM-1014,2,2.77
PO-102551,CUST-A,ITM-0228,6,4.14
PO-102551,CUST-A,ITM-0433,2,1.24
PO-102551,CUST-A,ITM-0939,10,15.14
PO-102552,CUST-A,ITM-0306,2,0.95
PO-102552,CUST-A,ITM-0310,1,4.23
PO-102552,CUST-A,ITM-0632,2,4.30
PO-102552,CUST-A,ITM-0929,12,1.20
PO-102553,CUST-B,ITM-0435,1,1.66
PO-102553,CUST-B,ITM-0632,6,4.25
PO-102553,CUST-B,ITM-0914,10,1.55
PO-102554,CUST-F,ITM-0228,10,4.58
PO-102554,CUST-F,ITM-0426,2,26.35
PO-102554,CUST-F,ITM-0433,5,1.22
PO-102554,CUST-F,ITM-0434,2,1.46
PO-102554,CUST-F,ITM-0611,6,3.69
PO-102555,CUST-A,ITM-0243,24,0.72
PO-102555,CUST-A,ITM-0433,4,1.24
PO-102556,CUST-D,ITM-0243,6,0.69
PO-102557,CUST-F,ITM-0414,1,1.87
PO-102557,CUST-F,ITM-0426,6,26.14
PO-102557,CUST-F,ITM-0433,2,1.23
PO-102557,CUST-F,ITM-0511,24,25.68
PO-102558,CUST-A,ITM-0910,10,1.02
PO-102559,CUST-A,ITM-0929,6,1.13
PO-102560,CUST-C,ITM-0402,6,2.01
PO-102561,CUST-C,ITM-0414,24,1.88
PO-102561,CUST-C,ITM-0627,12,7.71
PO-102561,CUST-C,ITM-0629,24,3.03
PO-102561,CUST-C,ITM-0947,6,0.46
PO-102561,CUST-C,ITM-1006,10,1.34
PO-102561,CUST-C,ITM-1014,4,2.73
PO-102562,CUST-A,ITM-0310,6,4.53
PO-102562,CUST-A,ITM-0426,24,24.16
PO-102563,CUST-F,ITM-0629,1,3.29
PO-102564,CUST-F,ITM-0201,24,4.06
PO-102564,CUST-F,ITM-0220,10,2.72
PO-102564,CUST-F,ITM-0311,1,7.65
PO-102564,CUST-F,ITM-0413,2,1.58
PO-102564,CUST-F,ITM-0815,6,8.37
PO-102565,CUST-A,ITM-0508,4,16.12
PO-102565,CUST-A,ITM-0517,1,36.99
PO-102565,CUST-A,ITM-0535,4,8.47
PO-102565,CUST-A,ITM-0610,10,2.08
PO-102565,CUST-A,ITM-0929,1,1.09
PO-102565,CUST-A,ITM-1014,2,2.57
PO-102566,CUST-C,ITM-0201,2,4.23
PO-102566,CUST-C,ITM-0421,1,18.52
PO-102566,CUST-C,ITM-0434,5,1.60
PO-102566,CUST-C,ITM-0628,1,0.15
PO-102566,CUST-C,ITM-1011,4,4.09
PO-102567,CUST-B,ITM-1022,1,5.48
PO-102568,CUST-A,ITM-0237,4,3.06
PO-102568,CUST-A,ITM-0632,4,4.13
PO-102568,CUST-A,ITM-0907,6,0.67
PO-102569,CUST-H,ITM-0237,12,3.40
PO-102569,CUST-H,ITM-0306,4,1.04
PO-102570,CUST-C,ITM-0402,12,1.80
PO-102570,CUST-C,ITM-1014,4,2.60
PO-102571,CUST-A,ITM-0433,1,1.05
PO-102571,CUST-A,ITM-0612,2,3.75
PO-102571,CUST-A,ITM-0815,3,8.46
PO-102572,CUST-B,ITM-0412,6,1.15
PO-102572,CUST-B,ITM-0434,2,1.59
PO-102572,CUST-B,ITM-0517,6,42.33
PO-102572,CUST-B,ITM-0808,6,1.85
PO-102573,CUST-A,ITM-0433,1,1.20
PO-102574,CUST-A,ITM-0403,10,2.51
PO-102574,CUST-A,ITM-1003,10,1.15
PO-102575,CUST-E,ITM-0309,6,2.03
PO-102576,CUST-D,ITM-0228,20,4.49
PO-102576,CUST-D,ITM-0939,4,15.31
PO-102576,CUST-D,ITM-1015,10,4.03
PO-102577,CUST-B,ITM-0629,24,3.20
PO-102578,CUST-A,ITM-0433,12,1.22
PO-102579,CUST-F,ITM-0231,6,4.77
PO-102579,CUST-F,ITM-0433,2,1.30
PO-102579,CUST-F,ITM-1006,4,1.37
PO-102580,CUST-B,ITM-0255,2,1.59
PO-102580,CUST-B,ITM-0446,5,22.53
PO-102581,CUST-A,ITM-0246,6,2.02
PO-102581,CUST-A,ITM-0251,10,2.48
PO-102581,CUST-A,ITM-0303,1,2.54
PO-102581,CUST-A,ITM-0303,1,2.54
PO-102581,CUST-A,ITM-0921,10,3.75
PO-102582,CUST-A,ITM-0237,2,3.10
PO-102582,CUST-A,ITM-0306,1,0.96
PO-102582,CUST-A,ITM-0610,20,2.13
PO-102582,CUST-A,ITM-0632,1,4.17
PO-102582,CUST-A,ITM-1003,4,1.07
PO-102583,CUST-G,ITM-0220,12,2.73
PO-102583,CUST-G,ITM-0403,1,2.61
PO-102583,CUST-G,ITM-0426,24,24.30
PO-102583,CUST-G,ITM-0612,4,4.48
PO-102583,CUST-G,ITM-1003,3,1.25
PO-102583,CUST-G,ITM-1015,6,4.88
PO-102584,CUST-B,ITM-0629,4,3.07
PO-102584,CUST-B,ITM-0632,6,4.50
PO-102585,CUST-A,ITM-0201,6,4.08
PO-102585,CUST-A,ITM-0311,10,6.47
PO-102585,CUST-A,ITM-0431,6,0.79
PO-102585,CUST-A,ITM-0446,1,22.32
PO-102585,CUST-A,ITM-0604,4,12.52
PO-102585,CUST-A,ITM-0927,6,0.53
PO-102586,CUST-D,ITM-0426,3,25.21
PO-102586,CUST-D,ITM-1003,2,1.06
PO-102586,CUST-D,ITM-1015,4,4.26
PO-102587,CUST-A,ITM-0311,5,7.34
PO-102587,CUST-A,ITM-0314,10,2.71
PO-102587,CUST-A,ITM-0618,12,4.24
PO-102587,CUST-A,ITM-0809,10,2.31
PO-102587,CUST-A,ITM-1010,24,9.41
PO-102588,CUST-B,ITM-0412,24,1.00
PO-102588,CUST-B,ITM-0434,5,1.51
PO-102588,CUST-B,ITM-0605,1,15.86
PO-102588,CUST-B,ITM-1014,1,2.54
PO-102589,CUST-G,ITM-0201,2,4.45
PO-102589,CUST-G,ITM-0254,10,1.73
PO-102589,CUST-G,ITM-0313,6,4.57
PO-102589,CUST-G,ITM-0430,10,0.52
PO-102589,CUST-G,ITM-0632,2,4.21
PO-102589,CUST-G,ITM-1015,4,4.55
PO-102590,CUST-B,ITM-0611,10,3.27
PO-102590,CUST-B,ITM-0902,1,4.29
PO-102591,CUST-A,ITM-0201,3,4.07
PO-102591,CUST-A,ITM-0433,1,1.22
PO-102591,CUST-A,ITM-0434,20,1.54
PO-102591,CUST-A,ITM-0442,6,20.50
PO-102591,CUST-A,ITM-0928,12,0.75
PO-102592,CUST-A,ITM-0610,24,1.99
PO-102593,CUST-D,ITM-0446,10,23.41
PO-102593,CUST-D,ITM-1015,1,4.58
PO-102594,CUST-F,ITM-0426,2,26.02
PO-102595,CUST-D,ITM-0922,6,6.05
PO-102595,CUST-D,ITM-0922,6,6.05
PO-102597,CUST-D,ITM-0808,24,1.72
PO-102597,CUST-D,ITM-0922,2,5.95
PO-102598,CUST-B,ITM-0228,6,5.23
PO-102598,CUST-B,ITM-1021,4,4.69
PO-102599,CUST-H,ITM-0414,10,1.70
PO-102600,CUST-F,ITM-0733,1,22.21
PO-102601,CUST-B,ITM-0433,6,1.21
PO-102601,CUST-B,ITM-0629,1,2.87
PO-102601,CUST-B,ITM-0737,2,77.50
PO-102601,CUST-B,ITM-0808,24,1.71
PO-102602,CUST-A,ITM-0737,3,73.12
PO-102603,CUST-D,ITM-0433,2,1.16
PO-102604,CUST-G,ITM-0306,2,0.97
PO-102604,CUST-G,ITM-0715,12,72.20
PO-102605,CUST-F,ITM-0311,20,7.04
PO-102605,CUST-F,ITM-0614,2,6.27
PO-102605,CUST-F,ITM-0629,4,3.23
PO-102605,CUST-F,ITM-0632,3,4.19
PO-102605,CUST-F,ITM-0942,2,0.34
PO-102605,CUST-F,ITM-1015,4,4.64
PO-102606,CUST-B,ITM-0228,2,4.71
PO-102606,CUST-B,ITM-0237,2,3.18
PO-102607,CUST-C,ITM-0605,1,16.05
PO-102607,CUST-C,ITM-0922,6,6.02
PO-102608,CUST-B,ITM-0434,2,1.59
PO-102608,CUST-B,ITM-0721,4,39.98
PO-102608,CUST-B,ITM-0902,1,4.90
PO-102608,CUST-B,ITM-0914,4,1.78
PO-102608,CUST-B,ITM-0914,4,1.78
PO-102608,CUST-B,ITM-0917,2,3.93
PO-102609,CUST-D,ITM-0201,10,4.42
PO-102609,CUST-D,ITM-0243,1,0.72
PO-102609,CUST-D,ITM-0430,4,0.49
PO-102609,CUST-D,ITM-0517,10,41.87
PO-102609,CUST-D,ITM-0627,4,7.34
PO-102609,CUST-D,ITM-0902,1,4.38
PO-102610,CUST-H,ITM-0306,2,1.01
PO-102610,CUST-H,ITM-0604,10,12.31
PO-102611,CUST-B,ITM-0328,1,3.63
PO-102611,CUST-B,ITM-0517,4,44.86
PO-102611,CUST-B,ITM-0913,2,1.50
PO-102611,CUST-B,ITM-0929,24,1.13
PO-102612,CUST-G,ITM-0328,2,3.48
PO-102612,CUST-G,ITM-1014,5,2.78
PO-102613,CUST-B,ITM-0306,2,1.03
PO-102613,CUST-B,ITM-0943,1,23.86
PO-102614,CUST-E,ITM-0237,6,3.00
PO-102614,CUST-E,ITM-0306,1,1.04
PO-102614,CUST-E,ITM-0610,2,2.20
PO-102614,CUST-E,ITM-0737,5,74.93
PO-102614,CUST-E,ITM-0907,4,0.71
PO-102614,CUST-E,ITM-1015,2,4.33
PO-102615,CUST-G,ITM-0228,50,4.38
PO-102615,CUST-G,ITM-1001,1,1.06
PO-102616,CUST-E,ITM-0253,12,1.25
PO-102616,CUST-E,ITM-0310,2,4.18
PO-102616,CUST-E,ITM-0310,2,4.18
PO-102616,CUST-E,ITM-0614,1,5.84
PO-102616,CUST-E,ITM-1019,12,6.56
PO-102617,CUST-H,ITM-0306,6,0.99
PO-102617,CUST-H,ITM-0612,1,4.26
PO-102618,CUST-H,ITM-0435,6,1.66
PO-102618,CUST-H,ITM-0611,1,3.54
PO-102618,CUST-H,ITM-0627,24,7.72
PO-102619,CUST-D,ITM-0326,4,2.52
PO-102619,CUST-D,ITM-0605,24,15.36
PO-102619,CUST-D,ITM-0737,2,73.57
PO-102619,CUST-D,ITM-1008,1,1.36
PO-102619,CUST-D,ITM-1015,4,4.28
PO-102620,CUST-F,ITM-0220,4,2.76
PO-102620,CUST-F,ITM-0254,2,1.81
PO-102620,CUST-F,ITM-1015,1,4.69
PO-102621,CUST-H,ITM-0225,2,2.30
PO-102622,CUST-D,ITM-0306,2,0.98
PO-102622,CUST-D,ITM-0435,50,1.51
PO-102622,CUST-D,ITM-0902,10,4.74
PO-102622,CUST-D,ITM-1008,1,1.45
PO-102622,CUST-D,ITM-1019,4,7.29
PO-102623,CUST-A,ITM-0220,4,2.43
PO-102623,CUST-A,ITM-0229,4,1.47
PO-102623,CUST-A,ITM-0403,6,2.32
PO-102623,CUST-A,ITM-0426,2,23.78
PO-102623,CUST-A,ITM-0612,10,3.89
PO-102624,CUST-B,ITM-0442,10,21.59
PO-102624,CUST-B,ITM-0621,20,4.21
PO-102624,CUST-B,ITM-0721,2,36.87
PO-102624,CUST-B,ITM-0902,1,48.50
PO-102625,CUST-A,ITM-1019,2,6.41
PO-102626,CUST-B,ITM-0220,2,2.78
PO-102626,CUST-B,ITM-0328,20,3.37
PO-102626,CUST-B,ITM-0403,1,2.57
PO-102626,CUST-B,ITM-0426,2,27.45
PO-102627,CUST-G,ITM-0903,4,0.24
PO-102627,CUST-G,ITM-0928,2,0.87
PO-102628,CUST-C,ITM-0610,2,2.27
PO-102629,CUST-A,ITM-0311,10,6.83
PO-102630,CUST-D,ITM-0228,6,5.01
PO-102630,CUST-D,ITM-0237,4,3.35
PO-102630,CUST-D,ITM-0938,3,12.25
PO-102631,CUST-A,ITM-0433,12,1.18
PO-102631,CUST-A,ITM-0623,1,2.54
PO-102632,CUST-H,ITM-0306,4,1.02
PO-102632,CUST-H,ITM-0604,50,11.62
PO-102632,CUST-H,ITM-0612,2,4.26
PO-102632,CUST-H,ITM-0921,6,3.80
PO-102633,CUST-H,ITM-0220,6,2.64
PO-102633,CUST-H,ITM-0250,5,62.87
PO-102633,CUST-H,ITM-0303,6,2.58
PO-102633,CUST-H,ITM-0408,10,4.85
PO-102633,CUST-H,ITM-0604,4,11.87
PO-102633,CUST-H,ITM-0628,20,0.16
PO-102634,CUST-F,ITM-0250,6,66.46
PO-102634,CUST-F,ITM-0440,1,28.13
PO-102634,CUST-F,ITM-0902,4,4.52
PO-102634,CUST-F,ITM-0917,10,3.94
PO-102636,CUST-F,ITM-0433,4,1.22
PO-102636,CUST-F,ITM-0902,2,4.57
PO-102637,CUST-F,ITM-0431,2,0.80
PO-102637,CUST-F,ITM-0508,10,18.36
PO-102637,CUST-F,ITM-0605,2,15.57
PO-102637,CUST-F,ITM-0737,1,72.97
PO-102638,CUST-F,ITM-0605,24,14.53
PO-102638,CUST-F,ITM-0612,1,4.23
PO-102639,CUST-B,ITM-0104,4,73.31
PO-102639,CUST-B,ITM-0808,2,1.87
PO-102640,CUST-C,ITM-1015,12,4.59
PO-102641,CUST-G,ITM-0620,2,3.18
PO-102642,CUST-A,ITM-0201,5,4.19
PO-102642,CUST-A,ITM-0621,20,3.84
PO-102643,CUST-G,ITM-0611,2,3.63
PO-102644,CUST-A,ITM-0254,2,1.61
PO-102644,CUST-A,ITM-0257,10,0.69
PO-102644,CUST-A,ITM-0612,6,3.88
PO-102644,CUST-A,ITM-0911,6,1.29
PO-102645,CUST-D,ITM-0220,2,2.65
PO-102645,CUST-D,ITM-0254,10,1.67
PO-102645,CUST-D,ITM-0309,12,1.98
PO-102645,CUST-D,ITM-0426,2,24.31
PO-102645,CUST-D,ITM-0612,50,3.99
PO-102645,CUST-D,ITM-1015,1,4.37
PO-102646,CUST-H,ITM-0511,24,27.04
PO-102646,CUST-H,ITM-0611,1,3.50
PO-102646,CUST-H,ITM-0621,10,4.38
PO-102646,CUST-H,ITM-0908,4,0.93
PO-102647,CUST-H,ITM-0311,12,7.35
PO-102647,CUST-H,ITM-0414,2,1.83
PO-102647,CUST-H,ITM-0527,10,8.28
PO-102647,CUST-H,ITM-0629,4,3.26
PO-102648,CUST-H,ITM-0327,1,2.11
PO-102648,CUST-H,ITM-0426,1,24.13
PO-102648,CUST-H,ITM-0431,2,0.75
PO-102649,CUST-B,ITM-0442,2,21.45
PO-102649,CUST-B,ITM-0737,24,74.86
PO-102649,CUST-B,ITM-1015,2,4.51
PO-102649,CUST-B,ITM-1022,2,5.32
PO-102650,CUST-D,ITM-0306,50,0.91
PO-102650,CUST-D,ITM-0737,1,76.78
PO-102650,CUST-D,ITM-1015,1,4.45
PO-102650,CUST-D,ITM-1021,4,4.36
PO-102650,CUST-D,ITM-1022,1,5.51
PO-102651,CUST-B,ITM-0255,24,1.70
PO-102651,CUST-B,ITM-0612,5,4.24
PO-102652,CUST-G,ITM-0434,6,1.54
PO-102652,CUST-G,ITM-0943,10,24.50
PO-102653,CUST-A,ITM-0605,6,16.46
PO-102654,CUST-B,ITM-0433,10,1.26
PO-102655,CUST-F,ITM-0201,20,4.34
PO-102655,CUST-F,ITM-0604,2,12.88
PO-102655,CUST-F,ITM-1015,1,3.90
PO-102656,CUST-C,ITM-0246,2,2.26
PO-102656,CUST-C,ITM-0403,2,2.61
PO-102656,CUST-C,ITM-0435,2,1.67
PO-102657,CUST-A,ITM-0426,2,25.52
PO-102658,CUST-B,ITM-0433,3,1.11
PO-102658,CUST-B,ITM-0612,2,4.04
PO-102658,CUST-B,ITM-1011,12,4.03
PO-102658,CUST-B,ITM-1017,24,2.92
PO-102659,CUST-A,ITM-0535,2,8.36
PO-102660,CUST-B,ITM-0201,6,4.07
PO-102660,CUST-B,ITM-0902,1,4.37
PO-102661,CUST-C,ITM-0220,6,2.90
PO-102661,CUST-C,ITM-0403,1,2.53
PO-102661,CUST-C,ITM-0612,20,4.32
PO-102661,CUST-C,ITM-0623,6,2.54
PO-102661,CUST-C,ITM-1015,24,4.58
PO-102662,CUST-A,ITM-0431,24,0.69
PO-102662,CUST-A,ITM-1014,6,2.38
PO-102663,CUST-A,ITM-0611,12,3.16
PO-102664,CUST-A,ITM-0403,4,2.35
PO-102665,CUST-A,ITM-0434,5,1.50
PO-102665,CUST-A,ITM-0508,4,17.02
PO-102665,CUST-A,ITM-0511,6,26.13
PO-102665,CUST-A,ITM-0737,12,67.98
PO-102666,CUST-F,ITM-0416,6,2.98
PO-102666,CUST-F,ITM-0434,10,1.52
PO-102666,CUST-F,ITM-0609,4,1.58
PO-102666,CUST-F,ITM-1015,20,4.44
PO-102666,CUST-F,ITM-1015,20,4.44
PO-102667,CUST-C,ITM-0201,4,4.36
PO-102667,CUST-C,ITM-0253,1,1.25
PO-102667,CUST-C,ITM-0621,2,4.33
PO-102667,CUST-C,ITM-0914,6,1.61
PO-102668,CUST-A,ITM-0306,1,0.88
PO-102668,CUST-A,ITM-0610,50,2.16
PO-102668,CUST-A,ITM-0907,1,0.67
PO-102669,CUST-D,ITM-0326,2,2.58
PO-102669,CUST-D,ITM-0611,4,3.51
PO-102669,CUST-D,ITM-0611,4,3.51
PO-102669,CUST-D,ITM-0737,12,71.81
PO-102670,CUST-H,ITM-0440,20,25.65
PO-102670,CUST-H,ITM-1006,1,1.30
PO-102671,CUST-G,ITM-0433,2,1.27
PO-102671,CUST-G,ITM-0611,4,3.32
PO-102672,CUST-D,ITM-0517,12,42.34
PO-102673,CUST-H,ITM-0243,4,0.74
PO-102674,CUST-B,ITM-0237,12,3.08
PO-102675,CUST-F,ITM-0201,4,4.63
PO-102675,CUST-F,ITM-0442,2,21.85
PO-102676,CUST-C,ITM-0412,6,1.03
PO-102676,CUST-C,ITM-0627,1,7.21
PO-102676,CUST-C,ITM-0627,1,7.21
PO-102676,CUST-C,ITM-0629,4,2.94
PO-102677,CUST-B,ITM-0433,2,1.24
PO-102677,CUST-B,ITM-0737,6,78.36
PO-102677,CUST-B,ITM-0902,1,4.46
PO-102677,CUST-B,ITM-1015,12,4.48
PO-102678,CUST-G,ITM-0605,12,17.25
PO-102678,CUST-G,ITM-0927,24,0.55
PO-102678,CUST-G,ITM-0928,4,0.86
PO-102679,CUST-A,ITM-0433,10,1.22
PO-102679,CUST-A,ITM-0434,4,1.47
PO-102680,CUST-A,ITM-0618,10,4.09
PO-102681,CUST-A,ITM-0237,10,3.42
PO-102681,CUST-A,ITM-0237,10,3.42
PO-102681,CUST-A,ITM-0311,1,7.45
PO-102681,CUST-A,ITM-0632,10,4.27
PO-102682,CUST-D,ITM-0612,2,3.95
PO-102683,CUST-F,ITM-0306,10,1.00
PO-102683,CUST-F,ITM-0435,6,1.62
PO-102683,CUST-F,ITM-0435,6,1.62
PO-102683,CUST-F,ITM-0632,2,4.30
PO-102684,CUST-A,ITM-0433,24,1.17
PO-102684,CUST-A,ITM-0629,4,2.90
PO-102684,CUST-A,ITM-0943,2,23.87
PO-102684,CUST-A,ITM-1010,4,9.05
PO-102684,CUST-A,ITM-1015,4,4.20
PO-102686,CUST-B,ITM-0220,4,2.66
PO-102686,CUST-B,ITM-0229,4,1.63
PO-102686,CUST-B,ITM-0628,2,0.17
PO-102687,CUST-C,ITM-0908,4,0.86
PO-102687,CUST-C,ITM-0922,10,5.92
PO-102688,CUST-C,ITM-0220,12,2.87
PO-102688,CUST-C,ITM-0403,1,2.62
PO-102688,CUST-C,ITM-0612,4,4.36
PO-102688,CUST-C,ITM-0618,5,4.19
PO-102688,CUST-C,ITM-0623,2,2.56
PO-102688,CUST-C,ITM-0911,10,1.33
PO-102689,CUST-D,ITM-1021,10,4.75
PO-102690,CUST-H,ITM-0220,4,2.68
PO-102690,CUST-H,ITM-0237,6,3.29
PO-102691,CUST-D,ITM-0201,24,4.22
PO-102691,CUST-D,ITM-0253,1,1.43
PO-102691,CUST-D,ITM-0440,2,25.76
PO-102691,CUST-D,ITM-0917,2,4.07
PO-102692,CUST-D,ITM-0306,2,0.97
PO-102692,CUST-D,ITM-0733,6,22.90
PO-102692,CUST-D,ITM-1014,10,2.68
PO-102692,CUST-D,ITM-1019,4,6.52
PO-102693,CUST-H,ITM-0250,2,63.93
PO-102693,CUST-H,ITM-0433,4,1.35
PO-102693,CUST-H,ITM-0434,24,1.55
PO-102693,CUST-H,ITM-0614,3,6.49
PO-102693,CUST-H,ITM-0902,1,4.74
PO-102693,CUST-H,ITM-0929,2,1.25
PO-102694,CUST-D,ITM-0446,4,23.35
PO-102694,CUST-D,ITM-0446,4,23.35
PO-102695,CUST-A,ITM-0632,1,3.88
PO-102695,CUST-A,ITM-1015,6,4.31
PO-102696,CUST-A,ITM-0433,24,1.14
PO-102697,CUST-F,ITM-0104,4,74.67
PO-102697,CUST-F,ITM-0629,24,3.25
PO-102697,CUST-F,ITM-0922,4,6.04
PO-102697,CUST-F,ITM-1015,6,4.69
PO-102699,CUST-F,ITM-0250,6,61.71
PO-102699,CUST-F,ITM-0940,1,18.61
PO-102700,CUST-A,ITM-0433,24,1.12
PO-102700,CUST-A,ITM-0629,12,2.98
PO-102700,CUST-A,ITM-0808,6,1.94
PO-102700,CUST-A,ITM-1015,24,4.08
PO-102701,CUST-H,ITM-0412,3,1.12
PO-102701,CUST-H,ITM-0535,2,9.00
PO-102702,CUST-D,ITM-1006,4,1.22
PO-102702,CUST-D,ITM-1015,1,4.32
PO-102704,CUST-B,ITM-0220,4,2.73
PO-102704,CUST-B,ITM-0306,6,0.99
PO-102704,CUST-B,ITM-0628,10,0.16
PO-102704,CUST-B,ITM-0628,10,0.16
PO-102705,CUST-G,ITM-0306,6,0.99
PO-102705,CUST-G,ITM-0310,2,4.69
PO-102705,CUST-G,ITM-0611,1,3.50
PO-102705,CUST-G,ITM-0621,6,3.93
PO-102705,CUST-G,ITM-0908,10,0.96
PO-102706,CUST-G,ITM-0306,2,0.97
PO-102706,CUST-G,ITM-1019,4,6.68
PO-102707,CUST-H,ITM-0929,4,1.25
PO-102709,CUST-E,ITM-0808,20,1.76
PO-102709,CUST-H,ITM-0434,10,1.53
PO-102709,CUST-H,ITM-0808,20,1.76
PO-102709,CUST-H,ITM-0904,6,0.35
PO-102709,CUST-H,ITM-0922,2,5.68
PO-102709,CUST-H,ITM-1014,2,2.58
PO-102710,CUST-B,ITM-0104,6,64.99
PO-102710,CUST-B,ITM-0628,2,0.15
PO-102710,CUST-B,ITM-0808,4,1.80
PO-102711,CUST-A,ITM-0251,1,2.37
PO-102711,CUST-A,ITM-0306,20,0.92
PO-102712,CUST-A,ITM-0431,24,0.79
PO-102712,CUST-A,ITM-0434,1,1.49
PO-102712,CUST-A,ITM-0737,4,74.45
PO-102712,CUST-A,ITM-0902,6,4.34
PO-102712,CUST-A,ITM-1014,6,2.59
PO-102713,CUST-D,ITM-0425,2,25.43
PO-102713,CUST-D,ITM-0947,1,0.46
PO-102714,CUST-B,ITM-0228,6,4.99
PO-102714,CUST-B,ITM-0235,1,1.80
PO-102714,CUST-B,ITM-0311,5,7.23
PO-102714,CUST-B,ITM-0629,12,3.21
PO-102714,CUST-B,ITM-0632,1,4.72
PO-102715,CUST-A,ITM-0237,12,3.11
PO-102715,CUST-A,ITM-0621,24,4.01
PO-102715,CUST-A,ITM-0903,10,0.21
PO-102716,CUST-D,ITM-0243,2,0.73
PO-102716,CUST-D,ITM-0430,50,0.47
PO-102716,CUST-D,ITM-0628,3,0.15
PO-102716,CUST-D,ITM-0808,4,1.90
PO-102716,CUST-D,ITM-0917,5,3.84
PO-102717,CUST-D,ITM-0611,10,3.48
PO-102718,CUST-A,ITM-0201,24,3.99
PO-102718,CUST-A,ITM-0433,4,1.26
PO-102718,CUST-A,ITM-0929,12,1.22
PO-102718,CUST-A,ITM-1011,12,3.86
PO-102719,CUST-A,ITM-0220,1,2.34
PO-102719,CUST-A,ITM-0237,4,2.98
PO-102719,CUST-A,ITM-0404,5,3.01
PO-102719,CUST-A,ITM-0432,2,0.85
PO-102720,CUST-F,ITM-0250,1,65.95
PO-102720,CUST-F,ITM-0435,4,1.64
PO-102720,CUST-F,ITM-0614,10,6.29
PO-102720,CUST-F,ITM-0621,10,4.49
PO-102720,CUST-F,ITM-0632,2,4.41
PO-102721,CUST-F,ITM-0220,2,2.70
PO-102721,CUST-F,ITM-0403,10,2.55
PO-102721,CUST-F,ITM-0426,2,25.68
PO-102721,CUST-F,ITM-1011,2,3.81
PO-102721,CUST-F,ITM-1015,6,4.61
PO-102722,CUST-E,ITM-0309,3,1.97
PO-102722,CUST-E,ITM-0434,4,1.41
PO-102722,CUST-E,ITM-0611,2,3.31
PO-102722,CUST-E,ITM-0939,1,15.33
PO-102722,CUST-E,ITM-1001,4,1.00
PO-102723,CUST-E,ITM-0612,1,4.20
PO-102724,CUST-A,ITM-0425,2,25.86
PO-102724,CUST-A,ITM-0431,20,0.78
PO-102724,CUST-A,ITM-0437,4,2.01
PO-102724,CUST-A,ITM-0808,10,1.86
PO-102724,CUST-A,ITM-0908,12,0.93
PO-102724,CUST-A,ITM-0929,1,1.19
PO-102725,CUST-D,ITM-0220,1,2.72
PO-102725,CUST-D,ITM-0230,2,3.02
PO-102725,CUST-D,ITM-0426,2,26.13
PO-102725,CUST-D,ITM-0623,4,2.59
PO-102725,CUST-D,ITM-1015,6,4.44
PO-102726,CUST-B,ITM-0309,4,2.04
PO-102726,CUST-B,ITM-0433,1,1.23
PO-102727,CUST-A,ITM-0237,1,2.98
PO-102727,CUST-A,ITM-0404,1,3.10
PO-102727,CUST-A,ITM-0432,4,0.95
PO-102727,CUST-A,ITM-0621,4,4.29
PO-102728,CUST-C,ITM-0632,12,4.24
PO-102728,CUST-C,ITM-0942,3,0.34
PO-102728,CUST-C,ITM-1015,2,4.28
PO-102728,CUST-C,ITM-1022,6,5.52
PO-102729,CUST-C,ITM-0201,10,4.22
PO-102729,CUST-C,ITM-0220,10,2.75
PO-102730,CUST-C,ITM-0309,4,1.91
PO-102730,CUST-C,ITM-0414,50,1.75
PO-102731,CUST-F,ITM-0426,6,25.37
PO-102731,CUST-F,ITM-0612,6,4.04
PO-102731,CUST-F,ITM-0808,50,1.72
PO-102731,CUST-F,ITM-1011,6,3.80
PO-102733,CUST-F,ITM-0433,2,1.06
PO-102733,CUST-F,ITM-0435,4,1.65
PO-102733,CUST-F,ITM-1011,10,4.09
PO-102734,CUST-C,ITM-0437,6,1.95
PO-102734,CUST-C,ITM-0737,24,67.93
PO-102734,CUST-C,ITM-0922,2,5.82
PO-102735,CUST-B,ITM-0612,24,3.88
PO-102736,CUST-B,ITM-0433,4,1.25
PO-102736,CUST-B,ITM-0902,10,4.39
PO-102737,CUST-A,ITM-0416,10,2.67
PO-102737,CUST-A,ITM-0629,1,2.98
PO-102737,CUST-A,ITM-1015,6,4.10
PO-102739,CUST-A,ITM-0311,6,6.58
PO-102739,CUST-A,ITM-0414,5,1.80
PO-102739,CUST-A,ITM-0433,4,1.07
PO-102739,CUST-A,ITM-0612,6,3.99
PO-102740,CUST-A,ITM-0517,1,42.85
PO-102740,CUST-A,ITM-0621,1,3.77
PO-102740,CUST-A,ITM-0929,24,1.10
PO-102741,CUST-D,ITM-0224,4,1.59
PO-102741,CUST-D,ITM-0306,4,0.97
PO-102741,CUST-D,ITM-0314,6,2.86
PO-102741,CUST-D,ITM-0733,1,24.24
PO-102741,CUST-D,ITM-0907,50,0.67
PO-102741,CUST-D,ITM-1001,10,1.14
PO-102742,CUST-D,ITM-0237,2,3.24
PO-102742,CUST-D,ITM-0611,4,3.61
PO-102742,CUST-D,ITM-1015,4,4.43
PO-102743,CUST-E,ITM-0408,10,5.04
PO-102744,CUST-C,ITM-0211,2,12.74
PO-102744,CUST-C,ITM-0211,2,12.74
PO-102744,CUST-C,ITM-0403,12,2.57
PO-102744,CUST-C,ITM-0412,4,1.07
PO-102744,CUST-C,ITM-0414,50,1.78
PO-102744,CUST-C,ITM-0629,4,3.41
PO-102745,CUST-F,ITM-0922,12,5.77
PO-102746,CUST-D,ITM-0201,2,4.01
PO-102747,CUST-H,ITM-0434,5,1.46
PO-102747,CUST-H,ITM-0627,1,7.84
PO-102747,CUST-H,ITM-0629,24,2.79
PO-102747,CUST-H,ITM-1001,5,1.02
PO-102747,CUST-H,ITM-1015,6,4.30
PO-102747,CUST-H,ITM-1022,2,5.17
PO-102748,CUST-C,ITM-0612,4,3.96
PO-102748,CUST-C,ITM-0701,6,26.71
PO-102749,CUST-B,ITM-0408,1,5.02
PO-102749,CUST-B,ITM-0922,10,6.00
PO-102749,CUST-B,ITM-1014,4,2.66
PO-102750,CUST-A,ITM-0920,2,3.00
PO-102751,CUST-C,ITM-0328,20,3.38
PO-102751,CUST-C,ITM-0414,5,1.89
PO-102751,CUST-C,ITM-1014,12,2.90
PO-102752,CUST-A,ITM-0517,4,38.10
PO-102752,CUST-A,ITM-0929,1,1.18
PO-102753,CUST-B,ITM-0237,12,3.27
PO-102753,CUST-B,ITM-0404,2,3.08
PO-102754,CUST-D,ITM-0611,6,3.28
PO-102755,CUST-D,ITM-0508,2,17.46
PO-102755,CUST-D,ITM-0535,3,9.47
PO-102755,CUST-D,ITM-0929,6,1.23
PO-102756,CUST-A,ITM-0201,4,4.17
PO-102756,CUST-A,ITM-0433,4,1.26
PO-102756,CUST-A,ITM-1021,4,4.91
PO-102757,CUST-C,ITM-0943,10,25.40
PO-102758,CUST-A,ITM-0251,1,2.35
PO-102758,CUST-A,ITM-0612,12,4.22
PO-102759,CUST-H,ITM-0609,2,1.57
PO-102760,CUST-C,ITM-0220,1,2.64
PO-102760,CUST-C,ITM-0237,2,3.43
PO-102760,CUST-C,ITM-0629,4,3.32
PO-102761,CUST-A,ITM-0237,2,3.09
PO-102761,CUST-A,ITM-0621,2,3.84
PO-102761,CUST-A,ITM-0903,1,0.20
PO-102761,CUST-A,ITM-1020,2,8.23
PO-102762,CUST-C,ITM-0629,4,3.02
PO-102762,CUST-C,ITM-0809,50,2.31
PO-102762,CUST-C,ITM-1015,4,4.54
PO-102762,CUST-C,ITM-1022,6,5.44
PO-102764,CUST-C,ITM-0632,4,4.58
PO-102765,CUST-D,ITM-0228,6,4.51
PO-102765,CUST-D,ITM-0426,10,26.90
PO-102766,CUST-B,ITM-0431,3,0.84
PO-102766,CUST-B,ITM-0434,2,1.55
PO-102766,CUST-B,ITM-0737,1,74.34
PO-102766,CUST-B,ITM-0808,2,1.82
PO-102767,CUST-E,ITM-0231,12,4.48
PO-102768,CUST-C,ITM-0612,1,4.11
PO-102768,CUST-C,ITM-0618,4,4.06
PO-102768,CUST-C,ITM-0938,12,13.24
PO-102770,CUST-A,ITM-0201,2,4.32
PO-102770,CUST-A,ITM-0228,6,4.38
PO-102770,CUST-A,ITM-0433,2,1.25
PO-102770,CUST-A,ITM-1021,10,4.83
PO-102771,CUST-B,ITM-0243,2,0.70
PO-102771,CUST-B,ITM-0402,24,1.98
PO-102771,CUST-B,ITM-0434,2,1.55
PO-102771,CUST-B,ITM-0902,6,4.25
PO-102771,CUST-B,ITM-0929,1,1.26
PO-102772,CUST-H,ITM-0243,2,0.77
PO-102773,CUST-A,ITM-0815,4,7.86
PO-102773,CUST-A,ITM-1020,12,8.18
PO-102774,CUST-A,ITM-0306,24,0.89
PO-102775,CUST-A,ITM-0310,6,4.18
PO-102775,CUST-A,ITM-0426,24,23.64
PO-102775,CUST-A,ITM-0426,24,23.64
PO-102775,CUST-A,ITM-0611,2,3.14
PO-102775,CUST-A,ITM-0623,10,2.41
PO-102776,CUST-D,ITM-0326,24,2.70
PO-102776,CUST-D,ITM-0627,4,7.14
PO-102777,CUST-C,ITM-0255,2,1.54
PO-102777,CUST-C,ITM-0437,4,1.98
PO-102777,CUST-C,ITM-0446,12,22.04
PO-102777,CUST-C,ITM-0922,24,5.55
PO-102777,CUST-C,ITM-0942,4,0.33
PO-102778,CUST-E,ITM-0446,10,21.10
PO-102778,CUST-E,ITM-0611,4,3.74
PO-102779,CUST-E,ITM-0228,4,4.28
PO-102779,CUST-E,ITM-0237,2,3.05
PO-102779,CUST-E,ITM-0306,6,0.98
PO-102779,CUST-E,ITM-0446,2,19.96
PO-102779,CUST-E,ITM-1003,2,1.09
PO-102779,CUST-E,ITM-1015,12,4.09
PO-102780,CUST-G,ITM-0220,50,2.66
PO-102780,CUST-G,ITM-0228,2,4.94
PO-102780,CUST-G,ITM-0251,1,2.69
PO-102781,CUST-F,ITM-0220,4,2.81
PO-102781,CUST-F,ITM-0604,1,13.34
PO-102781,CUST-F,ITM-0628,12,0.16
PO-102782,CUST-B,ITM-0220,2,2.56
PO-102782,CUST-B,ITM-0327,10,2.51
PO-102782,CUST-B,ITM-0621,12,4.49
PO-102782,CUST-B,ITM-1018,1,5.17
PO-102783,CUST-D,ITM-0414,4,1.85
PO-102783,CUST-D,ITM-0426,1,25.57
PO-102783,CUST-D,ITM-0939,4,15.44
PO-102783,CUST-D,ITM-1003,2,1.12
PO-102784,CUST-A,ITM-0911,4,1.23
PO-102784,CUST-A,ITM-1015,10,4.44
PO-102785,CUST-A,ITM-0311,4,6.53
PO-102785,CUST-A,ITM-0618,4,3.89
PO-102785,CUST-A,ITM-1001,6,0.99
PO-102787,CUST-A,ITM-0612,6,3.91
PO-102788,CUST-F,ITM-0220,10,2.74
PO-102788,CUST-F,ITM-0250,4,62.97
PO-102788,CUST-F,ITM-0306,4,0.92
PO-102789,CUST-A,ITM-0426,2,23.79
PO-102789,CUST-A,ITM-0434,2,1.45
PO-102790,CUST-F,ITM-0228,2,4.88
PO-102790,CUST-F,ITM-0611,3,3.53
PO-102791,CUST-C,ITM-0412,6,1.07
PO-102791,CUST-C,ITM-0414,2,1.82
PO-102791,CUST-C,ITM-0611,6,3.47
PO-102791,CUST-C,ITM-0927,2,0.56
PO-102792,CUST-H,ITM-0426,12,27.23
PO-102792,CUST-H,ITM-0612,6,4.00
PO-102792,CUST-H,ITM-0911,12,1.22
PO-102793,CUST-B,ITM-0416,10,2.90
PO-102794,CUST-A,ITM-0421,2,18.86
PO-102794,CUST-A,ITM-0434,12,1.57
PO-102795,CUST-A,ITM-0610,10,2.22
PO-102796,CUST-A,ITM-0809,2,2.40
PO-102797,CUST-A,ITM-0243,20,0.71
PO-102797,CUST-A,ITM-1010,12,9.26
PO-102798,CUST-A,ITM-0416,1,2.67
PO-102798,CUST-A,ITM-0433,2,1.20
PO-102798,CUST-A,ITM-0434,2,1.54
PO-102798,CUST-A,ITM-0527,1,9.70
PO-102799,CUST-D,ITM-0627,2,7.88
PO-102799,CUST-D,ITM-0629,10,3.16
PO-102799,CUST-D,ITM-1015,10,4.61
PO-102800,CUST-A,ITM-0237,4,3.24
PO-102800,CUST-A,ITM-0621,10,3.97
PO-102801,CUST-A,ITM-0201,4,4.31
PO-102801,CUST-A,ITM-0253,2,1.14
PO-102801,CUST-A,ITM-0306,6,0.94
PO-102801,CUST-A,ITM-0310,12,4.46
PO-102801,CUST-A,ITM-0611,2,3.08
PO-102801,CUST-A,ITM-0621,2,3.94
PO-102802,CUST-A,ITM-0328,4,3.15
PO-102802,CUST-A,ITM-0437,10,1.91
PO-102803,CUST-C,ITM-0408,1,4.69
PO-102804,CUST-C,ITM-0403,1,2.55
PO-102804,CUST-C,ITM-0414,6,1.87
PO-102804,CUST-C,ITM-0433,2,1.15
PO-102804,CUST-C,ITM-0612,1,4.17
PO-102804,CUST-C,ITM-0629,10,3.31
PO-102804,CUST-C,ITM-1011,4,4.24
PO-102805,CUST-H,ITM-0306,4,1.05
PO-102805,CUST-H,ITM-0311,2,7.66
PO-102805,CUST-H,ITM-1019,1,6.97
PO-102806,CUST-H,ITM-0255,1,1.54
PO-102806,CUST-H,ITM-0604,4,12.51
PO-102806,CUST-H,ITM-0612,10,4.15
PO-102807,CUST-F,ITM-0939,10,17.12
PO-102808,CUST-D,ITM-0246,10,2.06
PO-102808,CUST-D,ITM-0517,3,45.07
PO-102808,CUST-D,ITM-0623,2,2.39
PO-102808,CUST-D,ITM-0927,2,0.56
PO-102809,CUST-C,ITM-0327,2,2.31
PO-102810,CUST-D,ITM-0201,2,4.44
PO-102810,CUST-D,ITM-0517,4,42.35
PO-102811,CUST-E,ITM-0402,24,1.91
PO-102812,CUST-E,ITM-0201,10,4.37
PO-102813,CUST-D,ITM-0220,12,2.71
PO-102813,CUST-D,ITM-0426,4,27.01
PO-102813,CUST-D,ITM-1003,12,1.15
PO-102813,CUST-D,ITM-1015,4,4.83
PO-102814,CUST-F,ITM-0208,6,5.19
PO-102814,CUST-F,ITM-0623,12,2.65
PO-102814,CUST-F,ITM-0715,2,75.68
PO-102814,CUST-F,ITM-0927,10,0.54
PO-102814,CUST-F,ITM-1020,6,9.16
PO-102815,CUST-C,ITM-0228,1,4.53
PO-102815,CUST-C,ITM-0433,50,1.08
PO-102815,CUST-C,ITM-0614,24,5.69
PO-102815,CUST-C,ITM-0721,2,36.27
PO-102815,CUST-C,ITM-0929,4,1.17
PO-102815,CUST-C,ITM-1011,2,4.21
PO-102816,CUST-D,ITM-0228,6,4.58
PO-102817,CUST-F,ITM-0230,4,3.21
PO-102817,CUST-F,ITM-0309,1,2.06
PO-102817,CUST-F,ITM-0328,2,3.52
PO-102817,CUST-F,ITM-1015,12,4.33
PO-102818,CUST-B,ITM-0230,12,3.03
PO-102819,CUST-D,ITM-0433,10,1.26
PO-102819,CUST-D,ITM-0614,10,6.12
PO-102821,CUST-F,ITM-0403,6,2.49
PO-102822,CUST-A,ITM-0220,2,2.56
PO-102822,CUST-A,ITM-0426,1,24.45
PO-102822,CUST-A,ITM-0612,1,4.13
PO-102823,CUST-H,ITM-0612,10,4.22
PO-102823,CUST-H,ITM-0943,12,24.03
PO-102824,CUST-H,ITM-0303,2,2.46
PO-102824,CUST-H,ITM-0527,2,9.18
PO-102825,CUST-F,ITM-0433,4,1.30
PO-102825,CUST-F,ITM-0902,1,4.63
PO-102825,CUST-F,ITM-1021,6,4.85
PO-102826,CUST-B,ITM-0220,6,2.78
PO-102826,CUST-B,ITM-0251,12,2.41
PO-102826,CUST-B,ITM-0605,4,16.04
PO-102826,CUST-B,ITM-0921,24,3.60
PO-102827,CUST-D,ITM-0922,2,6.37
PO-102827,CUST-D,ITM-1014,12,2.81
PO-102828,CUST-F,ITM-0426,12,26.32
PO-102828,CUST-F,ITM-0733,20,22.48
PO-102828,CUST-F,ITM-1010,4,9.35
PO-102828,CUST-F,ITM-1010,4,9.35
PO-102829,CUST-C,ITM-0908,2,0.94
PO-102830,CUST-C,ITM-0611,4,3.44
PO-102830,CUST-C,ITM-0632,1,4.41
PO-102831,CUST-G,ITM-1011,1,3.79
PO-102832,CUST-F,ITM-0220,5,2.77
PO-102833,CUST-B,ITM-0208,12,4.90
PO-102833,CUST-B,ITM-0208,12,4.90
PO-102833,CUST-B,ITM-0413,12,1.56
PO-102833,CUST-B,ITM-0433,12,1.17
PO-102833,CUST-B,ITM-0611,4,3.32
PO-102834,CUST-F,ITM-0201,20,4.56
PO-102834,CUST-F,ITM-0433,1,1.31
PO-102834,CUST-F,ITM-1021,6,4.88
PO-102835,CUST-D,ITM-0328,10,3.24
PO-102835,CUST-D,ITM-0426,24,22.60
PO-102835,CUST-D,ITM-1015,12,4.21
PO-102836,CUST-B,ITM-0230,24,2.90
PO-102836,CUST-B,ITM-0403,2,2.35
PO-102836,CUST-B,ITM-0426,4,25.19
PO-102836,CUST-B,ITM-0612,10,4.07
PO-102837,CUST-E,ITM-0306,10,1.05
PO-102837,CUST-E,ITM-0612,1,4.27
PO-102838,CUST-E,ITM-0253,10,1.26
PO-102838,CUST-E,ITM-0434,10,1.48
PO-102838,CUST-E,ITM-0629,6,2.97
PO-102838,CUST-E,ITM-0737,6,76.06
PO-102838,CUST-E,ITM-1010,2,9.47
PO-102839,CUST-H,ITM-0306,1,0.96
PO-102839,CUST-H,ITM-0903,10,0.21
PO-102839,CUST-H,ITM-1019,2,6.59
PO-102840,CUST-D,ITM-0446,4,21.47
PO-102840,CUST-D,ITM-0604,4,12.17
PO-102840,CUST-D,ITM-0922,1,5.57
PO-102840,CUST-D,ITM-1014,2,2.47
PO-102840,CUST-D,ITM-1015,1,4.42
PO-102841,CUST-A,ITM-0311,4,6.56
PO-102841,CUST-A,ITM-1006,2,1.20
PO-102842,CUST-B,ITM-0220,1,2.77
PO-102842,CUST-B,ITM-0629,3,3.16
PO-102842,CUST-B,ITM-0909,4,0.98
PO-102843,CUST-A,ITM-0612,2,4.03
PO-102844,CUST-H,ITM-0104,10,68.28
PO-102844,CUST-H,ITM-0306,1,1.04
PO-102844,CUST-H,ITM-0404,10,3.30
PO-102844,CUST-H,ITM-0604,1,13.12
PO-102844,CUST-H,ITM-0943,4,25.17
PO-102844,CUST-H,ITM-1001,12,1.13
PO-102845,CUST-A,ITM-0225,2,2.12
PO-102846,CUST-D,ITM-0224,2,1.51
PO-102846,CUST-D,ITM-0437,6,1.94
PO-102847,CUST-A,ITM-0201,4,4.13
PO-102847,CUST-A,ITM-0614,1,
PO-102847,CUST-A,ITM-0621,2,3.80
PO-102847,CUST-A,ITM-1008,3,1.34
PO-102848,CUST-F,ITM-0426,12,23.12
PO-102848,CUST-F,ITM-0433,1,1.02
PO-102848,CUST-F,ITM-0435,4,1.50
PO-102848,CUST-F,ITM-0435,4,1.50
PO-102848,CUST-F,ITM-1014,4,2.49
PO-102849,CUST-E,ITM-0629,2,3.21
PO-102849,CUST-E,ITM-0632,6,3.95
PO-102850,CUST-D,ITM-0243,2,0.72
PO-102850,CUST-D,ITM-0446,6,22.80
PO-102850,CUST-D,ITM-0610,4,2.34
PO-102850,CUST-D,ITM-0629,6,3.30
PO-102850,CUST-D,ITM-1015,12,4.43
PO-102851,CUST-A,ITM-0403,4,2.35
PO-102852,CUST-B,ITM-0508,2,16.37
PO-102852,CUST-B,ITM-1015,2,4.11
PO-102853,CUST-A,ITM-0310,6,4.26
PO-102854,CUST-C,ITM-0326,1,2.92
PO-102854,CUST-C,ITM-0805,6,37.40
PO-102854,CUST-C,ITM-0928,24,0.79
PO-102855,CUST-A,ITM-0201,1,4.11
PO-102855,CUST-A,ITM-0433,6,1.23
PO-102855,CUST-A,ITM-0527,6,8.81
PO-102856,CUST-B,ITM-0913,5,1.35
PO-102856,CUST-B,ITM-1014,2,2.39
PO-102857,CUST-E,ITM-0434,6,1.47
PO-102857,CUST-E,ITM-0737,3,72.74
PO-102857,CUST-E,ITM-0929,4,1.24
PO-102857,CUST-E,ITM-1014,3,2.67
PO-102858,CUST-D,ITM-0426,2,24.57
PO-102858,CUST-D,ITM-0434,20,1.41
PO-102859,CUST-A,ITM-0403,4,2.34
PO-102859,CUST-A,ITM-0426,50,20.92
PO-102859,CUST-A,ITM-0432,24,0.85
PO-102859,CUST-A,ITM-0612,4,3.73
PO-102859,CUST-A,ITM-0623,5,2.28
PO-102859,CUST-A,ITM-1011,6,3.22
PO-102860,CUST-D,ITM-0621,10,4.11
PO-102861,CUST-H,ITM-0237,2,3.09
PO-102862,CUST-B,ITM-0243,12,0.76
PO-102863,CUST-B,ITM-1022,6,5.91
PO-102864,CUST-E,ITM-0328,12,3.26
PO-102864,CUST-E,ITM-0904,50,0.33
PO-102865,CUST-D,ITM-0609,2,1.60
PO-102866,CUST-A,ITM-0433,12,1.18
PO-102866,CUST-A,ITM-0943,10,22.24
PO-102867,CUST-H,ITM-0237,2,3.12
PO-102868,CUST-F,ITM-0230,50,2.74
PO-102868,CUST-F,ITM-0306,3,1.03
PO-102868,CUST-F,ITM-0435,2,1.69
PO-102868,CUST-F,ITM-0511,4,28.09
PO-102868,CUST-F,ITM-0611,4,3.65
PO-102868,CUST-F,ITM-0632,6,4.40
PO-102869,CUST-H,ITM-0253,6,1.22
PO-102869,CUST-H,ITM-0306,4,0.92
PO-102870,CUST-F,ITM-0621,10,4.33
PO-102870,CUST-F,ITM-0938,1,13.56
PO-102871,CUST-G,ITM-0614,2,5.79
PO-102871,CUST-G,ITM-0621,6,4.20
PO-102871,CUST-G,ITM-0903,5,0.23
PO-102872,CUST-B,ITM-0612,2,3.87
PO-102872,CUST-B,ITM-0623,1,2.43
PO-102873,CUST-E,ITM-0220,6,2.98
PO-102873,CUST-E,ITM-0309,1,2.16
PO-102873,CUST-E,ITM-0612,6,4.56
PO-102873,CUST-E,ITM-1015,4,4.94
PO-102874,CUST-B,ITM-0230,10,3.22
PO-102874,CUST-B,ITM-0310,10,4.77
PO-102875,CUST-A,ITM-0627,3,7.32
PO-102875,CUST-A,ITM-0913,12,1.37
PO-102875,CUST-A,ITM-1015,4,4.13
PO-102876,CUST-E,ITM-0914,4,1.61
PO-102877,CUST-A,ITM-0237,1,3.18
PO-102877,CUST-A,ITM-0306,6,0.98
PO-102878,CUST-A,ITM-0408,2,4.91
PO-102879,CUST-C,ITM-0808,2,1.80
PO-102879,CUST-C,ITM-1014,4,2.66
PO-102880,CUST-E,ITM-0433,1,1.23
PO-102880,CUST-E,ITM-0808,1,2.03
PO-102880,CUST-E,ITM-1008,10,1.43
PO-102881,CUST-B,ITM-0220,24,2.72
PO-102881,CUST-B,ITM-0306,10,1.00
PO-102882,CUST-B,ITM-0403,2,2.54
PO-102883,CUST-D,ITM-0229,4,1.56
PO-102883,CUST-D,ITM-0403,10,2.57
PO-102883,CUST-D,ITM-0426,1,26.31
PO-102883,CUST-D,ITM-0629,24,2.97
PO-102883,CUST-D,ITM-0733,6,24.54
PO-102883,CUST-D,ITM-0904,10,0.32
PO-102885,CUST-A,ITM-0201,5,3.92
PO-102885,CUST-A,ITM-0243,4,0.71
PO-102885,CUST-A,ITM-0311,6,6.36
PO-102885,CUST-A,ITM-0604,4,12.46
PO-102886,CUST-A,ITM-0306,10,1.01
PO-102887,CUST-B,ITM-0632,6,4.15
PO-102887,CUST-B,ITM-1015,12,4.72
PO-102888,CUST-D,ITM-0902,6,4.55
PO-102889,CUST-D,ITM-0255,4,1.66
PO-102889,CUST-D,ITM-0306,6,1.07
PO-102889,CUST-D,ITM-0310,10,4.85
PO-102889,CUST-D,ITM-0517,4,43.09
PO-102890,CUST-B,ITM-0403,4,2.79
PO-102890,CUST-B,ITM-0426,3,27.63
PO-102890,CUST-B,ITM-0938,10,14.60
PO-102891,CUST-B,ITM-0220,10,2.78
PO-102891,CUST-B,ITM-0311,6,7.22
PO-102892,CUST-A,ITM-0237,6,3.06
PO-102892,CUST-A,ITM-0446,10,19.50
PO-102893,CUST-D,ITM-0508,50,15.36
PO-102893,CUST-D,ITM-0517,6,40.74
PO-102893,CUST-D,ITM-0808,24,1.71
PO-102893,CUST-D,ITM-0902,24,4.01
PO-102893,CUST-D,ITM-0922,1,5.97
PO-102894,CUST-D,ITM-0627,6,7.43
PO-102895,CUST-A,ITM-0201,4,4.30
PO-102895,CUST-A,ITM-0250,12,60.62
PO-102895,CUST-A,ITM-0611,12,3.22
PO-102895,CUST-A,ITM-0621,12,3.96
PO-102896,CUST-D,ITM-0237,2,2.99
PO-102896,CUST-D,ITM-0306,4,0.96
PO-102896,CUST-D,ITM-0326,3,2.44
PO-102896,CUST-D,ITM-0939,2,15.94
PO-102896,CUST-D,ITM-1015,24,4.24
PO-102897,CUST-A,ITM-0253,10,1.19
PO-102897,CUST-A,ITM-0627,12,6.64
PO-102897,CUST-A,ITM-0903,6,0.21
PO-102898,CUST-A,ITM-0201,10,4.14
PO-102898,CUST-A,ITM-0310,10,4.75
PO-102898,CUST-A,ITM-0611,2,3.40
PO-102898,CUST-A,ITM-0627,1,7.11
PO-102899,CUST-H,ITM-0225,1,2.47
PO-102899,CUST-H,ITM-0311,6,7.50
PO-102900,CUST-C,ITM-0412,4,0.99
PO-102900,CUST-C,ITM-0414,2,1.84
PO-102900,CUST-C,ITM-0611,4,3.51
PO-102901,CUST-F,ITM-0430,2,0.51
PO-102902,CUST-D,ITM-0311,3,6.62
PO-102903,CUST-A,ITM-0612,4,3.85
PO-102904,CUST-A,ITM-0610,2,2.21
PO-102904,CUST-A,ITM-0908,4,0.84
PO-102905,CUST-C,ITM-0434,4,1.57
PO-102905,CUST-C,ITM-0437,12,2.18
PO-102905,CUST-C,ITM-0922,24,6.08
PO-102906,CUST-H,ITM-0311,5,6.74
PO-102906,CUST-H,ITM-0628,1,0.15
PO-102906,CUST-H,ITM-0809,4,2.48
PO-102906,CUST-H,ITM-1010,1,9.08
PO-102907,CUST-A,ITM-0243,1,0.69
PO-102907,CUST-A,ITM-0632,1,3.80
PO-102907,CUST-A,ITM-0917,5,3.20
PO-102907,CUST-A,ITM-1015,4,4.00
PO-102908,CUST-D,ITM-0403,50,2.27
PO-102909,CUST-D,ITM-0446,6,21.60
PO-102909,CUST-D,ITM-0632,6,4.27
PO-102909,CUST-D,ITM-0910,1,1.10
PO-102910,CUST-B,ITM-0610,1,2.29
PO-102911,CUST-E,ITM-1003,1,1.10
PO-102912,CUST-H,ITM-0254,4,1.77
PO-102912,CUST-H,ITM-0426,10,27.40
PO-102912,CUST-H,ITM-0609,2,1.65
PO-102912,CUST-H,ITM-0612,1,
PO-102912,CUST-H,ITM-1003,1,1.18
PO-102912,CUST-H,ITM-1015,2,4.70
PO-102913,CUST-A,ITM-0511,12,23.66
PO-102913,CUST-A,ITM-0611,6,3.32
PO-102913,CUST-A,ITM-0623,1,2.61
PO-102914,CUST-B,ITM-0225,24,2.45
PO-102914,CUST-B,ITM-0228,10,4.64
PO-102914,CUST-B,ITM-0426,2,27.77
PO-102914,CUST-B,ITM-1001,1,1.09
PO-102915,CUST-B,ITM-0408,24,4.87
PO-102915,CUST-B,ITM-0604,12,12.75
PO-102915,CUST-B,ITM-1008,4,1.34
PO-102916,CUST-B,ITM-0737,1,74.79
PO-102916,CUST-B,ITM-0902,6,4.27
PO-102917,CUST-D,ITM-0255,24,1.55
PO-102917,CUST-D,ITM-0612,6,4.05
PO-102918,CUST-A,ITM-0611,6,3.21
PO-102919,CUST-D,ITM-0426,10,26.74
PO-102919,CUST-D,ITM-0612,2,4.55
PO-102919,CUST-D,ITM-0623,10,2.51
PO-102919,CUST-D,ITM-1003,4,1.22
PO-102919,CUST-D,ITM-1011,6,3.60
PO-102919,CUST-D,ITM-1015,6,4.75
PO-102920,CUST-A,ITM-0610,24,2.12
PO-102920,CUST-A,ITM-0621,1,4.08
PO-102921,CUST-E,ITM-0403,2,2.83
PO-102922,CUST-C,ITM-0629,2,3.14
PO-102922,CUST-C,ITM-0715,4,69.83
PO-102923,CUST-A,ITM-0612,10,4.26
PO-102923,CUST-A,ITM-0623,4,2.33
PO-102924,CUST-H,ITM-0220,4,2.87
PO-102924,CUST-H,ITM-0309,1,2.16
PO-102924,CUST-H,ITM-0426,1,26.96
PO-102924,CUST-H,ITM-0623,1,2.57
PO-102924,CUST-H,ITM-1015,10,4.73
PO-102925,CUST-D,ITM-0229,12,1.49
PO-102925,CUST-D,ITM-0246,10,2.07
PO-102925,CUST-D,ITM-0426,6,23.33
PO-102925,CUST-D,ITM-0947,10,0.43
PO-102927,CUST-B,ITM-0220,4,2.53
PO-102928,CUST-A,ITM-0228,4,4.00
PO-102928,CUST-A,ITM-0426,10,23.87
PO-102928,CUST-A,ITM-0433,4,1.15
PO-102928,CUST-A,ITM-0434,10,1.39
PO-102928,CUST-A,ITM-0611,2,3.16
PO-102928,CUST-A,ITM-0623,10,2.36
PO-102929,CUST-A,ITM-0403,4,2.25
PO-102929,CUST-A,ITM-0426,1,24.72
PO-102929,CUST-A,ITM-0612,4,3.99
PO-102929,CUST-A,ITM-0623,24,2.17
PO-102929,CUST-A,ITM-1015,2,4.30
PO-102930,CUST-B,ITM-0412,1,1.10
PO-102930,CUST-B,ITM-0433,2,1.11
PO-102930,CUST-B,ITM-0433,2,1.11
PO-102930,CUST-B,ITM-0612,4,4.07
PO-102930,CUST-B,ITM-0914,12,1.50
PO-102931,CUST-A,ITM-0311,1,6.24
PO-102931,CUST-A,ITM-0805,4,31.44
PO-102931,CUST-A,ITM-1015,1,4.02
PO-102932,CUST-D,ITM-0629,10,3.37
PO-102933,CUST-B,ITM-0237,12,3.25
PO-102933,CUST-B,ITM-0938,10,13.11
PO-102934,CUST-B,ITM-0228,24,4.36
PO-102934,CUST-B,ITM-0938,2,13.04
PO-102936,CUST-A,ITM-0808,6,1.68
PO-102937,CUST-B,ITM-0426,2,24.68
PO-102938,CUST-D,ITM-0426,4,26.18
PO-102938,CUST-D,ITM-0612,2,4.35
PO-102939,CUST-A,ITM-0237,4,3.14
PO-102940,CUST-C,ITM-0201,10,4.36
PO-102941,CUST-F,ITM-0913,6,1.39
PO-102941,CUST-F,ITM-0913,6,1.39
PO-102942,CUST-H,ITM-0208,4,5.71
PO-102942,CUST-H,ITM-0243,2,0.76
PO-102942,CUST-H,ITM-0243,2,0.76
PO-102942,CUST-H,ITM-0309,1,2.19
PO-102942,CUST-H,ITM-0434,4,1.62
PO-102943,CUST-G,ITM-0230,6,3.21
PO-102943,CUST-G,ITM-0623,2,2.76
PO-102944,CUST-D,ITM-0611,2,3.29
PO-102944,CUST-D,ITM-0922,6,5.72
PO-102945,CUST-F,ITM-0309,12,1.91
PO-102945,CUST-F,ITM-0914,3,1.56
PO-102946,CUST-A,ITM-0228,5,4.28
PO-102946,CUST-A,ITM-1003,20,1.06
PO-102947,CUST-A,ITM-0104,24,60.42
PO-102948,CUST-B,ITM-0306,6,0.97
PO-102948,CUST-B,ITM-0928,4,0.79
PO-102949,CUST-A,ITM-0414,50,1.56
PO-102949,CUST-A,ITM-0629,10,2.80
PO-102949,CUST-A,ITM-0815,10,7.49
PO-102949,CUST-A,ITM-0911,12,1.18
PO-102950,CUST-A,ITM-0326,12,2.58
PO-102951,CUST-C,ITM-0614,24,6.09
PO-102951,CUST-C,ITM-0629,4,3.39
PO-102952,CUST-B,ITM-0902,4,4.23
PO-102953,CUST-D,ITM-0623,1,2.70
PO-102953,CUST-D,ITM-0939,2,17.24
PO-102953,CUST-D,ITM-1003,24,1.10
PO-102954,CUST-A,ITM-0201,1,4.52
PO-102954,CUST-A,ITM-0306,2,0.97
PO-102954,CUST-A,ITM-0306,2,0.97
PO-102954,CUST-A,ITM-0621,10,3.96
PO-102954,CUST-A,ITM-0929,1,1.24
PO-102955,CUST-A,ITM-0237,4,2.84
PO-102955,CUST-A,ITM-1015,10,4.20
PO-102956,CUST-C,ITM-0416,6,2.99
PO-102956,CUST-C,ITM-0629,3,3.04
PO-102956,CUST-C,ITM-1010,4,9.25
PO-102956,CUST-C,ITM-1015,5,4.34
PO-102956,CUST-C,ITM-1022,6,5.11
PO-102957,CUST-F,ITM-0632,4,4.21
PO-102957,CUST-F,ITM-0942,4,0.35
PO-102957,CUST-F,ITM-1015,12,4.65
PO-102958,CUST-A,ITM-0201,1,4.34
PO-102958,CUST-A,ITM-0309,12,2.04
PO-102958,CUST-A,ITM-0416,4,2.79
PO-102958,CUST-A,ITM-0433,10,1.20
PO-102958,CUST-A,ITM-0914,10,1.59
PO-102958,CUST-A,ITM-0928,24,0.76
PO-102959,CUST-B,ITM-0235,2,1.73
PO-102959,CUST-B,ITM-0437,2,2.00
PO-102959,CUST-B,ITM-0902,12,4.25
PO-102959,CUST-B,ITM-0922,2,5.97
PO-102960,CUST-B,ITM-0243,2,0.73
PO-102960,CUST-B,ITM-0306,24,0.95
PO-102960,CUST-B,ITM-0929,4,1.19
PO-102961,CUST-A,ITM-0228,12,3.98
PO-102961,CUST-A,ITM-0231,6,4.45
PO-102961,CUST-A,ITM-0426,6,22.92
PO-102961,CUST-A,ITM-0433,1,1.19
PO-102962,CUST-C,ITM-0225,10,2.43
PO-102962,CUST-C,ITM-0414,4,2.06
PO-102962,CUST-C,ITM-0426,6,25.64
PO-102962,CUST-C,ITM-0604,6,13.16
PO-102962,CUST-C,ITM-0922,4,6.26
PO-102963,CUST-A,ITM-0201,1,4.08
PO-102963,CUST-A,ITM-0220,4,2.59
PO-102963,CUST-A,ITM-0228,1,4.61
PO-102963,CUST-A,ITM-0327,2,2.36
PO-102963,CUST-A,ITM-1018,12,5.20
PO-102964,CUST-A,ITM-0250,2,56.96
PO-102964,CUST-A,ITM-0430,4,0.44
PO-102964,CUST-A,ITM-0902,4,4.20
PO-102965,CUST-D,ITM-0527,10,9.48
PO-102966,CUST-A,ITM-0201,24,3.84
PO-102966,CUST-A,ITM-0440,1,24.42
PO-102966,CUST-A,ITM-0610,24,2.05
PO-102966,CUST-A,ITM-1015,12,4.17
PO-102967,CUST-A,ITM-0104,4,68.76
PO-102967,CUST-A,ITM-0250,10,60.21
PO-102967,CUST-A,ITM-0306,2,0.98
PO-102967,CUST-A,ITM-0408,50,4.34
PO-102967,CUST-A,ITM-0612,6,4.08
PO-102968,CUST-A,ITM-0610,10,2.17
PO-102968,CUST-A,ITM-0907,2,0.65
PO-102968,CUST-A,ITM-1001,3,0.97
PO-102969,CUST-A,ITM-0237,2,3.23
PO-102969,CUST-A,ITM-0629,2,3.24
PO-102969,CUST-A,ITM-0815,10,7.88
PO-102969,CUST-A,ITM-0947,24,0.43
PO-102970,CUST-G,ITM-0220,12,2.69
PO-102970,CUST-G,ITM-0254,2,1.59
PO-102970,CUST-G,ITM-0623,6,2.62
PO-102970,CUST-G,ITM-0809,6,2.55
PO-102970,CUST-G,ITM-1015,4,4.42
PO-102971,CUST-B,ITM-0235,24,1.73
PO-102971,CUST-B,ITM-0416,4,2.93
PO-102971,CUST-B,ITM-0715,4,75.34
PO-102971,CUST-B,ITM-0915,24,2.70
PO-102971,CUST-B,ITM-0935,6,40.58
PO-102972,CUST-A,ITM-0250,4,56.86
PO-102972,CUST-A,ITM-0326,10,2.51
PO-102972,CUST-A,ITM-0416,2,2.74
PO-102972,CUST-A,ITM-0433,4,1.23
PO-102972,CUST-A,ITM-1011,24,3.67
PO-102973,CUST-A,ITM-0913,12,1.34
PO-102973,CUST-A,ITM-1014,10,2.58
PO-102974,CUST-B,ITM-0416,2,3.02
PO-102974,CUST-B,ITM-0430,1,0.53
PO-102974,CUST-B,ITM-0440,6,25.99
PO-102974,CUST-B,ITM-0604,10,12.77
PO-102974,CUST-B,ITM-0632,6,3.94
PO-102975,CUST-E,ITM-1008,12,1.34
PO-102975,CUST-E,ITM-1010,1,9.73
PO-102976,CUST-H,ITM-1003,50,1.14
PO-102977,CUST-E,ITM-0250,12,59.24
PO-102977,CUST-E,ITM-0404,12,3.34
PO-102977,CUST-E,ITM-0612,10,4.11
PO-102979,CUST-D,ITM-0257,20,0.68
PO-102979,CUST-D,ITM-0426,10,25.37
PO-102979,CUST-D,ITM-1015,10,4.47
PO-102980,CUST-A,ITM-0229,24,1.45
PO-102980,CUST-A,ITM-0426,1,24.19
PO-102980,CUST-A,ITM-0433,1,1.09
PO-102980,CUST-A,ITM-1017,1,3.02
PO-102981,CUST-B,ITM-0225,1,2.50
PO-102981,CUST-B,ITM-0237,4,3.35
PO-102981,CUST-B,ITM-0632,2,4.23
PO-102982,CUST-A,ITM-0629,6,2.96
PO-102982,CUST-A,ITM-0808,1,1.76
PO-102982,CUST-A,ITM-1022,6,5.36
PO-102983,CUST-B,ITM-0220,4,2.63
PO-102983,CUST-B,ITM-0309,5,2.01
PO-102983,CUST-B,ITM-0403,3,2.46
PO-102983,CUST-B,ITM-0426,1,26.04
PO-102983,CUST-B,ITM-0612,1,3.98
PO-102984,CUST-A,ITM-0306,1,0.94
PO-102984,CUST-A,ITM-0440,1,26.12
PO-102984,CUST-A,ITM-0621,24,3.89
PO-102984,CUST-A,ITM-0907,24,0.67
PO-102984,CUST-A,ITM-0939,4,16.18
PO-102984,CUST-A,ITM-1001,1,1.06
PO-102985,CUST-B,ITM-0257,10,0.73
PO-102985,CUST-B,ITM-0414,1,1.87
PO-102985,CUST-B,ITM-1017,6,3.16
PO-102986,CUST-E,ITM-0612,12,4.08
PO-102987,CUST-A,ITM-0929,4,1.14
PO-102988,CUST-B,ITM-0220,50,2.55
PO-102989,CUST-F,ITM-0805,6,32.21
PO-102990,CUST-D,ITM-0412,1,1.08
PO-102990,CUST-D,ITM-0627,10,7.55
PO-102990,CUST-D,ITM-0914,12,1.49
PO-102990,CUST-D,ITM-1006,6,1.22
PO-102991,CUST-B,ITM-0922,1,5.07
PO-102991,CUST-D,ITM-0224,6,1.46
PO-102991,CUST-D,ITM-0446,4,21.20
PO-102991,CUST-D,ITM-0604,4,12.44
PO-102991,CUST-D,ITM-0629,4,3.06
PO-102991,CUST-D,ITM-1014,3,2.55
PO-102992,CUST-D,ITM-1015,4,4.42
PO-102993,CUST-H,ITM-0612,10,3.94
PO-102994,CUST-B,ITM-0104,24,64.23
PO-102994,CUST-B,ITM-0604,10,13.49
PO-102994,CUST-B,ITM-0628,24,0.15
PO-102995,CUST-C,ITM-0208,4,5.55
PO-102995,CUST-C,ITM-0225,6,2.40
PO-102995,CUST-C,ITM-0413,4,1.62
PO-102995,CUST-C,ITM-0414,10,1.93
PO-102995,CUST-C,ITM-0426,4,27.96
PO-102995,CUST-C,ITM-1010,6,10.15
PO-102996,CUST-D,ITM-0220,1,2.85
PO-102996,CUST-D,ITM-0408,2,5.46
PO-102996,CUST-D,ITM-1011,4,4.01
PO-102997,CUST-B,ITM-0517,6,41.23
PO-102997,CUST-B,ITM-0737,1,77.69
PO-102998,CUST-D,ITM-0229,24,1.58
PO-102998,CUST-D,ITM-0426,12,25.21
PO-102999,CUST-D,ITM-1003,24,1.14
PO-103000,CUST-D,ITM-0922,2,5.54
PO-103001,CUST-A,ITM-0535,12,8.99
PO-103001,CUST-A,ITM-0922,6,6.23
PO-103002,CUST-E,ITM-0430,4,0.53
PO-103002,CUST-E,ITM-1015,6,4.14
PO-103003,CUST-G,ITM-0629,1,3.27
PO-103004,CUST-D,ITM-0517,2,39.31
PO-103004,CUST-D,ITM-0605,4,14.65
PO-103005,CUST-D,ITM-0426,1,22.39
PO-103007,CUST-B,ITM-0306,1,1.00
PO-103007,CUST-B,ITM-0611,4,3.73
PO-103007,CUST-B,ITM-0914,4,1.62
PO-103009,CUST-H,ITM-0435,3,1.55
PO-103009,CUST-H,ITM-0612,24,3.79
PO-103009,CUST-H,ITM-0627,4,7.17
PO-103009,CUST-H,ITM-0629,1,3.03
PO-103010,CUST-E,ITM-0309,6,1.97
PO-103010,CUST-E,ITM-0310,1,4.62
PO-103011,CUST-E,ITM-0255,24,1.62
PO-103011,CUST-E,ITM-0306,2,1.04
PO-103011,CUST-E,ITM-0605,12,16.73
PO-103011,CUST-E,ITM-0612,12,4.48
PO-103011,CUST-E,ITM-0737,1,75.85
PO-103012,CUST-A,ITM-0612,10,3.92
PO-103012,CUST-A,ITM-1015,1,4.58
PO-103013,CUST-D,ITM-0220,10,2.62
PO-103013,CUST-D,ITM-0517,1,39.21
PO-103014,CUST-D,ITM-0434,4,1.48
PO-103014,CUST-D,ITM-0605,4,15.24
PO-103014,CUST-D,ITM-0904,6,0.33
PO-103014,CUST-D,ITM-0913,2,1.37
PO-103014,CUST-D,ITM-0922,1,6.08
PO-103015,CUST-B,ITM-0433,24,1.17
PO-103015,CUST-B,ITM-0511,2,26.01
PO-103015,CUST-B,ITM-0611,1,3.27
PO-103015,CUST-B,ITM-0623,10,2.54
PO-103016,CUST-A,ITM-0306,4,0.95
PO-103016,CUST-A,ITM-0311,6,6.64
PO-103016,CUST-A,ITM-0437,24,1.86
PO-103016,CUST-A,ITM-0440,2,25.71
PO-103016,CUST-A,ITM-0621,10,4.16
PO-103016,CUST-A,ITM-0928,4,0.75
PO-103017,CUST-A,ITM-0426,2,25.05
PO-103017,CUST-A,ITM-0433,6,1.16
PO-103017,CUST-A,ITM-0434,1,1.43
PO-103017,CUST-A,ITM-0604,10,12.09
PO-103018,CUST-D,ITM-0605,1,17.60
PO-103018,CUST-D,ITM-0940,10,22.39
PO-103018,CUST-D,ITM-1017,1,3.42
PO-103019,CUST-A,ITM-0628,12,0.15
PO-103019,CUST-A,ITM-0928,2,0.75
PO-103020,CUST-E,ITM-0527,10,9.26
PO-103020,CUST-E,ITM-0612,4,4.39
PO-103020,CUST-E,ITM-0628,2,0.16
PO-103020,CUST-E,ITM-0927,4,0.58
PO-103021,CUST-B,ITM-0211,24,11.81
PO-103021,CUST-B,ITM-0229,10,1.70
PO-103021,CUST-B,ITM-0426,12,25.19
PO-103021,CUST-B,ITM-0612,4,4.09
PO-103021,CUST-B,ITM-0808,3,1.86
PO-103022,CUST-B,ITM-0431,50,0.75
PO-103022,CUST-B,ITM-0721,2,36.48
PO-103023,CUST-A,ITM-0434,1,1.41
PO-103024,CUST-B,ITM-0220,12,2.80
PO-103025,CUST-E,ITM-0403,24,2.57
PO-103025,CUST-E,ITM-0612,5,4.16
PO-103025,CUST-E,ITM-0914,4,1.54
PO-103026,CUST-A,ITM-0254,2,1.55
PO-103026,CUST-A,ITM-0403,4,2.51
PO-103026,CUST-A,ITM-0612,1,3.94
PO-103027,CUST-A,ITM-0433,4,1.05
PO-103028,CUST-B,ITM-0737,20,74.39
PO-103028,CUST-B,ITM-0808,6,1.79
PO-103028,CUST-B,ITM-0902,1,44.20
PO-103028,CUST-B,ITM-0929,1,1.24
PO-103028,CUST-B,ITM-1014,10,2.54
PO-103029,CUST-B,ITM-0211,50,11.66
PO-103029,CUST-B,ITM-0733,2,23.77
PO-103029,CUST-B,ITM-0808,2,1.93
PO-103029,CUST-B,ITM-1001,4,1.08
PO-103030,CUST-E,ITM-0737,1,75.17
PO-103030,CUST-E,ITM-0808,2,1.89
PO-103031,CUST-A,ITM-0908,1,0.92
PO-103032,CUST-D,ITM-0627,6,7.18
PO-103032,CUST-D,ITM-0808,6,1.78
PO-103032,CUST-D,ITM-0902,6,4.26
PO-103032,CUST-D,ITM-0913,4,1.43
PO-103032,CUST-D,ITM-1015,2,4.05
PO-103033,CUST-H,ITM-0604,12,12.50
PO-103033,CUST-H,ITM-0632,12,4.17
PO-103034,CUST-F,ITM-0628,10,0.15
PO-103034,CUST-F,ITM-0927,50,0.50
PO-103035,CUST-A,ITM-0201,2,4.10
PO-103035,CUST-A,ITM-0442,1,17.74
PO-103035,CUST-A,ITM-0611,4,2.95
PO-103035,CUST-A,ITM-0903,1,0.21
PO-103035,CUST-A,ITM-0940,4,18.40
PO-103036,CUST-D,ITM-0421,4,20.20
PO-103036,CUST-D,ITM-0433,1,1.28
PO-103037,CUST-B,ITM-0235,10,1.76
PO-103037,CUST-B,ITM-0610,1,2.46
PO-103037,CUST-B,ITM-0917,24,3.74
PO-103037,CUST-B,ITM-1015,10,4.45
PO-103038,CUST-A,ITM-0237,1,3.10
PO-103038,CUST-A,ITM-0311,50,6.27
PO-103038,CUST-A,ITM-0314,6,2.53
PO-103038,CUST-A,ITM-0416,10,2.84
PO-103038,CUST-A,ITM-0416,10,2.84
PO-103039,CUST-A,ITM-0104,4,62.29
PO-103039,CUST-A,ITM-0250,4,57.75
PO-103039,CUST-A,ITM-0306,6,0.91
PO-103039,CUST-A,ITM-0612,6,4.00
PO-103039,CUST-A,ITM-1001,6,0.99
PO-103040,CUST-F,ITM-0938,10,13.14
PO-103041,CUST-B,ITM-0104,6,74.97
PO-103041,CUST-B,ITM-0231,4,5.05
PO-103041,CUST-B,ITM-0604,1,14.20
PO-103041,CUST-B,ITM-0632,6,4.37
PO-103041,CUST-B,ITM-0927,4,0.56
PO-103042,CUST-A,ITM-0237,1,2.98
PO-103042,CUST-A,ITM-0611,4,3.09
PO-103042,CUST-A,ITM-0632,6,4.18
PO-103043,CUST-B,ITM-0306,6,0.98
PO-103043,CUST-B,ITM-0430,2,0.50
PO-103043,CUST-B,ITM-0621,10,4.06
PO-103044,CUST-F,ITM-0938,1,14.82
PO-103045,CUST-C,ITM-0414,24,1.75
PO-103045,CUST-C,ITM-0629,1,3.30
PO-103046,CUST-B,ITM-0416,6,2.85
PO-103046,CUST-B,ITM-0416,6,2.85
PO-103046,CUST-B,ITM-0433,10,1.35
PO-103046,CUST-B,ITM-0914,6,1.60
PO-103046,CUST-B,ITM-1021,4,5.01
PO-103047,CUST-A,ITM-0621,1,3.89
PO-103048,CUST-F,ITM-0104,12,72.65
PO-103048,CUST-F,ITM-0421,24,16.55
PO-103050,CUST-B,ITM-0228,1,4.76
PO-103050,CUST-B,ITM-0237,2,3.29
PO-103050,CUST-B,ITM-0402,2,1.87
PO-103050,CUST-B,ITM-0416,1,2.71
PO-103050,CUST-B,ITM-0909,10,0.97
PO-103051,CUST-D,ITM-0211,1,12.27
PO-103051,CUST-D,ITM-0414,4,1.79
PO-103051,CUST-D,ITM-0414,4,1.79
PO-103051,CUST-D,ITM-0733,4,23.39
PO-103052,CUST-E,ITM-0220,12,2.42
PO-103052,CUST-E,ITM-0237,1,3.26
PO-103052,CUST-E,ITM-0904,4,0.34
PO-103053,CUST-F,ITM-0614,2,5.91
PO-103053,CUST-F,ITM-0632,2,4.11
PO-103054,CUST-A,ITM-0612,10,3.89
PO-103055,CUST-F,ITM-0243,3,0.76
PO-103055,CUST-F,ITM-0433,1,1.32
PO-103055,CUST-F,ITM-0527,1,9.86
PO-103055,CUST-F,ITM-0902,1,4.44
PO-103056,CUST-A,ITM-0920,4,2.86
PO-103056,CUST-A,ITM-0939,4,14.35
PO-103058,CUST-A,ITM-0201,24,3.92
PO-103058,CUST-A,ITM-0402,1,1.87
PO-103058,CUST-A,ITM-0433,6,1.25
PO-103059,CUST-G,ITM-0243,4,0.75
PO-103059,CUST-G,ITM-0446,10,22.69
PO-103059,CUST-G,ITM-0628,2,0.15
PO-103060,CUST-F,ITM-0437,2,2.03
PO-103060,CUST-F,ITM-1001,4,1.02
PO-103061,CUST-H,ITM-0237,4,3.36
PO-103063,CUST-B,ITM-0426,10,25.76
PO-103063,CUST-B,ITM-0808,20,1.86
PO-103063,CUST-B,ITM-0911,1,1.33
PO-103064,CUST-F,ITM-0612,4,4.45
PO-103064,CUST-F,ITM-0628,2,0.17
PO-103065,CUST-A,ITM-0621,10,4.01
PO-103065,CUST-A,ITM-0808,24,1.72
PO-103066,CUST-A,ITM-0253,5,1.19
PO-103066,CUST-A,ITM-0306,10,0.94
PO-103066,CUST-A,ITM-0310,10,4.50
PO-103067,CUST-B,ITM-0228,2,4.08
PO-103067,CUST-B,ITM-0414,1,1.84
PO-103067,CUST-B,ITM-0611,10,3.21
PO-103067,CUST-B,ITM-0943,2,22.95
PO-103068,CUST-B,ITM-0903,5,0.22
PO-103069,CUST-B,ITM-0426,12,24.54
PO-103070,CUST-A,ITM-0220,4,2.78
PO-103070,CUST-A,ITM-0328,2,3.10
PO-103070,CUST-A,ITM-0403,10,2.32
PO-103070,CUST-A,ITM-0432,10,0.91
PO-103071,CUST-B,ITM-0309,3,1.93
PO-103071,CUST-B,ITM-0328,12,3.34
PO-103071,CUST-B,ITM-0426,1,25.98
PO-103073,CUST-A,ITM-0434,10,1.45
PO-103073,CUST-A,ITM-0721,12,30.90
PO-103073,CUST-A,ITM-0808,10,1.58
PO-103073,CUST-A,ITM-0922,4,5.83
PO-103073,CUST-A,ITM-1014,20,2.38
PO-103073,CUST-G,ITM-0913,50,1.12
PO-103074,CUST-D,ITM-0434,3,1.47
PO-103074,CUST-D,ITM-0808,2,1.95
PO-103074,CUST-D,ITM-1015,2,4.46
PO-103075,CUST-A,ITM-0231,1,4.45
PO-103075,CUST-A,ITM-0426,24,23.29
PO-103075,CUST-A,ITM-0604,4,12.03
PO-103075,CUST-A,ITM-0611,10,3.21
PO-103076,CUST-B,ITM-0430,24,0.48
PO-103076,CUST-B,ITM-1014,1,2.51
PO-103076,CUST-B,ITM-1015,1,4.35
PO-103077,CUST-B,ITM-0433,4,1.24
PO-103077,CUST-B,ITM-0434,10,1.46
PO-103078,CUST-C,ITM-0220,12,2.80
PO-103078,CUST-C,ITM-0254,2,1.69
PO-103079,CUST-B,ITM-0201,2,4.56
PO-103079,CUST-B,ITM-0243,2,0.80
PO-103079,CUST-B,ITM-0442,1,21.73
PO-103079,CUST-B,ITM-0721,1,39.14
PO-103079,CUST-B,ITM-0914,4,1.62
PO-103079,CUST-B,ITM-0929,2,1.29
PO-103080,CUST-C,ITM-0434,4,1.52
PO-103080,CUST-C,ITM-0620,6,3.11
PO-103080,CUST-C,ITM-0629,4,3.14
PO-103080,CUST-C,ITM-1017,1,3.54
PO-103081,CUST-B,ITM-0208,1,5.26
PO-103081,CUST-B,ITM-0412,1,1.16
PO-103081,CUST-B,ITM-0426,12,26.55
PO-103081,CUST-B,ITM-0910,12,1.12
PO-103082,CUST-D,ITM-0219,4,1.78
PO-103082,CUST-D,ITM-0220,1,2.80
PO-103082,CUST-D,ITM-0246,24,2.03
PO-103082,CUST-D,ITM-0306,6,1.00
PO-103082,CUST-D,ITM-0517,4,40.01
PO-103082,CUST-D,ITM-0612,24,3.93
PO-103083,CUST-A,ITM-0403,1,2.30
PO-103083,CUST-A,ITM-0426,6,23.81
PO-103083,CUST-A,ITM-0433,2,1.09
PO-103083,CUST-A,ITM-0612,20,3.60
PO-103083,CUST-A,ITM-1011,24,3.15
PO-103084,CUST-H,ITM-0255,2,1.79
PO-103084,CUST-H,ITM-0517,4,46.28
PO-103085,CUST-C,ITM-0228,6,4.65
PO-103085,CUST-C,ITM-0253,1,1.34
PO-103085,CUST-C,ITM-0929,1,1.27
PO-103085,CUST-C,ITM-1011,4,4.21
PO-103086,CUST-B,ITM-0612,10,4.24
PO-103087,CUST-B,ITM-0243,4,0.73
PO-103087,CUST-B,ITM-0311,2,7.79
PO-103087,CUST-B,ITM-0808,4,2.05
PO-103087,CUST-B,ITM-1001,6,1.10
PO-103089,CUST-H,ITM-0612,2,4.48
PO-103090,CUST-D,ITM-0421,12,19.69
PO-103090,CUST-D,ITM-0527,3,9.83
PO-103091,CUST-D,ITM-0425,10,24.41
PO-103091,CUST-D,ITM-0434,4,1.55
PO-103091,CUST-D,ITM-0517,1,39.87
PO-103091,CUST-D,ITM-0808,1,1.79
PO-103091,CUST-D,ITM-0902,4,4.33
PO-103091,CUST-D,ITM-0922,24,5.78
PO-103092,CUST-G,ITM-0306,12,0.99
PO-103093,CUST-A,ITM-0612,5,3.80
PO-103093,CUST-A,ITM-0737,24,61.11
PO-103094,CUST-B,ITM-0902,2,4.75
PO-103095,CUST-C,ITM-0311,1,7.09
PO-103096,CUST-B,ITM-0224,10,1.51
PO-103096,CUST-B,ITM-0604,4,12.62
PO-103096,CUST-B,ITM-0632,10,4.39
PO-103096,CUST-B,ITM-0942,50,0.31
PO-103097,CUST-A,ITM-0237,4,3.05
PO-103097,CUST-A,ITM-0907,2,0.65
PO-103098,CUST-D,ITM-0237,6,3.30
PO-103098,CUST-D,ITM-0311,1,7.53
PO-103098,CUST-D,ITM-0327,3,2.50
PO-103098,CUST-D,ITM-0621,4,4.45
PO-103098,CUST-D,ITM-1018,4,
PO-103099,CUST-B,ITM-0220,4,2.59
PO-103099,CUST-B,ITM-0228,4,4.76
PO-103099,CUST-B,ITM-0237,10,3.06
PO-103099,CUST-B,ITM-0903,10,0.21
PO-103100,CUST-D,ITM-0228,2,4.86
PO-103100,CUST-D,ITM-0237,10,3.25
PO-103100,CUST-D,ITM-0621,10,4.08
PO-103100,CUST-D,ITM-0632,4,4.12
PO-103101,CUST-E,ITM-0446,4,20.86
PO-103101,CUST-E,ITM-0611,2,3.43
PO-103101,CUST-E,ITM-0942,1,0.34
PO-103103,CUST-B,ITM-0627,2,7.56
PO-103103,CUST-B,ITM-0913,1,1.48
PO-103103,CUST-B,ITM-1001,2,1.02
PO-103104,CUST-A,ITM-0201,3,4.14
PO-103104,CUST-A,ITM-0311,2,6.87
PO-103104,CUST-A,ITM-0311,2,6.87
PO-103105,CUST-D,ITM-0922,1,6.03
PO-103106,CUST-F,ITM-0220,6,2.62
PO-103106,CUST-F,ITM-0426,10,26.83
PO-103106,CUST-F,ITM-0623,1,2.61
PO-103106,CUST-F,ITM-1015,6,4.63
PO-103107,CUST-G,ITM-0808,6,2.03
PO-103108,CUST-B,ITM-0250,1,60.58
PO-103109,CUST-A,ITM-0618,4,4.27
PO-103109,CUST-A,ITM-0621,4,3.83
PO-103110,CUST-C,ITM-0425,6,25.91
PO-103110,CUST-C,ITM-0434,4,1.47
PO-103110,CUST-C,ITM-0437,12,2.03
PO-103110,CUST-C,ITM-0517,10,40.02
PO-103110,CUST-C,ITM-0605,4,16.56
PO-103110,CUST-C,ITM-0902,2,4.26
PO-103111,CUST-H,ITM-0715,2,72.74
PO-103111,CUST-H,ITM-0808,10,1.98
PO-103112,CUST-B,ITM-0917,20,3.64
PO-103113,CUST-B,ITM-0211,4,13.83
PO-103113,CUST-B,ITM-0403,4,2.76
PO-103113,CUST-B,ITM-0815,2,9.09
PO-103113,CUST-B,ITM-0904,4,0.34
PO-103113,CUST-B,ITM-0904,4,0.34
PO-103114,CUST-G,ITM-0254,1,1.77
PO-103115,CUST-B,ITM-0442,10,20.65
PO-103115,CUST-B,ITM-0614,4,6.31
PO-103115,CUST-B,ITM-0904,10,0.36
PO-103116,CUST-A,ITM-1011,2,3.84
PO-103117,CUST-E,ITM-0430,2,0.48
PO-103117,CUST-E,ITM-0808,2,1.85
PO-103117,CUST-E,ITM-0916,4,13.33
PO-103118,CUST-D,ITM-0414,24,1.71
PO-103118,CUST-D,ITM-0426,2,23.52
PO-103118,CUST-D,ITM-0612,10,3.72
PO-103118,CUST-D,ITM-0627,4,7.30
PO-103119,CUST-A,ITM-0434,24,1.41
PO-103119,CUST-A,ITM-0808,1,1.75
PO-103119,CUST-A,ITM-0902,24,4.26
PO-103119,CUST-A,ITM-0929,4,1.07
PO-103120,CUST-A,ITM-0228,2,4.13
PO-103120,CUST-A,ITM-0421,2,18.40
PO-103120,CUST-A,ITM-0929,1,1.23
PO-103121,CUST-B,ITM-0421,1,17.55
PO-103121,CUST-B,ITM-0621,12,4.21
PO-103121,CUST-B,ITM-0808,4,1.89
PO-103121,CUST-B,ITM-1001,10,1.14
PO-103121,CUST-B,ITM-1014,2,2.65
PO-103122,CUST-D,ITM-0610,24,2.20
PO-103122,CUST-D,ITM-1015,24,4.42
PO-103123,CUST-B,ITM-0629,6,2.92
PO-103124,CUST-B,ITM-0243,6,0.82
PO-103124,CUST-B,ITM-0313,1,4.52
PO-103124,CUST-B,ITM-0604,6,13.85
PO-103124,CUST-B,ITM-1014,2,2.65
PO-103124,CUST-B,ITM-1015,6,4.66
PO-103126,CUST-C,ITM-0408,2,5.57
PO-103126,CUST-C,ITM-0629,50,3.04
PO-103126,CUST-C,ITM-1011,6,4.23
PO-103127,CUST-H,ITM-0511,1,26.35
PO-103127,CUST-H,ITM-0611,4,3.51
PO-103127,CUST-H,ITM-0621,2,4.29
PO-103127,CUST-H,ITM-0928,20,0.86
PO-103128,CUST-D,ITM-0246,5,2.06
PO-103128,CUST-D,ITM-0404,24,3.19
PO-103128,CUST-D,ITM-1001,4,1.10
PO-103129,CUST-E,ITM-0243,4,0.69
PO-103129,CUST-E,ITM-0306,3,0.93
PO-103129,CUST-E,ITM-1014,2,2.55
PO-103130,CUST-A,ITM-0612,12,3.73
PO-103130,CUST-A,ITM-0629,3,3.09
PO-103130,CUST-A,ITM-0815,2,8.28
PO-103131,CUST-E,ITM-0611,4,3.76
PO-103131,CUST-E,ITM-1006,4,1.41
PO-103132,CUST-H,ITM-0220,4,2.75
PO-103132,CUST-H,ITM-0403,1,2.59
PO-103132,CUST-H,ITM-0612,5,3.95
PO-103132,CUST-H,ITM-0618,6,4.24
PO-103132,CUST-H,ITM-1003,12,1.15
PO-103132,CUST-H,ITM-1015,2,4.29
PO-103134,CUST-D,ITM-0201,4,4.32
PO-103134,CUST-D,ITM-0250,2,60.22
PO-103135,CUST-A,ITM-0237,6,3.31
PO-103135,CUST-A,ITM-0621,12,3.88
PO-103135,CUST-A,ITM-0938,1,12.58
PO-103136,CUST-D,ITM-0815,6,8.14
PO-103137,CUST-A,ITM-0426,6,25.11
PO-103137,CUST-A,ITM-0612,4,4.14
PO-103137,CUST-A,ITM-1015,4,4.42
PO-103138,CUST-G,ITM-1022,1,5.54
PO-103139,CUST-A,ITM-0237,2,2.70
PO-103139,CUST-A,ITM-0306,12,0.95
PO-103139,CUST-A,ITM-0535,24,7.95
PO-103139,CUST-A,ITM-1015,6,4.14
PO-103140,CUST-A,ITM-0426,1,23.00
PO-103140,CUST-A,ITM-0612,4,3.91
PO-103140,CUST-A,ITM-0623,10,2.36
PO-103140,CUST-A,ITM-1003,2,1.08
PO-103140,CUST-A,ITM-1015,10,4.44
PO-103141,CUST-B,ITM-0201,6,4.23
PO-103141,CUST-B,ITM-0219,10,1.85
PO-103141,CUST-B,ITM-0230,2,3.07
PO-103141,CUST-B,ITM-0929,1,1.18
PO-103141,CUST-B,ITM-1018,1,5.40
PO-103142,CUST-D,ITM-0511,2,25.23
PO-103142,CUST-D,ITM-0929,4,1.09
PO-103142,CUST-D,ITM-1014,6,2.60
PO-103143,CUST-B,ITM-0220,20,2.67
PO-103143,CUST-B,ITM-0612,20,4.44
PO-103144,CUST-A,ITM-0433,5,1.20
PO-103145,CUST-A,ITM-0235,4,1.60
PO-103145,CUST-A,ITM-0437,4,2.02
PO-103145,CUST-A,ITM-0605,24,15.37
PO-103145,CUST-A,ITM-0737,24,67.40
PO-103145,CUST-A,ITM-0902,20,4.19
PO-103145,CUST-A,ITM-0929,1,1.10
PO-103146,CUST-D,ITM-0326,5,2.75
PO-103147,CUST-F,ITM-0311,10,7.07
PO-103147,CUST-F,ITM-0618,1,4.08
PO-103147,CUST-F,ITM-0621,2,4.21
PO-103147,CUST-F,ITM-0939,4,15.47
PO-103148,CUST-G,ITM-0104,2,74.32
PO-103148,CUST-G,ITM-0433,6,1.21
PO-103149,CUST-B,ITM-0413,3,1.68
PO-103150,CUST-D,ITM-0228,6,4.68
PO-103150,CUST-D,ITM-0414,10,1.91
PO-103151,CUST-F,ITM-0403,20,2.60
PO-103151,CUST-F,ITM-0433,4,1.20
PO-103151,CUST-F,ITM-0612,12,4.07
PO-103152,CUST-H,ITM-0237,6,3.10
PO-103152,CUST-H,ITM-0939,5,15.68
PO-103153,CUST-B,ITM-0254,1,1.66
PO-103153,CUST-B,ITM-0311,4,7.02
PO-103153,CUST-B,ITM-1014,1,2.67
PO-103154,CUST-E,ITM-0311,5,6.96
PO-103154,CUST-E,ITM-0403,10,2.45
PO-103154,CUST-E,ITM-0417,4,53.98
PO-103154,CUST-E,ITM-0629,10,3.26
PO-103154,CUST-E,ITM-0904,2,0.35
PO-103155,CUST-B,ITM-0243,1,0.70
PO-103155,CUST-B,ITM-0618,20,4.03
PO-103155,CUST-B,ITM-0808,1,1.89
PO-103155,CUST-B,ITM-0808,1,1.89
PO-103156,CUST-G,ITM-0201,50,4.06
PO-103156,CUST-G,ITM-0306,12,0.98
PO-103156,CUST-G,ITM-0611,6,3.51
PO-103156,CUST-G,ITM-1008,2,1.45
PO-103156,CUST-G,ITM-1018,10,5.54
PO-103157,CUST-C,ITM-0201,10,4.22
PO-103157,CUST-C,ITM-0310,6,4.49
PO-103157,CUST-C,ITM-0310,6,4.49
PO-103157,CUST-C,ITM-0611,4,3.14
PO-103158,CUST-B,ITM-0104,10,71.03
PO-103158,CUST-B,ITM-0809,6,2.38
PO-103159,CUST-G,ITM-0309,6,2.09
PO-103159,CUST-G,ITM-0404,10,3.49
PO-103159,CUST-G,ITM-0611,2,3.68
PO-103159,CUST-G,ITM-0623,50,2.50
PO-103159,CUST-G,ITM-1001,6,1.11
PO-103159,CUST-G,ITM-1003,10,1.13
PO-103160,CUST-C,ITM-0326,1,2.63
PO-103160,CUST-C,ITM-1015,12,4.49
PO-103161,CUST-D,ITM-0904,4,0.34
PO-103162,CUST-A,ITM-0431,4,0.81
PO-103162,CUST-A,ITM-0434,10,1.41
PO-103162,CUST-A,ITM-0434,10,1.41
PO-103162,CUST-A,ITM-0511,1,24.99
PO-103162,CUST-A,ITM-0610,4,2.25
PO-103162,CUST-A,ITM-0737,20,71.14
PO-103162,CUST-A,ITM-0929,6,1.17
PO-103163,CUST-D,ITM-0426,4,26.79
PO-103164,CUST-C,ITM-0255,6,1.60
PO-103164,CUST-C,ITM-0404,2,3.15
PO-103164,CUST-C,ITM-0604,6,13.67
PO-103164,CUST-C,ITM-0623,3,2.44
PO-103165,CUST-A,ITM-0612,10,4.01
PO-103166,CUST-B,ITM-0208,12,4.89
PO-103166,CUST-B,ITM-0220,4,2.69
PO-103166,CUST-B,ITM-0229,6,1.57
PO-103166,CUST-B,ITM-0250,5,62.81
PO-103166,CUST-B,ITM-0251,50,2.33
PO-103166,CUST-B,ITM-0612,3,4.01
PO-103167,CUST-A,ITM-0611,50,3.06
PO-103167,CUST-A,ITM-1006,1,1.32
PO-103168,CUST-C,ITM-0228,10,4.61
PO-103168,CUST-C,ITM-0408,10,5.02
PO-103168,CUST-C,ITM-0629,6,3.08
PO-103168,CUST-C,ITM-1018,1,5.27
PO-103169,CUST-A,ITM-0623,3,2.56
PO-103169,CUST-A,ITM-0627,10,7.37
PO-103170,CUST-F,ITM-0306,2,1.05
PO-103170,CUST-F,ITM-0939,1,16.61
PO-103171,CUST-B,ITM-0104,10,66.28
PO-103171,CUST-B,ITM-0220,4,2.73
PO-103171,CUST-B,ITM-0612,24,3.91
PO-103171,CUST-B,ITM-0909,2,0.92
PO-103172,CUST-A,ITM-0610,10,2.22
PO-103173,CUST-B,ITM-0306,50,0.86
PO-103173,CUST-B,ITM-0632,4,4.24
PO-103173,CUST-B,ITM-0737,2,78.04
PO-103173,CUST-B,ITM-0922,10,5.80
PO-103174,CUST-D,ITM-0627,6,7.26
PO-103174,CUST-D,ITM-0629,24,2.88
PO-103174,CUST-D,ITM-0733,12,21.60
PO-103174,CUST-D,ITM-0808,2,1.75
PO-103175,CUST-D,ITM-0235,1,1.62
PO-103175,CUST-D,ITM-0246,10,2.17
PO-103175,CUST-D,ITM-0404,12,3.16
PO-103175,CUST-D,ITM-0621,2,4.23
PO-103175,CUST-D,ITM-0947,2,0.44
PO-103175,CUST-D,ITM-1018,12,5.61
PO-103176,CUST-B,ITM-0808,12,1.97
PO-103177,CUST-E,ITM-0220,12,2.99
PO-103177,CUST-E,ITM-0328,24,3.13
PO-103177,CUST-E,ITM-0403,24,2.58
PO-103177,CUST-E,ITM-0426,5,25.38
PO-103177,CUST-E,ITM-0612,24,4.18
PO-103177,CUST-E,ITM-0911,6,1.30
PO-103178,CUST-B,ITM-0219,50,1.77
PO-103178,CUST-B,ITM-0909,1,0.98
PO-103179,CUST-D,ITM-0230,2,2.97
PO-103179,CUST-D,ITM-0306,10,0.89
PO-103179,CUST-D,ITM-0517,10,42.17
PO-103179,CUST-D,ITM-1018,2,4.81
PO-103179,CUST-D,ITM-1019,50,5.81
