po_number,customer_id,vendor_id,order_date,status,item_id,quantity_ordered,unit_price_paid,extended_amount
PO-100000,CUST-A,VEND-06,2024-04-01,Closed,ITM-0431,10,0.72,7.20
PO-100001,CUST-B,VEND-12,2026-05-21,Closed,ITM-0220,10,2.66,26.60
PO-100001,CUST-B,VEND-12,2026-05-21,Closed,ITM-0426,4,26.05,104.20
PO-100001,CUST-B,VEND-12,2026-05-21,Closed,ITM-0612,2,4.71,9.42
PO-100001,CUST-B,VEND-12,2026-05-21,Closed,ITM-1015,12,4.80,57.60
PO-100002,CUST-C,VEND-07,2024-08-31,Received,ITM-0220,2,2.79,5.58
PO-100002,CUST-C,VEND-07,2024-08-31,Received,ITM-0246,6,2.06,12.36
PO-100002,CUST-C,VEND-07,2024-08-31,Received,ITM-0408,2,5.14,10.28
PO-100002,CUST-C,VEND-07,2024-08-31,Received,ITM-0623,1,2.51,2.51
PO-100003,CUST-A,VEND-09,2024-06-28,Closed,ITM-0201,24,3.80,91.20
PO-100003,CUST-A,VEND-09,2024-06-28,Closed,ITM-0442,1,18.89,18.89
PO-100004,CUST-F,VEND-02,2025-01-03,Received,ITM-0311,12,7.17,86.04
PO-100004,CUST-F,VEND-02,2025-01-03,Received,ITM-0431,1,0.80,0.80
PO-100004,CUST-F,VEND-02,2025-01-03,Received,ITM-0815,2,8.25,16.50
PO-100005,CUST-A,VEND-08,2024-04-18,Closed,ITM-0614,6,4.91,29.46
PO-100006,CUST-B,VEND-12,2025-04-25,Received,ITM-0403,1,2.60,2.60
PO-100006,CUST-B,VEND-12,2025-04-25,Received,ITM-0426,2,26.87,53.74
PO-100007,CUST-A,VEND-06,2025-11-04,Cancelled,ITM-0628,2,0.14,0.28
PO-100007,CUST-A,VEND-06,2025-11-04,Cancelled,ITM-1015,12,4.21,50.52
PO-100008,CUST-B,VEND-04,2026-01-08,Received,ITM-0228,12,4.91,58.92
PO-100008,CUST-B,VEND-04,2026-01-08,Received,ITM-0508,6,17.65,105.90
PO-100008,CUST-B,VEND-04,2026-01-08,Received,ITM-0942,24,0.33,7.92
PO-100009,CUST-A,VEND-12,2024-05-29,Closed,ITM-0612,1,3.97,3.97
PO-100009,CUST-A,VEND-12,2024-05-29,Closed,ITM-1015,2,4.25,8.50
PO-100011,CUST-A,VEND-02,2025-05-07,Received,ITM-0903,4,0.20,0.80
PO-100012,CUST-A,VEND-05,2024-06-03,Received,ITM-1006,1,1.19,1.19
PO-100013,CUST-D,VEND-12,2024-11-23,Received,ITM-0432,10,0.99,9.90
PO-100014,CUST-H,VEND-09,2024-02-19,Cancelled,ITM-0243,20,0.72,14.40
PO-100015,CUST-F,VEND-08,2025-04-29,Closed,ITM-0243,24,0.73,17.52
PO-100015,CUST-F,VEND-08,2025-04-29,Closed,ITM-0517,10,43.99,439.90
PO-100015,CUST-F,VEND-08,2025-04-29,Closed,ITM-0632,3,4.27,12.81
PO-100015,CUST-F,VEND-08,2025-04-29,Closed,ITM-0902,4,4.55,18.20
PO-100015,CUST-F,VEND-08,2025-04-29,Closed,ITM-0903,10,0.22,2.20
PO-100016,CUST-A,VEND-12,2025-05-30,Received,ITM-0618,1,3.95,3.95
PO-100016,CUST-A,VEND-12,2025-05-30,Received,ITM-1003,6,1.13,6.78
PO-100017,CUST-B,VEND-12,2026-06-20,Open,ITM-0220,1,3.10,3.10
PO-100017,CUST-B,VEND-12,2026-06-20,Open,ITM-0230,50,3.13,156.50
PO-100017,CUST-B,VEND-12,2026-06-20,Open,ITM-0403,1,2.73,2.73
PO-100017,CUST-B,VEND-12,2026-06-20,Open,ITM-1015,50,4.58,229.00
PO-100018,CUST-H,VEND-12,2026-01-22,Closed,ITM-0230,4,3.33,13.32
PO-100018,CUST-H,VEND-12,2026-01-22,Closed,ITM-0254,24,1.75,42.00
PO-100018,CUST-H,VEND-12,2026-01-22,Closed,ITM-0309,2,2.16,4.32
PO-100018,CUST-H,VEND-12,2026-01-22,Closed,ITM-0612,12,4.17,50.04
PO-100018,CUST-H,VEND-12,2026-01-22,Closed,ITM-1015,12,4.81,57.72
PO-100019,CUST-G,VEND-01,2025-12-20,Received,ITM-0228,10,4.51,45.10
PO-100019,CUST-G,VEND-01,2025-12-20,Received,ITM-0414,10,2.03,20.30
PO-100019,CUST-G,VEND-01,2025-12-20,Received,ITM-0611,1,3.50,3.50
PO-100019,CUST-G,VEND-01,2025-12-20,Received,ITM-0623,4,2.68,10.72
PO-100019,CUST-G,VEND-01,2025-12-20,Received,ITM-0922,2,5.87,11.74
PO-100020,CUST-B,VEND-02,2024-09-02,Received,ITM-0327,10,2.31,23.10
PO-100021,CUST-D,VEND-07,2026-07-21,Open,ITM-0306,2,1.05,2.10
PO-100021,CUST-D,VEND-07,2026-07-21,Open,ITM-0517,24,43.23,1037.52
PO-100021,CUST-D,VEND-07,2026-07-21,Open,ITM-0612,50,4.08,204.00
PO-100022,CUST-H,VEND-07,2026-06-29,Received,ITM-0408,3,5.43,16.29
PO-100022,CUST-H,VEND-07,2026-06-29,Received,ITM-0527,6,9.43,56.58
PO-100022,CUST-H,VEND-07,2026-06-29,Received,ITM-0628,1,0.16,0.16
PO-100022,CUST-H,VEND-07,2026-06-29,Received,ITM-0715,4,80.87,323.48
PO-100022,CUST-H,VEND-07,2026-06-29,Received,ITM-0715,4,80.87,323.48
PO-100022,CUST-H,VEND-07,2026-06-29,Received,ITM-0921,6,4.20,25.20
PO-100022,CUST-H,VEND-07,2026-06-29,Received,ITM-1001,6,1.12,6.72
PO-100023,CUST-B,VEND-08,2026-05-16,Received,ITM-0230,6,3.18,19.08
PO-100023,CUST-B,VEND-08,2026-05-16,Received,ITM-0310,1,4.76,4.76
PO-100023,CUST-B,VEND-08,2026-05-16,Received,ITM-0442,10,21.99,219.90
PO-100023,CUST-B,VEND-08,2026-05-16,Received,ITM-0611,1,3.43,3.43
PO-100023,CUST-B,VEND-08,2026-05-16,Received,ITM-0902,4,4.51,18.04
PO-100024,CUST-H,VEND-10,2025-11-05,Closed,ITM-0434,12,1.56,18.72
PO-100024,CUST-H,VEND-10,2025-11-05,Closed,ITM-0808,6,1.81,10.86
PO-100025,CUST-A,VEND-05,2024-11-19,Received,ITM-0815,4,8.17,32.68
PO-100026,CUST-F,VEND-05,2026-04-26,Received,ITM-0246,12,2.27,27.24
PO-100026,CUST-F,VEND-05,2026-04-26,Received,ITM-0414,6,1.94,11.64
PO-100026,CUST-F,VEND-05,2026-04-26,Received,ITM-0426,12,25.42,305.04
PO-100027,CUST-D,VEND-10,2024-07-31,Closed,ITM-0517,10,40.00,400.00
PO-100027,CUST-D,VEND-10,2024-07-31,Closed,ITM-0737,50,65.98,3299.00
PO-100027,CUST-D,VEND-10,2024-07-31,Closed,ITM-0908,12,0.93,11.16
PO-100027,CUST-D,VEND-10,2024-07-31,Closed,ITM-1014,1,2.60,2.60
PO-100028,CUST-F,VEND-01,2024-12-09,Received,ITM-0426,10,26.34,263.40
PO-100029,CUST-B,VEND-11,2025-03-11,Received,ITM-0433,20,1.15,23.00
PO-100029,CUST-B,VEND-11,2025-03-11,Received,ITM-0943,2,25.81,51.62
PO-100030,CUST-F,VEND-06,2024-02-10,Cancelled,ITM-0431,12,0.79,9.48
PO-100030,CUST-F,VEND-06,2024-02-10,Cancelled,ITM-0604,5,12.58,62.90
PO-100030,CUST-F,VEND-06,2024-02-10,Cancelled,ITM-0629,24,2.97,71.28
PO-100030,CUST-F,VEND-06,2024-02-10,Cancelled,ITM-1015,2,4.40,8.80
PO-100031,CUST-C,VEND-04,2025-10-28,Received,ITM-0224,1,1.52,1.52
PO-100031,CUST-C,VEND-04,2025-10-28,Received,ITM-0224,1,1.52,1.52
PO-100031,CUST-C,VEND-04,2025-10-28,Received,ITM-1022,5,5.81,29.05
PO-100033,CUST-B,VEND-02,2025-12-16,Closed,ITM-0220,4,2.77,11.08
PO-100033,CUST-B,VEND-02,2025-12-16,Closed,ITM-0237,12,3.31,39.72
PO-100033,CUST-B,VEND-02,2025-12-16,Closed,ITM-0246,1,2.23,2.23
PO-100033,CUST-B,VEND-02,2025-12-16,Closed,ITM-0251,1,2.59,2.59
PO-100033,CUST-B,VEND-02,2025-12-16,Closed,ITM-0404,2,3.48,6.96
PO-100033,CUST-B,VEND-02,2025-12-16,Closed,ITM-0629,10,3.11,31.10
PO-100034,CUST-H,VEND-03,2024-12-31,Received,ITM-0243,1,0.73,0.73
PO-100034,CUST-H,VEND-03,2024-12-31,Received,ITM-0808,4,1.86,7.44
PO-100034,CUST-H,VEND-03,2024-12-31,Received,ITM-1014,2,2.60,5.20
PO-100035,CUST-A,VEND-01,2024-02-25,Closed,ITM-0426,10,23.22,232.20
PO-100035,CUST-A,VEND-01,2024-02-25,Closed,ITM-0433,2,1.13,2.26
PO-100035,CUST-A,VEND-01,2024-02-25,Closed,ITM-0623,24,2.23,53.52
PO-100035,CUST-A,VEND-01,2024-02-25,Closed,ITM-0939,4,12.90,51.60
PO-100036,CUST-G,VEND-06,2024-09-20,Closed,ITM-0446,5,22.62,113.10
PO-100036,CUST-G,VEND-06,2024-09-20,Closed,ITM-0614,24,5.51,132.24
PO-100036,CUST-G,VEND-06,2024-09-20,Closed,ITM-0632,2,3.92,7.84
PO-100037,CUST-D,VEND-04,2025-08-09,Received,ITM-0224,6,1.45,8.70
PO-100037,CUST-D,VEND-04,2025-08-09,Received,ITM-1015,1,4.54,4.54
PO-100038,CUST-B,VEND-01,2024-12-05,Closed,ITM-0303,1,2.56,2.56
PO-100038,CUST-B,VEND-01,2024-12-05,Closed,ITM-0433,50,1.19,59.50
PO-100038,CUST-B,VEND-01,2024-12-05,Closed,ITM-0910,4,1.05,4.20
PO-100038,CUST-B,VEND-01,2024-12-05,Closed,ITM-1006,6,1.35,8.10
PO-100039,CUST-A,VEND-12,2024-12-30,Received,ITM-0426,6,22.90,137.40
PO-100039,CUST-A,VEND-12,2024-12-30,Received,ITM-0612,1,3.88,3.88
PO-100039,CUST-A,VEND-12,2024-12-30,Received,ITM-0618,12,3.97,47.64
PO-100039,CUST-A,VEND-12,2024-12-30,Received,ITM-0623,6,2.39,14.34
PO-100040,CUST-B,VEND-07,2026-06-12,Open,ITM-0310,6,4.98,29.88
PO-100041,CUST-A,VEND-03,2025-05-08,Received,ITM-1001,1,1.05,1.05
PO-100042,CUST-B,VEND-06,2025-11-11,Received,ITM-0243,6,0.75,4.50
PO-100043,CUST-B,VEND-03,2024-06-07,Received,ITM-0211,4,12.01,48.04
PO-100043,CUST-B,VEND-03,2024-06-07,Received,ITM-0610,1,2.22,2.22
PO-100043,CUST-B,VEND-03,2024-06-07,Received,ITM-0808,6,1.92,11.52
PO-100043,CUST-B,VEND-03,2024-06-07,Received,ITM-1014,10,2.72,27.20
PO-100044,CUST-C,VEND-03,2026-01-09,Received,ITM-0306,2,1.01,2.02
PO-100045,CUST-F,VEND-08,2025-12-16,Closed,ITM-0243,1,0.72,0.72
PO-100045,CUST-F,VEND-08,2025-12-16,Closed,ITM-1019,24,6.76,162.24
PO-100046,CUST-D,VEND-01,2024-11-19,Received,ITM-0303,1,2.58,2.58
PO-100046,CUST-D,VEND-01,2024-11-19,Received,ITM-0414,6,1.79,10.74
PO-100046,CUST-D,VEND-01,2024-11-19,Received,ITM-0433,24,1.16,27.84
PO-100046,CUST-D,VEND-01,2024-11-19,Received,ITM-0939,6,15.29,91.74
PO-100047,CUST-A,VEND-05,2025-04-02,Closed,ITM-0612,2,3.67,7.34
PO-100048,CUST-H,VEND-10,2026-03-26,Received,ITM-0434,1,1.54,1.54
PO-100048,CUST-H,VEND-10,2026-03-26,Received,ITM-1014,2,2.73,5.46
PO-100049,CUST-B,VEND-04,2025-03-11,Received,ITM-0228,4,4.64,18.56
PO-100049,CUST-B,VEND-04,2025-03-11,Received,ITM-0611,20,3.56,71.20
PO-100049,CUST-B,VEND-04,2025-03-11,Received,ITM-0922,4,6.11,24.44
PO-100050,CUST-E,VEND-01,2025-05-02,Received,ITM-0412,24,1.03,24.72
PO-100050,CUST-E,VEND-01,2025-05-02,Received,ITM-0611,10,3.48,34.80
PO-100050,CUST-E,VEND-01,2025-05-02,Received,ITM-0623,10,2.55,25.50
PO-100050,CUST-E,VEND-01,2025-05-02,Received,ITM-1001,1,1.04,1.04
PO-100051,CUST-D,VEND-06,2026-01-15,Received,ITM-0224,2,1.46,2.92
PO-100052,CUST-A,VEND-11,2024-01-19,Received,ITM-0434,12,1.43,17.16
PO-100052,CUST-A,VEND-11,2024-01-19,Received,ITM-0629,50,2.50,125.00
PO-100052,CUST-A,VEND-11,2024-01-19,Received,ITM-0808,10,1.77,17.70
PO-100053,CUST-A,VEND-04,2026-07-04,Closed,ITM-0632,6,,
PO-100054,CUST-A,VEND-12,2025-09-11,Closed,ITM-0426,4,24.66,98.64
PO-100054,CUST-A,VEND-12,2025-09-11,Closed,ITM-0618,10,3.96,39.60
PO-100056,CUST-F,VEND-08,2024-03-26,Closed,ITM-0306,2,0.94,1.88
PO-100056,CUST-F,VEND-08,2024-03-26,Closed,ITM-0430,1,0.48,0.48
PO-100056,CUST-F,VEND-08,2024-03-26,Closed,ITM-0632,1,4.10,4.10
PO-100056,CUST-F,VEND-08,2024-03-26,Closed,ITM-0721,6,32.64,195.84
PO-100057,CUST-C,VEND-10,2026-07-31,Open,ITM-0328,4,3.57,14.28
PO-100058,CUST-C,VEND-05,2024-03-18,Received,ITM-0327,50,2.04,102.00
PO-100058,CUST-C,VEND-05,2024-03-18,Received,ITM-1011,2,3.60,7.20
PO-100059,CUST-D,VEND-01,2024-11-04,Received,ITM-0404,2,3.11,6.22
PO-100060,CUST-A,VEND-05,2024-11-14,Closed,ITM-0311,4,6.75,27.00
PO-100060,CUST-A,VEND-05,2024-11-14,Closed,ITM-0403,12,2.21,26.52
PO-100060,CUST-A,VEND-05,2024-11-14,Closed,ITM-0426,10,22.99,229.90
PO-100060,CUST-A,VEND-05,2024-11-14,Closed,ITM-0433,6,0.99,5.94
PO-100061,CUST-H,VEND-08,2025-07-13,Received,ITM-0621,6,4.26,25.56
PO-100062,CUST-C,VEND-11,2024-09-12,Received,ITM-0433,2,1.21,2.42
PO-100062,CUST-C,VEND-11,2024-09-12,Received,ITM-1015,4,4.23,16.92
PO-100063,CUST-A,VEND-07,2025-01-23,Received,ITM-0306,4,0.96,3.84
PO-100063,CUST-A,VEND-07,2025-01-23,Received,ITM-0517,10,41.86,418.60
PO-100063,CUST-A,VEND-07,2025-01-23,Received,ITM-0612,4,4.07,16.28
PO-100063,CUST-A,VEND-07,2025-01-23,Received,ITM-0942,6,0.30,1.80
PO-100064,CUST-A,VEND-01,2024-09-29,Received,ITM-0310,6,4.14,24.84
PO-100064,CUST-A,VEND-01,2024-09-29,Received,ITM-0434,4,1.42,5.68
PO-100065,CUST-A,VEND-02,2024-05-17,Closed,ITM-0220,2,2.64,5.28
PO-100065,CUST-A,VEND-02,2024-05-17,Closed,ITM-0237,50,2.88,144.00
PO-100065,CUST-A,VEND-02,2024-05-17,Closed,ITM-0815,6,7.68,46.08
PO-100066,CUST-A,VEND-10,2024-08-13,Received,ITM-0412,2,1.03,2.06
PO-100066,CUST-A,VEND-10,2024-08-13,Received,ITM-0808,24,1.63,39.12
PO-100066,CUST-A,VEND-10,2024-08-13,Received,ITM-0929,4,,
PO-100067,CUST-D,VEND-06,2024-12-26,Received,ITM-1015,2,3.98,7.96
PO-100068,CUST-G,VEND-12,2026-08-15,Received,ITM-0220,6,,
PO-100068,CUST-G,VEND-12,2026-08-15,Received,ITM-1015,2,4.83,9.66
PO-100068,CUST-G,VEND-12,2026-08-15,Received,ITM-1015,2,4.83,9.66
PO-100069,CUST-A,VEND-02,2024-11-01,Closed,ITM-0201,24,3.73,89.52
PO-100069,CUST-A,VEND-02,2024-11-01,Closed,ITM-0903,5,0.20,1.00
PO-100070,CUST-D,VEND-10,2024-04-14,Closed,ITM-0511,12,25.56,306.72
PO-100070,CUST-D,VEND-10,2024-04-14,Closed,ITM-0922,1,5.84,5.84
PO-100071,CUST-H,VEND-05,2025-07-31,Closed,ITM-0211,2,13.15,26.30
PO-100071,CUST-H,VEND-05,2025-07-31,Closed,ITM-0246,4,2.22,8.88
PO-100071,CUST-H,VEND-05,2025-07-31,Closed,ITM-0426,2,24.52,49.04
PO-100071,CUST-H,VEND-05,2025-07-31,Closed,ITM-0733,4,24.16,96.64
PO-100071,CUST-H,VEND-05,2025-07-31,Closed,ITM-0809,5,2.49,12.45
PO-100071,CUST-H,VEND-05,2025-07-31,Closed,ITM-0822,2,33.71,67.42
PO-100071,CUST-H,VEND-05,2025-07-31,Closed,ITM-1011,4,3.72,14.88
PO-100072,CUST-F,VEND-02,2024-10-04,Received,ITM-0225,1,2.43,2.43
PO-100073,CUST-A,VEND-09,2026-03-19,Received,ITM-0902,6,4.21,25.26
PO-100074,CUST-D,VEND-09,2024-04-08,Received,ITM-0243,1,0.72,0.72
PO-100074,CUST-D,VEND-09,2024-04-08,Received,ITM-0243,1,0.72,0.72
PO-100075,CUST-B,VEND-04,2025-01-09,Received,ITM-0228,24,4.57,109.68
PO-100075,CUST-B,VEND-04,2025-01-09,Received,ITM-0237,6,3.24,19.44
PO-100075,CUST-B,VEND-04,2025-01-09,Received,ITM-0715,12,75.41,904.92
PO-100075,CUST-B,VEND-04,2025-01-09,Received,ITM-0737,2,77.20,154.40
PO-100075,CUST-B,VEND-04,2025-01-09,Received,ITM-0942,10,0.34,3.40
PO-100076,CUST-G,VEND-08,2025-10-27,Received,ITM-0208,1,5.10,5.10
PO-100076,CUST-G,VEND-08,2025-10-27,Received,ITM-0208,1,5.10,5.10
PO-100076,CUST-G,VEND-08,2025-10-27,Received,ITM-0230,6,3.19,19.14
PO-100076,CUST-G,VEND-08,2025-10-27,Received,ITM-0614,4,5.75,23.00
PO-100077,CUST-H,VEND-01,2026-01-03,Closed,ITM-0412,2,1.11,2.22
PO-100077,CUST-H,VEND-01,2026-01-03,Closed,ITM-0414,24,1.80,43.20
PO-100077,CUST-H,VEND-01,2026-01-03,Closed,ITM-0434,2,1.61,3.22
PO-100077,CUST-H,VEND-01,2026-01-03,Closed,ITM-0511,10,25.29,252.90
PO-100077,CUST-H,VEND-01,2026-01-03,Closed,ITM-1001,1,1.05,1.05
PO-100078,CUST-B,VEND-08,2025-01-31,Received,ITM-0627,12,7.37,88.44
PO-100079,CUST-C,VEND-10,2024-06-11,Closed,ITM-0922,1,6.24,6.24
PO-100080,CUST-A,VEND-02,2024-08-26,Cancelled,ITM-0220,6,2.44,14.64
PO-100080,CUST-A,VEND-02,2024-08-26,Cancelled,ITM-0237,20,3.16,63.20
PO-100080,CUST-A,VEND-02,2024-08-26,Cancelled,ITM-0246,6,2.07,12.42
PO-100080,CUST-A,VEND-02,2024-08-26,Cancelled,ITM-0314,4,2.44,9.76
PO-100081,CUST-H,VEND-08,2024-10-04,Received,ITM-0903,5,0.22,1.10
PO-100082,CUST-A,VEND-02,2024-05-11,Closed,ITM-0431,24,0.72,17.28
PO-100083,CUST-H,VEND-03,2024-02-01,Received,ITM-0618,6,4.10,24.60
PO-100084,CUST-F,VEND-03,2025-12-31,Received,ITM-0618,1,4.48,4.48
PO-100084,CUST-F,VEND-03,2025-12-31,Received,ITM-1020,24,8.56,205.44
PO-100085,CUST-B,VEND-11,2025-07-24,Received,ITM-0443,4,5.26,21.04
PO-100085,CUST-B,VEND-11,2025-07-24,Received,ITM-0808,12,1.91,22.92
PO-100086,CUST-A,VEND-07,2024-04-27,Received,ITM-0527,24,7.98,191.52
PO-100086,CUST-A,VEND-07,2024-04-27,Received,ITM-0612,6,3.97,23.82
PO-100086,CUST-A,VEND-07,2024-04-27,Received,ITM-0715,5,67.47,337.35
PO-100087,CUST-D,VEND-02,2025-12-27,Received,ITM-0220,10,2.76,27.60
PO-100087,CUST-D,VEND-02,2025-12-27,Received,ITM-0237,1,3.36,3.36
PO-100087,CUST-D,VEND-02,2025-12-27,Received,ITM-0246,1,2.20,2.20
PO-100087,CUST-D,VEND-02,2025-12-27,Received,ITM-0404,6,3.14,18.84
PO-100087,CUST-D,VEND-02,2025-12-27,Received,ITM-0629,4,2.95,11.80
PO-100087,CUST-D,VEND-02,2025-12-27,Received,ITM-0947,2,0.45,0.90
PO-100088,CUST-B,VEND-06,2026-01-21,Cancelled,ITM-0243,2,0.77,1.54
PO-100088,CUST-B,VEND-06,2026-01-21,Cancelled,ITM-0604,20,12.65,253.00
PO-100088,CUST-B,VEND-06,2026-01-21,Cancelled,ITM-0610,10,2.32,23.20
PO-100089,CUST-F,VEND-05,2025-02-23,Received,ITM-0403,1,2.49,2.49
PO-100089,CUST-F,VEND-05,2025-02-23,Received,ITM-0404,10,3.17,31.70
PO-100089,CUST-F,VEND-05,2025-02-23,Received,ITM-0433,12,1.08,12.96
PO-100090,CUST-A,VEND-08,2025-01-12,Received,ITM-0306,2,0.96,1.92
PO-100091,CUST-G,VEND-04,2025-01-02,Closed,ITM-1022,4,5.46,21.84
PO-100092,CUST-G,VEND-08,2026-03-12,Received,ITM-0306,10,1.04,10.40
PO-100092,CUST-G,VEND-08,2026-03-12,Received,ITM-0430,10,0.53,5.30
PO-100092,CUST-G,VEND-08,2026-03-12,Received,ITM-0611,1,3.60,3.60
PO-100092,CUST-G,VEND-08,2026-03-12,Received,ITM-0614,10,5.96,59.60
PO-100092,CUST-G,VEND-08,2026-03-12,Received,ITM-0621,2,4.15,8.30
PO-100092,CUST-G,VEND-08,2026-03-12,Received,ITM-1019,1,7.03,7.03
PO-100093,CUST-B,VEND-11,2025-12-04,Received,ITM-0104,6,63.56,381.36
PO-100094,CUST-C,VEND-02,2025-10-23,Closed,ITM-0220,2,2.77,5.54
PO-100094,CUST-C,VEND-02,2025-10-23,Closed,ITM-0228,2,4.91,9.82
PO-100094,CUST-C,VEND-02,2025-10-23,Closed,ITM-0425,6,26.44,158.64
PO-100094,CUST-C,VEND-02,2025-10-23,Closed,ITM-0629,1,3.27,3.27
PO-100095,CUST-B,VEND-12,2025-10-19,Closed,ITM-0403,6,2.69,16.14
PO-100095,CUST-B,VEND-12,2025-10-19,Closed,ITM-0618,4,4.30,17.20
PO-100096,CUST-C,VEND-09,2026-07-22,Open,ITM-0309,4,2.31,9.24
PO-100096,CUST-C,VEND-09,2026-07-22,Open,ITM-0917,6,4.34,26.04
PO-100097,CUST-C,VEND-09,2025-08-01,Closed,ITM-0614,50,5.73,286.50
PO-100098,CUST-H,VEND-05,2026-09-01,Open,ITM-0311,4,7.48,29.92
PO-100098,CUST-H,VEND-05,2026-09-01,Open,ITM-0414,10,1.84,18.40
PO-100099,CUST-H,VEND-09,2025-08-28,Received,ITM-0253,50,1.25,62.50
PO-100100,CUST-A,VEND-07,2025-01-07,Closed,ITM-0220,10,2.67,26.70
PO-100100,CUST-A,VEND-07,2025-01-07,Closed,ITM-0246,24,1.87,44.88
PO-100100,CUST-A,VEND-07,2025-01-07,Closed,ITM-0306,24,0.94,22.56
PO-100100,CUST-A,VEND-07,2025-01-07,Closed,ITM-0612,50,3.82,191.00
PO-100100,CUST-A,VEND-07,2025-01-07,Closed,ITM-0612,50,3.82,191.00
PO-100101,CUST-A,VEND-11,2024-09-16,Received,ITM-0433,1,1.10,1.10
PO-100101,CUST-A,VEND-11,2024-09-16,Received,ITM-0627,1,7.04,7.04
PO-100101,CUST-A,VEND-11,2024-09-16,Received,ITM-0921,6,3.80,22.80
PO-100101,CUST-A,VEND-11,2024-09-16,Received,ITM-1001,4,0.95,3.80
PO-100101,CUST-A,VEND-11,2024-09-16,Received,ITM-1022,24,4.67,112.08
PO-100103,CUST-E,VEND-07,2024-04-08,Received,ITM-0715,4,73.39,293.56
PO-100104,CUST-A,VEND-07,2025-11-05,Closed,ITM-0623,10,2.48,24.80
PO-100105,CUST-F,VEND-06,2024-08-18,Closed,ITM-0440,6,25.77,154.62
PO-100105,CUST-F,VEND-06,2024-08-18,Closed,ITM-0629,2,3.19,6.38
PO-100105,CUST-F,VEND-06,2024-08-18,Closed,ITM-0632,2,4.03,8.06
PO-100105,CUST-F,VEND-06,2024-08-18,Closed,ITM-1015,6,4.40,26.40
PO-100106,CUST-A,VEND-07,2024-02-28,Received,ITM-0310,6,4.27,25.62
PO-100106,CUST-A,VEND-07,2024-02-28,Received,ITM-0612,1,3.95,3.95
PO-100107,CUST-B,VEND-10,2024-05-12,Received,ITM-0235,4,1.65,6.60
PO-100107,CUST-B,VEND-10,2024-05-12,Received,ITM-0511,4,26.84,107.36
PO-100107,CUST-B,VEND-10,2024-05-12,Received,ITM-1014,6,2.59,15.54
PO-100108,CUST-A,VEND-08,2024-12-14,Cancelled,ITM-0230,12,3.01,36.12
PO-100109,CUST-C,VEND-03,2025-05-19,Closed,ITM-0104,10,68.93,689.30
PO-100109,CUST-C,VEND-03,2025-05-19,Closed,ITM-0442,4,20.90,83.60
PO-100110,CUST-H,VEND-09,2025-12-12,Closed,ITM-0433,2,1.41,2.82
PO-100110,CUST-H,VEND-09,2025-12-12,Closed,ITM-0527,1,10.22,10.22
PO-100111,CUST-G,VEND-01,2025-01-04,Closed,ITM-0225,12,2.39,28.68
PO-100111,CUST-G,VEND-01,2025-01-04,Closed,ITM-0434,12,1.54,18.48
PO-100111,CUST-G,VEND-01,2025-01-04,Closed,ITM-0623,12,2.67,32.04
PO-100111,CUST-G,VEND-01,2025-01-04,Closed,ITM-0910,3,1.09,3.27
PO-100111,CUST-G,VEND-01,2025-01-04,Closed,ITM-0927,6,0.57,3.42
PO-100112,CUST-B,VEND-08,2024-01-24,Received,ITM-0208,6,5.20,31.20
PO-100112,CUST-B,VEND-08,2024-01-24,Received,ITM-0914,10,1.55,15.50
PO-100112,CUST-B,VEND-08,2024-01-24,Received,ITM-0929,2,1.17,2.34
PO-100113,CUST-D,VEND-04,2025-08-17,Received,ITM-0228,12,4.43,53.16
PO-100113,CUST-D,VEND-04,2025-08-17,Received,ITM-0237,10,3.18,31.80
PO-100113,CUST-D,VEND-04,2025-08-17,Received,ITM-0446,4,20.46,81.84
PO-100113,CUST-D,VEND-04,2025-08-17,Received,ITM-0611,2,3.47,6.94
PO-100113,CUST-D,VEND-04,2025-08-17,Received,ITM-0632,10,4.12,41.20
PO-100113,CUST-D,VEND-04,2025-08-17,Received,ITM-0939,10,16.05,160.50
PO-100114,CUST-D,VEND-08,2024-09-13,Closed,ITM-0243,1,0.73,0.73
PO-100114,CUST-D,VEND-08,2024-09-13,Closed,ITM-0627,1,7.21,7.21
PO-100114,CUST-D,VEND-08,2024-09-13,Closed,ITM-0940,6,18.22,109.32
PO-100115,CUST-A,VEND-05,2025-09-04,Received,ITM-0433,6,1.08,6.48
PO-100115,CUST-A,VEND-05,2025-09-04,Received,ITM-0620,24,2.75,66.00
PO-100116,CUST-A,VEND-04,2025-11-10,Received,ITM-1015,2,4.16,8.32
PO-100117,CUST-B,VEND-01,2025-01-12,Received,ITM-0310,2,4.18,8.36
PO-100117,CUST-B,VEND-01,2025-01-12,Received,ITM-0426,1,25.62,25.62
PO-100118,CUST-A,VEND-08,2026-01-17,Received,ITM-0201,12,4.25,51.00
PO-100118,CUST-A,VEND-08,2026-01-17,Received,ITM-0517,24,39.91,957.84
PO-100118,CUST-A,VEND-08,2026-01-17,Received,ITM-0627,2,7.18,14.36
PO-100118,CUST-A,VEND-08,2026-01-17,Received,ITM-0721,1,31.64,31.64
PO-100118,CUST-A,VEND-08,2026-01-17,Received,ITM-0929,6,1.15,6.90
PO-100119,CUST-D,VEND-07,2026-07-22,Closed,ITM-0104,2,72.57,145.14
PO-100119,CUST-D,VEND-07,2026-07-22,Closed,ITM-0306,4,1.05,4.20
PO-100119,CUST-D,VEND-07,2026-07-22,Closed,ITM-0517,1,45.25,45.25
PO-100119,CUST-D,VEND-07,2026-07-22,Closed,ITM-0612,4,4.48,17.92
PO-100119,CUST-D,VEND-07,2026-07-22,Closed,ITM-0943,1,24.70,24.70
PO-100120,CUST-H,VEND-09,2026-05-15,Received,ITM-0929,2,1.30,2.60
PO-100121,CUST-F,VEND-06,2024-05-25,Closed,ITM-0235,24,1.49,35.76
PO-100121,CUST-F,VEND-06,2024-05-25,Closed,ITM-0614,6,5.63,33.78
PO-100122,CUST-D,VEND-10,2025-12-02,Received,ITM-0508,10,16.70,167.00
PO-100123,CUST-D,VEND-06,2025-09-13,Received,ITM-0201,6,4.34,26.04
PO-100124,CUST-F,VEND-01,2024-09-11,Closed,ITM-0414,12,1.95,23.40
PO-100124,CUST-F,VEND-01,2024-09-11,Closed,ITM-0433,1,1.25,1.25
PO-100124,CUST-F,VEND-01,2024-09-11,Closed,ITM-1010,1,9.53,9.53
PO-100125,CUST-A,VEND-01,2026-08-01,Open,ITM-0303,1,2.63,2.63
PO-100126,CUST-E,VEND-06,2024-05-02,Received,ITM-0255,12,1.48,17.76
PO-100126,CUST-E,VEND-06,2024-05-02,Received,ITM-0311,1,7.17,7.17
PO-100126,CUST-E,VEND-06,2024-05-02,Received,ITM-0416,1,2.73,2.73
PO-100126,CUST-E,VEND-06,2024-05-02,Received,ITM-0610,2,2.25,4.50
PO-100126,CUST-E,VEND-06,2024-05-02,Received,ITM-0715,2,69.77,139.54
PO-100127,CUST-A,VEND-08,2025-03-15,Received,ITM-0306,2,0.84,1.68
PO-100127,CUST-A,VEND-08,2025-03-15,Received,ITM-0929,2,1.16,2.32
PO-100128,CUST-F,VEND-11,2026-06-06,Open,ITM-0433,1,,
PO-100128,CUST-F,VEND-11,2026-06-06,Open,ITM-0434,4,1.60,6.40
PO-100128,CUST-F,VEND-11,2026-06-06,Open,ITM-0609,6,1.65,9.90
PO-100128,CUST-F,VEND-11,2026-06-06,Open,ITM-0629,2,3.05,6.10
PO-100128,CUST-F,VEND-11,2026-06-06,Open,ITM-0902,6,4.24,25.44
PO-100128,CUST-F,VEND-11,2026-06-06,Open,ITM-1015,4,4.44,17.76
PO-100129,CUST-H,VEND-01,2025-03-09,Received,ITM-0225,6,2.32,13.92
PO-100129,CUST-H,VEND-01,2025-03-09,Received,ITM-1003,1,1.11,1.11
PO-100130,CUST-F,VEND-05,2024-02-08,Cancelled,ITM-0328,2,2.98,5.96
PO-100130,CUST-F,VEND-05,2024-02-08,Cancelled,ITM-0433,12,1.04,12.48
PO-100131,CUST-E,VEND-03,2024-02-06,Received,ITM-0314,4,2.73,10.92
PO-100131,CUST-E,VEND-03,2024-02-06,Received,ITM-0610,24,2.32,55.68
PO-100131,CUST-E,VEND-03,2024-02-06,Received,ITM-0920,2,2.97,5.94
PO-100131,CUST-E,VEND-03,2024-02-06,Received,ITM-1014,24,2.47,59.28
PO-100131,CUST-E,VEND-03,2024-02-06,Received,ITM-1019,2,6.22,12.44
PO-100132,CUST-D,VEND-09,2025-02-04,Received,ITM-0421,4,19.28,77.12
PO-100133,CUST-C,VEND-06,2024-06-21,Received,ITM-0416,2,2.84,5.68
PO-100133,CUST-C,VEND-06,2024-06-21,Received,ITM-0628,2,0.15,0.30
PO-100133,CUST-C,VEND-06,2024-06-21,Received,ITM-0715,4,70.58,282.32
PO-100133,CUST-C,VEND-06,2024-06-21,Received,ITM-0922,1,5.62,5.62
PO-100134,CUST-A,VEND-08,2025-11-04,Closed,ITM-0243,2,0.69,1.38
PO-100134,CUST-A,VEND-08,2025-11-04,Closed,ITM-0306,4,0.95,3.80
PO-100134,CUST-A,VEND-08,2025-11-04,Closed,ITM-0902,1,4.38,4.38
PO-100135,CUST-G,VEND-07,2025-06-17,Received,ITM-0628,4,0.15,0.60
PO-100136,CUST-B,VEND-08,2025-03-09,Received,ITM-0230,50,2.80,140.00
PO-100136,CUST-B,VEND-08,2025-03-09,Received,ITM-0611,24,3.28,78.72
PO-100136,CUST-B,VEND-08,2025-03-09,Received,ITM-0721,5,33.71,168.55
PO-100137,CUST-A,VEND-09,2025-05-26,Closed,ITM-0243,12,0.72,8.64
PO-100137,CUST-A,VEND-09,2025-05-26,Closed,ITM-0805,2,32.24,64.48
PO-100137,CUST-A,VEND-09,2025-05-26,Closed,ITM-0805,2,32.24,64.48
PO-100138,CUST-A,VEND-12,2024-05-23,Received,ITM-0403,6,2.36,14.16
PO-100138,CUST-A,VEND-12,2024-05-23,Received,ITM-0426,10,24.80,248.00
PO-100138,CUST-A,VEND-12,2024-05-23,Received,ITM-0612,6,4.07,24.42
PO-100138,CUST-A,VEND-12,2024-05-23,Received,ITM-0618,24,3.59,86.16
PO-100139,CUST-C,VEND-08,2026-07-03,Received,ITM-0430,2,0.55,1.10
PO-100139,CUST-C,VEND-08,2026-07-03,Received,ITM-0614,4,5.98,23.92
PO-100140,CUST-B,VEND-04,2025-03-25,Closed,ITM-0228,2,4.68,9.36
PO-100140,CUST-B,VEND-04,2025-03-25,Closed,ITM-0611,10,3.57,35.70
PO-100140,CUST-B,VEND-04,2025-03-25,Closed,ITM-0611,10,3.57,35.70
PO-100141,CUST-A,VEND-11,2026-01-15,Received,ITM-0737,10,74.22,742.20
PO-100142,CUST-D,VEND-05,2024-11-15,Received,ITM-0328,2,3.09,6.18
PO-100142,CUST-D,VEND-05,2024-11-15,Received,ITM-0402,3,1.81,5.43
PO-100142,CUST-D,VEND-05,2024-11-15,Received,ITM-0426,4,23.82,95.28
PO-100142,CUST-D,VEND-05,2024-11-15,Received,ITM-0431,2,0.80,1.60
PO-100142,CUST-D,VEND-05,2024-11-15,Received,ITM-1017,10,3.08,30.80
PO-100143,CUST-D,VEND-03,2025-07-31,Received,ITM-0314,24,2.54,60.96
PO-100143,CUST-D,VEND-03,2025-07-31,Received,ITM-0621,2,4.12,8.24
PO-100143,CUST-D,VEND-03,2025-07-31,Received,ITM-0917,20,3.67,73.40
PO-100143,CUST-D,VEND-03,2025-07-31,Received,ITM-0920,12,2.96,35.52
PO-100143,CUST-D,VEND-03,2025-07-31,Received,ITM-1001,12,1.08,12.96
PO-100144,CUST-H,VEND-01,2024-04-14,Received,ITM-0412,10,0.98,9.80
PO-100144,CUST-H,VEND-01,2024-04-14,Received,ITM-0434,24,1.37,32.88
PO-100145,CUST-D,VEND-12,2025-10-23,Cancelled,ITM-0254,2,1.71,3.42
PO-100145,CUST-D,VEND-12,2025-10-23,Cancelled,ITM-0426,2,25.49,50.98
PO-100145,CUST-D,VEND-12,2025-10-23,Cancelled,ITM-0938,1,13.57,13.57
PO-100146,CUST-G,VEND-08,2025-01-08,Received,ITM-0201,4,4.47,17.88
PO-100146,CUST-G,VEND-08,2025-01-08,Received,ITM-0306,2,0.96,1.92
PO-100146,CUST-G,VEND-08,2025-01-08,Received,ITM-0310,4,4.49,17.96
PO-100147,CUST-H,VEND-04,2025-04-30,Closed,ITM-0632,6,4.25,25.50
PO-100148,CUST-C,VEND-05,2024-10-02,Received,ITM-0612,2,4.08,8.16
PO-100148,CUST-C,VEND-05,2024-10-02,Received,ITM-0629,6,3.05,18.30
PO-100148,CUST-C,VEND-05,2024-10-02,Received,ITM-0942,6,0.30,1.80
PO-100148,CUST-C,VEND-05,2024-10-02,Received,ITM-1011,24,3.60,86.40
PO-100149,CUST-A,VEND-04,2026-04-27,Closed,ITM-0237,10,3.10,31.00
PO-100149,CUST-A,VEND-04,2026-04-27,Closed,ITM-0940,4,18.67,74.68
PO-100149,CUST-A,VEND-04,2026-04-27,Closed,ITM-1003,12,1.07,12.84
PO-100149,CUST-A,VEND-04,2026-04-27,Closed,ITM-1003,12,1.07,12.84
PO-100150,CUST-D,VEND-11,2024-11-09,Received,ITM-0433,24,1.07,25.68
PO-100150,CUST-D,VEND-11,2024-11-09,Received,ITM-0627,24,7.37,176.88
PO-100150,CUST-D,VEND-11,2024-11-09,Received,ITM-1010,2,9.07,18.14
PO-100150,CUST-D,VEND-11,2024-11-09,Received,ITM-1015,2,4.56,9.12
PO-100151,CUST-C,VEND-12,2026-06-25,Cancelled,ITM-0254,2,1.84,3.68
PO-100151,CUST-C,VEND-12,2026-06-25,Cancelled,ITM-0257,20,0.70,14.00
PO-100151,CUST-C,VEND-12,2026-06-25,Cancelled,ITM-0612,4,4.36,17.44
PO-100151,CUST-C,VEND-12,2026-06-25,Cancelled,ITM-0623,10,2.64,26.40
PO-100151,CUST-C,VEND-12,2026-06-25,Cancelled,ITM-1015,24,4.80,115.20
PO-100152,CUST-B,VEND-03,2024-12-26,Closed,ITM-0621,4,4.32,17.28
PO-100153,CUST-B,VEND-08,2026-08-10,Open,ITM-0243,4,0.74,2.96
PO-100153,CUST-B,VEND-08,2026-08-10,Open,ITM-0611,4,3.59,14.36
PO-100153,CUST-B,VEND-08,2026-08-10,Open,ITM-0914,4,1.79,7.16
PO-100153,CUST-B,VEND-08,2026-08-10,Open,ITM-0929,2,1.26,2.52
PO-100154,CUST-A,VEND-08,2024-08-02,Closed,ITM-0201,1,4.32,4.32
PO-100154,CUST-A,VEND-08,2024-08-02,Closed,ITM-0250,5,61.52,307.60
PO-100154,CUST-A,VEND-08,2024-08-02,Closed,ITM-0611,4,3.30,13.20
PO-100154,CUST-A,VEND-08,2024-08-02,Closed,ITM-0621,2,3.86,7.72
PO-100154,CUST-A,VEND-08,2024-08-02,Closed,ITM-0903,1,0.19,0.19
PO-100155,CUST-D,VEND-05,2024-05-23,Received,ITM-0246,6,2.05,12.30
PO-100155,CUST-D,VEND-05,2024-05-23,Received,ITM-0426,2,22.76,45.52
PO-100156,CUST-A,VEND-10,2025-08-13,Received,ITM-0610,10,2.20,22.00
PO-100156,CUST-A,VEND-10,2025-08-13,Received,ITM-0610,10,2.20,22.00
PO-100156,CUST-A,VEND-10,2025-08-13,Received,ITM-0721,1,33.65,33.65
PO-100156,CUST-A,VEND-10,2025-08-13,Received,ITM-0904,1,0.32,0.32
PO-100156,CUST-A,VEND-10,2025-08-13,Received,ITM-1014,10,2.62,26.20
PO-100157,CUST-B,VEND-06,2025-07-09,Received,ITM-0446,2,23.07,46.14
PO-100157,CUST-B,VEND-06,2025-07-09,Received,ITM-1015,10,4.60,46.00
PO-100158,CUST-B,VEND-03,2026-08-06,Open,ITM-0437,4,2.05,8.20
PO-100159,CUST-A,VEND-12,2025-07-17,Closed,ITM-0612,10,4.18,41.80
PO-100159,CUST-A,VEND-12,2025-07-17,Closed,ITM-0623,10,2.42,24.20
PO-100159,CUST-A,VEND-12,2025-07-17,Closed,ITM-1015,1,4.30,4.30
PO-100160,CUST-H,VEND-06,2026-01-20,Received,ITM-0231,1,5.35,5.35
PO-100160,CUST-H,VEND-06,2026-01-20,Received,ITM-0243,4,0.78,3.12
PO-100160,CUST-H,VEND-06,2026-01-20,Received,ITM-0629,4,3.40,13.60
PO-100160,CUST-H,VEND-06,2026-01-20,Received,ITM-0715,6,71.48,428.88
PO-100161,CUST-E,VEND-12,2024-09-05,Closed,ITM-0257,6,0.71,4.26
PO-100162,CUST-A,VEND-07,2025-04-01,Closed,ITM-0942,4,0.29,1.16
PO-100163,CUST-A,VEND-05,2025-11-16,Closed,ITM-0612,50,3.47,173.50
PO-100164,CUST-C,VEND-06,2025-09-27,Closed,ITM-0915,5,2.73,13.65
PO-100165,CUST-F,VEND-03,2026-06-08,Received,ITM-0437,6,2.16,12.96
PO-100165,CUST-F,VEND-03,2026-06-08,Received,ITM-0733,2,23.54,47.08
PO-100165,CUST-F,VEND-03,2026-06-08,Received,ITM-0907,6,0.77,4.62
PO-100165,CUST-F,VEND-03,2026-06-08,Received,ITM-1010,6,10.41,62.46
PO-100165,CUST-F,VEND-03,2026-06-08,Received,ITM-1010,6,10.41,62.46
PO-100165,CUST-F,VEND-03,2026-06-08,Received,ITM-1020,10,9.07,90.70
PO-100166,CUST-F,VEND-05,2025-10-11,Received,ITM-0627,10,7.83,78.30
PO-100167,CUST-C,VEND-11,2026-06-22,Open,ITM-0326,3,3.05,9.15
PO-100167,CUST-C,VEND-11,2026-06-22,Open,ITM-0437,4,2.18,8.72
PO-100167,CUST-C,VEND-11,2026-06-22,Open,ITM-0605,6,17.99,107.94
PO-100167,CUST-C,VEND-11,2026-06-22,Open,ITM-0629,1,3.05,3.05
PO-100167,CUST-C,VEND-11,2026-06-22,Open,ITM-1015,2,4.55,9.10
PO-100168,CUST-F,VEND-10,2025-01-03,Received,ITM-0902,24,4.23,101.52
PO-100168,CUST-F,VEND-10,2025-01-03,Received,ITM-1014,1,2.68,2.68
PO-100169,CUST-C,VEND-02,2024-12-29,Closed,ITM-0220,4,2.64,10.56
PO-100169,CUST-C,VEND-02,2024-12-29,Closed,ITM-0425,2,24.96,49.92
PO-100170,CUST-D,VEND-02,2024-06-03,Closed,ITM-0220,24,2.55,61.20
PO-100170,CUST-D,VEND-02,2024-06-03,Closed,ITM-1018,4,5.19,20.76
PO-100171,CUST-A,VEND-11,2026-05-08,Received,ITM-0432,10,0.94,9.40
PO-100172,CUST-D,VEND-05,2025-02-07,Closed,ITM-0414,6,1.82,10.92
PO-100172,CUST-D,VEND-05,2025-02-07,Closed,ITM-0809,3,2.32,6.96
PO-100172,CUST-D,VEND-05,2025-02-07,Closed,ITM-0809,3,2.32,6.96
PO-100172,CUST-D,VEND-05,2025-02-07,Closed,ITM-0914,12,1.52,18.24
PO-100173,CUST-C,VEND-11,2026-01-28,Received,ITM-0437,2,2.14,4.28
PO-100174,CUST-B,VEND-09,2025-10-13,Closed,ITM-0228,6,4.63,27.78
PO-100174,CUST-B,VEND-09,2025-10-13,Closed,ITM-0433,6,1.29,7.74
PO-100174,CUST-B,VEND-09,2025-10-13,Closed,ITM-0433,6,1.29,7.74
PO-100174,CUST-B,VEND-09,2025-10-13,Closed,ITM-0442,6,22.50,135.00
PO-100174,CUST-B,VEND-09,2025-10-13,Closed,ITM-0914,2,1.61,3.22
PO-100175,CUST-B,VEND-12,2024-11-14,Received,ITM-1011,4,3.68,14.72
PO-100175,CUST-B,VEND-12,2024-11-14,Received,ITM-1015,24,4.41,105.84
PO-100176,CUST-F,VEND-02,2024-09-22,Received,ITM-0237,2,3.23,6.46
PO-100176,CUST-F,VEND-02,2024-09-22,Received,ITM-0629,10,3.07,30.70
PO-100177,CUST-C,VEND-02,2025-03-19,Received,ITM-0211,1,13.03,13.03
PO-100177,CUST-C,VEND-02,2025-03-19,Received,ITM-0237,6,3.23,19.38
PO-100177,CUST-C,VEND-02,2025-03-19,Received,ITM-0408,6,5.39,32.34
PO-100179,CUST-G,VEND-07,2026-04-12,Received,ITM-0220,3,2.72,8.16
PO-100179,CUST-G,VEND-07,2026-04-12,Received,ITM-0404,10,3.33,33.30
PO-100180,CUST-A,VEND-02,2025-03-30,Received,ITM-0225,4,2.30,9.20
PO-100180,CUST-A,VEND-02,2025-03-30,Received,ITM-0237,4,3.24,12.96
PO-100181,CUST-E,VEND-02,2025-12-23,Received,ITM-0237,3,3.37,10.11
PO-100181,CUST-E,VEND-02,2025-12-23,Received,ITM-0246,50,2.02,101.00
PO-100181,CUST-E,VEND-02,2025-12-23,Received,ITM-0246,50,2.02,101.00
PO-100181,CUST-E,VEND-02,2025-12-23,Received,ITM-0311,10,7.51,75.10
PO-100181,CUST-E,VEND-02,2025-12-23,Received,ITM-0311,10,7.51,75.10
PO-100181,CUST-E,VEND-02,2025-12-23,Received,ITM-0416,2,2.89,5.78
PO-100181,CUST-E,VEND-02,2025-12-23,Received,ITM-0904,10,0.36,3.60
PO-100182,CUST-A,VEND-04,2026-04-29,Received,ITM-0609,10,1.51,15.10
PO-100183,CUST-D,VEND-10,2025-02-26,Closed,ITM-0235,6,1.67,10.02
PO-100183,CUST-D,VEND-10,2025-02-26,Closed,ITM-0328,1,3.28,3.28
PO-100183,CUST-D,VEND-10,2025-02-26,Closed,ITM-0517,2,39.99,79.98
PO-100183,CUST-D,VEND-10,2025-02-26,Closed,ITM-0605,4,15.77,63.08
PO-100183,CUST-D,VEND-10,2025-02-26,Closed,ITM-0808,6,1.84,11.04
PO-100183,CUST-D,VEND-10,2025-02-26,Closed,ITM-0922,1,5.71,5.71
PO-100184,CUST-A,VEND-08,2024-07-13,Received,ITM-0611,1,3.24,3.24
PO-100184,CUST-A,VEND-08,2024-07-13,Received,ITM-0914,50,1.31,65.50
PO-100184,CUST-A,VEND-08,2024-07-13,Received,ITM-0929,10,1.17,11.70
PO-100185,CUST-A,VEND-04,2024-03-19,Received,ITM-0535,6,7.83,46.98
PO-100186,CUST-H,VEND-01,2026-04-13,Closed,ITM-0910,10,1.14,11.40
PO-100186,CUST-H,VEND-01,2026-04-13,Closed,ITM-1001,2,1.02,2.04
PO-100187,CUST-B,VEND-02,2025-09-09,Received,ITM-0220,10,2.81,28.10
PO-100187,CUST-B,VEND-02,2025-09-09,Received,ITM-0629,24,3.02,72.48
PO-100187,CUST-B,VEND-02,2025-09-09,Received,ITM-0632,10,4.34,43.40
PO-100188,CUST-A,VEND-10,2026-08-25,Closed,ITM-0412,2,1.09,2.18
PO-100189,CUST-G,VEND-01,2025-09-10,Received,ITM-0611,4,3.28,13.12
PO-100189,CUST-G,VEND-01,2025-09-10,Received,ITM-0623,4,2.58,10.32
PO-100190,CUST-B,VEND-05,2024-09-24,Received,ITM-0904,24,0.30,7.20
PO-100191,CUST-D,VEND-05,2026-04-21,Received,ITM-0412,1,1.05,1.05
PO-100191,CUST-D,VEND-05,2026-04-21,Received,ITM-0911,10,1.35,13.50
PO-100191,CUST-D,VEND-05,2026-04-21,Received,ITM-0942,10,0.32,3.20
PO-100191,CUST-D,VEND-05,2026-04-21,Received,ITM-1017,4,3.19,12.76
PO-100192,CUST-G,VEND-12,2026-03-27,Received,ITM-0230,10,3.34,33.40
PO-100192,CUST-G,VEND-12,2026-03-27,Received,ITM-0328,6,3.36,20.16
PO-100192,CUST-G,VEND-12,2026-03-27,Received,ITM-0609,6,1.59,9.54
PO-100192,CUST-G,VEND-12,2026-03-27,Received,ITM-0612,4,4.34,17.36
PO-100192,CUST-G,VEND-12,2026-03-27,Received,ITM-1003,4,1.22,4.88
PO-100192,CUST-G,VEND-12,2026-03-27,Received,ITM-1015,6,4.79,28.74
PO-100193,CUST-A,VEND-09,2026-06-12,Open,ITM-0201,10,4.20,42.00
PO-100193,CUST-A,VEND-09,2026-06-12,Open,ITM-0433,6,1.29,7.74
PO-100193,CUST-A,VEND-09,2026-06-12,Open,ITM-0721,10,38.85,388.50
PO-100193,CUST-A,VEND-09,2026-06-12,Open,ITM-1021,4,4.54,18.16
PO-100195,CUST-B,VEND-02,2025-12-15,Closed,ITM-0220,2,2.98,5.96
PO-100195,CUST-B,VEND-02,2025-12-15,Closed,ITM-0416,10,2.90,29.00
PO-100195,CUST-B,VEND-02,2025-12-15,Closed,ITM-0629,6,3.16,18.96
PO-100196,CUST-A,VEND-03,2025-02-04,Cancelled,ITM-0306,24,0.89,21.36
PO-100196,CUST-A,VEND-03,2025-02-04,Cancelled,ITM-0311,24,7.12,170.88
PO-100197,CUST-A,VEND-07,2024-12-17,Cancelled,ITM-0220,4,2.59,10.36
PO-100197,CUST-A,VEND-07,2024-12-17,Cancelled,ITM-0737,12,65.79,789.48
PO-100197,CUST-A,VEND-07,2024-12-17,Cancelled,ITM-0737,12,65.79,789.48
PO-100198,CUST-G,VEND-04,2025-12-23,Received,ITM-0237,4,3.22,12.88
PO-100198,CUST-G,VEND-04,2025-12-23,Received,ITM-0446,10,20.84,208.40
PO-100198,CUST-G,VEND-04,2025-12-23,Received,ITM-0737,3,78.89,236.67
PO-100198,CUST-G,VEND-04,2025-12-23,Received,ITM-0939,4,17.26,69.04
PO-100198,CUST-G,VEND-04,2025-12-23,Received,ITM-1015,6,4.44,26.64
PO-100200,CUST-C,VEND-12,2025-09-03,Received,ITM-0220,2,2.78,5.56
PO-100200,CUST-C,VEND-12,2025-09-03,Received,ITM-0403,2,2.59,5.18
PO-100200,CUST-C,VEND-12,2025-09-03,Received,ITM-0612,24,4.06,97.44
PO-100200,CUST-C,VEND-12,2025-09-03,Received,ITM-1015,2,4.70,9.40
PO-100201,CUST-H,VEND-04,2024-02-14,Closed,ITM-0237,10,3.01,30.10
PO-100201,CUST-H,VEND-04,2024-02-14,Closed,ITM-1008,6,1.46,8.76
PO-100202,CUST-A,VEND-11,2024-06-21,Closed,ITM-0737,4,71.28,285.12
PO-100202,CUST-A,VEND-11,2024-06-21,Closed,ITM-0943,4,23.02,92.08
PO-100202,CUST-A,VEND-11,2024-06-21,Closed,ITM-1010,1,8.63,8.63
PO-100202,CUST-A,VEND-11,2024-06-21,Closed,ITM-1015,2,4.07,8.14
PO-100203,CUST-H,VEND-11,2025-01-30,Received,ITM-0432,1,0.99,0.99
PO-100203,CUST-H,VEND-11,2025-01-30,Received,ITM-0629,5,3.00,15.00
PO-100203,CUST-H,VEND-11,2025-01-30,Received,ITM-1015,1,4.54,4.54
PO-100204,CUST-A,VEND-04,2025-05-30,Received,ITM-0237,3,3.07,9.21
PO-100204,CUST-A,VEND-04,2025-05-30,Received,ITM-0535,1,8.57,8.57
PO-100204,CUST-A,VEND-04,2025-05-30,Received,ITM-1008,24,1.27,30.48
PO-100205,CUST-B,VEND-05,2026-07-26,Received,ITM-0403,24,2.60,62.40
PO-100205,CUST-B,VEND-05,2026-07-26,Received,ITM-0412,10,1.12,11.20
PO-100205,CUST-B,VEND-05,2026-07-26,Received,ITM-0612,10,3.98,39.80
PO-100205,CUST-B,VEND-05,2026-07-26,Received,ITM-1011,4,4.04,16.16
PO-100206,CUST-F,VEND-10,2024-08-28,Received,ITM-0328,2,3.29,6.58
PO-100206,CUST-F,VEND-10,2024-08-28,Received,ITM-0328,2,3.29,6.58
PO-100206,CUST-F,VEND-10,2024-08-28,Received,ITM-0517,1,40.26,40.26
PO-100207,CUST-E,VEND-01,2024-07-07,Closed,ITM-0310,2,4.52,9.04
PO-100207,CUST-E,VEND-01,2024-07-07,Closed,ITM-0414,3,1.86,5.58
PO-100207,CUST-E,VEND-01,2024-07-07,Closed,ITM-0426,6,25.02,150.12
PO-100207,CUST-E,VEND-01,2024-07-07,Closed,ITM-0433,12,1.24,14.88
PO-100207,CUST-E,VEND-01,2024-07-07,Closed,ITM-0434,20,1.39,27.80
PO-100207,CUST-E,VEND-01,2024-07-07,Closed,ITM-1006,50,1.18,59.00
PO-100208,CUST-D,VEND-12,2025-01-22,Received,ITM-0426,10,26.03,260.30
PO-100208,CUST-D,VEND-12,2025-01-22,Received,ITM-0612,10,4.19,41.90
PO-100209,CUST-B,VEND-08,2025-07-30,Received,ITM-0721,12,34.07,408.84
PO-100210,CUST-D,VEND-07,2026-03-30,Received,ITM-0246,4,2.11,8.44
PO-100210,CUST-D,VEND-07,2026-03-30,Received,ITM-0306,4,0.98,3.92
PO-100210,CUST-D,VEND-07,2026-03-30,Received,ITM-0612,4,4.31,17.24
PO-100211,CUST-A,VEND-01,2025-12-12,Received,ITM-0426,3,25.36,76.08
PO-100211,CUST-A,VEND-01,2025-12-12,Received,ITM-0433,2,1.21,2.42
PO-100211,CUST-A,VEND-01,2025-12-12,Received,ITM-0604,1,12.06,12.06
PO-100212,CUST-B,VEND-07,2025-12-15,Received,ITM-0219,1,1.99,1.99
PO-100213,CUST-C,VEND-02,2024-01-11,Received,ITM-0201,4,4.16,16.64
PO-100213,CUST-C,VEND-02,2024-01-11,Received,ITM-0237,2,3.26,6.52
PO-100213,CUST-C,VEND-02,2024-01-11,Received,ITM-0629,24,2.96,71.04
PO-100214,CUST-A,VEND-05,2025-05-10,Received,ITM-0403,2,2.28,4.56
PO-100214,CUST-A,VEND-05,2025-05-10,Received,ITM-0412,2,0.97,1.94
PO-100214,CUST-A,VEND-05,2025-05-10,Received,ITM-0433,24,1.00,24.00
PO-100215,CUST-A,VEND-06,2026-02-07,Closed,ITM-0224,4,1.45,5.80
PO-100215,CUST-A,VEND-06,2026-02-07,Closed,ITM-0235,6,1.54,9.24
PO-100215,CUST-A,VEND-06,2026-02-07,Closed,ITM-0243,10,0.68,6.80
PO-100215,CUST-A,VEND-06,2026-02-07,Closed,ITM-0254,4,1.69,6.76
PO-100215,CUST-A,VEND-06,2026-02-07,Closed,ITM-1006,1,1.31,1.31
PO-100215,CUST-A,VEND-06,2026-02-07,Closed,ITM-1015,10,4.58,45.80
PO-100216,CUST-D,VEND-05,2024-05-27,Closed,ITM-0414,6,1.72,10.32
PO-100218,CUST-B,VEND-01,2026-03-14,Closed,ITM-0433,24,1.18,28.32
PO-100218,CUST-B,VEND-01,2026-03-14,Closed,ITM-0611,1,3.50,3.50
PO-100219,CUST-D,VEND-04,2026-06-07,Open,ITM-0228,10,4.83,48.30
PO-100219,CUST-D,VEND-04,2026-06-07,Open,ITM-0237,4,3.15,12.60
PO-100219,CUST-D,VEND-04,2026-06-07,Open,ITM-0446,3,20.43,61.29
PO-100219,CUST-D,VEND-04,2026-06-07,Open,ITM-0611,6,3.58,21.48
PO-100219,CUST-D,VEND-04,2026-06-07,Open,ITM-0939,2,16.02,32.04
PO-100220,CUST-H,VEND-04,2024-09-12,Cancelled,ITM-0224,2,1.43,2.86
PO-100220,CUST-H,VEND-04,2024-09-12,Cancelled,ITM-0237,2,3.04,6.08
PO-100220,CUST-H,VEND-04,2024-09-12,Cancelled,ITM-0306,4,1.00,4.00
PO-100220,CUST-H,VEND-04,2024-09-12,Cancelled,ITM-0446,4,20.80,83.20
PO-100220,CUST-H,VEND-04,2024-09-12,Cancelled,ITM-0605,4,16.32,65.28
PO-100220,CUST-H,VEND-04,2024-09-12,Cancelled,ITM-0940,5,19.53,97.65
PO-100222,CUST-D,VEND-04,2025-03-21,Received,ITM-0440,2,26.59,53.18
PO-100222,CUST-D,VEND-04,2025-03-21,Received,ITM-0446,4,21.81,87.24
PO-100222,CUST-D,VEND-04,2025-03-21,Received,ITM-0446,4,21.81,87.24
PO-100222,CUST-D,VEND-04,2025-03-21,Received,ITM-0535,10,8.81,88.10
PO-100222,CUST-D,VEND-04,2025-03-21,Received,ITM-0922,2,6.11,12.22
PO-100222,CUST-D,VEND-04,2025-03-21,Received,ITM-1015,1,4.24,4.24
PO-100222,CUST-D,VEND-04,2025-03-21,Received,ITM-1022,4,5.25,21.00
PO-100223,CUST-H,VEND-06,2026-05-16,Closed,ITM-0254,4,1.82,7.28
PO-100223,CUST-H,VEND-06,2026-05-16,Closed,ITM-0431,6,0.85,5.10
PO-100223,CUST-H,VEND-06,2026-05-16,Closed,ITM-0629,2,3.43,6.86
PO-100223,CUST-H,VEND-06,2026-05-16,Closed,ITM-0920,6,3.07,18.42
PO-100224,CUST-A,VEND-03,2024-07-30,Cancelled,ITM-0618,2,3.82,7.64
PO-100225,CUST-D,VEND-09,2026-03-05,Closed,ITM-0228,3,4.67,14.01
PO-100225,CUST-D,VEND-09,2026-03-05,Closed,ITM-0243,1,0.71,0.71
PO-100225,CUST-D,VEND-09,2026-03-05,Closed,ITM-0929,1,1.28,1.28
PO-100226,CUST-D,VEND-09,2026-07-31,Closed,ITM-0228,6,4.78,28.68
PO-100226,CUST-D,VEND-09,2026-07-31,Closed,ITM-0243,10,0.81,8.10
PO-100226,CUST-D,VEND-09,2026-07-31,Closed,ITM-0433,10,1.36,13.60
PO-100226,CUST-D,VEND-09,2026-07-31,Closed,ITM-0917,6,4.01,24.06
PO-100226,CUST-D,VEND-09,2026-07-31,Closed,ITM-0929,2,1.21,2.42
PO-100227,CUST-B,VEND-06,2024-10-04,Closed,ITM-0243,10,0.72,7.20
PO-100227,CUST-B,VEND-06,2024-10-04,Closed,ITM-0311,6,6.92,41.52
PO-100227,CUST-B,VEND-06,2024-10-04,Closed,ITM-0431,10,0.81,8.10
PO-100227,CUST-B,VEND-06,2024-10-04,Closed,ITM-0629,4,3.01,12.04
PO-100227,CUST-B,VEND-06,2024-10-04,Closed,ITM-1015,2,4.37,8.74
PO-100229,CUST-B,VEND-01,2024-02-11,Closed,ITM-0228,6,4.25,25.50
PO-100229,CUST-B,VEND-01,2024-02-11,Closed,ITM-0414,1,1.82,1.82
PO-100229,CUST-B,VEND-01,2024-02-11,Closed,ITM-0939,3,15.62,46.86
PO-100230,CUST-B,VEND-02,2025-07-16,Received,ITM-0228,2,4.63,9.26
PO-100230,CUST-B,VEND-02,2025-07-16,Received,ITM-0237,12,3.42,41.04
PO-100230,CUST-B,VEND-02,2025-07-16,Received,ITM-0425,6,26.83,160.98
PO-100230,CUST-B,VEND-02,2025-07-16,Received,ITM-0629,2,3.25,6.50
PO-100230,CUST-B,VEND-02,2025-07-16,Received,ITM-0904,1,0.34,0.34
PO-100231,CUST-H,VEND-10,2026-05-18,Closed,ITM-0425,4,26.26,105.04
PO-100231,CUST-H,VEND-10,2026-05-18,Closed,ITM-0434,6,1.58,9.48
PO-100231,CUST-H,VEND-10,2026-05-18,Closed,ITM-0808,4,1.87,7.48
PO-100231,CUST-H,VEND-10,2026-05-18,Closed,ITM-1014,10,2.91,29.10
PO-100232,CUST-H,VEND-11,2025-12-18,Received,ITM-1001,2,1.09,2.18
PO-100232,CUST-H,VEND-11,2025-12-18,Received,ITM-1022,2,5.63,11.26
PO-100233,CUST-A,VEND-02,2024-08-14,Received,ITM-0211,6,12.49,74.94
PO-100233,CUST-A,VEND-02,2024-08-14,Received,ITM-0220,24,2.46,59.04
PO-100233,CUST-A,VEND-02,2024-08-14,Received,ITM-0237,2,3.17,6.34
PO-100233,CUST-A,VEND-02,2024-08-14,Received,ITM-0629,24,2.67,64.08
PO-100233,CUST-A,VEND-02,2024-08-14,Received,ITM-0909,1,0.93,0.93
PO-100235,CUST-D,VEND-01,2026-07-23,Closed,ITM-0228,12,4.45,53.40
PO-100235,CUST-D,VEND-01,2026-07-23,Closed,ITM-0309,1,1.88,1.88
PO-100235,CUST-D,VEND-01,2026-07-23,Closed,ITM-0426,4,26.52,106.08
PO-100235,CUST-D,VEND-01,2026-07-23,Closed,ITM-0922,4,6.50,26.00
PO-100236,CUST-H,VEND-03,2024-05-27,Received,ITM-0243,12,0.67,8.04
PO-100236,CUST-H,VEND-03,2024-05-27,Received,ITM-0808,1,1.93,1.93
PO-100236,CUST-H,VEND-03,2024-05-27,Received,ITM-0907,24,0.71,17.04
PO-100237,CUST-A,VEND-07,2025-04-16,Received,ITM-0220,10,2.60,26.00
PO-100237,CUST-A,VEND-07,2025-04-16,Received,ITM-0628,6,0.14,0.84
PO-100237,CUST-A,VEND-07,2025-04-16,Received,ITM-0737,1,71.10,71.10
PO-100238,CUST-D,VEND-11,2026-06-19,Open,ITM-0443,1,4.72,4.72
PO-100238,CUST-D,VEND-11,2026-06-19,Open,ITM-0808,2,1.96,3.92
PO-100238,CUST-D,VEND-11,2026-06-19,Open,ITM-0940,1,20.04,20.04
PO-100238,CUST-D,VEND-11,2026-06-19,Open,ITM-1010,1,9.50,9.50
PO-100239,CUST-H,VEND-06,2026-03-05,Received,ITM-0224,1,1.56,1.56
PO-100239,CUST-H,VEND-06,2026-03-05,Received,ITM-0313,2,4.61,9.22
PO-100239,CUST-H,VEND-06,2026-03-05,Received,ITM-0628,10,0.16,1.60
PO-100239,CUST-H,VEND-06,2026-03-05,Received,ITM-0942,10,0.35,3.50
PO-100239,CUST-H,VEND-06,2026-03-05,Received,ITM-1014,2,2.70,5.40
PO-100240,CUST-F,VEND-09,2026-02-05,Received,ITM-0243,6,0.75,4.50
PO-100241,CUST-C,VEND-03,2026-04-12,Received,ITM-0442,4,21.92,87.68
PO-100241,CUST-C,VEND-03,2026-04-12,Received,ITM-0808,2,2.04,4.08
PO-100242,CUST-B,VEND-02,2025-09-14,Received,ITM-1020,12,8.96,107.52
PO-100243,CUST-F,VEND-01,2024-02-28,Received,ITM-0225,2,2.44,4.88
PO-100243,CUST-F,VEND-01,2024-02-28,Received,ITM-0426,6,23.63,141.78
PO-100243,CUST-F,VEND-01,2024-02-28,Received,ITM-0611,10,3.25,32.50
PO-100244,CUST-E,VEND-06,2024-09-11,Received,ITM-0255,4,1.49,5.96
PO-100244,CUST-E,VEND-06,2024-09-11,Received,ITM-0942,1,0.34,0.34
PO-100244,CUST-E,VEND-06,2024-09-11,Received,ITM-1006,10,1.30,13.00
PO-100245,CUST-A,VEND-08,2024-07-29,Cancelled,ITM-0201,1,4.10,4.10
PO-100245,CUST-A,VEND-08,2024-07-29,Cancelled,ITM-0611,10,3.30,33.00
PO-100245,CUST-A,VEND-08,2024-07-29,Cancelled,ITM-0928,1,0.80,0.80
PO-100245,CUST-A,VEND-08,2024-07-29,Cancelled,ITM-1018,6,4.85,29.10
PO-100246,CUST-B,VEND-12,2025-03-01,Closed,ITM-0229,2,1.65,3.30
PO-100247,CUST-B,VEND-12,2025-02-28,Received,ITM-0220,1,2.82,2.82
PO-100247,CUST-B,VEND-12,2025-02-28,Received,ITM-0403,24,2.46,59.04
PO-100247,CUST-B,VEND-12,2025-02-28,Received,ITM-0426,1,27.34,27.34
PO-100247,CUST-B,VEND-12,2025-02-28,Received,ITM-0908,10,0.88,8.80
PO-100248,CUST-A,VEND-06,2024-11-17,Closed,ITM-0446,2,21.24,42.48
PO-100248,CUST-A,VEND-06,2024-11-17,Closed,ITM-0910,3,0.97,2.91
PO-100249,CUST-D,VEND-05,2024-10-12,Closed,ITM-0627,20,7.25,145.00
PO-100250,CUST-A,VEND-05,2024-03-05,Received,ITM-0311,2,6.29,12.58
PO-100250,CUST-A,VEND-05,2024-03-05,Received,ITM-0403,5,2.23,11.15
PO-100250,CUST-A,VEND-05,2024-03-05,Received,ITM-0629,3,2.79,8.37
PO-100250,CUST-A,VEND-05,2024-03-05,Received,ITM-0808,10,1.77,17.70
PO-100250,CUST-A,VEND-05,2024-03-05,Received,ITM-0815,4,7.61,30.44
PO-100251,CUST-A,VEND-02,2025-12-22,Received,ITM-0229,6,1.53,9.18
PO-100251,CUST-A,VEND-02,2025-12-22,Received,ITM-0246,4,2.07,8.28
PO-100251,CUST-A,VEND-02,2025-12-22,Received,ITM-0246,4,2.07,8.28
PO-100251,CUST-A,VEND-02,2025-12-22,Received,ITM-0621,10,3.98,39.80
PO-100252,CUST-H,VEND-03,2026-04-14,Received,ITM-0430,2,0.52,1.04
PO-100252,CUST-H,VEND-03,2026-04-14,Received,ITM-0430,2,0.52,1.04
PO-100253,CUST-D,VEND-10,2025-01-16,Received,ITM-0508,6,16.13,96.78
PO-100253,CUST-D,VEND-10,2025-01-16,Received,ITM-0808,12,1.80,21.60
PO-100254,CUST-E,VEND-02,2024-04-08,Received,ITM-0220,4,2.64,10.56
PO-100254,CUST-E,VEND-02,2024-04-08,Received,ITM-0228,12,4.49,53.88
PO-100254,CUST-E,VEND-02,2024-04-08,Received,ITM-0237,10,3.31,33.10
PO-100254,CUST-E,VEND-02,2024-04-08,Received,ITM-0246,4,2.13,8.52
PO-100255,CUST-H,VEND-07,2025-07-01,Closed,ITM-0517,24,41.78,1002.72
PO-100255,CUST-H,VEND-07,2025-07-01,Closed,ITM-0604,12,12.93,155.16
PO-100255,CUST-H,VEND-07,2025-07-01,Closed,ITM-0628,1,0.16,0.16
PO-100255,CUST-H,VEND-07,2025-07-01,Closed,ITM-0715,6,76.93,461.58
PO-100256,CUST-B,VEND-02,2025-04-22,Received,ITM-0220,10,2.81,28.10
PO-100256,CUST-B,VEND-02,2025-04-22,Received,ITM-0228,4,4.70,18.80
PO-100256,CUST-B,VEND-02,2025-04-22,Received,ITM-0629,12,3.22,38.64
PO-100257,CUST-B,VEND-04,2026-08-22,Received,ITM-0228,10,4.82,48.20
PO-100257,CUST-B,VEND-04,2026-08-22,Received,ITM-0237,2,3.33,6.66
PO-100257,CUST-B,VEND-04,2026-08-22,Received,ITM-0326,2,2.78,5.56
PO-100257,CUST-B,VEND-04,2026-08-22,Received,ITM-0440,1,29.45,29.45
PO-100257,CUST-B,VEND-04,2026-08-22,Received,ITM-0611,50,3.44,172.00
PO-100257,CUST-B,VEND-04,2026-08-22,Received,ITM-0737,2,83.16,166.32
PO-100258,CUST-D,VEND-03,2024-09-27,Received,ITM-0243,12,0.69,8.28
PO-100258,CUST-D,VEND-03,2024-09-27,Received,ITM-0306,5,0.94,4.70
PO-100258,CUST-D,VEND-03,2024-09-27,Received,ITM-0311,12,6.80,81.60
PO-100258,CUST-D,VEND-03,2024-09-27,Received,ITM-0917,10,3.72,37.20
PO-100259,CUST-D,VEND-01,2026-01-14,Received,ITM-0228,4,4.61,18.44
PO-100259,CUST-D,VEND-01,2026-01-14,Received,ITM-0426,4,25.50,102.00
PO-100259,CUST-D,VEND-01,2026-01-14,Received,ITM-0604,4,13.16,52.64
PO-100259,CUST-D,VEND-01,2026-01-14,Received,ITM-0627,24,7.52,180.48
PO-100259,CUST-D,VEND-01,2026-01-14,Received,ITM-0922,6,5.93,35.58
PO-100260,CUST-D,VEND-05,2025-05-13,Closed,ITM-1011,1,3.80,3.80
PO-100260,CUST-D,VEND-05,2025-05-13,Closed,ITM-1017,10,3.12,31.20
PO-100261,CUST-D,VEND-02,2025-05-01,Received,ITM-0220,2,2.61,5.22
PO-100261,CUST-D,VEND-02,2025-05-01,Received,ITM-0237,4,3.11,12.44
PO-100261,CUST-D,VEND-02,2025-05-01,Received,ITM-1020,3,8.71,26.13
PO-100262,CUST-H,VEND-02,2024-05-13,Received,ITM-0237,12,3.38,40.56
PO-100262,CUST-H,VEND-02,2024-05-13,Received,ITM-0402,4,2.04,8.16
PO-100262,CUST-H,VEND-02,2024-05-13,Received,ITM-0402,4,2.04,8.16
PO-100262,CUST-H,VEND-02,2024-05-13,Received,ITM-0408,10,5.15,51.50
PO-100262,CUST-H,VEND-02,2024-05-13,Received,ITM-0815,24,7.96,191.04
PO-100262,CUST-H,VEND-02,2024-05-13,Received,ITM-0903,6,0.20,1.20
PO-100262,CUST-H,VEND-02,2024-05-13,Received,ITM-1018,2,5.13,10.26
PO-100263,CUST-B,VEND-10,2024-02-04,Received,ITM-0737,3,70.46,211.38
PO-100263,CUST-B,VEND-10,2024-02-04,Received,ITM-0902,1,4.29,4.29
PO-100264,CUST-F,VEND-10,2024-12-21,Received,ITM-0437,1,2.22,2.22
PO-100265,CUST-A,VEND-12,2025-09-28,Received,ITM-0220,12,2.68,32.16
PO-100265,CUST-A,VEND-12,2025-09-28,Received,ITM-0426,1,25.51,25.51
PO-100265,CUST-A,VEND-12,2025-09-28,Received,ITM-0612,24,3.92,94.08
PO-100265,CUST-A,VEND-12,2025-09-28,Received,ITM-0618,4,4.05,16.20
PO-100265,CUST-A,VEND-12,2025-09-28,Received,ITM-0623,10,2.38,23.80
PO-100265,CUST-A,VEND-12,2025-09-28,Received,ITM-1015,6,4.24,25.44
PO-100266,CUST-D,VEND-02,2026-04-02,Received,ITM-0225,24,2.25,54.00
PO-100266,CUST-D,VEND-02,2026-04-02,Received,ITM-0228,2,4.68,9.36
PO-100266,CUST-D,VEND-02,2026-04-02,Received,ITM-0404,24,3.37,80.88
PO-100266,CUST-D,VEND-02,2026-04-02,Received,ITM-0629,4,3.11,12.44
PO-100266,CUST-D,VEND-02,2026-04-02,Received,ITM-0909,1,1.01,1.01
PO-100267,CUST-H,VEND-05,2024-06-17,Received,ITM-0612,1,3.80,3.80
PO-100268,CUST-B,VEND-02,2025-12-28,Received,ITM-0220,12,2.95,35.40
PO-100268,CUST-B,VEND-02,2025-12-28,Received,ITM-0228,12,4.78,57.36
PO-100268,CUST-B,VEND-02,2025-12-28,Received,ITM-0311,1,7.37,7.37
PO-100268,CUST-B,VEND-02,2025-12-28,Received,ITM-0903,1,0.23,0.23
PO-100268,CUST-B,VEND-02,2025-12-28,Received,ITM-1020,20,8.99,179.80
PO-100269,CUST-H,VEND-10,2026-04-26,Closed,ITM-1014,2,2.93,5.86
PO-100270,CUST-B,VEND-06,2025-05-27,Received,ITM-0604,4,13.37,53.48
PO-100270,CUST-B,VEND-06,2025-05-27,Received,ITM-0628,2,0.15,0.30
PO-100270,CUST-B,VEND-06,2025-05-27,Received,ITM-0629,24,3.23,77.52
PO-100270,CUST-B,VEND-06,2025-05-27,Received,ITM-0715,4,70.48,281.92
PO-100270,CUST-B,VEND-06,2025-05-27,Received,ITM-1015,6,4.53,27.18
PO-100271,CUST-D,VEND-10,2025-07-10,Cancelled,ITM-0904,6,0.31,1.86
PO-100272,CUST-A,VEND-12,2026-09-01,Open,ITM-0612,2,4.14,8.28
PO-100274,CUST-B,VEND-08,2024-03-26,Received,ITM-0243,4,0.71,2.84
PO-100274,CUST-B,VEND-08,2024-03-26,Received,ITM-0611,1,3.25,3.25
PO-100274,CUST-B,VEND-08,2024-03-26,Received,ITM-0621,4,4.08,16.32
PO-100275,CUST-D,VEND-05,2026-01-19,Received,ITM-0426,5,25.97,129.85
PO-100275,CUST-D,VEND-05,2026-01-19,Received,ITM-0612,24,3.79,90.96
PO-100275,CUST-D,VEND-05,2026-01-19,Received,ITM-0627,4,7.26,29.04
PO-100275,CUST-D,VEND-05,2026-01-19,Received,ITM-0733,12,23.84,286.08
PO-100275,CUST-D,VEND-05,2026-01-19,Received,ITM-1017,2,3.23,6.46
PO-100276,CUST-F,VEND-11,2026-01-24,Received,ITM-0432,4,1.00,4.00
PO-100276,CUST-F,VEND-11,2026-01-24,Received,ITM-0433,1,1.22,1.22
PO-100276,CUST-F,VEND-11,2026-01-24,Received,ITM-0609,50,1.52,76.00
PO-100276,CUST-F,VEND-11,2026-01-24,Received,ITM-1015,6,4.76,28.56
PO-100277,CUST-F,VEND-04,2026-03-30,Received,ITM-0306,6,0.98,5.88
PO-100277,CUST-F,VEND-04,2026-03-30,Received,ITM-1003,2,1.19,2.38
PO-100277,CUST-F,VEND-04,2026-03-30,Received,ITM-1003,2,1.19,2.38
PO-100277,CUST-F,VEND-04,2026-03-30,Received,ITM-1015,10,4.43,44.30
PO-100278,CUST-B,VEND-10,2025-06-11,Received,ITM-0605,20,16.64,332.80
PO-100278,CUST-B,VEND-10,2025-06-11,Received,ITM-0808,12,1.89,22.68
PO-100278,CUST-B,VEND-10,2025-06-11,Received,ITM-0922,4,5.93,23.72
PO-100279,CUST-D,VEND-12,2024-07-06,Closed,ITM-0426,10,24.87,248.70
PO-100281,CUST-G,VEND-04,2025-07-31,Closed,ITM-0611,4,3.48,13.92
PO-100281,CUST-G,VEND-04,2025-07-31,Closed,ITM-1015,10,4.65,46.50
PO-100281,CUST-G,VEND-04,2025-07-31,Closed,ITM-1021,1,4.35,4.35
PO-100282,CUST-A,VEND-09,2024-08-09,Received,ITM-0243,10,0.65,6.50
PO-100282,CUST-A,VEND-09,2024-08-09,Received,ITM-0433,12,1.20,14.40
PO-100283,CUST-D,VEND-08,2026-01-16,Closed,ITM-0306,4,1.03,4.12
PO-100283,CUST-D,VEND-08,2026-01-16,Closed,ITM-0627,2,7.38,14.76
PO-100283,CUST-D,VEND-08,2026-01-16,Closed,ITM-0632,4,4.20,16.80
PO-100283,CUST-D,VEND-08,2026-01-16,Closed,ITM-0908,6,0.91,5.46
PO-100284,CUST-H,VEND-02,2024-06-05,Closed,ITM-0220,10,2.40,24.00
PO-100284,CUST-H,VEND-02,2024-06-05,Closed,ITM-0237,1,3.31,3.31
PO-100284,CUST-H,VEND-02,2024-06-05,Closed,ITM-0408,10,5.36,53.60
PO-100284,CUST-H,VEND-02,2024-06-05,Closed,ITM-0432,1,0.99,0.99
PO-100285,CUST-B,VEND-07,2026-07-14,Open,ITM-0306,2,1.00,2.00
PO-100285,CUST-B,VEND-07,2026-07-14,Open,ITM-0612,10,4.58,45.80
PO-100285,CUST-B,VEND-07,2026-07-14,Open,ITM-0628,4,0.15,0.60
PO-100286,CUST-D,VEND-12,2025-02-27,Received,ITM-0220,10,2.74,27.40
PO-100286,CUST-D,VEND-12,2025-02-27,Received,ITM-0908,1,0.84,0.84
PO-100287,CUST-A,VEND-02,2026-04-02,Received,ITM-0815,1,7.90,7.90
PO-100287,CUST-A,VEND-02,2026-04-02,Received,ITM-1011,6,3.84,23.04
PO-100288,CUST-E,VEND-08,2025-10-25,Received,ITM-0201,2,4.39,8.78
PO-100288,CUST-E,VEND-08,2025-10-25,Received,ITM-0310,6,4.89,29.34
PO-100288,CUST-E,VEND-08,2025-10-25,Received,ITM-0435,2,1.63,3.26
PO-100288,CUST-E,VEND-08,2025-10-25,Received,ITM-1008,6,1.44,8.64
PO-100288,CUST-E,VEND-08,2025-10-25,Received,ITM-1008,6,1.44,8.64
PO-100289,CUST-A,VEND-06,2025-07-25,Closed,ITM-0629,2,3.12,6.24
PO-100289,CUST-A,VEND-06,2025-07-25,Closed,ITM-0629,2,3.12,6.24
PO-100290,CUST-B,VEND-04,2024-02-19,Received,ITM-0446,10,20.03,200.30
PO-100290,CUST-B,VEND-04,2024-02-19,Received,ITM-0632,4,4.38,17.52
PO-100291,CUST-B,VEND-06,2025-11-13,Received,ITM-0416,2,2.99,5.98
PO-100291,CUST-B,VEND-06,2025-11-13,Received,ITM-0446,24,22.25,534.00
PO-100291,CUST-B,VEND-06,2025-11-13,Received,ITM-0614,2,6.11,12.22
PO-100291,CUST-B,VEND-06,2025-11-13,Received,ITM-0629,2,3.40,6.80
PO-100291,CUST-B,VEND-06,2025-11-13,Received,ITM-0632,2,4.17,8.34
PO-100293,CUST-C,VEND-05,2024-05-11,Closed,ITM-0403,1,2.26,2.26
PO-100293,CUST-C,VEND-05,2024-05-11,Closed,ITM-0629,12,2.87,34.44
PO-100293,CUST-C,VEND-05,2024-05-11,Closed,ITM-0733,5,22.92,114.60
PO-100293,CUST-C,VEND-05,2024-05-11,Closed,ITM-1006,24,1.18,28.32
PO-100294,CUST-B,VEND-03,2026-03-09,Received,ITM-0402,2,1.94,3.88
PO-100294,CUST-B,VEND-03,2026-03-09,Received,ITM-0440,6,27.67,166.02
PO-100294,CUST-B,VEND-03,2026-03-09,Received,ITM-0808,6,1.98,11.88
PO-100294,CUST-B,VEND-03,2026-03-09,Received,ITM-0809,12,2.63,31.56
PO-100295,CUST-B,VEND-05,2025-06-03,Closed,ITM-0257,4,0.75,3.00
PO-100295,CUST-B,VEND-05,2025-06-03,Closed,ITM-0403,1,2.43,2.43
PO-100295,CUST-B,VEND-05,2025-06-03,Closed,ITM-0403,1,2.43,2.43
PO-100295,CUST-B,VEND-05,2025-06-03,Closed,ITM-0426,3,24.31,72.93
PO-100295,CUST-B,VEND-05,2025-06-03,Closed,ITM-0612,2,4.14,8.28
PO-100296,CUST-D,VEND-06,2025-10-05,Received,ITM-0446,10,22.49,224.90
PO-100296,CUST-D,VEND-06,2025-10-05,Received,ITM-0446,10,22.49,224.90
PO-100296,CUST-D,VEND-06,2025-10-05,Received,ITM-0805,2,33.10,66.20
PO-100297,CUST-F,VEND-01,2025-05-10,Received,ITM-0225,20,2.35,47.00
PO-100297,CUST-F,VEND-01,2025-05-10,Received,ITM-0414,6,1.96,11.76
PO-100297,CUST-F,VEND-01,2025-05-10,Received,ITM-0426,3,26.40,79.20
PO-100297,CUST-F,VEND-01,2025-05-10,Received,ITM-0433,2,1.26,2.52
PO-100297,CUST-F,VEND-01,2025-05-10,Received,ITM-0939,10,16.47,164.70
PO-100298,CUST-A,VEND-12,2024-02-14,Received,ITM-1015,6,4.32,25.92
PO-100299,CUST-A,VEND-10,2026-02-21,Cancelled,ITM-0412,6,1.08,6.48
PO-100299,CUST-A,VEND-10,2026-02-21,Cancelled,ITM-0511,4,25.81,103.24
PO-100299,CUST-A,VEND-10,2026-02-21,Cancelled,ITM-0605,4,15.78,63.12
PO-100300,CUST-B,VEND-05,2025-02-07,Received,ITM-0404,5,3.00,15.00
PO-100300,CUST-B,VEND-05,2025-02-07,Received,ITM-0412,2,1.06,2.12
PO-100300,CUST-B,VEND-05,2025-02-07,Received,ITM-0433,4,1.13,4.52
PO-100300,CUST-B,VEND-05,2025-02-07,Received,ITM-0433,4,1.13,4.52
PO-100300,CUST-B,VEND-05,2025-02-07,Received,ITM-0527,2,8.36,16.72
PO-100300,CUST-B,VEND-05,2025-02-07,Received,ITM-0808,4,1.80,7.20
PO-100301,CUST-G,VEND-07,2026-07-19,Open,ITM-0220,1,2.98,2.98
PO-100301,CUST-G,VEND-07,2026-07-19,Open,ITM-0909,4,1.03,4.12
PO-100302,CUST-E,VEND-12,2024-11-14,Closed,ITM-0257,4,0.71,2.84
PO-100302,CUST-E,VEND-12,2024-11-14,Closed,ITM-0612,4,4.33,17.32
PO-100303,CUST-B,VEND-07,2024-11-25,Closed,ITM-0715,12,74.33,891.96
PO-100303,CUST-B,VEND-07,2024-11-25,Closed,ITM-0921,10,3.94,39.40
PO-100303,CUST-B,VEND-07,2024-11-25,Closed,ITM-0943,4,25.21,100.84
PO-100304,CUST-D,VEND-01,2024-08-13,Received,ITM-0426,2,23.83,47.66
PO-100305,CUST-F,VEND-01,2026-05-19,Received,ITM-0412,1,1.16,1.16
PO-100305,CUST-F,VEND-01,2026-05-19,Received,ITM-0414,1,1.96,1.96
PO-100306,CUST-B,VEND-02,2024-04-09,Cancelled,ITM-0228,24,4.56,109.44
PO-100306,CUST-B,VEND-02,2024-04-09,Cancelled,ITM-0237,4,3.24,12.96
PO-100306,CUST-B,VEND-02,2024-04-09,Cancelled,ITM-0327,20,2.49,49.80
PO-100306,CUST-B,VEND-02,2024-04-09,Cancelled,ITM-0629,2,3.16,6.32
PO-100307,CUST-A,VEND-04,2024-06-02,Closed,ITM-0237,6,3.04,18.24
PO-100307,CUST-A,VEND-04,2024-06-02,Closed,ITM-0306,12,0.91,10.92
PO-100307,CUST-A,VEND-04,2024-06-02,Closed,ITM-0907,6,0.67,4.02
PO-100307,CUST-A,VEND-04,2024-06-02,Closed,ITM-1015,10,3.91,39.10
PO-100307,CUST-A,VEND-04,2024-06-02,Closed,ITM-1015,10,3.91,39.10
PO-100308,CUST-G,VEND-10,2025-08-27,Received,ITM-0511,10,27.70,277.00
PO-100308,CUST-G,VEND-10,2025-08-27,Received,ITM-0808,4,1.79,7.16
PO-100308,CUST-G,VEND-10,2025-08-27,Received,ITM-0902,6,4.61,27.66
PO-100308,CUST-G,VEND-10,2025-08-27,Received,ITM-1014,4,2.77,11.08
PO-100309,CUST-C,VEND-02,2025-05-14,Received,ITM-0629,1,3.01,3.01
PO-100310,CUST-A,VEND-03,2025-02-22,Received,ITM-0306,4,0.87,3.48
PO-100310,CUST-A,VEND-03,2025-02-22,Received,ITM-0306,4,0.87,3.48
PO-100310,CUST-A,VEND-03,2025-02-22,Received,ITM-0733,24,20.70,496.80
PO-100311,CUST-A,VEND-10,2025-09-19,Received,ITM-0431,4,0.76,3.04
PO-100311,CUST-A,VEND-10,2025-09-19,Received,ITM-0437,4,1.98,7.92
PO-100311,CUST-A,VEND-10,2025-09-19,Received,ITM-0535,1,8.65,8.65
PO-100311,CUST-A,VEND-10,2025-09-19,Received,ITM-0922,1,5.73,5.73
PO-100312,CUST-A,VEND-02,2024-04-12,Received,ITM-0237,20,3.07,61.40
PO-100312,CUST-A,VEND-02,2024-04-12,Received,ITM-0311,2,6.55,13.10
PO-100313,CUST-F,VEND-11,2026-08-29,Open,ITM-0902,2,4.46,8.92
PO-100313,CUST-F,VEND-11,2026-08-29,Open,ITM-1015,4,4.45,17.80
PO-100314,CUST-D,VEND-02,2025-09-18,Closed,ITM-0228,24,4.46,107.04
PO-100314,CUST-D,VEND-02,2025-09-18,Closed,ITM-0237,24,3.21,77.04
PO-100314,CUST-D,VEND-02,2025-09-18,Closed,ITM-0629,4,3.11,12.44
PO-100315,CUST-C,VEND-10,2024-03-11,Received,ITM-1014,6,2.50,15.00
PO-100315,CUST-G,VEND-10,2024-03-11,Received,ITM-0434,6,1.50,9.00
PO-100315,CUST-G,VEND-10,2024-03-11,Received,ITM-0610,12,2.33,27.96
PO-100316,CUST-B,VEND-07,2026-06-13,Open,ITM-0251,6,2.63,15.78
PO-100316,CUST-B,VEND-07,2026-06-13,Open,ITM-0517,2,44.73,89.46
PO-100316,CUST-B,VEND-07,2026-06-13,Open,ITM-0628,2,0.17,0.34
PO-100317,CUST-B,VEND-10,2024-07-18,Received,ITM-0517,3,41.33,123.99
PO-100317,CUST-B,VEND-10,2024-07-18,Received,ITM-0535,2,8.83,17.66
PO-100317,CUST-B,VEND-10,2024-07-18,Received,ITM-0610,10,2.31,23.10
PO-100317,CUST-B,VEND-10,2024-07-18,Received,ITM-0808,12,1.82,21.84
PO-100317,CUST-B,VEND-10,2024-07-18,Received,ITM-0902,6,4.38,26.28
PO-100317,CUST-B,VEND-10,2024-07-18,Received,ITM-0929,10,1.17,11.70
PO-100318,CUST-A,VEND-07,2026-03-04,Received,ITM-0612,5,3.98,19.90
PO-100318,CUST-A,VEND-07,2026-03-04,Received,ITM-0943,2,23.99,47.98
PO-100320,CUST-E,VEND-04,2025-01-24,Closed,ITM-0313,1,4.41,4.41
PO-100320,CUST-E,VEND-04,2025-01-24,Closed,ITM-0446,6,21.16,126.96
PO-100320,CUST-E,VEND-04,2025-01-24,Closed,ITM-0620,20,3.00,60.00
PO-100320,CUST-E,VEND-04,2025-01-24,Closed,ITM-0922,12,6.16,73.92
PO-100321,CUST-A,VEND-06,2024-05-04,Cancelled,ITM-0629,10,3.02,30.20
PO-100321,CUST-A,VEND-06,2024-05-04,Cancelled,ITM-0917,4,3.36,13.44
PO-100322,CUST-F,VEND-01,2024-12-25,Received,ITM-0225,5,2.30,11.50
PO-100322,CUST-F,VEND-01,2024-12-25,Received,ITM-0433,4,1.22,4.88
PO-100323,CUST-B,VEND-09,2025-01-18,Closed,ITM-1011,24,3.98,95.52
PO-100324,CUST-B,VEND-07,2024-09-19,Received,ITM-0229,3,1.60,4.80
PO-100324,CUST-B,VEND-07,2024-09-19,Received,ITM-0517,3,44.13,132.39
PO-100324,CUST-B,VEND-07,2024-09-19,Received,ITM-0612,24,4.29,102.96
PO-100324,CUST-B,VEND-07,2024-09-19,Received,ITM-0921,12,3.85,46.20
PO-100325,CUST-A,VEND-10,2024-09-03,Received,ITM-0737,4,71.06,284.24
PO-100326,CUST-A,VEND-10,2025-04-07,Received,ITM-0517,24,37.32,895.68
PO-100326,CUST-A,VEND-10,2025-04-07,Received,ITM-0808,4,1.64,6.56
PO-100327,CUST-C,VEND-03,2024-04-20,Received,ITM-0437,20,1.95,39.00
PO-100327,CUST-C,VEND-03,2024-04-20,Received,ITM-0610,1,2.35,2.35
PO-100327,CUST-C,VEND-03,2024-04-20,Received,ITM-0917,6,3.81,22.86
PO-100328,CUST-A,VEND-07,2024-09-01,Closed,ITM-0220,12,2.77,33.24
PO-100329,CUST-G,VEND-04,2026-02-12,Received,ITM-0237,24,3.06,73.44
PO-100329,CUST-G,VEND-04,2026-02-12,Received,ITM-0939,24,16.11,386.64
PO-100330,CUST-A,VEND-09,2026-02-18,Received,ITM-0433,6,1.25,7.50
PO-100330,CUST-A,VEND-09,2026-02-18,Received,ITM-1011,2,4.00,8.00
PO-100331,CUST-B,VEND-06,2024-12-11,Closed,ITM-1014,12,2.66,31.92
PO-100332,CUST-A,VEND-02,2025-02-14,Cancelled,ITM-0632,24,3.83,91.92
PO-100333,CUST-C,VEND-06,2024-09-20,Received,ITM-0408,1,5.25,5.25
PO-100333,CUST-C,VEND-06,2024-09-20,Received,ITM-0614,6,5.92,35.52
PO-100333,CUST-C,VEND-06,2024-09-20,Received,ITM-0632,1,4.17,4.17
PO-100334,CUST-D,VEND-04,2026-07-19,Open,ITM-0228,5,5.03,25.15
PO-100334,CUST-D,VEND-04,2026-07-19,Open,ITM-0237,2,3.22,6.44
PO-100334,CUST-D,VEND-04,2026-07-19,Open,ITM-0306,2,1.08,2.16
PO-100334,CUST-D,VEND-04,2026-07-19,Open,ITM-0939,1,16.49,16.49
PO-100334,CUST-D,VEND-04,2026-07-19,Open,ITM-1015,24,4.42,106.08
PO-100335,CUST-D,VEND-06,2024-01-04,Received,ITM-0224,1,1.54,1.54
PO-100335,CUST-D,VEND-06,2024-01-04,Received,ITM-0431,50,0.68,34.00
PO-100336,CUST-A,VEND-10,2025-10-23,Closed,ITM-0908,1,0.87,0.87
PO-100337,CUST-F,VEND-03,2025-12-15,Received,ITM-0211,5,13.52,67.60
PO-100337,CUST-F,VEND-03,2025-12-15,Received,ITM-0621,4,4.65,18.60
PO-100338,CUST-F,VEND-01,2024-02-15,Received,ITM-0426,24,25.16,603.84
PO-100338,CUST-F,VEND-01,2024-02-15,Received,ITM-0623,6,2.45,14.70
PO-100339,CUST-G,VEND-11,2024-12-05,Received,ITM-0627,6,8.18,49.08
PO-100339,CUST-G,VEND-11,2024-12-05,Received,ITM-0943,4,25.27,101.08
PO-100339,CUST-G,VEND-11,2024-12-05,Received,ITM-1015,10,4.38,43.80
PO-100340,CUST-E,VEND-09,2026-04-01,Received,ITM-0904,4,0.37,1.48
PO-100341,CUST-H,VEND-07,2024-12-26,Closed,ITM-0255,4,1.57,6.28
PO-100341,CUST-H,VEND-07,2024-12-26,Closed,ITM-1001,1,1.05,1.05
PO-100341,CUST-H,VEND-07,2024-12-26,Closed,ITM-1008,6,1.42,8.52
PO-100342,CUST-A,VEND-01,2025-07-06,Received,ITM-0404,12,2.84,34.08
PO-100342,CUST-A,VEND-01,2025-07-06,Received,ITM-0414,6,1.78,10.68
PO-100342,CUST-A,VEND-01,2025-07-06,Received,ITM-0426,24,23.06,553.44
PO-100342,CUST-A,VEND-01,2025-07-06,Received,ITM-0434,10,1.40,14.00
PO-100342,CUST-A,VEND-01,2025-07-06,Received,ITM-0611,12,3.20,38.40
PO-100342,CUST-A,VEND-01,2025-07-06,Received,ITM-0627,4,7.22,28.88
PO-100343,CUST-A,VEND-12,2024-10-29,Received,ITM-0257,2,0.65,1.30
PO-100344,CUST-A,VEND-06,2025-09-11,Closed,ITM-0104,10,65.78,657.80
PO-100344,CUST-A,VEND-06,2025-09-11,Closed,ITM-0254,10,1.68,16.80
PO-100344,CUST-A,VEND-06,2025-09-11,Closed,ITM-0416,2,2.73,5.46
PO-100344,CUST-A,VEND-06,2025-09-11,Closed,ITM-0431,2,0.82,1.64
PO-100344,CUST-A,VEND-06,2025-09-11,Closed,ITM-1015,6,4.25,25.50
PO-100345,CUST-G,VEND-08,2025-09-19,Closed,ITM-0430,2,0.51,1.02
PO-100346,CUST-F,VEND-02,2025-05-07,Received,ITM-0235,2,1.69,3.38
PO-100347,CUST-A,VEND-06,2026-07-16,Open,ITM-0201,6,4.03,24.18
PO-100347,CUST-A,VEND-06,2026-07-16,Open,ITM-0311,6,6.71,40.26
PO-100347,CUST-A,VEND-06,2026-07-16,Open,ITM-0408,6,4.86,29.16
PO-100347,CUST-A,VEND-06,2026-07-16,Open,ITM-1015,4,4.22,16.88
PO-100348,CUST-A,VEND-11,2026-07-12,Received,ITM-0250,4,56.02,224.08
PO-100348,CUST-A,VEND-11,2026-07-12,Received,ITM-0432,2,0.98,1.96
PO-100348,CUST-A,VEND-11,2026-07-12,Received,ITM-0433,10,1.14,11.40
PO-100348,CUST-A,VEND-11,2026-07-12,Received,ITM-0437,2,1.88,3.76
PO-100348,CUST-A,VEND-11,2026-07-12,Received,ITM-0620,1,3.29,3.29
PO-100348,CUST-A,VEND-11,2026-07-12,Received,ITM-1015,12,4.28,51.36
PO-100349,CUST-H,VEND-02,2024-01-06,Closed,ITM-0311,10,6.89,68.90
PO-100350,CUST-C,VEND-02,2026-07-13,Open,ITM-0220,1,2.91,2.91
PO-100350,CUST-C,VEND-02,2026-07-13,Open,ITM-0228,10,4.86,48.60
PO-100350,CUST-C,VEND-02,2026-07-13,Open,ITM-0237,6,3.50,21.00
PO-100350,CUST-C,VEND-02,2026-07-13,Open,ITM-0425,2,27.29,54.58
PO-100352,CUST-D,VEND-11,2024-03-09,Received,ITM-0251,10,2.33,23.30
PO-100352,CUST-D,VEND-11,2024-03-09,Received,ITM-0433,4,1.11,4.44
PO-100352,CUST-D,VEND-11,2024-03-09,Received,ITM-0627,2,7.42,14.84
PO-100352,CUST-D,VEND-11,2024-03-09,Received,ITM-0921,6,3.65,21.90
PO-100352,CUST-D,VEND-11,2024-03-09,Received,ITM-1015,2,4.05,8.10
PO-100352,CUST-D,VEND-11,2024-03-09,Received,ITM-1020,50,7.88,394.00
PO-100353,CUST-C,VEND-06,2025-08-21,Closed,ITM-0629,20,3.29,65.80
PO-100354,CUST-E,VEND-08,2025-07-08,Received,ITM-0430,6,0.49,2.94
PO-100354,CUST-E,VEND-08,2025-07-08,Received,ITM-0517,1,42.73,42.73
PO-100354,CUST-E,VEND-08,2025-07-08,Received,ITM-0611,6,3.55,21.30
PO-100354,CUST-E,VEND-08,2025-07-08,Received,ITM-1019,2,6.66,13.32
PO-100355,CUST-H,VEND-06,2024-02-20,Closed,ITM-0313,24,3.99,95.76
PO-100355,CUST-H,VEND-06,2024-02-20,Closed,ITM-0604,4,12.70,50.80
PO-100355,CUST-H,VEND-06,2024-02-20,Closed,ITM-0632,3,4.17,12.51
PO-100357,CUST-D,VEND-03,2026-07-21,Received,ITM-1020,1,8.92,8.92
PO-100358,CUST-D,VEND-08,2026-05-02,Closed,ITM-0219,6,1.96,11.76
PO-100358,CUST-D,VEND-08,2026-05-02,Closed,ITM-0310,1,4.70,4.70
PO-100358,CUST-D,VEND-08,2026-05-02,Closed,ITM-0614,10,5.79,57.90
PO-100358,CUST-D,VEND-08,2026-05-02,Closed,ITM-0627,4,7.67,30.68
PO-100359,CUST-C,VEND-08,2025-10-20,Received,ITM-1019,2,6.80,13.60
PO-100360,CUST-A,VEND-09,2024-05-19,Closed,ITM-0402,4,1.89,7.56
PO-100362,CUST-B,VEND-07,2024-02-11,Received,ITM-0220,1,2.54,2.54
PO-100363,CUST-B,VEND-03,2026-05-21,Closed,ITM-0104,1,75.70,75.70
PO-100363,CUST-B,VEND-03,2026-05-21,Closed,ITM-0243,2,0.76,1.52
PO-100364,CUST-A,VEND-07,2024-08-17,Received,ITM-0306,1,0.92,0.92
PO-100364,CUST-A,VEND-07,2024-08-17,Received,ITM-0612,1,3.91,3.91
PO-100364,CUST-A,VEND-07,2024-08-17,Received,ITM-0623,1,,
PO-100364,CUST-A,VEND-07,2024-08-17,Received,ITM-0737,10,67.94,679.40
PO-100364,CUST-A,VEND-07,2024-08-17,Received,ITM-1001,1,0.98,0.98
PO-100365,CUST-D,VEND-10,2024-03-22,Closed,ITM-0605,2,15.18,30.36
PO-100366,CUST-E,VEND-03,2025-04-27,Closed,ITM-0211,6,12.97,77.82
PO-100366,CUST-E,VEND-03,2025-04-27,Closed,ITM-0306,2,0.96,1.92
PO-100366,CUST-E,VEND-03,2025-04-27,Closed,ITM-0808,2,2.03,4.06
PO-100366,CUST-E,VEND-03,2025-04-27,Closed,ITM-0920,10,2.96,29.60
PO-100367,CUST-A,VEND-10,2025-02-10,Received,ITM-0517,12,37.67,452.04
PO-100367,CUST-A,VEND-10,2025-02-10,Received,ITM-0721,4,32.11,128.44
PO-100367,CUST-A,VEND-10,2025-02-10,Received,ITM-0929,1,1.12,1.12
PO-100368,CUST-A,VEND-02,2024-06-07,Closed,ITM-0621,4,3.90,15.60
PO-100368,CUST-A,VEND-02,2024-06-07,Closed,ITM-0629,4,2.85,11.40
PO-100369,CUST-E,VEND-12,2024-08-19,Cancelled,ITM-0426,6,26.57,159.42
PO-100369,CUST-E,VEND-12,2024-08-19,Cancelled,ITM-0612,6,4.28,25.68
PO-100369,CUST-E,VEND-12,2024-08-19,Cancelled,ITM-1015,4,4.49,17.96
PO-100370,CUST-F,VEND-09,2025-10-10,Received,ITM-0929,20,1.27,25.40
PO-100371,CUST-H,VEND-08,2024-05-30,Received,ITM-0253,2,1.21,2.42
PO-100371,CUST-H,VEND-08,2024-05-30,Received,ITM-0306,6,0.90,5.40
PO-100371,CUST-H,VEND-08,2024-05-30,Received,ITM-0309,12,2.00,24.00
PO-100371,CUST-H,VEND-08,2024-05-30,Received,ITM-0627,2,7.58,15.16
PO-100371,CUST-H,VEND-08,2024-05-30,Received,ITM-0632,10,4.24,42.40
PO-100371,CUST-H,VEND-08,2024-05-30,Received,ITM-0903,6,0.21,1.26
PO-100372,CUST-A,VEND-01,2026-05-14,Received,ITM-0310,2,4.49,8.98
PO-100373,CUST-F,VEND-09,2024-01-05,Received,ITM-0228,2,4.40,8.80
PO-100373,CUST-F,VEND-09,2024-01-05,Received,ITM-0250,4,60.07,240.28
PO-100373,CUST-F,VEND-09,2024-01-05,Received,ITM-0614,3,5.81,17.43
PO-100374,CUST-A,VEND-08,2025-05-13,Received,ITM-0306,10,0.98,9.80
PO-100374,CUST-A,VEND-08,2025-05-13,Received,ITM-0310,4,4.30,17.20
PO-100375,CUST-G,VEND-12,2024-05-07,Received,ITM-0254,3,1.73,5.19
PO-100376,CUST-E,VEND-04,2024-09-10,Closed,ITM-1015,50,4.01,200.50
PO-100376,CUST-E,VEND-04,2024-09-10,Closed,ITM-1015,50,4.01,200.50
PO-100377,CUST-A,VEND-02,2026-08-04,Open,ITM-0237,1,3.07,3.07
PO-100377,CUST-A,VEND-02,2026-08-04,Open,ITM-0408,6,4.97,29.82
PO-100377,CUST-A,VEND-02,2026-08-04,Open,ITM-0629,1,3.13,3.13
PO-100377,CUST-A,VEND-02,2026-08-04,Open,ITM-1018,1,5.20,5.20
PO-100378,CUST-A,VEND-07,2026-02-10,Received,ITM-0104,6,64.31,385.86
PO-100378,CUST-A,VEND-07,2026-02-10,Received,ITM-0612,1,4.06,4.06
PO-100379,CUST-A,VEND-09,2025-07-19,Closed,ITM-0201,10,4.16,41.60
PO-100379,CUST-A,VEND-09,2025-07-19,Closed,ITM-0243,20,0.71,14.20
PO-100379,CUST-A,VEND-09,2025-07-19,Closed,ITM-0433,6,1.26,7.56
PO-100380,CUST-A,VEND-05,2025-08-15,Received,ITM-0403,1,2.19,2.19
PO-100380,CUST-A,VEND-05,2025-08-15,Received,ITM-0433,2,1.15,2.30
PO-100380,CUST-A,VEND-05,2025-08-15,Received,ITM-0942,2,0.30,0.60
PO-100381,CUST-A,VEND-12,2024-06-11,Received,ITM-0403,12,2.33,27.96
PO-100381,CUST-A,VEND-12,2024-06-11,Received,ITM-0612,5,3.98,19.90
PO-100382,CUST-D,VEND-05,2025-07-09,Closed,ITM-0246,2,2.23,4.46
PO-100383,CUST-G,VEND-05,2024-10-21,Received,ITM-0412,4,1.04,4.16
PO-100383,CUST-G,VEND-05,2024-10-21,Received,ITM-0414,4,1.91,7.64
PO-100383,CUST-G,VEND-05,2024-10-21,Received,ITM-0612,2,3.89,7.78
PO-100383,CUST-G,VEND-05,2024-10-21,Received,ITM-0904,2,0.32,0.64
PO-100383,CUST-G,VEND-05,2024-10-21,Received,ITM-0947,10,0.43,4.30
PO-100383,CUST-G,VEND-05,2024-10-21,Received,ITM-1014,12,2.71,32.52
PO-100384,CUST-B,VEND-12,2024-06-08,Received,ITM-0220,6,2.69,16.14
PO-100384,CUST-B,VEND-12,2024-06-08,Received,ITM-0403,4,2.51,10.04
PO-100385,CUST-D,VEND-09,2025-09-02,Received,ITM-0208,10,5.14,51.40
PO-100385,CUST-D,VEND-09,2025-09-02,Received,ITM-0228,4,4.68,18.72
PO-100385,CUST-D,VEND-09,2025-09-02,Received,ITM-0243,2,0.73,1.46
PO-100387,CUST-A,VEND-04,2024-11-06,Closed,ITM-0611,10,3.47,34.70
PO-100387,CUST-A,VEND-04,2024-11-06,Closed,ITM-0737,10,71.71,717.10
PO-100387,CUST-A,VEND-04,2024-11-06,Closed,ITM-0907,4,0.69,2.76
PO-100388,CUST-A,VEND-04,2026-07-22,Received,ITM-0237,1,2.95,2.95
PO-100388,CUST-A,VEND-04,2026-07-22,Received,ITM-0940,24,18.07,433.68
PO-100388,CUST-A,VEND-04,2026-07-22,Received,ITM-1015,2,3.92,7.84
PO-100389,CUST-B,VEND-05,2026-08-15,Received,ITM-0426,12,26.42,317.04
PO-100389,CUST-B,VEND-05,2026-08-15,Received,ITM-0808,1,2.01,2.01
PO-100389,CUST-B,VEND-05,2026-08-15,Received,ITM-0904,4,0.33,1.32
PO-100390,CUST-C,VEND-11,2024-04-24,Closed,ITM-0437,4,1.95,7.80
PO-100390,CUST-C,VEND-11,2024-04-24,Closed,ITM-0605,4,16.68,66.72
PO-100390,CUST-C,VEND-11,2024-04-24,Closed,ITM-0629,10,2.97,29.70
PO-100390,CUST-C,VEND-11,2024-04-24,Closed,ITM-0943,12,24.91,298.92
PO-100390,CUST-C,VEND-11,2024-04-24,Closed,ITM-1015,20,4.31,86.20
PO-100391,CUST-D,VEND-02,2025-11-14,Cancelled,ITM-0228,10,4.71,47.10
PO-100391,CUST-D,VEND-02,2025-11-14,Cancelled,ITM-0229,20,1.58,31.60
PO-100391,CUST-D,VEND-02,2025-11-14,Cancelled,ITM-0311,50,6.47,323.50
PO-100391,CUST-D,VEND-02,2025-11-14,Cancelled,ITM-0815,6,8.25,49.50
PO-100391,CUST-D,VEND-02,2025-11-14,Cancelled,ITM-0815,6,8.25,49.50
PO-100391,CUST-D,VEND-02,2025-11-14,Cancelled,ITM-1021,3,4.46,13.38
PO-100393,CUST-G,VEND-08,2025-04-04,Received,ITM-0306,2,0.99,1.98
PO-100393,CUST-G,VEND-08,2025-04-04,Received,ITM-1019,1,6.35,6.35
PO-100394,CUST-D,VEND-07,2025-06-02,Received,ITM-0737,1,70.86,70.86
PO-100394,CUST-D,VEND-07,2025-06-02,Received,ITM-1001,4,1.01,4.04
PO-100395,CUST-C,VEND-08,2026-04-14,Closed,ITM-0230,1,3.15,3.15
PO-100395,CUST-C,VEND-08,2026-04-14,Closed,ITM-0243,2,0.79,1.58
PO-100395,CUST-C,VEND-08,2026-04-14,Closed,ITM-0306,4,1.04,4.16
PO-100395,CUST-C,VEND-08,2026-04-14,Closed,ITM-0309,4,2.06,8.24
PO-100395,CUST-C,VEND-08,2026-04-14,Closed,ITM-0517,1,43.63,43.63
PO-100395,CUST-C,VEND-08,2026-04-14,Closed,ITM-0902,5,45.20,226.00
PO-100396,CUST-B,VEND-05,2026-02-24,Received,ITM-0414,1,2.02,2.02
PO-100397,CUST-F,VEND-03,2024-08-19,Closed,ITM-0306,4,0.94,3.76
PO-100397,CUST-F,VEND-03,2024-08-19,Closed,ITM-0437,12,2.01,24.12
PO-100397,CUST-F,VEND-03,2024-08-19,Closed,ITM-0440,4,26.49,105.96
PO-100397,CUST-F,VEND-03,2024-08-19,Closed,ITM-0618,10,4.15,41.50
PO-100397,CUST-F,VEND-03,2024-08-19,Closed,ITM-0808,4,1.90,7.60
PO-100398,CUST-G,VEND-11,2026-04-18,Received,ITM-0437,24,2.03,48.72
PO-100399,CUST-D,VEND-03,2024-09-05,Received,ITM-0211,5,12.46,62.30
PO-100399,CUST-D,VEND-03,2024-09-05,Received,ITM-0224,4,1.54,6.16
PO-100399,CUST-D,VEND-03,2024-09-05,Received,ITM-0243,24,0.64,15.36
PO-100399,CUST-D,VEND-03,2024-09-05,Received,ITM-0437,50,1.78,89.00
PO-100400,CUST-F,VEND-01,2024-11-09,Received,ITM-0433,3,1.16,3.48
PO-100401,CUST-H,VEND-01,2025-05-03,Cancelled,ITM-0414,10,1.78,17.80
PO-100401,CUST-H,VEND-01,2025-05-03,Cancelled,ITM-1001,5,1.04,5.20
PO-100402,CUST-A,VEND-07,2025-11-17,Received,ITM-0303,1,2.50,2.50
PO-100402,CUST-A,VEND-07,2025-11-17,Received,ITM-0527,4,8.44,33.76
PO-100402,CUST-A,VEND-07,2025-11-17,Received,ITM-0612,10,4.10,41.00
PO-100402,CUST-A,VEND-07,2025-11-17,Received,ITM-0623,4,2.52,10.08
PO-100402,CUST-A,VEND-07,2025-11-17,Received,ITM-0928,4,0.76,3.04
PO-100402,CUST-A,VEND-07,2025-11-17,Received,ITM-0943,4,23.41,93.64
PO-100402,CUST-H,VEND-07,2025-11-17,Received,ITM-0527,4,8.44,33.76
PO-100403,CUST-B,VEND-04,2025-07-30,Received,ITM-0611,1,3.36,3.36
PO-100404,CUST-H,VEND-12,2026-01-25,Closed,ITM-0309,24,1.96,47.04
PO-100404,CUST-H,VEND-12,2026-01-25,Closed,ITM-0403,6,2.66,15.96
PO-100404,CUST-H,VEND-12,2026-01-25,Closed,ITM-1003,24,1.18,28.32
PO-100405,CUST-D,VEND-05,2025-12-27,Closed,ITM-0246,10,2.09,20.90
PO-100405,CUST-D,VEND-05,2025-12-27,Closed,ITM-0612,6,3.76,22.56
PO-100405,CUST-D,VEND-05,2025-12-27,Closed,ITM-0627,3,7.67,23.01
PO-100405,CUST-D,VEND-05,2025-12-27,Closed,ITM-0808,1,1.82,1.82
PO-100405,CUST-D,VEND-05,2025-12-27,Closed,ITM-0947,2,0.43,0.86
PO-100406,CUST-D,VEND-04,2024-04-16,Closed,ITM-0228,1,4.57,4.57
PO-100406,CUST-D,VEND-04,2024-04-16,Closed,ITM-0620,6,3.04,18.24
PO-100406,CUST-D,VEND-04,2024-04-16,Closed,ITM-1015,1,4.31,4.31
PO-100407,CUST-B,VEND-10,2024-12-16,Closed,ITM-0328,1,3.40,3.40
PO-100407,CUST-B,VEND-10,2024-12-16,Closed,ITM-0508,4,17.09,68.36
PO-100407,CUST-B,VEND-10,2024-12-16,Closed,ITM-0605,4,16.17,64.68
PO-100407,CUST-B,VEND-10,2024-12-16,Closed,ITM-0737,24,67.84,1628.16
PO-100407,CUST-B,VEND-10,2024-12-16,Closed,ITM-0929,20,1.14,22.80
PO-100408,CUST-F,VEND-09,2026-07-18,Open,ITM-0902,24,4.35,104.40
PO-100408,CUST-F,VEND-09,2026-07-18,Open,ITM-1011,24,4.36,104.64
PO-100409,CUST-A,VEND-06,2024-08-15,Received,ITM-0255,50,1.30,65.00
PO-100409,CUST-A,VEND-06,2024-08-15,Received,ITM-0408,4,4.83,19.32
PO-100410,CUST-A,VEND-06,2024-04-29,Received,ITM-0446,12,20.97,251.64
PO-100410,CUST-A,VEND-06,2024-04-29,Received,ITM-0942,20,0.32,6.40
PO-100410,CUST-A,VEND-06,2024-04-29,Received,ITM-1015,50,3.64,182.00
PO-100411,CUST-C,VEND-03,2024-11-07,Closed,ITM-0211,10,12.55,125.50
PO-100412,CUST-A,VEND-11,2025-05-30,Received,ITM-0250,4,59.50,238.00
PO-100412,CUST-A,VEND-11,2025-05-30,Received,ITM-0433,1,1.11,1.11
PO-100412,CUST-A,VEND-11,2025-05-30,Received,ITM-0629,4,2.83,11.32
PO-100412,CUST-A,VEND-11,2025-05-30,Received,ITM-1001,10,0.99,9.90
PO-100412,CUST-A,VEND-11,2025-05-30,Received,ITM-1015,1,4.14,4.14
PO-100413,CUST-A,VEND-12,2024-10-29,Received,ITM-0612,1,3.88,3.88
PO-100413,CUST-A,VEND-12,2024-10-29,Received,ITM-0612,1,3.88,3.88
PO-100413,CUST-A,VEND-12,2024-10-29,Received,ITM-1015,2,4.45,8.90
PO-100414,CUST-F,VEND-10,2024-03-04,Received,ITM-0904,2,0.32,0.64
PO-100415,CUST-B,VEND-09,2025-02-24,Closed,ITM-0208,2,5.51,11.02
PO-100416,CUST-A,VEND-07,2024-08-02,Closed,ITM-0220,1,2.43,2.43
PO-100416,CUST-A,VEND-07,2024-08-02,Closed,ITM-0612,12,3.82,45.84
PO-100416,CUST-A,VEND-07,2024-08-02,Closed,ITM-0628,10,0.14,1.40
PO-100416,CUST-A,VEND-07,2024-08-02,Closed,ITM-0909,2,0.91,1.82
PO-100416,CUST-A,VEND-07,2024-08-02,Closed,ITM-0921,1,3.37,3.37
PO-100417,CUST-C,VEND-06,2026-07-25,Received,ITM-0231,4,4.95,19.80
PO-100417,CUST-C,VEND-06,2026-07-25,Received,ITM-0416,2,2.98,5.96
PO-100417,CUST-C,VEND-06,2026-07-25,Received,ITM-0614,2,6.13,12.26
PO-100417,CUST-C,VEND-06,2026-07-25,Received,ITM-0629,2,3.59,7.18
PO-100417,CUST-C,VEND-06,2026-07-25,Received,ITM-1015,12,4.54,54.48
PO-100418,CUST-D,VEND-12,2025-06-30,Received,ITM-0220,3,2.65,7.95
PO-100418,CUST-D,VEND-12,2025-06-30,Received,ITM-0426,12,25.95,311.40
PO-100418,CUST-D,VEND-12,2025-06-30,Received,ITM-0612,2,3.94,7.88
PO-100418,CUST-D,VEND-12,2025-06-30,Received,ITM-0623,12,2.44,29.28
PO-100418,CUST-D,VEND-12,2025-06-30,Received,ITM-1003,10,1.24,12.40
PO-100418,CUST-D,VEND-12,2025-06-30,Received,ITM-1015,6,4.51,27.06
PO-100419,CUST-F,VEND-09,2025-05-21,Received,ITM-0902,1,4.40,4.40
PO-100420,CUST-D,VEND-07,2026-02-10,Received,ITM-0303,6,2.77,16.62
PO-100420,CUST-D,VEND-07,2026-02-10,Received,ITM-0306,10,1.06,10.60
PO-100420,CUST-D,VEND-07,2026-02-10,Received,ITM-0517,50,39.02,1951.00
PO-100420,CUST-D,VEND-07,2026-02-10,Received,ITM-0612,2,4.41,8.82
PO-100420,CUST-D,VEND-07,2026-02-10,Received,ITM-0927,12,0.54,6.48
PO-100421,CUST-D,VEND-09,2024-07-17,Closed,ITM-0228,1,4.42,4.42
PO-100421,CUST-D,VEND-09,2024-07-17,Closed,ITM-0434,2,1.49,2.98
PO-100421,CUST-D,VEND-09,2024-07-17,Closed,ITM-0917,4,3.78,15.12
PO-100421,CUST-D,VEND-09,2024-07-17,Closed,ITM-0928,3,0.83,2.49
PO-100421,CUST-D,VEND-09,2024-07-17,Closed,ITM-1011,4,3.88,15.52
PO-100422,CUST-F,VEND-01,2024-08-07,Received,ITM-0433,2,1.18,2.36
PO-100422,CUST-F,VEND-01,2024-08-07,Received,ITM-0611,10,3.57,35.70
PO-100423,CUST-B,VEND-01,2024-06-29,Closed,ITM-0426,2,24.28,48.56
PO-100423,CUST-B,VEND-01,2024-06-29,Closed,ITM-0434,6,1.38,8.28
PO-100423,CUST-B,VEND-01,2024-06-29,Closed,ITM-0611,24,3.16,75.84
PO-100424,CUST-A,VEND-07,2024-02-10,Received,ITM-0527,2,8.65,17.30
PO-100424,CUST-A,VEND-07,2024-02-10,Received,ITM-0604,1,11.50,11.50
PO-100424,CUST-A,VEND-07,2024-02-10,Received,ITM-0605,2,13.61,27.22
PO-100424,CUST-A,VEND-07,2024-02-10,Received,ITM-0612,6,3.92,23.52
PO-100424,CUST-A,VEND-07,2024-02-10,Received,ITM-0737,10,66.69,666.90
PO-100424,CUST-A,VEND-07,2024-02-10,Received,ITM-0942,4,0.28,1.12
PO-100425,CUST-C,VEND-09,2025-12-21,Received,ITM-0201,2,4.54,9.08
PO-100425,CUST-C,VEND-09,2025-12-21,Received,ITM-0250,1,65.31,65.31
PO-100425,CUST-C,VEND-09,2025-12-21,Received,ITM-0433,6,1.25,7.50
PO-100425,CUST-C,VEND-09,2025-12-21,Received,ITM-0614,4,6.82,27.28
PO-100425,CUST-C,VEND-09,2025-12-21,Received,ITM-0902,4,4.49,17.96
PO-100426,CUST-G,VEND-01,2024-02-10,Received,ITM-0208,2,4.78,9.56
PO-100427,CUST-G,VEND-02,2026-03-03,Received,ITM-0220,1,2.77,2.77
PO-100427,CUST-G,VEND-02,2026-03-03,Received,ITM-0432,2,1.03,2.06
PO-100428,CUST-G,VEND-08,2024-04-20,Received,ITM-0614,3,5.79,17.37
PO-100429,CUST-C,VEND-03,2024-06-26,Received,ITM-0104,10,72.44,724.40
PO-100429,CUST-C,VEND-03,2024-06-26,Received,ITM-0306,10,0.98,9.80
PO-100429,CUST-C,VEND-03,2024-06-26,Received,ITM-0621,6,4.19,25.14
PO-100430,CUST-A,VEND-09,2024-07-07,Received,ITM-0201,4,3.96,15.84
PO-100430,CUST-A,VEND-09,2024-07-07,Received,ITM-0433,6,1.19,7.14
PO-100430,CUST-A,VEND-09,2024-07-07,Received,ITM-0527,10,9.17,91.70
PO-100430,CUST-A,VEND-09,2024-07-07,Received,ITM-0928,1,0.76,0.76
PO-100431,CUST-C,VEND-02,2025-07-18,Closed,ITM-0629,24,3.05,73.20
PO-100431,CUST-C,VEND-02,2025-07-18,Closed,ITM-0903,10,0.22,2.20
PO-100432,CUST-G,VEND-10,2025-01-31,Closed,ITM-0605,12,16.01,192.12
PO-100432,CUST-G,VEND-10,2025-01-31,Closed,ITM-0737,4,73.90,295.60
PO-100432,CUST-G,VEND-10,2025-01-31,Closed,ITM-0922,1,5.73,5.73
PO-100433,CUST-D,VEND-08,2025-10-08,Closed,ITM-0208,6,5.05,30.30
PO-100433,CUST-D,VEND-08,2025-10-08,Closed,ITM-0310,24,4.28,102.72
PO-100433,CUST-D,VEND-08,2025-10-08,Closed,ITM-0611,2,3.27,6.54
PO-100433,CUST-D,VEND-08,2025-10-08,Closed,ITM-0611,2,3.27,6.54
PO-100434,CUST-B,VEND-12,2026-01-09,Closed,ITM-0220,10,2.70,27.00
PO-100434,CUST-B,VEND-12,2026-01-09,Closed,ITM-0230,6,3.27,19.62
PO-100434,CUST-B,VEND-12,2026-01-09,Closed,ITM-0403,2,2.53,5.06
PO-100435,CUST-A,VEND-10,2025-09-16,Received,ITM-0328,1,3.18,3.18
PO-100435,CUST-A,VEND-10,2025-09-16,Received,ITM-0610,2,2.29,4.58
PO-100435,CUST-A,VEND-10,2025-09-16,Received,ITM-0908,5,0.89,4.45
PO-100436,CUST-A,VEND-05,2025-11-09,Closed,ITM-0426,1,22.84,22.84
PO-100436,CUST-A,VEND-05,2025-11-09,Closed,ITM-0433,12,1.09,13.08
PO-100436,CUST-A,VEND-05,2025-11-09,Closed,ITM-0527,24,8.11,194.64
PO-100436,CUST-A,VEND-05,2025-11-09,Closed,ITM-0815,2,8.43,16.86
PO-100436,CUST-A,VEND-05,2025-11-09,Closed,ITM-1014,3,2.58,7.74
PO-100437,CUST-C,VEND-03,2026-06-12,Open,ITM-0311,1,7.35,7.35
PO-100438,CUST-A,VEND-08,2026-05-14,Closed,ITM-0611,5,3.34,16.70
PO-100438,CUST-A,VEND-08,2026-05-14,Closed,ITM-0627,1,7.38,7.38
PO-100438,CUST-A,VEND-08,2026-05-14,Closed,ITM-0903,24,0.19,4.56
PO-100439,CUST-A,VEND-02,2024-07-07,Received,ITM-0237,3,3.12,9.36
PO-100439,CUST-A,VEND-02,2024-07-07,Received,ITM-0314,12,2.27,27.24
PO-100439,CUST-A,VEND-02,2024-07-07,Received,ITM-0815,10,7.69,76.90
PO-100440,CUST-H,VEND-12,2024-08-01,Received,ITM-0230,12,3.14,37.68
PO-100441,CUST-B,VEND-08,2025-11-06,Closed,ITM-0442,1,20.44,20.44
PO-100441,CUST-B,VEND-08,2025-11-06,Closed,ITM-0721,4,34.23,136.92
PO-100441,CUST-B,VEND-08,2025-11-06,Closed,ITM-1018,2,,
PO-100442,CUST-A,VEND-12,2025-07-01,Received,ITM-0220,2,2.60,5.20
PO-100442,CUST-A,VEND-12,2025-07-01,Received,ITM-0623,4,2.40,9.60
PO-100443,CUST-F,VEND-09,2024-12-17,Received,ITM-0434,12,1.62,19.44
PO-100443,CUST-F,VEND-09,2024-12-17,Received,ITM-0902,2,4.48,8.96
PO-100444,CUST-D,VEND-01,2024-07-19,Received,ITM-0225,4,2.25,9.00
PO-100444,CUST-D,VEND-01,2024-07-19,Received,ITM-0426,10,24.65,246.50
PO-100444,CUST-D,VEND-01,2024-07-19,Received,ITM-0433,1,1.18,1.18
PO-100444,CUST-D,VEND-01,2024-07-19,Received,ITM-0939,10,16.25,162.50
PO-100445,CUST-B,VEND-02,2025-04-27,Received,ITM-0220,10,2.77,27.70
PO-100445,CUST-B,VEND-02,2025-04-27,Received,ITM-0632,24,4.26,102.24
PO-100446,CUST-B,VEND-09,2026-04-09,Closed,ITM-0904,2,0.34,0.68
PO-100447,CUST-F,VEND-04,2024-10-22,Received,ITM-0237,1,3.23,3.23
PO-100447,CUST-F,VEND-04,2024-10-22,Received,ITM-0306,1,0.94,0.94
PO-100447,CUST-F,VEND-04,2024-10-22,Received,ITM-0609,5,1.45,7.25
PO-100447,CUST-F,VEND-04,2024-10-22,Received,ITM-0632,10,4.21,42.10
PO-100447,CUST-F,VEND-04,2024-10-22,Received,ITM-0921,1,4.26,4.26
PO-100448,CUST-B,VEND-04,2026-04-13,Received,ITM-0237,2,3.38,6.76
PO-100448,CUST-B,VEND-04,2026-04-13,Received,ITM-0313,4,4.62,18.48
PO-100448,CUST-B,VEND-04,2026-04-13,Received,ITM-0511,6,27.36,164.16
PO-100448,CUST-B,VEND-04,2026-04-13,Received,ITM-1022,2,5.94,11.88
PO-100449,CUST-F,VEND-02,2025-10-16,Received,ITM-0621,4,4.23,16.92
PO-100450,CUST-A,VEND-05,2024-11-20,Closed,ITM-0403,50,2.13,106.50
PO-100450,CUST-A,VEND-05,2024-11-20,Closed,ITM-0414,20,1.67,33.40
PO-100450,CUST-A,VEND-05,2024-11-20,Closed,ITM-0433,4,1.05,4.20
PO-100450,CUST-A,VEND-05,2024-11-20,Closed,ITM-0612,12,3.71,44.52
PO-100450,CUST-A,VEND-05,2024-11-20,Closed,ITM-0612,12,3.71,44.52
PO-100450,CUST-A,VEND-05,2024-11-20,Closed,ITM-0627,5,7.21,36.05
PO-100452,CUST-D,VEND-09,2024-05-12,Closed,ITM-0326,24,2.57,61.68
PO-100454,CUST-B,VEND-02,2025-04-21,Closed,ITM-0228,4,4.72,18.88
PO-100454,CUST-B,VEND-02,2025-04-21,Closed,ITM-0237,1,3.37,3.37
PO-100454,CUST-B,VEND-02,2025-04-21,Closed,ITM-0408,1,5.36,5.36
PO-100454,CUST-B,VEND-02,2025-04-21,Closed,ITM-0416,6,3.00,18.00
PO-100454,CUST-B,VEND-02,2025-04-21,Closed,ITM-1020,24,8.50,204.00
PO-100455,CUST-C,VEND-02,2025-06-02,Received,ITM-0903,2,0.23,0.46
PO-100456,CUST-A,VEND-04,2026-07-11,Closed,ITM-0237,2,3.04,6.08
PO-100456,CUST-A,VEND-04,2026-07-11,Closed,ITM-0306,12,0.96,11.52
PO-100456,CUST-A,VEND-04,2026-07-11,Closed,ITM-1022,50,5.02,251.00
PO-100457,CUST-A,VEND-01,2024-02-20,Received,ITM-0414,6,1.63,9.78
PO-100457,CUST-A,VEND-01,2024-02-20,Received,ITM-0434,24,1.31,31.44
PO-100458,CUST-B,VEND-12,2024-08-20,Cancelled,ITM-0309,10,2.05,20.50
PO-100458,CUST-B,VEND-12,2024-08-20,Cancelled,ITM-0612,2,4.08,8.16
PO-100459,CUST-F,VEND-05,2025-03-18,Cancelled,ITM-0433,2,1.11,2.22
PO-100459,CUST-F,VEND-05,2025-03-18,Cancelled,ITM-1010,1,9.05,9.05
PO-100460,CUST-A,VEND-07,2024-09-17,Received,ITM-0208,20,4.62,92.40
PO-100460,CUST-A,VEND-07,2024-09-17,Received,ITM-0310,10,4.36,43.60
PO-100460,CUST-A,VEND-07,2024-09-17,Received,ITM-0517,2,40.09,80.18
PO-100460,CUST-A,VEND-07,2024-09-17,Received,ITM-0612,10,4.16,41.60
PO-100460,CUST-A,VEND-07,2024-09-17,Received,ITM-0928,5,0.74,3.70
PO-100461,CUST-E,VEND-05,2024-02-17,Received,ITM-0311,6,6.96,41.76
PO-100461,CUST-E,VEND-05,2024-02-17,Received,ITM-0403,1,2.39,2.39
PO-100461,CUST-E,VEND-05,2024-02-17,Received,ITM-0612,2,3.83,7.66
PO-100462,CUST-C,VEND-03,2024-03-22,Closed,ITM-0104,4,71.07,284.28
PO-100462,CUST-C,VEND-03,2024-03-22,Closed,ITM-0917,4,3.57,14.28
PO-100463,CUST-D,VEND-06,2024-11-07,Cancelled,ITM-0313,10,4.04,40.40
PO-100463,CUST-D,VEND-06,2024-11-07,Cancelled,ITM-0430,2,0.52,1.04
PO-100463,CUST-D,VEND-06,2024-11-07,Cancelled,ITM-0446,10,21.01,210.10
PO-100463,CUST-D,VEND-06,2024-11-07,Cancelled,ITM-0917,2,3.63,7.26
PO-100463,CUST-D,VEND-06,2024-11-07,Cancelled,ITM-0922,24,5.41,129.84
PO-100463,CUST-D,VEND-06,2024-11-07,Cancelled,ITM-1015,6,4.45,26.70
PO-100464,CUST-A,VEND-07,2026-05-29,Received,ITM-0208,1,4.69,4.69
PO-100464,CUST-A,VEND-07,2026-05-29,Received,ITM-0208,1,4.69,4.69
PO-100464,CUST-A,VEND-07,2026-05-29,Received,ITM-0612,2,4.11,8.22
PO-100464,CUST-A,VEND-07,2026-05-29,Received,ITM-1001,5,1.05,5.25
PO-100465,CUST-D,VEND-09,2025-12-06,Closed,ITM-0421,10,20.66,206.60
PO-100465,CUST-D,VEND-09,2025-12-06,Closed,ITM-0928,4,0.86,3.44
PO-100466,CUST-B,VEND-08,2026-03-22,Closed,ITM-0243,1,0.76,0.76
PO-100467,CUST-B,VEND-02,2026-06-23,Received,ITM-0201,24,4.20,100.80
PO-100467,CUST-B,VEND-02,2026-06-23,Received,ITM-0228,4,4.83,19.32
PO-100467,CUST-B,VEND-02,2026-06-23,Received,ITM-0235,24,1.71,41.04
PO-100467,CUST-B,VEND-02,2026-06-23,Received,ITM-0629,6,3.15,18.90
PO-100468,CUST-D,VEND-11,2024-05-27,Received,ITM-0433,5,1.14,5.70
PO-100468,CUST-D,VEND-11,2024-05-27,Received,ITM-0605,1,16.74,16.74
PO-100468,CUST-D,VEND-11,2024-05-27,Received,ITM-1015,4,4.20,16.80
PO-100468,CUST-D,VEND-11,2024-05-27,Received,ITM-1017,4,3.21,12.84
PO-100469,CUST-D,VEND-11,2025-06-05,Closed,ITM-0434,2,1.56,3.12
PO-100469,CUST-D,VEND-11,2025-06-05,Closed,ITM-0808,1,1.97,1.97
PO-100470,CUST-A,VEND-01,2026-05-06,Received,ITM-0426,12,23.17,278.04
PO-100470,CUST-A,VEND-01,2026-05-06,Received,ITM-0433,2,1.21,2.42
PO-100471,CUST-A,VEND-07,2024-04-02,Received,ITM-0229,6,1.52,9.12
PO-100471,CUST-A,VEND-07,2024-04-02,Received,ITM-0612,12,3.89,46.68
PO-100471,CUST-A,VEND-07,2024-04-02,Received,ITM-0623,50,2.09,104.50
PO-100472,CUST-D,VEND-10,2024-06-13,Cancelled,ITM-0412,10,1.05,10.50
PO-100472,CUST-D,VEND-10,2024-06-13,Cancelled,ITM-0517,1,39.30,39.30
PO-100473,CUST-A,VEND-06,2024-12-18,Cancelled,ITM-0440,6,24.55,147.30
PO-100474,CUST-A,VEND-06,2025-01-26,Received,ITM-0201,12,4.00,48.00
PO-100474,CUST-A,VEND-06,2025-01-26,Received,ITM-0254,5,1.64,8.20
PO-100474,CUST-A,VEND-06,2025-01-26,Received,ITM-0311,50,5.78,289.00
PO-100474,CUST-A,VEND-06,2025-01-26,Received,ITM-0430,6,0.46,2.76
PO-100475,CUST-F,VEND-07,2024-02-23,Received,ITM-0303,2,2.55,5.10
PO-100475,CUST-F,VEND-07,2024-02-23,Received,ITM-0306,2,0.98,1.96
PO-100475,CUST-F,VEND-07,2024-02-23,Received,ITM-0517,1,42.46,42.46
PO-100475,CUST-F,VEND-07,2024-02-23,Received,ITM-0612,4,4.49,17.96
PO-100475,CUST-F,VEND-07,2024-02-23,Received,ITM-0921,4,3.85,15.40
PO-100476,CUST-A,VEND-07,2025-04-05,Closed,ITM-0250,4,58.69,234.76
PO-100476,CUST-A,VEND-07,2025-04-05,Closed,ITM-0408,4,4.89,19.56
PO-100476,CUST-A,VEND-07,2025-04-05,Closed,ITM-0927,6,0.52,3.12
PO-100477,CUST-C,VEND-10,2025-04-18,Closed,ITM-0235,1,1.73,1.73
PO-100477,CUST-C,VEND-10,2025-04-18,Closed,ITM-0425,2,26.48,52.96
PO-100477,CUST-C,VEND-10,2025-04-18,Closed,ITM-0431,10,0.80,8.00
PO-100477,CUST-C,VEND-10,2025-04-18,Closed,ITM-0434,2,1.52,3.04
PO-100477,CUST-C,VEND-10,2025-04-18,Closed,ITM-0737,2,77.39,154.78
PO-100477,CUST-C,VEND-10,2025-04-18,Closed,ITM-0808,10,1.83,18.30
PO-100478,CUST-D,VEND-05,2026-06-16,Closed,ITM-0404,4,3.13,12.52
PO-100478,CUST-D,VEND-05,2026-06-16,Closed,ITM-0627,4,7.64,30.56
PO-100478,CUST-D,VEND-05,2026-06-16,Closed,ITM-0629,2,3.00,6.00
PO-100478,CUST-D,VEND-05,2026-06-16,Closed,ITM-0947,5,0.45,2.25
PO-100479,CUST-D,VEND-04,2024-03-27,Received,ITM-1015,20,4.17,83.40
PO-100480,CUST-A,VEND-04,2026-03-10,Received,ITM-0224,1,1.37,1.37
PO-100480,CUST-A,VEND-04,2026-03-10,Received,ITM-0237,3,2.97,8.91
PO-100480,CUST-A,VEND-04,2026-03-10,Received,ITM-0326,1,2.57,2.57
PO-100480,CUST-A,VEND-04,2026-03-10,Received,ITM-0446,24,19.43,466.32
PO-100480,CUST-A,VEND-04,2026-03-10,Received,ITM-0611,2,3.24,6.48
PO-100480,CUST-A,VEND-04,2026-03-10,Received,ITM-1015,12,4.35,52.20
PO-100481,CUST-D,VEND-08,2024-04-22,Closed,ITM-0243,4,0.70,2.80
PO-100481,CUST-D,VEND-08,2024-04-22,Closed,ITM-0309,4,1.78,7.12
PO-100483,CUST-A,VEND-01,2025-06-15,Closed,ITM-0310,12,4.44,53.28
PO-100483,CUST-A,VEND-01,2025-06-15,Closed,ITM-0426,2,24.24,48.48
PO-100483,CUST-A,VEND-01,2025-06-15,Closed,ITM-0433,2,1.16,2.32
PO-100483,CUST-A,VEND-01,2025-06-15,Closed,ITM-0434,4,1.39,5.56
PO-100483,CUST-A,VEND-01,2025-06-15,Closed,ITM-0943,2,22.74,45.48
PO-100484,CUST-A,VEND-01,2024-05-16,Received,ITM-0433,24,1.14,27.36
PO-100484,CUST-A,VEND-01,2024-05-16,Received,ITM-0604,10,11.58,115.80
PO-100484,CUST-A,VEND-01,2024-05-16,Received,ITM-1010,12,8.31,99.72
PO-100485,CUST-F,VEND-10,2024-05-17,Received,ITM-0808,10,1.71,17.10
PO-100485,CUST-F,VEND-10,2024-05-17,Received,ITM-0908,10,0.95,9.50
PO-100485,CUST-F,VEND-10,2024-05-17,Received,ITM-0913,2,1.31,2.62
PO-100486,CUST-D,VEND-05,2024-01-23,Received,ITM-0311,6,6.85,41.10
PO-100486,CUST-D,VEND-05,2024-01-23,Received,ITM-0426,6,23.77,142.62
PO-100487,CUST-B,VEND-08,2025-03-01,Received,ITM-0902,4,4.54,18.16
PO-100488,CUST-F,VEND-06,2026-07-28,Open,ITM-0201,2,4.18,8.36
PO-100488,CUST-F,VEND-06,2026-07-28,Open,ITM-0231,6,4.99,29.94
PO-100488,CUST-F,VEND-06,2026-07-28,Open,ITM-0431,24,0.80,19.20
PO-100488,CUST-F,VEND-06,2026-07-28,Open,ITM-0632,6,4.50,27.00
PO-100488,CUST-F,VEND-06,2026-07-28,Open,ITM-1015,2,4.58,9.16
PO-100489,CUST-G,VEND-11,2026-05-07,Received,ITM-0913,2,1.48,2.96
PO-100490,CUST-A,VEND-01,2025-12-18,Received,ITM-0404,5,2.97,14.85
PO-100490,CUST-A,VEND-01,2025-12-18,Received,ITM-0623,2,2.60,5.20
PO-100490,CUST-A,VEND-01,2025-12-18,Received,ITM-1001,6,1.06,6.36
PO-100491,CUST-E,VEND-08,2025-12-05,Closed,ITM-0306,2,1.01,2.02
PO-100491,CUST-E,VEND-08,2025-12-05,Closed,ITM-0310,2,4.57,9.14
PO-100492,CUST-H,VEND-12,2026-08-04,Open,ITM-0911,1,1.38,1.38
PO-100493,CUST-B,VEND-05,2025-01-12,Received,ITM-0403,6,2.52,15.12
PO-100493,CUST-B,VEND-05,2025-01-12,Received,ITM-0808,6,1.84,11.04
PO-100493,CUST-B,VEND-05,2025-01-12,Received,ITM-1006,12,1.26,15.12
PO-100494,CUST-C,VEND-05,2024-08-28,Received,ITM-0403,1,2.52,2.52
PO-100494,CUST-C,VEND-05,2024-08-28,Received,ITM-0414,6,1.84,11.04
PO-100494,CUST-C,VEND-05,2024-08-28,Received,ITM-0629,2,3.20,6.40
PO-100495,CUST-H,VEND-04,2024-11-23,Closed,ITM-0237,2,3.04,6.08
PO-100495,CUST-H,VEND-04,2024-11-23,Closed,ITM-0511,6,26.72,160.32
PO-100496,CUST-G,VEND-10,2026-04-27,Closed,ITM-0412,24,1.05,25.20
PO-100497,CUST-A,VEND-03,2025-01-29,Closed,ITM-0311,4,6.42,25.68
PO-100497,CUST-A,VEND-03,2025-01-29,Closed,ITM-0618,2,4.13,8.26
PO-100497,CUST-A,VEND-03,2025-01-29,Closed,ITM-0621,10,4.03,40.30
PO-100497,CUST-A,VEND-03,2025-01-29,Closed,ITM-0907,4,0.68,2.72
PO-100497,CUST-A,VEND-03,2025-01-29,Closed,ITM-0920,1,2.83,2.83
PO-100497,CUST-A,VEND-03,2025-01-29,Closed,ITM-0920,1,2.83,2.83
PO-100499,CUST-A,VEND-02,2024-09-25,Cancelled,ITM-0201,3,,
PO-100499,CUST-A,VEND-02,2024-09-25,Cancelled,ITM-0431,2,0.77,1.54
PO-100499,CUST-A,VEND-02,2024-09-25,Cancelled,ITM-0621,5,4.05,20.25
PO-100499,CUST-A,VEND-02,2024-09-25,Cancelled,ITM-0815,4,7.68,30.72
PO-100499,CUST-A,VEND-02,2024-09-25,Cancelled,ITM-0904,1,0.31,0.31
PO-100500,CUST-A,VEND-12,2025-10-23,Received,ITM-0426,6,25.25,151.50
PO-100500,CUST-A,VEND-12,2025-10-23,Received,ITM-0612,6,4.09,24.54
PO-100502,CUST-A,VEND-05,2025-03-26,Closed,ITM-0403,1,2.22,2.22
PO-100502,CUST-A,VEND-05,2025-03-26,Closed,ITM-0426,10,23.23,232.30
PO-100502,CUST-A,VEND-05,2025-03-26,Closed,ITM-0435,12,1.60,19.20
PO-100502,CUST-A,VEND-05,2025-03-26,Closed,ITM-0913,50,1.26,63.00
PO-100503,CUST-D,VEND-10,2026-08-18,Open,ITM-0437,4,2.12,8.48
PO-100503,CUST-D,VEND-10,2026-08-18,Open,ITM-0922,24,6.16,147.84
PO-100504,CUST-F,VEND-08,2025-01-28,Received,ITM-0201,4,4.45,17.80
PO-100505,CUST-E,VEND-11,2025-03-13,Received,ITM-0434,12,1.51,18.12
PO-100505,CUST-E,VEND-11,2025-03-13,Received,ITM-1008,4,1.46,5.84
PO-100506,CUST-G,VEND-08,2025-06-11,Closed,ITM-0430,4,0.51,2.04
PO-100506,CUST-G,VEND-08,2025-06-11,Closed,ITM-0517,10,42.76,427.60
PO-100506,CUST-G,VEND-08,2025-06-11,Closed,ITM-0621,3,4.20,12.60
PO-100507,CUST-A,VEND-10,2025-08-24,Received,ITM-0431,3,0.79,2.37
PO-100507,CUST-A,VEND-10,2025-08-24,Received,ITM-0511,12,25.46,305.52
PO-100507,CUST-A,VEND-10,2025-08-24,Received,ITM-0535,2,8.75,17.50
PO-100507,CUST-A,VEND-10,2025-08-24,Received,ITM-0902,4,4.12,16.48
PO-100507,CUST-A,VEND-10,2025-08-24,Received,ITM-0904,4,0.32,1.28
PO-100507,CUST-A,VEND-10,2025-08-24,Received,ITM-0922,1,5.68,5.68
PO-100508,CUST-D,VEND-07,2025-09-05,Received,ITM-0612,1,4.45,4.45
PO-100509,CUST-A,VEND-05,2026-04-29,Closed,ITM-0426,12,23.90,286.80
PO-100509,CUST-A,VEND-05,2026-04-29,Closed,ITM-0808,50,1.73,86.50
PO-100510,CUST-B,VEND-03,2025-06-24,Closed,ITM-0104,1,70.51,70.51
PO-100511,CUST-E,VEND-07,2025-11-24,Received,ITM-0612,2,4.25,8.50
PO-100511,CUST-E,VEND-07,2025-11-24,Received,ITM-0628,10,0.17,1.70
PO-100512,CUST-B,VEND-12,2024-01-16,Cancelled,ITM-0229,5,1.52,7.60
PO-100513,CUST-C,VEND-03,2025-12-27,Closed,ITM-0621,6,4.39,26.34
PO-100513,CUST-C,VEND-03,2025-12-27,Closed,ITM-0628,2,0.16,0.32
PO-100514,CUST-D,VEND-05,2025-09-09,Closed,ITM-0435,1,1.61,1.61
PO-100515,CUST-B,VEND-05,2026-04-10,Closed,ITM-0942,1,0.32,0.32
PO-100516,CUST-D,VEND-04,2024-07-28,Received,ITM-0611,10,3.35,33.50
PO-100517,CUST-B,VEND-09,2024-02-08,Received,ITM-0309,50,2.09,104.50
PO-100517,CUST-B,VEND-09,2024-02-08,Received,ITM-0902,1,4.13,4.13
PO-100518,CUST-C,VEND-04,2026-06-16,Closed,ITM-0225,5,2.47,12.35
PO-100518,CUST-C,VEND-04,2026-06-16,Closed,ITM-0228,4,4.84,19.36
PO-100518,CUST-C,VEND-04,2026-06-16,Closed,ITM-0306,20,0.97,19.40
PO-100518,CUST-C,VEND-04,2026-06-16,Closed,ITM-0605,4,16.87,67.48
PO-100518,CUST-C,VEND-04,2026-06-16,Closed,ITM-1015,2,4.44,8.88
PO-100519,CUST-B,VEND-03,2025-06-19,Received,ITM-0306,10,0.99,9.90
PO-100519,CUST-B,VEND-03,2025-06-19,Received,ITM-0311,5,7.12,35.60
PO-100519,CUST-B,VEND-03,2025-06-19,Received,ITM-0733,1,23.25,23.25
PO-100520,CUST-A,VEND-11,2026-03-21,Closed,ITM-1015,4,4.45,17.80
PO-100521,CUST-A,VEND-10,2024-12-27,Received,ITM-0328,4,3.13,12.52
PO-100521,CUST-A,VEND-10,2024-12-27,Received,ITM-0434,5,1.43,7.15
PO-100521,CUST-A,VEND-10,2024-12-27,Received,ITM-0437,6,1.87,11.22
PO-100521,CUST-A,VEND-10,2024-12-27,Received,ITM-0904,4,0.30,1.20
PO-100522,CUST-C,VEND-08,2026-07-03,Open,ITM-0632,2,4.40,8.80
PO-100523,CUST-D,VEND-05,2024-07-19,Received,ITM-0229,4,1.48,5.92
PO-100523,CUST-D,VEND-05,2024-07-19,Received,ITM-0947,1,0.41,0.41
PO-100523,CUST-D,VEND-05,2024-07-19,Received,ITM-1011,20,3.65,73.00
PO-100524,CUST-F,VEND-01,2025-12-28,Received,ITM-0414,4,1.99,7.96
PO-100524,CUST-F,VEND-01,2025-12-28,Received,ITM-0426,6,25.60,153.60
PO-100524,CUST-F,VEND-01,2025-12-28,Received,ITM-0433,24,1.20,28.80
PO-100524,CUST-F,VEND-01,2025-12-28,Received,ITM-0611,4,3.65,14.60
PO-100525,CUST-A,VEND-01,2024-01-03,Received,ITM-0623,1,2.40,2.40
PO-100526,CUST-H,VEND-11,2025-12-07,Received,ITM-0627,2,8.14,16.28
PO-100527,CUST-H,VEND-08,2026-08-17,Open,ITM-0627,1,7.94,7.94
PO-100527,CUST-H,VEND-08,2026-08-17,Open,ITM-0929,50,1.10,55.00
PO-100527,CUST-H,VEND-08,2026-08-17,Open,ITM-1018,2,5.70,11.40
PO-100528,CUST-A,VEND-04,2026-06-02,Cancelled,ITM-0237,3,3.08,9.24
PO-100528,CUST-A,VEND-04,2026-06-02,Cancelled,ITM-0306,2,0.96,1.92
PO-100528,CUST-A,VEND-04,2026-06-02,Cancelled,ITM-0610,4,2.34,9.36
PO-100528,CUST-A,VEND-04,2026-06-02,Cancelled,ITM-0942,1,0.33,0.33
PO-100529,CUST-B,VEND-01,2025-08-08,Received,ITM-0228,6,4.37,26.22
PO-100529,CUST-B,VEND-01,2025-08-08,Received,ITM-0943,2,23.95,47.90
PO-100530,CUST-D,VEND-03,2026-03-09,Closed,ITM-0306,2,1.00,2.00
PO-100530,CUST-D,VEND-03,2026-03-09,Closed,ITM-0808,10,1.99,19.90
PO-100530,CUST-D,VEND-03,2026-03-09,Closed,ITM-0917,10,3.98,39.80
PO-100531,CUST-B,VEND-09,2026-08-11,Received,ITM-0201,1,4.51,4.51
PO-100531,CUST-B,VEND-09,2026-08-11,Received,ITM-0434,1,1.60,1.60
PO-100531,CUST-B,VEND-09,2026-08-11,Received,ITM-0628,6,0.17,1.02
PO-100532,CUST-D,VEND-06,2026-06-29,Open,ITM-0235,1,1.72,1.72
PO-100532,CUST-D,VEND-06,2026-06-29,Open,ITM-0255,2,1.61,3.22
PO-100532,CUST-D,VEND-06,2026-06-29,Open,ITM-0614,2,6.14,12.28
PO-100532,CUST-D,VEND-06,2026-06-29,Open,ITM-0920,1,3.09,3.09
PO-100533,CUST-H,VEND-05,2025-06-08,Closed,ITM-0414,1,1.86,1.86
PO-100533,CUST-H,VEND-05,2025-06-08,Closed,ITM-0808,12,1.80,21.60
PO-100534,CUST-C,VEND-08,2025-09-29,Closed,ITM-0201,2,4.43,8.86
PO-100534,CUST-C,VEND-08,2025-09-29,Closed,ITM-0243,24,0.68,16.32
PO-100534,CUST-C,VEND-08,2025-09-29,Closed,ITM-0517,12,43.81,525.72
PO-100534,CUST-C,VEND-08,2025-09-29,Closed,ITM-0908,4,0.96,3.84
PO-100537,CUST-C,VEND-10,2025-08-03,Closed,ITM-0425,4,26.24,104.96
PO-100537,CUST-C,VEND-10,2025-08-03,Closed,ITM-0437,6,2.15,12.90
PO-100537,CUST-C,VEND-10,2025-08-03,Closed,ITM-0737,10,73.25,732.50
PO-100537,CUST-C,VEND-10,2025-08-03,Closed,ITM-1014,12,2.72,32.64
PO-100538,CUST-H,VEND-07,2025-10-07,Closed,ITM-0408,1,5.13,5.13
PO-100538,CUST-H,VEND-07,2025-10-07,Closed,ITM-0612,4,4.40,17.60
PO-100538,CUST-H,VEND-07,2025-10-07,Closed,ITM-0942,6,0.32,1.92
PO-100538,CUST-H,VEND-07,2025-10-07,Closed,ITM-1001,12,1.09,13.08
PO-100538,CUST-H,VEND-07,2025-10-07,Closed,ITM-1020,10,8.78,87.80
PO-100539,CUST-A,VEND-05,2026-04-06,Closed,ITM-0431,1,0.72,0.72
PO-100540,CUST-C,VEND-09,2026-03-22,Received,ITM-1011,4,4.15,16.60
PO-100541,CUST-A,VEND-06,2024-11-10,Received,ITM-0255,10,1.48,14.80
PO-100541,CUST-A,VEND-06,2024-11-10,Received,ITM-0629,3,2.94,8.82
PO-100541,CUST-A,VEND-06,2024-11-10,Received,ITM-0632,3,4.05,12.15
PO-100542,CUST-A,VEND-09,2025-10-28,Received,ITM-0201,2,4.16,8.32
PO-100542,CUST-A,VEND-09,2025-10-28,Received,ITM-0433,4,1.22,4.88
PO-100543,CUST-D,VEND-08,2024-01-23,Received,ITM-0517,24,39.32,943.68
PO-100543,CUST-D,VEND-08,2024-01-23,Received,ITM-0517,24,39.32,943.68
PO-100544,CUST-D,VEND-02,2025-01-30,Received,ITM-0211,2,12.66,25.32
PO-100544,CUST-D,VEND-02,2025-01-30,Received,ITM-0228,5,4.71,23.55
PO-100544,CUST-D,VEND-02,2025-01-30,Received,ITM-0425,4,25.70,102.80
PO-100544,CUST-D,VEND-02,2025-01-30,Received,ITM-0629,1,3.08,3.08
PO-100544,CUST-D,VEND-02,2025-01-30,Received,ITM-1021,6,4.33,25.98
PO-100545,CUST-A,VEND-10,2024-11-08,Received,ITM-0328,1,3.16,3.16
PO-100545,CUST-A,VEND-10,2024-11-08,Received,ITM-0412,2,1.04,2.08
PO-100545,CUST-A,VEND-10,2024-11-08,Received,ITM-0431,4,0.77,3.08
PO-100545,CUST-A,VEND-10,2024-11-08,Received,ITM-0434,4,1.39,5.56
PO-100545,CUST-A,VEND-10,2024-11-08,Received,ITM-0610,1,2.21,2.21
PO-100546,CUST-A,VEND-03,2024-12-07,Received,ITM-0430,12,0.48,5.76
PO-100547,CUST-A,VEND-06,2025-04-02,Closed,ITM-0201,4,3.97,15.88
PO-100547,CUST-A,VEND-06,2025-04-02,Closed,ITM-1015,2,4.22,8.44
PO-100548,CUST-A,VEND-01,2025-11-05,Received,ITM-0327,1,2.24,2.24
PO-100548,CUST-A,VEND-01,2025-11-05,Received,ITM-0414,3,1.86,5.58
PO-100548,CUST-A,VEND-01,2025-11-05,Received,ITM-0433,1,1.21,1.21
PO-100548,CUST-A,VEND-01,2025-11-05,Received,ITM-0627,2,7.42,14.84
PO-100548,CUST-A,VEND-01,2025-11-05,Received,ITM-1003,10,1.14,11.40
PO-100549,CUST-H,VEND-10,2025-11-03,Closed,ITM-0412,24,1.04,24.96
PO-100549,CUST-H,VEND-10,2025-11-03,Closed,ITM-0434,4,1.51,6.04
PO-100550,CUST-A,VEND-09,2024-12-30,Cancelled,ITM-0228,24,4.07,97.68
PO-100550,CUST-A,VEND-09,2024-12-30,Cancelled,ITM-0433,5,1.18,5.90
PO-100551,CUST-D,VEND-12,2024-11-11,Received,ITM-0612,24,3.91,93.84
PO-100551,CUST-D,VEND-12,2024-11-11,Received,ITM-1015,10,4.48,44.80
PO-100552,CUST-B,VEND-04,2025-03-25,Closed,ITM-0237,2,3.37,6.74
PO-100552,CUST-B,VEND-04,2025-03-25,Closed,ITM-0442,2,20.87,41.74
PO-100552,CUST-B,VEND-04,2025-03-25,Closed,ITM-0610,12,2.30,27.60
PO-100553,CUST-A,VEND-05,2024-09-19,Received,ITM-0403,6,2.21,13.26
PO-100553,CUST-A,VEND-05,2024-09-19,Received,ITM-0612,1,3.54,3.54
PO-100553,CUST-A,VEND-05,2024-09-19,Received,ITM-0733,4,21.10,84.40
PO-100553,CUST-A,VEND-05,2024-09-19,Received,ITM-0815,3,7.74,23.22
PO-100554,CUST-B,VEND-05,2024-06-20,Closed,ITM-0402,10,1.79,17.90
PO-100554,CUST-B,VEND-05,2024-06-20,Closed,ITM-0433,1,1.07,1.07
PO-100554,CUST-B,VEND-05,2024-06-20,Closed,ITM-0808,6,1.90,11.40
PO-100554,CUST-B,VEND-05,2024-06-20,Closed,ITM-0911,24,1.23,29.52
PO-100554,CUST-B,VEND-05,2024-06-20,Closed,ITM-0913,4,1.38,5.52
PO-100555,CUST-C,VEND-03,2025-06-09,Closed,ITM-0808,1,1.94,1.94
PO-100555,CUST-C,VEND-03,2025-06-09,Closed,ITM-0939,2,15.82,31.64
PO-100557,CUST-F,VEND-04,2024-05-07,Received,ITM-0313,6,4.20,25.20
PO-100557,CUST-F,VEND-04,2024-05-07,Received,ITM-0535,10,8.83,88.30
PO-100558,CUST-H,VEND-01,2024-08-29,Closed,ITM-0228,6,4.50,27.00
PO-100558,CUST-H,VEND-01,2024-08-29,Closed,ITM-0231,4,4.71,18.84
PO-100558,CUST-H,VEND-01,2024-08-29,Closed,ITM-0433,2,1.17,2.34
PO-100558,CUST-H,VEND-01,2024-08-29,Closed,ITM-0611,3,3.47,10.41
PO-100558,CUST-H,VEND-01,2024-08-29,Closed,ITM-1001,12,1.03,12.36
PO-100559,CUST-B,VEND-08,2024-07-23,Cancelled,ITM-0306,24,0.88,21.12
PO-100560,CUST-H,VEND-02,2024-12-17,Cancelled,ITM-0235,50,1.58,79.00
PO-100560,CUST-H,VEND-02,2024-12-17,Cancelled,ITM-0237,2,3.27,6.54
PO-100560,CUST-H,VEND-02,2024-12-17,Cancelled,ITM-0311,6,7.39,44.34
PO-100560,CUST-H,VEND-02,2024-12-17,Cancelled,ITM-0903,2,0.21,0.42
PO-100561,CUST-A,VEND-10,2026-06-04,Open,ITM-0328,2,3.36,6.72
PO-100562,CUST-B,VEND-08,2024-02-17,Received,ITM-0201,4,4.19,16.76
PO-100562,CUST-B,VEND-08,2024-02-17,Received,ITM-0243,1,0.75,0.75
PO-100562,CUST-B,VEND-08,2024-02-17,Received,ITM-0611,2,3.28,6.56
PO-100563,CUST-H,VEND-07,2025-11-25,Cancelled,ITM-0208,24,5.11,122.64
PO-100563,CUST-H,VEND-07,2025-11-25,Cancelled,ITM-0220,4,2.88,11.52
PO-100563,CUST-H,VEND-07,2025-11-25,Cancelled,ITM-0408,1,5.15,5.15
PO-100563,CUST-H,VEND-07,2025-11-25,Cancelled,ITM-0604,12,12.13,145.56
PO-100563,CUST-H,VEND-07,2025-11-25,Cancelled,ITM-1001,12,1.08,12.96
PO-100564,CUST-D,VEND-04,2025-07-07,Received,ITM-0237,24,3.02,72.48
PO-100564,CUST-D,VEND-04,2025-07-07,Received,ITM-1015,1,4.19,4.19
PO-100565,CUST-A,VEND-02,2024-12-10,Received,ITM-0237,6,3.18,19.08
PO-100566,CUST-B,VEND-09,2024-10-05,Received,ITM-0433,10,1.29,12.90
PO-100566,CUST-B,VEND-09,2024-10-05,Received,ITM-0929,10,1.12,11.20
PO-100567,CUST-D,VEND-10,2025-05-11,Received,ITM-0425,2,24.84,49.68
PO-100567,CUST-D,VEND-10,2025-05-11,Received,ITM-0431,50,0.75,37.50
PO-100567,CUST-D,VEND-10,2025-05-11,Received,ITM-0902,1,4.50,4.50
PO-100567,CUST-D,VEND-10,2025-05-11,Received,ITM-0922,1,6.39,6.39
PO-100568,CUST-G,VEND-09,2026-01-28,Closed,ITM-0228,2,4.76,9.52
PO-100568,CUST-G,VEND-09,2026-01-28,Closed,ITM-0326,6,2.77,16.62
PO-100568,CUST-G,VEND-09,2026-01-28,Closed,ITM-0614,4,6.46,25.84
PO-100568,CUST-G,VEND-09,2026-01-28,Closed,ITM-0928,10,0.82,8.20
PO-100568,CUST-G,VEND-09,2026-01-28,Closed,ITM-1011,4,4.24,16.96
PO-100569,CUST-D,VEND-07,2024-05-04,Received,ITM-0255,2,1.54,3.08
PO-100569,CUST-D,VEND-07,2024-05-04,Received,ITM-0628,50,0.13,6.50
PO-100569,CUST-D,VEND-07,2024-05-04,Received,ITM-0943,4,22.90,91.60
PO-100570,CUST-A,VEND-09,2026-01-18,Received,ITM-0433,2,1.24,2.48
PO-100571,CUST-G,VEND-11,2025-05-24,Received,ITM-0943,10,25.17,251.70
PO-100572,CUST-B,VEND-03,2024-11-01,Received,ITM-0224,4,1.54,6.16
PO-100572,CUST-B,VEND-03,2024-11-01,Received,ITM-0402,50,1.76,88.00
PO-100573,CUST-B,VEND-06,2026-07-30,Open,ITM-0201,2,4.35,8.70
PO-100573,CUST-B,VEND-06,2026-07-30,Open,ITM-0243,24,0.74,17.76
PO-100574,CUST-A,VEND-06,2024-12-03,Received,ITM-0311,20,6.63,132.60
PO-100575,CUST-H,VEND-12,2026-02-26,Received,ITM-0612,24,4.32,103.68
PO-100575,CUST-H,VEND-12,2026-02-26,Received,ITM-0809,6,2.48,14.88
PO-100575,CUST-H,VEND-12,2026-02-26,Received,ITM-0938,4,13.62,54.48
PO-100576,CUST-B,VEND-11,2025-01-31,Received,ITM-0434,3,1.53,4.59
PO-100576,CUST-B,VEND-11,2025-01-31,Received,ITM-0609,4,1.57,6.28
PO-100577,CUST-B,VEND-04,2024-10-26,Received,ITM-0228,2,4.61,9.22
PO-100577,CUST-B,VEND-04,2024-10-26,Received,ITM-0237,12,3.12,37.44
PO-100577,CUST-B,VEND-04,2024-10-26,Received,ITM-0610,12,2.28,27.36
PO-100577,CUST-B,VEND-04,2024-10-26,Received,ITM-0620,1,2.95,2.95
PO-100577,CUST-B,VEND-04,2024-10-26,Received,ITM-0737,6,76.15,456.90
PO-100578,CUST-D,VEND-11,2024-06-14,Received,ITM-0627,6,7.67,46.02
PO-100578,CUST-D,VEND-11,2024-06-14,Received,ITM-1015,4,4.34,17.36
PO-100579,CUST-D,VEND-11,2024-01-24,Received,ITM-1001,10,1.00,10.00
PO-100579,CUST-D,VEND-11,2024-01-24,Received,ITM-1020,12,8.55,102.60
PO-100580,CUST-F,VEND-06,2025-08-17,Received,ITM-0446,24,22.15,531.60
PO-100582,CUST-H,VEND-07,2025-12-09,Received,ITM-0306,12,1.07,12.84
PO-100582,CUST-H,VEND-07,2025-12-09,Received,ITM-0604,2,13.74,27.48
PO-100583,CUST-D,VEND-12,2024-12-13,Received,ITM-0257,6,0.69,4.14
PO-100583,CUST-D,VEND-12,2024-12-13,Received,ITM-0403,24,2.16,51.84
PO-100583,CUST-D,VEND-12,2024-12-13,Received,ITM-0426,10,24.88,248.80
PO-100583,CUST-D,VEND-12,2024-12-13,Received,ITM-1015,4,4.50,18.00
PO-100585,CUST-D,VEND-04,2025-04-20,Received,ITM-0306,1,0.97,0.97
PO-100585,CUST-D,VEND-04,2025-04-20,Received,ITM-0446,1,21.00,21.00
PO-100585,CUST-D,VEND-04,2025-04-20,Received,ITM-0632,6,4.46,26.76
PO-100585,CUST-D,VEND-04,2025-04-20,Received,ITM-1003,4,1.10,4.40
PO-100587,CUST-D,VEND-12,2024-03-23,Received,ITM-0328,4,3.14,12.56
PO-100587,CUST-D,VEND-12,2024-03-23,Received,ITM-0426,10,24.46,244.60
PO-100587,CUST-D,VEND-12,2024-03-23,Received,ITM-0612,1,4.11,4.11
PO-100588,CUST-B,VEND-03,2025-07-17,Closed,ITM-0808,4,1.89,7.56
PO-100589,CUST-A,VEND-05,2025-01-20,Received,ITM-0426,6,25.26,151.56
PO-100589,CUST-A,VEND-05,2025-01-20,Received,ITM-0815,6,8.01,48.06
PO-100590,CUST-B,VEND-05,2025-09-11,Closed,ITM-0414,10,1.87,18.70
PO-100591,CUST-D,VEND-10,2025-03-10,Closed,ITM-0235,1,1.67,1.67
PO-100591,CUST-D,VEND-10,2025-03-10,Closed,ITM-0434,2,1.42,2.84
PO-100591,CUST-D,VEND-10,2025-03-10,Closed,ITM-0517,1,40.99,40.99
PO-100592,CUST-A,VEND-06,2025-04-06,Closed,ITM-0104,4,65.73,262.92
PO-100592,CUST-A,VEND-06,2025-04-06,Closed,ITM-0311,24,6.29,150.96
PO-100592,CUST-A,VEND-06,2025-04-06,Closed,ITM-0629,4,3.09,12.36
PO-100592,CUST-A,VEND-06,2025-04-06,Closed,ITM-1015,3,4.12,12.36
PO-100593,CUST-B,VEND-10,2024-01-21,Received,ITM-0511,12,25.70,308.40
PO-100594,CUST-A,VEND-10,2025-01-28,Received,ITM-0431,6,0.75,4.50
PO-100594,CUST-A,VEND-10,2025-01-28,Received,ITM-0434,1,1.38,1.38
PO-100594,CUST-A,VEND-10,2025-01-28,Received,ITM-0721,4,32.93,131.72
PO-100595,CUST-F,VEND-08,2025-10-25,Closed,ITM-0632,10,4.24,42.40
PO-100596,CUST-D,VEND-01,2025-05-31,Received,ITM-0939,24,14.99,359.76
PO-100597,CUST-E,VEND-01,2025-02-02,Closed,ITM-0309,1,2.05,2.05
PO-100597,CUST-E,VEND-01,2025-02-02,Closed,ITM-0433,1,1.22,1.22
PO-100597,CUST-E,VEND-01,2025-02-02,Closed,ITM-0611,2,3.38,6.76
PO-100597,CUST-E,VEND-01,2025-02-02,Closed,ITM-0623,4,2.70,10.80
PO-100597,CUST-E,VEND-01,2025-02-02,Closed,ITM-0627,6,7.47,44.82
PO-100597,CUST-E,VEND-01,2025-02-02,Closed,ITM-0910,12,1.10,13.20
PO-100599,CUST-B,VEND-10,2026-05-28,Received,ITM-0235,4,1.74,6.96
PO-100599,CUST-B,VEND-10,2026-05-28,Received,ITM-0605,12,16.97,203.64
PO-100599,CUST-B,VEND-10,2026-05-28,Received,ITM-0737,10,77.36,773.60
PO-100599,CUST-B,VEND-10,2026-05-28,Received,ITM-0902,12,5.06,60.72
PO-100600,CUST-C,VEND-08,2025-07-17,Closed,ITM-0201,4,4.12,16.48
PO-100600,CUST-C,VEND-08,2025-07-17,Closed,ITM-0306,1,0.94,0.94
PO-100600,CUST-C,VEND-08,2025-07-17,Closed,ITM-0621,4,4.14,16.56
PO-100601,CUST-H,VEND-03,2024-03-26,Received,ITM-0733,24,22.79,546.96
PO-100601,CUST-H,VEND-03,2024-03-26,Received,ITM-0808,4,1.92,7.68
PO-100601,CUST-H,VEND-03,2024-03-26,Received,ITM-1014,1,2.63,2.63
PO-100602,CUST-C,VEND-08,2026-08-02,Open,ITM-0611,1,3.62,3.62
PO-100602,CUST-C,VEND-08,2026-08-02,Open,ITM-0614,6,6.35,38.10
PO-100604,CUST-E,VEND-04,2024-04-05,Received,ITM-0442,1,20.73,20.73
PO-100605,CUST-G,VEND-01,2024-06-16,Received,ITM-0434,10,1.44,14.40
PO-100605,CUST-G,VEND-01,2024-06-16,Received,ITM-0434,10,1.44,14.40
PO-100605,CUST-G,VEND-01,2024-06-16,Received,ITM-0611,6,3.29,19.74
PO-100605,CUST-G,VEND-01,2024-06-16,Received,ITM-0623,12,2.42,29.04
PO-100606,CUST-D,VEND-08,2024-06-13,Closed,ITM-1018,2,4.66,9.32
PO-100607,CUST-F,VEND-05,2024-05-05,Closed,ITM-0403,1,2.53,2.53
PO-100607,CUST-F,VEND-05,2024-05-05,Closed,ITM-0412,6,1.07,6.42
PO-100607,CUST-F,VEND-05,2024-05-05,Closed,ITM-0433,1,1.11,1.11
PO-100607,CUST-F,VEND-05,2024-05-05,Closed,ITM-0629,2,2.88,5.76
PO-100608,CUST-C,VEND-11,2025-01-13,Received,ITM-0433,2,1.18,2.36
PO-100608,CUST-C,VEND-11,2025-01-13,Received,ITM-0808,1,1.92,1.92
PO-100608,CUST-C,VEND-11,2025-01-13,Received,ITM-0943,6,24.32,145.92
PO-100608,CUST-C,VEND-11,2025-01-13,Received,ITM-1015,12,4.57,54.84
PO-100609,CUST-H,VEND-12,2026-08-09,Open,ITM-0229,10,1.70,17.00
PO-100609,CUST-H,VEND-12,2026-08-09,Open,ITM-0612,6,4.36,26.16
PO-100609,CUST-H,VEND-12,2026-08-09,Open,ITM-0809,2,2.61,5.22
PO-100611,CUST-B,VEND-11,2025-08-21,Closed,ITM-0914,10,1.70,17.00
PO-100612,CUST-A,VEND-05,2026-08-23,Received,ITM-0433,24,1.06,25.44
PO-100612,CUST-A,VEND-05,2026-08-23,Received,ITM-0612,2,3.88,7.76
PO-100612,CUST-A,VEND-05,2026-08-23,Received,ITM-1010,2,8.53,17.06
PO-100613,CUST-A,VEND-08,2025-03-05,Closed,ITM-0250,1,59.64,59.64
PO-100613,CUST-A,VEND-08,2025-03-05,Closed,ITM-0310,4,4.26,17.04
PO-100613,CUST-A,VEND-08,2025-03-05,Closed,ITM-0611,1,3.23,3.23
PO-100613,CUST-A,VEND-08,2025-03-05,Closed,ITM-0621,24,3.60,86.40
PO-100613,CUST-A,VEND-08,2025-03-05,Closed,ITM-0929,2,1.13,2.26
PO-100613,CUST-A,VEND-08,2025-03-05,Closed,ITM-1019,1,6.15,6.15
PO-100614,CUST-A,VEND-09,2024-03-27,Received,ITM-0433,2,1.14,2.28
PO-100614,CUST-A,VEND-09,2024-03-27,Received,ITM-0902,4,4.21,16.84
PO-100615,CUST-H,VEND-07,2024-10-19,Received,ITM-0220,10,2.77,27.70
PO-100615,CUST-H,VEND-07,2024-10-19,Received,ITM-1020,6,8.99,53.94
PO-100617,CUST-D,VEND-03,2025-07-19,Received,ITM-0211,2,12.59,25.18
PO-100617,CUST-D,VEND-03,2025-07-19,Received,ITM-0306,10,0.96,9.60
PO-100618,CUST-C,VEND-02,2025-03-15,Received,ITM-0201,2,4.23,8.46
PO-100618,CUST-C,VEND-02,2025-03-15,Received,ITM-0225,20,2.48,49.60
PO-100618,CUST-C,VEND-02,2025-03-15,Received,ITM-0416,6,3.01,18.06
PO-100618,CUST-C,VEND-02,2025-03-15,Received,ITM-0629,4,3.21,12.84
PO-100619,CUST-E,VEND-10,2024-08-19,Received,ITM-0511,1,25.63,25.63
PO-100619,CUST-E,VEND-10,2024-08-19,Received,ITM-0535,4,9.24,36.96
PO-100619,CUST-E,VEND-10,2024-08-19,Received,ITM-0610,2,2.39,4.78
PO-100619,CUST-E,VEND-10,2024-08-19,Received,ITM-0737,10,70.23,702.30
PO-100619,CUST-E,VEND-10,2024-08-19,Received,ITM-0929,12,1.16,13.92
PO-100620,CUST-H,VEND-05,2024-09-08,Received,ITM-0404,2,2.96,5.92
PO-100620,CUST-H,VEND-05,2024-09-08,Received,ITM-0412,10,1.09,10.90
PO-100621,CUST-G,VEND-08,2024-04-19,Closed,ITM-0201,6,4.15,24.90
PO-100621,CUST-G,VEND-08,2024-04-19,Closed,ITM-0253,6,1.17,7.02
PO-100621,CUST-G,VEND-08,2024-04-19,Closed,ITM-0621,10,4.12,41.20
PO-100622,CUST-A,VEND-12,2026-07-09,Open,ITM-0220,10,2.69,26.90
PO-100622,CUST-A,VEND-12,2026-07-09,Open,ITM-0612,1,4.22,4.22
PO-100624,CUST-B,VEND-05,2025-02-09,Closed,ITM-0426,6,23.90,143.40
PO-100624,CUST-B,VEND-05,2025-02-09,Closed,ITM-0612,2,4.03,8.06
PO-100624,CUST-B,VEND-05,2025-02-09,Closed,ITM-0808,2,1.92,3.84
PO-100624,CUST-B,VEND-05,2025-02-09,Closed,ITM-0815,2,8.40,16.80
PO-100625,CUST-B,VEND-05,2025-07-11,Received,ITM-0412,10,1.09,10.90
PO-100625,CUST-B,VEND-05,2025-07-11,Received,ITM-0414,1,1.85,1.85
PO-100625,CUST-B,VEND-05,2025-07-11,Received,ITM-0808,2,1.81,3.62
PO-100625,CUST-B,VEND-05,2025-07-11,Received,ITM-0815,50,7.94,397.00
PO-100625,CUST-B,VEND-05,2025-07-11,Received,ITM-0913,4,1.43,5.72
PO-100626,CUST-H,VEND-06,2026-03-26,Cancelled,ITM-0446,10,23.20,232.00
PO-100626,CUST-H,VEND-06,2026-03-26,Cancelled,ITM-0922,6,6.08,36.48
PO-100627,CUST-C,VEND-03,2025-05-15,Received,ITM-0306,10,0.92,9.20
PO-100627,CUST-C,VEND-03,2025-05-15,Received,ITM-0621,4,4.26,17.04
PO-100627,CUST-C,VEND-03,2025-05-15,Received,ITM-0733,4,23.67,94.68
PO-100627,CUST-C,VEND-03,2025-05-15,Received,ITM-1019,1,6.82,6.82
PO-100628,CUST-A,VEND-02,2025-08-06,Closed,ITM-0220,4,2.66,10.64
PO-100628,CUST-A,VEND-02,2025-08-06,Closed,ITM-0237,12,3.17,38.04
PO-100628,CUST-A,VEND-02,2025-08-06,Closed,ITM-0311,6,7.09,42.54
PO-100628,CUST-A,VEND-02,2025-08-06,Closed,ITM-0632,6,4.05,24.30
PO-100629,CUST-D,VEND-02,2024-11-17,Received,ITM-0211,1,12.98,12.98
PO-100629,CUST-D,VEND-02,2024-11-17,Received,ITM-0632,2,4.22,8.44
PO-100629,CUST-D,VEND-02,2024-11-17,Received,ITM-0815,10,8.09,80.90
PO-100630,CUST-E,VEND-10,2024-03-21,Closed,ITM-0434,4,1.49,5.96
PO-100631,CUST-A,VEND-07,2024-10-14,Closed,ITM-0251,24,2.29,54.96
PO-100632,CUST-B,VEND-08,2024-04-18,Received,ITM-0903,4,0.21,0.84
PO-100632,CUST-B,VEND-08,2024-04-18,Received,ITM-1008,1,1.39,1.39
PO-100633,CUST-H,VEND-11,2025-02-02,Received,ITM-0434,6,1.55,9.30
PO-100633,CUST-H,VEND-11,2025-02-02,Received,ITM-0808,10,1.90,19.00
PO-100633,CUST-H,VEND-11,2025-02-02,Received,ITM-0911,6,1.25,7.50
PO-100633,CUST-H,VEND-11,2025-02-02,Received,ITM-1020,1,8.74,8.74
PO-100634,CUST-B,VEND-12,2026-03-24,Received,ITM-0309,10,2.13,21.30
PO-100635,CUST-E,VEND-10,2025-01-25,Received,ITM-0437,6,1.96,11.76
PO-100635,CUST-E,VEND-10,2025-01-25,Received,ITM-1014,2,2.51,5.02
PO-100636,CUST-E,VEND-07,2026-07-06,Received,ITM-0255,6,1.79,10.74
PO-100636,CUST-E,VEND-07,2026-07-06,Received,ITM-0612,24,4.15,99.60
PO-100636,CUST-E,VEND-07,2026-07-06,Received,ITM-0927,2,0.58,1.16
PO-100637,CUST-F,VEND-01,2025-09-23,Closed,ITM-0611,10,3.52,35.20
PO-100638,CUST-A,VEND-04,2024-06-23,Closed,ITM-0611,4,3.15,12.60
PO-100638,CUST-A,VEND-04,2024-06-23,Closed,ITM-1015,3,3.76,11.28
PO-100639,CUST-C,VEND-09,2026-05-18,Received,ITM-0208,10,5.86,58.60
PO-100639,CUST-C,VEND-09,2026-05-18,Received,ITM-0250,6,67.92,407.52
PO-100640,CUST-C,VEND-12,2025-03-09,Received,ITM-0220,6,2.73,16.38
PO-100641,CUST-A,VEND-09,2025-04-10,Closed,ITM-0326,12,2.76,33.12
PO-100641,CUST-A,VEND-09,2025-04-10,Closed,ITM-0434,1,1.52,1.52
PO-100641,CUST-A,VEND-09,2025-04-10,Closed,ITM-0527,6,8.72,52.32
PO-100641,CUST-A,VEND-09,2025-04-10,Closed,ITM-0614,10,5.98,59.80
PO-100642,CUST-A,VEND-07,2025-01-11,Received,ITM-0250,6,57.09,342.54
PO-100643,CUST-A,VEND-08,2024-07-29,Closed,ITM-0201,4,4.15,16.60
PO-100643,CUST-A,VEND-08,2024-07-29,Closed,ITM-0310,2,4.18,8.36
PO-100643,CUST-A,VEND-08,2024-07-29,Closed,ITM-0632,2,4.01,8.02
PO-100644,CUST-F,VEND-07,2024-08-05,Received,ITM-0250,4,65.43,261.72
PO-100644,CUST-F,VEND-07,2024-08-05,Received,ITM-0943,1,23.89,23.89
PO-100645,CUST-A,VEND-07,2026-03-03,Received,ITM-0255,1,1.56,1.56
PO-100645,CUST-A,VEND-07,2026-03-03,Received,ITM-0612,20,4.26,85.20
PO-100645,CUST-A,VEND-07,2026-03-03,Received,ITM-0909,2,0.91,1.82
PO-100646,CUST-H,VEND-03,2024-04-12,Received,ITM-0430,6,0.51,3.06
PO-100647,CUST-A,VEND-10,2024-11-15,Received,ITM-0434,6,1.51,9.06
PO-100647,CUST-A,VEND-10,2024-11-15,Received,ITM-0511,2,24.25,48.50
PO-100648,CUST-D,VEND-12,2025-07-10,Closed,ITM-0426,1,26.88,26.88
PO-100648,CUST-D,VEND-12,2025-07-10,Closed,ITM-0432,4,0.95,3.80
PO-100648,CUST-D,VEND-12,2025-07-10,Closed,ITM-0609,12,1.50,18.00
PO-100648,CUST-D,VEND-12,2025-07-10,Closed,ITM-0612,10,4.32,43.20
PO-100648,CUST-D,VEND-12,2025-07-10,Closed,ITM-1003,2,1.18,2.36
PO-100648,CUST-D,VEND-12,2025-07-10,Closed,ITM-1015,2,4.61,9.22
PO-100649,CUST-A,VEND-11,2025-10-21,Received,ITM-0250,2,56.54,113.08
PO-100650,CUST-D,VEND-08,2024-07-08,Closed,ITM-1018,6,4.89,29.34
PO-100651,CUST-A,VEND-10,2025-10-11,Received,ITM-0431,10,0.77,7.70
PO-100651,CUST-A,VEND-10,2025-10-11,Received,ITM-0434,6,1.52,9.12
PO-100651,CUST-A,VEND-10,2025-10-11,Received,ITM-0610,1,2.29,2.29
PO-100651,CUST-A,VEND-10,2025-10-11,Received,ITM-0808,2,1.78,3.56
PO-100651,CUST-A,VEND-10,2025-10-11,Received,ITM-0929,2,1.12,2.24
PO-100652,CUST-G,VEND-12,2025-04-05,Received,ITM-0220,24,2.62,62.88
PO-100652,CUST-G,VEND-12,2025-04-05,Received,ITM-1015,12,4.53,54.36
PO-100653,CUST-D,VEND-07,2024-04-27,Received,ITM-0250,6,59.66,357.96
PO-100653,CUST-D,VEND-07,2024-04-27,Received,ITM-0255,1,1.55,1.55
PO-100653,CUST-D,VEND-07,2024-04-27,Received,ITM-0306,6,0.89,5.34
PO-100654,CUST-A,VEND-07,2026-01-14,Cancelled,ITM-0220,10,2.62,26.20
PO-100655,CUST-F,VEND-12,2025-08-24,Closed,ITM-0609,1,1.51,1.51
PO-100655,CUST-F,VEND-12,2025-08-24,Closed,ITM-1015,6,4.69,28.14
PO-100656,CUST-B,VEND-12,2025-04-08,Received,ITM-1003,1,1.22,1.22
PO-100658,CUST-A,VEND-07,2026-05-10,Cancelled,ITM-0250,10,61.72,617.20
PO-100658,CUST-A,VEND-07,2026-05-10,Cancelled,ITM-1008,6,1.39,8.34
PO-100659,CUST-F,VEND-07,2025-10-07,Closed,ITM-0408,10,5.40,54.00
PO-100659,CUST-F,VEND-07,2025-10-07,Closed,ITM-1001,24,1.06,25.44
PO-100660,CUST-G,VEND-02,2026-01-10,Received,ITM-0228,2,4.74,9.48
PO-100660,CUST-G,VEND-02,2026-01-10,Received,ITM-1011,4,4.05,16.20
PO-100661,CUST-A,VEND-12,2026-04-08,Received,ITM-0309,24,1.97,47.28
PO-100661,CUST-A,VEND-12,2026-04-08,Received,ITM-0426,24,23.53,564.72
PO-100661,CUST-A,VEND-12,2026-04-08,Received,ITM-0612,2,4.46,8.92
PO-100661,CUST-A,VEND-12,2026-04-08,Received,ITM-0618,10,4.20,42.00
PO-100662,CUST-A,VEND-01,2025-05-30,Received,ITM-0433,6,1.18,7.08
PO-100662,CUST-A,VEND-01,2025-05-30,Received,ITM-0627,6,7.21,43.26
PO-100662,CUST-A,VEND-01,2025-05-30,Received,ITM-1001,20,0.96,19.20
PO-100662,CUST-A,VEND-01,2025-05-30,Received,ITM-1003,6,1.08,6.48
PO-100663,CUST-C,VEND-07,2024-12-03,Received,ITM-0220,10,2.80,28.00
PO-100663,CUST-C,VEND-07,2024-12-03,Received,ITM-0255,2,1.68,3.36
PO-100664,CUST-D,VEND-04,2024-09-20,Received,ITM-0228,50,4.37,218.50
PO-100664,CUST-D,VEND-04,2024-09-20,Received,ITM-0511,1,26.20,26.20
PO-100664,CUST-D,VEND-04,2024-09-20,Received,ITM-0611,12,3.46,41.52
PO-100664,CUST-D,VEND-04,2024-09-20,Received,ITM-1022,1,5.24,5.24
PO-100665,CUST-A,VEND-02,2026-07-17,Open,ITM-0201,10,4.27,42.70
PO-100665,CUST-A,VEND-02,2026-07-17,Open,ITM-0237,1,3.29,3.29
PO-100665,CUST-A,VEND-02,2026-07-17,Open,ITM-0311,1,7.28,7.28
PO-100666,CUST-H,VEND-11,2024-05-04,Closed,ITM-0434,10,1.44,14.40
PO-100666,CUST-H,VEND-11,2024-05-04,Closed,ITM-1015,1,4.28,4.28
PO-100667,CUST-A,VEND-03,2025-10-08,Received,ITM-0306,10,0.97,9.70
PO-100667,CUST-A,VEND-03,2025-10-08,Received,ITM-0421,1,15.72,15.72
PO-100667,CUST-A,VEND-03,2025-10-08,Received,ITM-0939,3,15.32,45.96
PO-100668,CUST-A,VEND-10,2025-04-29,Received,ITM-0535,24,8.08,193.92
PO-100668,CUST-A,VEND-10,2025-04-29,Received,ITM-0610,3,2.35,7.05
PO-100668,CUST-A,VEND-10,2025-04-29,Received,ITM-0902,5,37.80,189.00
PO-100668,CUST-A,VEND-10,2025-04-29,Received,ITM-0908,10,0.92,9.20
PO-100668,CUST-A,VEND-10,2025-04-29,Received,ITM-0922,4,5.99,23.96
PO-100668,CUST-A,VEND-10,2025-04-29,Received,ITM-1014,2,2.64,5.28
PO-100669,CUST-G,VEND-11,2024-05-14,Received,ITM-0326,6,2.66,15.96
PO-100669,CUST-G,VEND-11,2024-05-14,Received,ITM-0433,10,1.16,11.60
PO-100669,CUST-G,VEND-11,2024-05-14,Received,ITM-0605,2,,
PO-100670,CUST-H,VEND-06,2025-10-02,Received,ITM-0255,6,1.60,9.60
PO-100670,CUST-H,VEND-06,2025-10-02,Received,ITM-0715,10,76.70,767.00
PO-100671,CUST-A,VEND-01,2025-08-22,Received,ITM-0426,24,22.87,548.88
PO-100671,CUST-A,VEND-01,2025-08-22,Received,ITM-0611,2,3.24,6.48
PO-100671,CUST-A,VEND-01,2025-08-22,Received,ITM-0623,12,2.44,29.28
PO-100671,CUST-A,VEND-01,2025-08-22,Received,ITM-0910,24,1.05,25.20
PO-100672,CUST-A,VEND-10,2025-09-14,Closed,ITM-0508,3,16.55,49.65
PO-100673,CUST-F,VEND-10,2024-09-01,Cancelled,ITM-0902,6,4.30,25.80
PO-100674,CUST-D,VEND-12,2025-03-26,Received,ITM-0403,2,2.50,5.00
PO-100674,CUST-D,VEND-12,2025-03-26,Received,ITM-0426,4,25.03,100.12
PO-100674,CUST-D,VEND-12,2025-03-26,Received,ITM-0612,4,4.03,16.12
PO-100674,CUST-D,VEND-12,2025-03-26,Received,ITM-0612,4,4.03,16.12
PO-100674,CUST-D,VEND-12,2025-03-26,Received,ITM-1003,10,1.15,11.50
PO-100674,CUST-D,VEND-12,2025-03-26,Received,ITM-1015,20,4.73,94.60
PO-100675,CUST-D,VEND-01,2025-10-17,Received,ITM-0228,24,4.32,103.68
PO-100676,CUST-A,VEND-11,2025-06-13,Received,ITM-0605,6,16.50,99.00
PO-100676,CUST-A,VEND-11,2025-06-13,Received,ITM-0605,6,16.50,99.00
PO-100676,CUST-A,VEND-11,2025-06-13,Received,ITM-0737,5,71.57,357.85
PO-100676,CUST-A,VEND-11,2025-06-13,Received,ITM-0902,12,4.15,49.80
PO-100676,CUST-A,VEND-11,2025-06-13,Received,ITM-0943,24,22.84,548.16
PO-100676,CUST-A,VEND-11,2025-06-13,Received,ITM-1015,12,4.12,49.44
PO-100677,CUST-C,VEND-02,2025-08-12,Closed,ITM-0327,50,2.29,114.50
PO-100677,CUST-C,VEND-02,2025-08-12,Closed,ITM-0408,2,5.50,11.00
PO-100677,CUST-C,VEND-02,2025-08-12,Closed,ITM-0632,2,4.49,8.98
PO-100677,CUST-C,VEND-02,2025-08-12,Closed,ITM-1021,6,4.45,26.70
PO-100678,CUST-F,VEND-11,2025-01-23,Closed,ITM-0432,3,0.98,2.94
PO-100678,CUST-F,VEND-11,2025-01-23,Closed,ITM-0433,2,1.16,2.32
PO-100678,CUST-F,VEND-11,2025-01-23,Closed,ITM-0629,1,2.87,2.87
PO-100678,CUST-F,VEND-11,2025-01-23,Closed,ITM-1015,6,4.49,26.94
PO-100679,CUST-C,VEND-04,2026-01-23,Received,ITM-0446,12,21.66,259.92
PO-100679,CUST-C,VEND-04,2026-01-23,Received,ITM-0908,6,0.92,5.52
PO-100679,CUST-C,VEND-04,2026-01-23,Received,ITM-1015,2,4.45,8.90
PO-100680,CUST-D,VEND-07,2025-08-14,Closed,ITM-0246,6,2.01,12.06
PO-100680,CUST-D,VEND-07,2025-08-14,Closed,ITM-0310,1,4.58,4.58
PO-100680,CUST-D,VEND-07,2025-08-14,Closed,ITM-0517,5,43.15,215.75
PO-100680,CUST-D,VEND-07,2025-08-14,Closed,ITM-0612,4,4.14,16.56
PO-100680,CUST-D,VEND-07,2025-08-14,Closed,ITM-1020,4,8.23,32.92
PO-100681,CUST-A,VEND-08,2026-04-23,Closed,ITM-0914,6,1.55,9.30
PO-100681,CUST-A,VEND-08,2026-04-23,Closed,ITM-1018,50,4.57,228.50
PO-100682,CUST-A,VEND-07,2026-03-07,Received,ITM-0306,10,0.97,9.70
PO-100682,CUST-A,VEND-07,2026-03-07,Received,ITM-0612,1,3.99,3.99
PO-100682,CUST-A,VEND-07,2026-03-07,Received,ITM-1008,4,1.42,5.68
PO-100683,CUST-F,VEND-09,2024-10-25,Received,ITM-0433,1,1.24,1.24
PO-100683,CUST-F,VEND-09,2024-10-25,Received,ITM-0434,1,1.58,1.58
PO-100683,CUST-F,VEND-09,2024-10-25,Received,ITM-0614,12,6.32,75.84
PO-100684,CUST-A,VEND-03,2026-08-09,Received,ITM-0311,1,6.99,6.99
PO-100684,CUST-A,VEND-03,2026-08-09,Received,ITM-0618,6,4.19,25.14
PO-100684,CUST-A,VEND-03,2026-08-09,Received,ITM-0621,4,4.04,16.16
PO-100684,CUST-A,VEND-03,2026-08-09,Received,ITM-1020,24,8.26,198.24
PO-100685,CUST-B,VEND-10,2024-05-25,Closed,ITM-0434,12,1.44,17.28
PO-100685,CUST-B,VEND-10,2024-05-25,Closed,ITM-0902,2,4.43,8.86
PO-100685,CUST-B,VEND-10,2024-05-25,Closed,ITM-1014,4,2.69,10.76
PO-100687,CUST-A,VEND-05,2025-09-28,Received,ITM-0815,4,8.22,32.88
PO-100688,CUST-C,VEND-05,2026-02-17,Received,ITM-0414,10,1.93,19.30
PO-100688,CUST-C,VEND-05,2026-02-17,Received,ITM-0629,1,3.15,3.15
PO-100688,CUST-C,VEND-05,2026-02-17,Received,ITM-0942,6,0.34,2.04
PO-100688,CUST-C,VEND-05,2026-02-17,Received,ITM-1014,6,2.70,16.20
PO-100689,CUST-A,VEND-10,2026-08-24,Open,ITM-0434,5,1.54,7.70
PO-100689,CUST-A,VEND-10,2026-08-24,Open,ITM-0508,10,16.71,167.10
PO-100689,CUST-A,VEND-10,2026-08-24,Open,ITM-0517,2,41.45,82.90
PO-100689,CUST-A,VEND-10,2026-08-24,Open,ITM-0535,12,8.62,103.44
PO-100689,CUST-A,VEND-10,2026-08-24,Open,ITM-0721,6,34.42,206.52
PO-100689,CUST-A,VEND-10,2026-08-24,Open,ITM-0929,4,1.08,4.32
PO-100690,CUST-D,VEND-02,2025-01-31,Received,ITM-0408,4,5.27,21.08
PO-100690,CUST-D,VEND-02,2025-01-31,Received,ITM-0629,4,2.95,11.80
PO-100691,CUST-B,VEND-09,2025-12-10,Received,ITM-0201,6,4.53,27.18
PO-100691,CUST-B,VEND-09,2025-12-10,Received,ITM-0243,4,0.77,3.08
PO-100691,CUST-B,VEND-09,2025-12-10,Received,ITM-0902,1,4.53,4.53
PO-100692,CUST-B,VEND-11,2025-03-20,Closed,ITM-0104,3,65.64,196.92
PO-100692,CUST-B,VEND-11,2025-03-20,Closed,ITM-0629,10,2.95,29.50
PO-100692,CUST-B,VEND-11,2025-03-20,Closed,ITM-0902,4,4.29,17.16
PO-100693,CUST-D,VEND-01,2026-08-25,Open,ITM-0310,50,4.28,214.00
PO-100694,CUST-B,VEND-05,2025-07-08,Closed,ITM-0311,24,6.69,160.56
PO-100694,CUST-B,VEND-05,2025-07-08,Closed,ITM-0426,1,24.22,24.22
PO-100694,CUST-B,VEND-05,2025-07-08,Closed,ITM-0808,4,1.98,7.92
PO-100695,CUST-A,VEND-07,2025-03-20,Received,ITM-0208,1,4.56,4.56
PO-100695,CUST-A,VEND-07,2025-03-20,Received,ITM-0220,3,2.60,7.80
PO-100695,CUST-A,VEND-07,2025-03-20,Received,ITM-0527,10,8.66,86.60
PO-100695,CUST-A,VEND-07,2025-03-20,Received,ITM-0612,50,3.70,185.00
PO-100696,CUST-B,VEND-04,2024-03-23,Received,ITM-0611,5,3.23,16.15
PO-100697,CUST-D,VEND-06,2024-11-23,Received,ITM-0437,2,1.98,3.96
PO-100697,CUST-D,VEND-06,2024-11-23,Received,ITM-1015,4,4.22,16.88
PO-100698,CUST-F,VEND-11,2024-08-19,Closed,ITM-0433,3,1.24,3.72
PO-100698,CUST-F,VEND-11,2024-08-19,Closed,ITM-0434,10,1.50,15.00
PO-100698,CUST-F,VEND-11,2024-08-19,Closed,ITM-1015,3,4.47,13.41
PO-100699,CUST-D,VEND-02,2026-07-11,Open,ITM-0220,6,2.96,17.76
PO-100699,CUST-D,VEND-02,2026-07-11,Open,ITM-0311,12,7.78,93.36
PO-100699,CUST-D,VEND-02,2026-07-11,Open,ITM-0408,6,5.75,34.50
PO-100699,CUST-D,VEND-02,2026-07-11,Open,ITM-0947,5,0.47,2.35
PO-100700,CUST-H,VEND-12,2026-05-14,Received,ITM-0220,10,2.89,28.90
PO-100700,CUST-H,VEND-12,2026-05-14,Received,ITM-0309,4,2.17,8.68
PO-100700,CUST-H,VEND-12,2026-05-14,Received,ITM-0403,10,2.64,26.40
PO-100700,CUST-H,VEND-12,2026-05-14,Received,ITM-1015,1,4.85,4.85
PO-100701,CUST-G,VEND-11,2024-12-23,Received,ITM-0943,2,24.20,48.40
PO-100702,CUST-F,VEND-07,2025-07-11,Received,ITM-0943,1,25.13,25.13
PO-100702,CUST-F,VEND-07,2025-07-11,Received,ITM-1001,4,1.14,4.56
PO-100703,CUST-D,VEND-03,2025-06-08,Closed,ITM-0224,10,1.58,15.80
PO-100704,CUST-A,VEND-07,2024-08-20,Cancelled,ITM-0517,6,41.37,248.22
PO-100704,CUST-A,VEND-07,2024-08-20,Cancelled,ITM-0612,2,4.05,8.10
PO-100704,CUST-A,VEND-07,2024-08-20,Cancelled,ITM-1001,6,0.99,5.94
PO-100705,CUST-F,VEND-02,2026-07-10,Open,ITM-0311,12,7.62,91.44
PO-100705,CUST-F,VEND-02,2026-07-10,Open,ITM-0621,2,4.38,8.76
PO-100706,CUST-B,VEND-11,2025-08-23,Received,ITM-0437,6,1.96,11.76
PO-100706,CUST-B,VEND-11,2025-08-23,Received,ITM-0737,2,80.77,161.54
PO-100706,CUST-B,VEND-11,2025-08-23,Received,ITM-0737,2,80.77,161.54
PO-100706,CUST-B,VEND-11,2025-08-23,Received,ITM-0808,12,2.03,24.36
PO-100706,CUST-B,VEND-11,2025-08-23,Received,ITM-1015,1,4.66,4.66
PO-100707,CUST-D,VEND-01,2026-03-09,Received,ITM-0228,20,4.49,89.80
PO-100707,CUST-D,VEND-01,2026-03-09,Received,ITM-0310,2,4.64,9.28
PO-100707,CUST-D,VEND-01,2026-03-09,Received,ITM-0426,4,24.94,99.76
PO-100708,CUST-B,VEND-07,2025-04-09,Received,ITM-0255,2,1.62,3.24
PO-100709,CUST-A,VEND-03,2025-02-07,Closed,ITM-0306,2,0.88,1.76
PO-100709,CUST-A,VEND-03,2025-02-07,Closed,ITM-0311,6,7.10,42.60
PO-100709,CUST-A,VEND-03,2025-02-07,Closed,ITM-1010,1,9.45,9.45
PO-100710,CUST-G,VEND-04,2025-07-04,Received,ITM-0237,10,3.23,32.30
PO-100710,CUST-G,VEND-04,2025-07-04,Received,ITM-0939,4,16.86,67.44
PO-100710,CUST-G,VEND-04,2025-07-04,Received,ITM-1015,1,4.20,4.20
PO-100710,CUST-G,VEND-04,2025-07-04,Received,ITM-1022,12,5.50,66.00
PO-100710,CUST-G,VEND-04,2025-07-04,Received,ITM-1022,12,5.50,66.00
PO-100711,CUST-D,VEND-08,2025-11-12,Cancelled,ITM-0250,50,60.99,3049.50
PO-100711,CUST-D,VEND-08,2025-11-12,Cancelled,ITM-0306,50,0.90,45.00
PO-100711,CUST-D,VEND-08,2025-11-12,Cancelled,ITM-0306,50,0.90,45.00
PO-100711,CUST-D,VEND-08,2025-11-12,Cancelled,ITM-0614,2,6.06,12.12
PO-100712,CUST-D,VEND-09,2025-01-18,Closed,ITM-0421,3,18.77,56.31
PO-100713,CUST-A,VEND-05,2024-09-16,Cancelled,ITM-0629,2,2.83,5.66
PO-100713,CUST-A,VEND-05,2024-09-16,Cancelled,ITM-0904,1,0.30,0.30
PO-100714,CUST-A,VEND-10,2024-07-31,Received,ITM-0434,6,1.39,8.34
PO-100714,CUST-A,VEND-10,2024-07-31,Received,ITM-0605,2,14.81,29.62
PO-100714,CUST-A,VEND-10,2024-07-31,Received,ITM-1014,6,2.50,15.00
PO-100715,CUST-A,VEND-09,2025-03-28,Cancelled,ITM-0201,10,4.24,42.40
PO-100715,CUST-A,VEND-09,2025-03-28,Cancelled,ITM-0433,4,1.23,4.92
PO-100715,CUST-A,VEND-09,2025-03-28,Cancelled,ITM-0434,20,1.51,30.20
PO-100716,CUST-D,VEND-05,2024-03-16,Received,ITM-0733,6,21.34,128.04
PO-100716,CUST-D,VEND-05,2024-03-16,Received,ITM-1006,50,1.05,52.50
PO-100717,CUST-D,VEND-11,2025-11-28,Closed,ITM-0434,2,1.59,3.18
PO-100717,CUST-D,VEND-11,2025-11-28,Closed,ITM-1015,10,4.50,45.00
PO-100718,CUST-H,VEND-06,2026-04-13,Received,ITM-0920,4,3.15,12.60
PO-100719,CUST-D,VEND-02,2025-10-20,Received,ITM-0947,1,0.45,0.45
PO-100720,CUST-A,VEND-04,2024-08-28,Closed,ITM-0228,6,4.60,27.60
PO-100720,CUST-A,VEND-04,2024-08-28,Closed,ITM-0938,4,12.72,50.88
PO-100721,CUST-B,VEND-06,2024-10-29,Cancelled,ITM-1015,10,4.08,40.80
PO-100723,CUST-G,VEND-11,2024-07-01,Closed,ITM-0434,4,1.46,5.84
PO-100724,CUST-A,VEND-02,2024-04-05,Closed,ITM-0201,6,3.81,22.86
PO-100724,CUST-A,VEND-02,2024-04-05,Closed,ITM-0229,6,1.42,8.52
PO-100724,CUST-A,VEND-02,2024-04-05,Closed,ITM-0402,10,1.69,16.90
PO-100724,CUST-A,VEND-02,2024-04-05,Closed,ITM-0632,1,3.88,3.88
PO-100725,CUST-D,VEND-10,2026-06-27,Open,ITM-0517,4,43.29,173.16
PO-100726,CUST-B,VEND-06,2025-03-24,Received,ITM-0235,4,1.63,6.52
PO-100726,CUST-B,VEND-06,2025-03-24,Received,ITM-0446,4,22.40,89.60
PO-100726,CUST-B,VEND-06,2025-03-24,Received,ITM-0917,4,3.89,15.56
PO-100727,CUST-A,VEND-01,2024-12-26,Received,ITM-0310,2,4.29,8.58
PO-100728,CUST-D,VEND-04,2024-08-11,Received,ITM-1021,24,3.89,93.36
PO-100729,CUST-D,VEND-05,2026-06-28,Closed,ITM-0403,6,2.60,15.60
PO-100729,CUST-D,VEND-05,2026-06-28,Closed,ITM-1010,5,9.90,49.50
PO-100730,CUST-A,VEND-12,2025-02-28,Closed,ITM-0220,1,2.64,2.64
PO-100730,CUST-A,VEND-12,2025-02-28,Closed,ITM-0403,24,2.21,53.04
PO-100730,CUST-A,VEND-12,2025-02-28,Closed,ITM-0612,4,4.09,16.36
PO-100730,CUST-A,VEND-12,2025-02-28,Closed,ITM-0623,2,2.35,4.70
PO-100731,CUST-C,VEND-02,2025-12-05,Closed,ITM-0201,24,4.24,101.76
PO-100733,CUST-F,VEND-12,2026-02-20,Received,ITM-0403,10,2.75,27.50
PO-100733,CUST-F,VEND-12,2026-02-20,Received,ITM-0938,2,14.57,29.14
PO-100734,CUST-F,VEND-12,2025-10-29,Closed,ITM-0220,4,2.76,11.04
PO-100734,CUST-F,VEND-12,2025-10-29,Closed,ITM-0220,4,2.76,11.04
PO-100734,CUST-F,VEND-12,2025-10-29,Closed,ITM-0229,1,1.70,1.70
PO-100734,CUST-F,VEND-12,2025-10-29,Closed,ITM-0426,4,26.73,106.92
PO-100734,CUST-F,VEND-12,2025-10-29,Closed,ITM-0612,10,4.57,45.70
PO-100735,CUST-A,VEND-08,2024-10-05,Closed,ITM-0201,2,3.95,7.90
PO-100736,CUST-C,VEND-06,2026-01-31,Received,ITM-0201,2,4.45,8.90
PO-100737,CUST-A,VEND-05,2024-08-05,Received,ITM-0257,2,0.69,1.38
PO-100737,CUST-A,VEND-05,2024-08-05,Received,ITM-0612,6,3.73,22.38
PO-100738,CUST-B,VEND-04,2026-06-15,Closed,ITM-0306,4,1.06,4.24
PO-100738,CUST-B,VEND-04,2026-06-15,Closed,ITM-0609,4,1.56,6.24
PO-100738,CUST-B,VEND-04,2026-06-15,Closed,ITM-0632,3,4.61,13.83
PO-100738,CUST-B,VEND-04,2026-06-15,Closed,ITM-0922,3,6.41,19.23
PO-100739,CUST-A,VEND-06,2026-05-07,Closed,ITM-0254,6,1.66,9.96
PO-100739,CUST-A,VEND-06,2026-05-07,Closed,ITM-0446,10,22.04,220.40
PO-100739,CUST-A,VEND-06,2026-05-07,Closed,ITM-0610,10,2.29,22.90
PO-100740,CUST-A,VEND-08,2025-02-10,Received,ITM-0201,6,4.05,24.30
PO-100740,CUST-A,VEND-08,2025-02-10,Received,ITM-0250,6,60.71,364.26
PO-100740,CUST-A,VEND-08,2025-02-10,Received,ITM-0929,50,1.04,52.00
PO-100741,CUST-B,VEND-03,2024-07-01,Closed,ITM-0437,1,1.93,1.93
PO-100742,CUST-B,VEND-07,2025-08-12,Closed,ITM-0220,12,2.75,33.00
PO-100742,CUST-B,VEND-07,2025-08-12,Closed,ITM-0246,5,2.19,10.95
PO-100742,CUST-B,VEND-07,2025-08-12,Closed,ITM-0612,50,4.06,203.00
PO-100743,CUST-A,VEND-10,2025-04-23,Received,ITM-0235,24,1.60,38.40
PO-100743,CUST-A,VEND-10,2025-04-23,Received,ITM-0929,2,1.18,2.36
PO-100744,CUST-A,VEND-10,2024-07-25,Received,ITM-0434,4,1.41,5.64
PO-100744,CUST-A,VEND-10,2024-07-25,Received,ITM-0908,24,0.80,19.20
PO-100744,CUST-A,VEND-10,2024-07-25,Received,ITM-0929,20,1.09,21.80
PO-100745,CUST-C,VEND-10,2025-12-16,Received,ITM-0808,1,1.87,1.87
PO-100745,CUST-C,VEND-10,2025-12-16,Received,ITM-0922,10,5.80,58.00
PO-100746,CUST-A,VEND-06,2025-01-13,Received,ITM-0446,50,19.38,969.00
PO-100747,CUST-H,VEND-09,2024-06-28,Closed,ITM-0527,10,9.79,97.90
PO-100747,CUST-H,VEND-09,2024-06-28,Closed,ITM-0904,24,0.33,7.92
PO-100748,CUST-H,VEND-01,2025-08-26,Closed,ITM-0228,1,4.73,4.73
PO-100748,CUST-H,VEND-01,2025-08-26,Closed,ITM-0414,12,1.79,21.48
PO-100748,CUST-H,VEND-01,2025-08-26,Closed,ITM-0611,1,3.65,3.65
PO-100749,CUST-A,VEND-09,2025-12-29,Received,ITM-0201,1,4.05,4.05
PO-100749,CUST-A,VEND-09,2025-12-29,Received,ITM-0433,24,1.21,29.04
PO-100750,CUST-B,VEND-02,2025-09-11,Closed,ITM-0629,1,3.16,3.16
PO-100751,CUST-B,VEND-10,2024-03-24,Received,ITM-0737,24,65.55,1573.20
PO-100751,CUST-B,VEND-10,2024-03-24,Received,ITM-0913,2,1.29,2.58
PO-100751,CUST-B,VEND-10,2024-03-24,Received,ITM-0913,2,1.29,2.58
PO-100752,CUST-A,VEND-09,2025-10-15,Received,ITM-0928,12,0.78,9.36
PO-100753,CUST-E,VEND-08,2025-09-13,Closed,ITM-0306,10,0.94,9.40
PO-100753,CUST-E,VEND-08,2025-09-13,Closed,ITM-0611,1,3.27,3.27
PO-100753,CUST-E,VEND-08,2025-09-13,Closed,ITM-0621,6,4.21,25.26
PO-100753,CUST-E,VEND-08,2025-09-13,Closed,ITM-1008,4,1.44,5.76
PO-100754,CUST-E,VEND-10,2026-02-09,Received,ITM-0434,6,1.65,9.90
PO-100754,CUST-E,VEND-10,2026-02-09,Received,ITM-0808,2,1.86,3.72
PO-100754,CUST-E,VEND-10,2026-02-09,Received,ITM-0904,1,0.34,0.34
PO-100755,CUST-F,VEND-12,2026-06-29,Cancelled,ITM-0403,10,2.68,26.80
PO-100755,CUST-F,VEND-12,2026-06-29,Cancelled,ITM-0426,2,28.23,56.46
PO-100755,CUST-F,VEND-12,2026-06-29,Cancelled,ITM-0612,1,4.64,4.64
PO-100755,CUST-F,VEND-12,2026-06-29,Cancelled,ITM-0623,1,2.64,2.64
PO-100755,CUST-F,VEND-12,2026-06-29,Cancelled,ITM-1015,20,4.98,99.60
PO-100756,CUST-F,VEND-12,2025-09-08,Closed,ITM-0426,2,27.20,54.40
PO-100757,CUST-G,VEND-04,2026-02-09,Closed,ITM-0237,5,3.37,16.85
PO-100757,CUST-G,VEND-04,2026-02-09,Closed,ITM-0535,5,9.44,47.20
PO-100757,CUST-G,VEND-04,2026-02-09,Closed,ITM-0715,4,77.07,308.28
PO-100758,CUST-D,VEND-01,2025-06-22,Received,ITM-0943,24,22.75,546.00
PO-100759,CUST-D,VEND-08,2025-12-27,Closed,ITM-0219,2,1.99,3.98
PO-100759,CUST-D,VEND-08,2025-12-27,Closed,ITM-0511,4,24.68,98.72
PO-100759,CUST-D,VEND-08,2025-12-27,Closed,ITM-0929,24,1.16,27.84
PO-100760,CUST-D,VEND-04,2026-02-19,Received,ITM-0228,2,4.91,9.82
PO-100760,CUST-D,VEND-04,2026-02-19,Received,ITM-0446,1,21.02,21.02
PO-100761,CUST-F,VEND-03,2025-11-06,Received,ITM-0306,4,0.98,3.92
PO-100761,CUST-F,VEND-03,2025-11-06,Received,ITM-0311,12,7.71,92.52
PO-100761,CUST-F,VEND-03,2025-11-06,Received,ITM-0621,10,4.21,42.10
PO-100761,CUST-F,VEND-03,2025-11-06,Received,ITM-0939,1,17.07,17.07
PO-100762,CUST-C,VEND-10,2024-09-24,Received,ITM-0605,24,15.18,364.32
PO-100762,CUST-C,VEND-10,2024-09-24,Received,ITM-0737,2,74.47,148.94
PO-100762,CUST-C,VEND-10,2024-09-24,Received,ITM-0908,2,0.92,1.84
PO-100762,CUST-C,VEND-10,2024-09-24,Received,ITM-0922,1,5.98,5.98
PO-100763,CUST-E,VEND-04,2025-02-06,Received,ITM-0224,5,1.49,7.45
PO-100763,CUST-E,VEND-04,2025-02-06,Received,ITM-0737,4,73.31,293.24
PO-100764,CUST-B,VEND-01,2026-07-16,Received,ITM-0426,4,27.36,109.44
PO-100764,CUST-B,VEND-01,2026-07-16,Received,ITM-0434,6,1.57,9.42
PO-100764,CUST-B,VEND-01,2026-07-16,Received,ITM-0611,10,3.65,36.50
PO-100765,CUST-D,VEND-06,2024-01-11,Received,ITM-0922,24,5.16,123.84
PO-100765,CUST-D,VEND-06,2024-01-11,Received,ITM-0927,50,0.46,23.00
PO-100766,CUST-F,VEND-03,2025-02-19,Received,ITM-0437,1,1.97,1.97
PO-100766,CUST-F,VEND-03,2025-02-19,Received,ITM-0442,2,19.98,39.96
PO-100766,CUST-F,VEND-03,2025-02-19,Received,ITM-0621,6,4.12,24.72
PO-100767,CUST-B,VEND-01,2026-05-06,Received,ITM-0225,3,2.43,7.29
PO-100767,CUST-B,VEND-01,2026-05-06,Received,ITM-0228,1,4.69,4.69
PO-100767,CUST-B,VEND-01,2026-05-06,Received,ITM-0404,24,3.10,74.40
PO-100767,CUST-B,VEND-01,2026-05-06,Received,ITM-0414,10,1.91,19.10
PO-100767,CUST-B,VEND-01,2026-05-06,Received,ITM-0426,2,25.64,51.28
PO-100767,CUST-B,VEND-01,2026-05-06,Received,ITM-0627,2,8.21,16.42
PO-100768,CUST-E,VEND-07,2026-04-08,Received,ITM-1020,1,9.22,9.22
PO-100769,CUST-D,VEND-09,2024-12-05,Closed,ITM-0805,10,32.49,324.90
PO-100770,CUST-A,VEND-05,2026-03-09,Closed,ITM-0414,2,1.84,3.68
PO-100771,CUST-A,VEND-09,2024-09-27,Received,ITM-0929,10,1.12,11.20
PO-100772,CUST-B,VEND-12,2024-12-16,Closed,ITM-0426,2,24.63,49.26
PO-100773,CUST-D,VEND-10,2025-04-17,Received,ITM-0425,12,25.13,301.56
PO-100773,CUST-D,VEND-10,2025-04-17,Received,ITM-0517,4,38.44,153.76
PO-100773,CUST-D,VEND-10,2025-04-17,Received,ITM-0908,4,0.94,3.76
PO-100773,CUST-D,VEND-10,2025-04-17,Received,ITM-0922,2,6.02,12.04
PO-100774,CUST-D,VEND-01,2025-02-20,Cancelled,ITM-0611,4,3.40,13.60
PO-100774,CUST-D,VEND-01,2025-02-20,Cancelled,ITM-0939,24,14.09,338.16
PO-100775,CUST-B,VEND-09,2026-04-06,Received,ITM-0201,2,4.53,9.06
PO-100775,CUST-B,VEND-09,2026-04-06,Received,ITM-0416,20,3.00,60.00
PO-100775,CUST-B,VEND-09,2026-04-06,Received,ITM-0914,4,1.64,6.56
PO-100776,CUST-A,VEND-10,2026-05-31,Received,ITM-0904,5,0.33,1.65
PO-100777,CUST-G,VEND-12,2025-05-17,Received,ITM-0230,4,3.07,12.28
PO-100777,CUST-G,VEND-12,2025-05-17,Received,ITM-0618,4,3.99,15.96
PO-100778,CUST-D,VEND-07,2024-10-11,Received,ITM-0246,6,2.09,12.54
PO-100778,CUST-D,VEND-07,2024-10-11,Received,ITM-0306,12,0.97,11.64
PO-100779,CUST-B,VEND-12,2025-05-18,Received,ITM-0220,1,2.72,2.72
PO-100779,CUST-B,VEND-12,2025-05-18,Received,ITM-0426,4,26.59,106.36
PO-100779,CUST-B,VEND-12,2025-05-18,Received,ITM-0612,4,4.36,17.44
PO-100780,CUST-F,VEND-07,2024-12-11,Received,ITM-0246,1,2.04,2.04
PO-100780,CUST-F,VEND-07,2024-12-11,Received,ITM-1020,10,8.27,82.70
PO-100781,CUST-A,VEND-10,2026-04-23,Received,ITM-0431,4,0.80,3.20
PO-100781,CUST-A,VEND-10,2026-04-23,Received,ITM-0610,12,2.25,27.00
PO-100781,CUST-A,VEND-10,2026-04-23,Received,ITM-0808,5,1.84,9.20
PO-100781,CUST-A,VEND-10,2026-04-23,Received,ITM-0929,10,1.21,12.10
PO-100782,CUST-B,VEND-08,2025-08-01,Received,ITM-0442,24,19.32,463.68
PO-100782,CUST-B,VEND-08,2025-08-01,Received,ITM-1018,4,5.30,21.20
PO-100783,CUST-F,VEND-04,2025-08-16,Received,ITM-0237,12,3.28,39.36
PO-100783,CUST-F,VEND-04,2025-08-16,Received,ITM-0306,24,0.97,23.28
PO-100783,CUST-F,VEND-04,2025-08-16,Received,ITM-0611,12,3.79,45.48
PO-100783,CUST-F,VEND-04,2025-08-16,Received,ITM-0715,50,70.57,3528.50
PO-100783,CUST-F,VEND-04,2025-08-16,Received,ITM-1015,12,4.63,55.56
PO-100784,CUST-A,VEND-07,2025-12-03,Received,ITM-0229,2,1.59,3.18
PO-100784,CUST-A,VEND-07,2025-12-03,Received,ITM-0306,1,0.97,0.97
PO-100784,CUST-A,VEND-07,2025-12-03,Received,ITM-0612,6,3.86,23.16
PO-100785,CUST-A,VEND-01,2026-04-14,Closed,ITM-0426,10,25.88,258.80
PO-100786,CUST-E,VEND-01,2025-10-15,Received,ITM-0303,3,2.49,7.47
PO-100786,CUST-E,VEND-01,2025-10-15,Received,ITM-0434,2,1.56,3.12
PO-100786,CUST-E,VEND-01,2025-10-15,Received,ITM-0611,1,3.52,3.52
PO-100786,CUST-E,VEND-01,2025-10-15,Received,ITM-0927,10,0.55,5.50
PO-100786,CUST-E,VEND-01,2025-10-15,Received,ITM-1001,10,1.13,11.30
PO-100787,CUST-G,VEND-12,2026-01-23,Received,ITM-0328,12,3.34,40.08
PO-100788,CUST-A,VEND-09,2024-03-02,Received,ITM-0228,2,4.18,8.36
PO-100788,CUST-A,VEND-09,2024-03-02,Received,ITM-0433,4,1.18,4.72
PO-100788,CUST-A,VEND-09,2024-03-02,Received,ITM-0434,1,1.45,1.45
PO-100789,CUST-A,VEND-04,2025-05-22,Received,ITM-0306,4,0.98,3.92
PO-100789,CUST-A,VEND-04,2025-05-22,Received,ITM-0907,12,0.73,8.76
PO-100790,CUST-A,VEND-01,2026-04-06,Closed,ITM-0426,2,23.59,47.18
PO-100790,CUST-A,VEND-01,2026-04-06,Closed,ITM-0433,50,1.11,55.50
PO-100791,CUST-D,VEND-10,2025-01-29,Closed,ITM-0425,4,25.18,100.72
PO-100791,CUST-D,VEND-10,2025-01-29,Closed,ITM-0434,4,1.52,6.08
PO-100791,CUST-D,VEND-10,2025-01-29,Closed,ITM-0922,4,5.90,23.60
PO-100791,CUST-D,VEND-10,2025-01-29,Closed,ITM-0929,3,1.16,3.48
PO-100792,CUST-D,VEND-11,2025-10-08,Received,ITM-0326,2,2.80,5.60
PO-100792,CUST-D,VEND-11,2025-10-08,Received,ITM-0737,2,77.55,155.10
PO-100792,CUST-D,VEND-11,2025-10-08,Received,ITM-1010,6,9.53,57.18
PO-100792,CUST-D,VEND-11,2025-10-08,Received,ITM-1015,10,4.43,44.30
PO-100793,CUST-A,VEND-06,2024-03-29,Received,ITM-1015,12,4.02,48.24
PO-100794,CUST-A,VEND-01,2026-05-03,Received,ITM-0327,2,2.17,4.34
PO-100794,CUST-A,VEND-01,2026-05-03,Received,ITM-0426,4,25.90,103.60
PO-100795,CUST-D,VEND-06,2025-06-02,Received,ITM-0922,1,5.70,5.70
PO-100796,CUST-A,VEND-07,2026-07-17,Open,ITM-0306,2,1.01,2.02
PO-100796,CUST-A,VEND-07,2026-07-17,Open,ITM-0612,2,4.45,8.90
PO-100796,CUST-A,VEND-07,2026-07-17,Open,ITM-0928,1,0.83,0.83
PO-100797,CUST-B,VEND-09,2025-11-09,Closed,ITM-0902,6,4.44,26.64
PO-100798,CUST-D,VEND-07,2024-01-13,Cancelled,ITM-0310,5,4.57,22.85
PO-100798,CUST-D,VEND-07,2024-01-13,Cancelled,ITM-0517,1,,
PO-100798,CUST-D,VEND-07,2024-01-13,Cancelled,ITM-0927,4,0.51,2.04
PO-100799,CUST-F,VEND-03,2026-08-20,Open,ITM-0306,6,1.08,6.48
PO-100799,CUST-F,VEND-03,2026-08-20,Open,ITM-0311,6,7.45,44.70
PO-100799,CUST-F,VEND-03,2026-08-20,Open,ITM-0621,6,4.68,28.08
PO-100799,CUST-F,VEND-03,2026-08-20,Open,ITM-0809,24,2.70,64.80
PO-100799,CUST-F,VEND-03,2026-08-20,Open,ITM-1010,3,10.75,32.25
PO-100799,CUST-F,VEND-03,2026-08-20,Open,ITM-1010,3,10.75,32.25
PO-100799,CUST-F,VEND-03,2026-08-20,Open,ITM-1020,4,9.26,37.04
PO-100800,CUST-D,VEND-06,2025-01-04,Closed,ITM-0235,10,1.55,15.50
PO-100801,CUST-D,VEND-03,2024-02-26,Received,ITM-0104,1,65.81,65.81
PO-100801,CUST-D,VEND-03,2024-02-26,Received,ITM-0243,50,0.58,29.00
PO-100801,CUST-D,VEND-03,2024-02-26,Received,ITM-0311,6,6.92,41.52
PO-100801,CUST-D,VEND-03,2024-02-26,Received,ITM-0621,50,3.81,190.50
PO-100801,CUST-D,VEND-03,2024-02-26,Received,ITM-0939,2,15.14,30.28
PO-100802,CUST-D,VEND-05,2026-07-06,Open,ITM-0328,6,3.35,20.10
PO-100802,CUST-D,VEND-05,2026-07-06,Open,ITM-0612,2,3.92,7.84
PO-100802,CUST-D,VEND-05,2026-07-06,Open,ITM-1017,2,3.16,6.32
PO-100803,CUST-A,VEND-05,2026-05-06,Received,ITM-0426,6,24.07,144.42
PO-100803,CUST-A,VEND-05,2026-05-06,Received,ITM-0433,4,1.09,4.36
PO-100803,CUST-A,VEND-05,2026-05-06,Received,ITM-0527,2,8.67,17.34
PO-100803,CUST-A,VEND-05,2026-05-06,Received,ITM-0612,5,3.79,18.95
PO-100803,CUST-A,VEND-05,2026-05-06,Received,ITM-0629,1,3.07,3.07
PO-100803,CUST-A,VEND-05,2026-05-06,Received,ITM-0808,10,1.73,17.30
PO-100804,CUST-A,VEND-06,2024-12-31,Cancelled,ITM-0201,12,3.98,47.76
PO-100804,CUST-A,VEND-06,2024-12-31,Cancelled,ITM-0915,2,2.45,4.90
PO-100805,CUST-E,VEND-10,2025-09-01,Received,ITM-0808,1,1.74,1.74
PO-100805,CUST-E,VEND-10,2025-09-01,Received,ITM-0902,2,48.00,96.00
PO-100805,CUST-E,VEND-10,2025-09-01,Received,ITM-0904,10,0.33,3.30
PO-100805,CUST-E,VEND-10,2025-09-01,Received,ITM-0908,4,0.94,3.76
PO-100805,CUST-E,VEND-10,2025-09-01,Received,ITM-0929,3,1.18,3.54
PO-100805,CUST-E,VEND-10,2025-09-01,Received,ITM-1014,2,2.63,5.26
PO-100806,CUST-C,VEND-01,2024-08-23,Closed,ITM-0303,2,2.60,5.20
PO-100806,CUST-C,VEND-01,2024-08-23,Closed,ITM-0414,10,1.81,18.10
PO-100808,CUST-B,VEND-01,2025-05-03,Closed,ITM-0412,6,1.10,6.60
PO-100809,CUST-A,VEND-08,2024-11-25,Cancelled,ITM-0201,12,4.07,48.84
PO-100809,CUST-A,VEND-08,2024-11-25,Cancelled,ITM-0208,10,4.84,48.40
PO-100809,CUST-A,VEND-08,2024-11-25,Cancelled,ITM-0621,2,3.90,7.80
PO-100809,CUST-A,VEND-08,2024-11-25,Cancelled,ITM-0929,6,1.12,6.72
PO-100810,CUST-H,VEND-10,2024-02-27,Closed,ITM-0511,4,25.15,100.60
PO-100810,CUST-H,VEND-10,2024-02-27,Closed,ITM-0605,5,15.75,78.75
PO-100810,CUST-H,VEND-10,2024-02-27,Closed,ITM-1014,2,2.66,5.32
PO-100811,CUST-F,VEND-11,2026-05-12,Closed,ITM-0434,4,1.61,6.44
PO-100811,CUST-F,VEND-11,2026-05-12,Closed,ITM-1015,24,4.33,103.92
PO-100812,CUST-A,VEND-03,2026-06-22,Open,ITM-0621,5,4.41,22.05
PO-100812,CUST-A,VEND-03,2026-06-22,Open,ITM-0939,2,15.45,30.90
PO-100812,CUST-A,VEND-03,2026-06-22,Open,ITM-1001,6,1.11,6.66
PO-100813,CUST-D,VEND-12,2024-06-30,Received,ITM-0220,50,2.36,118.00
PO-100813,CUST-D,VEND-12,2024-06-30,Received,ITM-0618,10,4.06,40.60
PO-100814,CUST-D,VEND-07,2024-01-05,Received,ITM-0404,6,3.06,18.36
PO-100814,CUST-D,VEND-07,2024-01-05,Received,ITM-0408,10,5.04,50.40
PO-100814,CUST-D,VEND-07,2024-01-05,Received,ITM-0612,2,3.88,7.76
PO-100814,CUST-D,VEND-07,2024-01-05,Received,ITM-0628,10,0.14,1.40
PO-100814,CUST-D,VEND-07,2024-01-05,Received,ITM-0921,2,3.63,7.26
PO-100815,CUST-H,VEND-03,2025-11-28,Received,ITM-0306,4,1.00,4.00
PO-100815,CUST-H,VEND-03,2025-11-28,Received,ITM-0421,20,18.17,363.40
PO-100815,CUST-H,VEND-03,2025-11-28,Received,ITM-0621,4,4.40,17.60
PO-100815,CUST-H,VEND-03,2025-11-28,Received,ITM-1001,4,1.19,4.76
PO-100816,CUST-B,VEND-11,2024-01-22,Received,ITM-0808,1,1.78,1.78
PO-100816,CUST-B,VEND-11,2024-01-22,Received,ITM-0809,24,2.39,57.36
PO-100816,CUST-B,VEND-11,2024-01-22,Received,ITM-0902,4,3.96,15.84
PO-100816,CUST-B,VEND-11,2024-01-22,Received,ITM-0911,24,1.18,28.32
PO-100817,CUST-A,VEND-04,2025-07-03,Received,ITM-0224,10,1.34,13.40
PO-100817,CUST-A,VEND-04,2025-07-03,Received,ITM-0237,3,3.04,9.12
PO-100817,CUST-A,VEND-04,2025-07-03,Received,ITM-0511,2,24.52,49.04
PO-100819,CUST-E,VEND-12,2025-08-29,Received,ITM-0220,4,2.83,11.32
PO-100819,CUST-E,VEND-12,2025-08-29,Received,ITM-0403,1,2.62,2.62
PO-100819,CUST-E,VEND-12,2025-08-29,Received,ITM-0612,24,4.04,96.96
PO-100819,CUST-E,VEND-12,2025-08-29,Received,ITM-1015,24,4.32,103.68
PO-100820,CUST-B,VEND-05,2025-06-08,Closed,ITM-0904,24,0.31,7.44
PO-100821,CUST-A,VEND-08,2025-08-30,Closed,ITM-0435,10,1.44,14.40
PO-100822,CUST-C,VEND-06,2025-07-09,Received,ITM-0231,24,4.89,117.36
PO-100822,CUST-C,VEND-06,2025-07-09,Received,ITM-0408,12,5.08,60.96
PO-100823,CUST-A,VEND-03,2025-10-12,Received,ITM-0224,12,1.51,18.12
PO-100823,CUST-A,VEND-03,2025-10-12,Received,ITM-0224,12,1.51,18.12
PO-100823,CUST-A,VEND-03,2025-10-12,Received,ITM-0306,5,1.00,5.00
PO-100823,CUST-A,VEND-03,2025-10-12,Received,ITM-0306,5,1.00,5.00
PO-100823,CUST-A,VEND-03,2025-10-12,Received,ITM-0430,6,0.48,2.88
PO-100823,CUST-A,VEND-03,2025-10-12,Received,ITM-0430,6,0.48,2.88
PO-100823,CUST-A,VEND-03,2025-10-12,Received,ITM-0907,10,0.71,7.10
PO-100823,CUST-A,VEND-03,2025-10-12,Received,ITM-1014,6,2.69,16.14
PO-100824,CUST-A,VEND-07,2024-04-25,Closed,ITM-0229,12,1.45,17.40
PO-100824,CUST-A,VEND-07,2024-04-25,Closed,ITM-0303,5,2.37,11.85
PO-100824,CUST-A,VEND-07,2024-04-25,Closed,ITM-0306,2,0.93,1.86
PO-100825,CUST-B,VEND-04,2024-09-21,Received,ITM-0446,4,20.77,83.08
PO-100826,CUST-D,VEND-07,2026-01-09,Closed,ITM-0612,2,4.33,8.66
PO-100826,CUST-D,VEND-07,2026-01-09,Closed,ITM-0909,1,1.00,1.00
PO-100827,CUST-E,VEND-01,2025-06-06,Received,ITM-0310,1,4.63,4.63
PO-100828,CUST-B,VEND-01,2024-03-13,Received,ITM-0309,2,1.99,3.98
PO-100828,CUST-B,VEND-01,2024-03-13,Received,ITM-0433,2,1.22,2.44
PO-100828,CUST-B,VEND-01,2024-03-13,Received,ITM-1003,12,1.15,13.80
PO-100828,CUST-B,VEND-01,2024-03-13,Received,ITM-1003,12,1.15,13.80
PO-100828,CUST-B,VEND-01,2024-03-13,Received,ITM-1006,4,1.26,5.04
PO-100830,CUST-B,VEND-10,2025-12-26,Closed,ITM-0412,4,1.13,4.52
PO-100830,CUST-B,VEND-10,2025-12-26,Closed,ITM-0425,10,26.03,260.30
PO-100830,CUST-B,VEND-10,2025-12-26,Closed,ITM-0434,24,1.50,36.00
PO-100830,CUST-B,VEND-10,2025-12-26,Closed,ITM-0605,4,17.11,68.44
PO-100830,CUST-B,VEND-10,2025-12-26,Closed,ITM-0610,12,2.38,28.56
PO-100831,CUST-D,VEND-07,2025-02-07,Received,ITM-0220,24,2.59,62.16
PO-100831,CUST-D,VEND-07,2025-02-07,Received,ITM-0250,1,58.78,58.78
PO-100832,CUST-B,VEND-07,2024-09-03,Received,ITM-0220,4,2.82,11.28
PO-100832,CUST-B,VEND-07,2024-09-03,Received,ITM-0250,24,60.73,1457.52
PO-100832,CUST-B,VEND-07,2024-09-03,Received,ITM-0306,2,0.96,1.92
PO-100832,CUST-B,VEND-07,2024-09-03,Received,ITM-0306,2,0.96,1.92
PO-100832,CUST-B,VEND-07,2024-09-03,Received,ITM-0612,4,4.22,16.88
PO-100833,CUST-F,VEND-05,2026-03-26,Received,ITM-0403,5,2.68,13.40
PO-100833,CUST-F,VEND-05,2026-03-26,Received,ITM-0426,2,25.89,51.78
PO-100833,CUST-F,VEND-05,2026-03-26,Received,ITM-0431,2,0.82,1.64
PO-100834,CUST-E,VEND-08,2025-10-05,Received,ITM-0306,2,0.97,1.94
PO-100834,CUST-E,VEND-08,2025-10-05,Received,ITM-0309,10,2.13,21.30
PO-100834,CUST-E,VEND-08,2025-10-05,Received,ITM-0310,10,4.72,47.20
PO-100834,CUST-E,VEND-08,2025-10-05,Received,ITM-0611,6,3.52,21.12
PO-100834,CUST-E,VEND-08,2025-10-05,Received,ITM-0929,2,1.24,2.48
PO-100834,CUST-E,VEND-08,2025-10-05,Received,ITM-1008,1,1.40,1.40
PO-100835,CUST-A,VEND-05,2024-04-13,Closed,ITM-0433,4,1.08,4.32
PO-100835,CUST-A,VEND-05,2024-04-13,Closed,ITM-0527,4,8.36,33.44
PO-100836,CUST-H,VEND-02,2024-01-15,Closed,ITM-0237,2,3.16,6.32
PO-100836,CUST-H,VEND-02,2024-01-15,Closed,ITM-0408,4,5.08,20.32
PO-100836,CUST-H,VEND-02,2024-01-15,Closed,ITM-0938,2,12.94,25.88
PO-100837,CUST-A,VEND-09,2026-08-23,Open,ITM-0201,10,4.34,43.40
PO-100837,CUST-A,VEND-09,2026-08-23,Open,ITM-0433,4,1.31,5.24
PO-100838,CUST-B,VEND-11,2026-05-31,Received,ITM-0433,2,1.23,2.46
PO-100838,CUST-B,VEND-11,2026-05-31,Received,ITM-0737,10,85.42,854.20
PO-100838,CUST-B,VEND-11,2026-05-31,Received,ITM-0808,24,1.99,47.76
PO-100838,CUST-B,VEND-11,2026-05-31,Received,ITM-1015,1,4.88,4.88
PO-100839,CUST-A,VEND-04,2025-06-07,Received,ITM-0237,1,2.95,2.95
PO-100840,CUST-A,VEND-07,2025-06-10,Received,ITM-0250,6,55.24,331.44
PO-100840,CUST-A,VEND-07,2025-06-10,Received,ITM-0604,1,11.87,11.87
PO-100840,CUST-A,VEND-07,2025-06-10,Received,ITM-0612,4,4.05,16.20
PO-100842,CUST-G,VEND-07,2025-05-10,Cancelled,ITM-0220,4,2.77,11.08
PO-100842,CUST-G,VEND-07,2025-05-10,Cancelled,ITM-0306,6,1.03,6.18
PO-100842,CUST-G,VEND-07,2025-05-10,Cancelled,ITM-0605,2,15.15,30.30
PO-100842,CUST-G,VEND-07,2025-05-10,Cancelled,ITM-0612,3,4.15,12.45
PO-100842,CUST-G,VEND-07,2025-05-10,Cancelled,ITM-0623,5,2.46,12.30
PO-100843,CUST-A,VEND-10,2024-04-15,Received,ITM-0610,1,2.21,2.21
PO-100843,CUST-A,VEND-10,2024-04-15,Received,ITM-0737,24,67.88,1629.12
PO-100843,CUST-A,VEND-10,2024-04-15,Received,ITM-0902,1,3.99,3.99
PO-100844,CUST-A,VEND-06,2024-04-28,Received,ITM-0311,3,6.11,18.33
PO-100844,CUST-A,VEND-06,2024-04-28,Received,ITM-0917,1,3.29,3.29
PO-100845,CUST-D,VEND-10,2024-07-25,Closed,ITM-0235,2,1.65,3.30
PO-100845,CUST-D,VEND-10,2024-07-25,Closed,ITM-0412,1,1.05,1.05
PO-100846,CUST-G,VEND-02,2025-07-28,Received,ITM-0621,12,4.28,51.36
PO-100847,CUST-A,VEND-07,2025-12-25,Received,ITM-0303,4,2.50,10.00
PO-100847,CUST-A,VEND-07,2025-12-25,Received,ITM-0517,10,41.89,418.90
PO-100847,CUST-A,VEND-07,2025-12-25,Received,ITM-0612,1,4.01,4.01
PO-100847,CUST-A,VEND-07,2025-12-25,Received,ITM-0715,2,67.59,135.18
PO-100847,CUST-A,VEND-07,2025-12-25,Received,ITM-0909,6,0.88,5.28
PO-100848,CUST-A,VEND-12,2026-02-06,Closed,ITM-0623,6,2.34,14.04
PO-100848,CUST-A,VEND-12,2026-02-06,Closed,ITM-1011,3,3.93,11.79
PO-100849,CUST-E,VEND-08,2026-06-15,Open,ITM-0306,6,1.00,6.00
PO-100849,CUST-E,VEND-08,2026-06-15,Open,ITM-0310,2,4.81,9.62
PO-100849,CUST-E,VEND-08,2026-06-15,Open,ITM-0517,10,45.35,453.50
PO-100849,CUST-E,VEND-08,2026-06-15,Open,ITM-0611,6,3.55,21.30
PO-100849,CUST-E,VEND-08,2026-06-15,Open,ITM-0903,1,0.24,0.24
PO-100849,CUST-E,VEND-08,2026-06-15,Open,ITM-1008,2,1.44,2.88
PO-100850,CUST-B,VEND-03,2025-04-04,Received,ITM-0618,1,4.32,4.32
PO-100850,CUST-B,VEND-03,2025-04-04,Received,ITM-0808,12,1.94,23.28
PO-100851,CUST-B,VEND-09,2026-03-14,Closed,ITM-0228,1,4.76,4.76
PO-100851,CUST-B,VEND-09,2026-03-14,Closed,ITM-0243,6,0.75,4.50
PO-100851,CUST-B,VEND-09,2026-03-14,Closed,ITM-0433,4,1.34,5.36
PO-100851,CUST-B,VEND-09,2026-03-14,Closed,ITM-0527,20,9.91,198.20
PO-100851,CUST-B,VEND-09,2026-03-14,Closed,ITM-0902,2,4.38,8.76
PO-100852,CUST-E,VEND-05,2024-04-17,Closed,ITM-0612,1,3.60,3.60
PO-100853,CUST-E,VEND-07,2025-05-25,Received,ITM-0246,4,2.16,8.64
PO-100853,CUST-E,VEND-07,2025-05-25,Received,ITM-0310,2,4.43,8.86
PO-100853,CUST-E,VEND-07,2025-05-25,Received,ITM-0604,6,12.71,76.26
PO-100853,CUST-E,VEND-07,2025-05-25,Received,ITM-0612,4,4.27,17.08
PO-100853,CUST-E,VEND-07,2025-05-25,Received,ITM-0612,4,4.27,17.08
PO-100854,CUST-D,VEND-03,2025-08-06,Received,ITM-0733,24,22.60,542.40
PO-100855,CUST-H,VEND-09,2025-09-23,Closed,ITM-0433,1,1.30,1.30
PO-100855,CUST-H,VEND-09,2025-09-23,Closed,ITM-0434,5,1.69,8.45
PO-100857,CUST-A,VEND-09,2025-11-19,Received,ITM-0201,2,4.26,8.52
PO-100857,CUST-A,VEND-09,2025-11-19,Received,ITM-0240,4,44.09,176.36
PO-100857,CUST-A,VEND-09,2025-11-19,Received,ITM-0433,2,1.28,2.56
PO-100857,CUST-A,VEND-09,2025-11-19,Received,ITM-0434,12,1.53,18.36
PO-100858,CUST-H,VEND-12,2024-03-30,Closed,ITM-0612,5,3.90,19.50
PO-100858,CUST-H,VEND-12,2024-03-30,Closed,ITM-0809,2,2.45,4.90
PO-100859,CUST-A,VEND-08,2024-04-28,Received,ITM-0201,4,4.05,16.20
PO-100859,CUST-A,VEND-08,2024-04-28,Received,ITM-0208,2,4.50,9.00
PO-100860,CUST-D,VEND-02,2026-02-06,Received,ITM-0229,4,1.60,6.40
PO-100860,CUST-D,VEND-02,2026-02-06,Received,ITM-0629,4,3.24,12.96
PO-100861,CUST-F,VEND-08,2024-11-02,Received,ITM-0310,24,4.31,103.44
PO-100861,CUST-F,VEND-08,2024-11-02,Received,ITM-0611,6,3.27,19.62
PO-100861,CUST-F,VEND-08,2024-11-02,Received,ITM-0611,6,3.27,19.62
PO-100861,CUST-F,VEND-08,2024-11-02,Received,ITM-0929,10,1.24,12.40
PO-100862,CUST-A,VEND-02,2026-06-20,Received,ITM-0237,2,3.32,6.64
PO-100862,CUST-A,VEND-02,2026-06-20,Received,ITM-0432,3,0.89,2.67
PO-100863,CUST-B,VEND-02,2025-12-06,Received,ITM-0237,2,3.52,7.04
PO-100863,CUST-B,VEND-02,2025-12-06,Received,ITM-1021,12,4.42,53.04
PO-100864,CUST-B,VEND-02,2024-08-28,Received,ITM-0220,10,2.79,27.90
PO-100864,CUST-B,VEND-02,2024-08-28,Received,ITM-0228,10,4.38,43.80
PO-100864,CUST-B,VEND-02,2024-08-28,Received,ITM-0408,2,5.45,10.90
PO-100865,CUST-D,VEND-08,2025-07-30,Closed,ITM-0914,6,1.58,9.48
PO-100866,CUST-A,VEND-04,2025-03-27,Cancelled,ITM-0237,50,2.73,136.50
PO-100867,CUST-A,VEND-01,2024-08-16,Received,ITM-0414,1,1.69,1.69
PO-100867,CUST-A,VEND-01,2024-08-16,Received,ITM-0426,6,22.94,137.64
PO-100867,CUST-A,VEND-01,2024-08-16,Received,ITM-0611,4,3.08,12.32
PO-100869,CUST-A,VEND-09,2025-02-12,Received,ITM-0433,6,1.16,6.96
PO-100869,CUST-A,VEND-09,2025-02-12,Received,ITM-0434,12,1.48,17.76
PO-100870,CUST-A,VEND-05,2024-02-18,Received,ITM-0403,1,2.27,2.27
PO-100870,CUST-A,VEND-05,2024-02-18,Received,ITM-0414,12,1.68,20.16
PO-100870,CUST-A,VEND-05,2024-02-18,Received,ITM-0414,12,1.68,20.16
PO-100870,CUST-A,VEND-05,2024-02-18,Received,ITM-0815,12,7.60,91.20
PO-100870,CUST-A,VEND-05,2024-02-18,Received,ITM-1011,1,3.49,3.49
PO-100871,CUST-H,VEND-02,2024-04-03,Received,ITM-0408,5,5.39,26.95
PO-100872,CUST-B,VEND-03,2026-02-18,Received,ITM-0104,1,66.80,66.80
PO-100872,CUST-B,VEND-03,2026-02-18,Received,ITM-0306,6,1.08,6.48
PO-100872,CUST-B,VEND-03,2026-02-18,Received,ITM-0621,6,4.32,25.92
PO-100872,CUST-B,VEND-03,2026-02-18,Received,ITM-0808,6,1.98,11.88
PO-100872,CUST-B,VEND-03,2026-02-18,Received,ITM-0928,6,0.83,4.98
PO-100872,CUST-B,VEND-03,2026-02-18,Received,ITM-1014,10,2.72,27.20
PO-100873,CUST-B,VEND-09,2025-12-11,Closed,ITM-0228,1,4.64,4.64
PO-100873,CUST-B,VEND-09,2025-12-11,Closed,ITM-0440,10,28.56,285.60
PO-100874,CUST-A,VEND-03,2025-01-20,Received,ITM-0306,2,0.95,1.90
PO-100874,CUST-A,VEND-03,2025-01-20,Received,ITM-0311,6,6.79,40.74
PO-100874,CUST-A,VEND-03,2025-01-20,Received,ITM-0402,24,1.62,38.88
PO-100874,CUST-A,VEND-03,2025-01-20,Received,ITM-1001,1,1.05,1.05
PO-100874,CUST-A,VEND-03,2025-01-20,Received,ITM-1014,5,2.44,12.20
PO-100875,CUST-A,VEND-08,2024-08-10,Closed,ITM-0201,6,4.27,25.62
PO-100875,CUST-A,VEND-08,2024-08-10,Closed,ITM-0306,2,0.97,1.94
PO-100875,CUST-A,VEND-08,2024-08-10,Closed,ITM-0632,10,3.90,39.00
PO-100876,CUST-B,VEND-07,2024-01-04,Received,ITM-0220,10,2.58,25.80
PO-100876,CUST-B,VEND-07,2024-01-04,Received,ITM-0251,4,2.38,9.52
PO-100876,CUST-B,VEND-07,2024-01-04,Received,ITM-0306,10,0.96,9.60
PO-100876,CUST-B,VEND-07,2024-01-04,Received,ITM-0604,6,12.27,73.62
PO-100877,CUST-C,VEND-02,2025-10-02,Received,ITM-0220,4,2.77,11.08
PO-100877,CUST-C,VEND-02,2025-10-02,Received,ITM-0237,50,3.18,159.00
PO-100879,CUST-C,VEND-11,2024-02-10,Received,ITM-1015,24,4.18,100.32
PO-100879,CUST-C,VEND-11,2024-02-10,Received,ITM-1020,3,8.37,25.11
PO-100880,CUST-F,VEND-09,2026-07-15,Open,ITM-0421,10,20.43,204.30
PO-100880,CUST-F,VEND-09,2026-07-15,Open,ITM-0433,6,1.38,8.28
PO-100881,CUST-A,VEND-06,2025-04-07,Received,ITM-0311,6,6.78,40.68
PO-100881,CUST-A,VEND-06,2025-04-07,Received,ITM-0408,6,4.79,28.74
PO-100881,CUST-A,VEND-06,2025-04-07,Received,ITM-0604,24,11.75,282.00
PO-100881,CUST-A,VEND-06,2025-04-07,Received,ITM-0629,6,3.15,18.90
PO-100881,CUST-A,VEND-06,2025-04-07,Received,ITM-1015,2,4.25,8.50
PO-100881,CUST-A,VEND-06,2025-04-07,Received,ITM-1015,2,4.25,8.50
PO-100882,CUST-D,VEND-12,2026-02-01,Received,ITM-0220,20,2.84,56.80
PO-100882,CUST-D,VEND-12,2026-02-01,Received,ITM-0612,2,4.21,8.42
PO-100882,CUST-D,VEND-12,2026-02-01,Received,ITM-1015,12,4.91,58.92
PO-100883,CUST-B,VEND-09,2024-12-28,Closed,ITM-0416,1,3.05,3.05
PO-100883,CUST-B,VEND-09,2024-12-28,Closed,ITM-0433,50,1.18,59.00
PO-100884,CUST-A,VEND-10,2024-02-19,Closed,ITM-0431,6,0.73,4.38
PO-100884,CUST-A,VEND-10,2024-02-19,Closed,ITM-0610,1,2.13,2.13
PO-100884,CUST-A,VEND-10,2024-02-19,Closed,ITM-0808,1,1.57,1.57
PO-100884,CUST-A,VEND-10,2024-02-19,Closed,ITM-0902,2,39.00,78.00
PO-100885,CUST-C,VEND-04,2024-02-23,Closed,ITM-0632,1,4.24,4.24
PO-100886,CUST-B,VEND-01,2025-05-16,Received,ITM-0426,2,27.14,54.28
PO-100886,CUST-B,VEND-01,2025-05-16,Received,ITM-0511,6,25.83,154.98
PO-100887,CUST-D,VEND-12,2025-06-05,Closed,ITM-0403,6,2.58,15.48
PO-100887,CUST-D,VEND-12,2025-06-05,Closed,ITM-1015,5,4.60,23.00
PO-100888,CUST-A,VEND-01,2026-03-27,Closed,ITM-0309,6,1.89,11.34
PO-100889,CUST-F,VEND-12,2026-06-20,Open,ITM-0403,2,2.57,5.14
PO-100889,CUST-F,VEND-12,2026-06-20,Open,ITM-0612,6,4.53,27.18
PO-100890,CUST-F,VEND-11,2025-06-22,Closed,ITM-0250,2,59.60,119.20
PO-100890,CUST-F,VEND-11,2025-06-22,Closed,ITM-0433,2,1.24,2.48
PO-100890,CUST-F,VEND-11,2025-06-22,Closed,ITM-1015,10,4.61,46.10
PO-100891,CUST-A,VEND-11,2025-11-27,Closed,ITM-0432,6,0.97,5.82
PO-100891,CUST-A,VEND-11,2025-11-27,Closed,ITM-0627,1,7.19,7.19
PO-100891,CUST-A,VEND-11,2025-11-27,Closed,ITM-0921,12,3.96,47.52
PO-100891,CUST-A,VEND-11,2025-11-27,Closed,ITM-1015,4,4.24,16.96
PO-100892,CUST-A,VEND-04,2026-08-01,Open,ITM-0237,24,3.08,73.92
PO-100892,CUST-A,VEND-04,2026-08-01,Open,ITM-0306,6,0.98,5.88
PO-100892,CUST-A,VEND-04,2026-08-01,Open,ITM-0605,4,16.60,66.40
PO-100892,CUST-A,VEND-04,2026-08-01,Open,ITM-1003,3,1.15,3.45
PO-100892,CUST-A,VEND-04,2026-08-01,Open,ITM-1015,2,4.30,8.60
PO-100893,CUST-D,VEND-08,2026-04-22,Received,ITM-0621,4,4.19,16.76
PO-100894,CUST-B,VEND-12,2024-09-29,Received,ITM-0230,12,3.23,38.76
PO-100894,CUST-B,VEND-12,2024-09-29,Received,ITM-0612,10,4.17,41.70
PO-100895,CUST-G,VEND-08,2026-02-18,Received,ITM-0306,6,1.01,6.06
PO-100895,CUST-G,VEND-08,2026-02-18,Received,ITM-0627,6,7.57,45.42
PO-100895,CUST-G,VEND-08,2026-02-18,Received,ITM-0929,2,1.22,2.44
PO-100896,CUST-B,VEND-06,2025-05-20,Received,ITM-0104,1,65.40,65.40
PO-100896,CUST-B,VEND-06,2025-05-20,Received,ITM-0254,6,1.71,10.26
PO-100896,CUST-B,VEND-06,2025-05-20,Received,ITM-0942,2,0.34,0.68
PO-100897,CUST-A,VEND-02,2024-09-28,Received,ITM-0201,10,4.15,41.50
PO-100897,CUST-A,VEND-02,2024-09-28,Received,ITM-0220,2,2.69,5.38
PO-100897,CUST-A,VEND-02,2024-09-28,Received,ITM-0229,2,1.45,2.90
PO-100897,CUST-A,VEND-02,2024-09-28,Received,ITM-0237,5,3.01,15.05
PO-100897,CUST-A,VEND-02,2024-09-28,Received,ITM-0815,10,7.45,74.50
PO-100898,CUST-C,VEND-08,2024-03-13,Received,ITM-0430,6,0.46,2.76
PO-100898,CUST-C,VEND-08,2024-03-13,Received,ITM-0430,6,0.46,2.76
PO-100898,CUST-C,VEND-08,2024-03-13,Received,ITM-0632,12,4.13,49.56
PO-100898,CUST-C,VEND-08,2024-03-13,Received,ITM-0908,4,0.94,3.76
PO-100898,CUST-C,VEND-08,2024-03-13,Received,ITM-0928,1,0.83,0.83
PO-100899,CUST-D,VEND-03,2025-03-25,Received,ITM-0243,2,0.70,1.40
PO-100899,CUST-D,VEND-03,2025-03-25,Received,ITM-0421,2,16.98,33.96
PO-100900,CUST-A,VEND-07,2025-12-13,Cancelled,ITM-0623,2,2.44,4.88
PO-100900,CUST-A,VEND-07,2025-12-13,Cancelled,ITM-0623,2,2.44,4.88
PO-100901,CUST-F,VEND-05,2026-04-14,Received,ITM-0426,1,27.30,27.30
PO-100902,CUST-H,VEND-02,2026-05-27,Closed,ITM-0237,4,3.50,14.00
PO-100903,CUST-B,VEND-08,2026-04-17,Received,ITM-0243,2,0.78,1.56
PO-100903,CUST-B,VEND-08,2026-04-17,Received,ITM-0611,10,3.56,35.60
PO-100903,CUST-B,VEND-08,2026-04-17,Received,ITM-0611,10,3.56,35.60
PO-100903,CUST-B,VEND-08,2026-04-17,Received,ITM-0902,4,4.83,19.32
PO-100903,CUST-B,VEND-08,2026-04-17,Received,ITM-0914,2,1.81,3.62
PO-100903,CUST-B,VEND-08,2026-04-17,Received,ITM-0929,1,1.22,1.22
PO-100904,CUST-A,VEND-11,2026-07-11,Open,ITM-0416,1,2.95,2.95
PO-100904,CUST-A,VEND-11,2026-07-11,Open,ITM-0432,2,1.01,2.02
PO-100904,CUST-A,VEND-11,2026-07-11,Open,ITM-0434,2,1.53,3.06
PO-100904,CUST-A,VEND-11,2026-07-11,Open,ITM-0443,12,4.86,58.32
PO-100904,CUST-A,VEND-11,2026-07-11,Open,ITM-0913,4,1.50,6.00
PO-100904,CUST-A,VEND-11,2026-07-11,Open,ITM-1015,4,4.37,17.48
PO-100905,CUST-D,VEND-11,2024-02-28,Closed,ITM-0326,12,2.68,32.16
PO-100905,CUST-D,VEND-11,2024-02-28,Closed,ITM-0737,1,76.41,76.41
PO-100905,CUST-D,VEND-11,2024-02-28,Closed,ITM-0921,12,4.04,48.48
PO-100906,CUST-B,VEND-12,2025-07-16,Received,ITM-0220,12,2.87,34.44
PO-100906,CUST-B,VEND-12,2025-07-16,Received,ITM-0328,4,3.34,13.36
PO-100906,CUST-B,VEND-12,2025-07-16,Received,ITM-0612,1,4.31,4.31
PO-100907,CUST-D,VEND-06,2024-08-31,Received,ITM-0440,12,25.58,306.96
PO-100907,CUST-D,VEND-06,2024-08-31,Received,ITM-0628,12,0.15,1.80
PO-100907,CUST-D,VEND-06,2024-08-31,Received,ITM-0629,4,3.07,12.28
PO-100907,CUST-D,VEND-06,2024-08-31,Received,ITM-0917,4,3.56,14.24
PO-100907,CUST-D,VEND-06,2024-08-31,Received,ITM-1015,2,4.35,8.70
PO-100908,CUST-A,VEND-05,2024-06-14,Closed,ITM-0612,6,3.58,21.48
PO-100909,CUST-D,VEND-08,2025-01-10,Closed,ITM-0306,4,0.93,3.72
PO-100910,CUST-D,VEND-01,2026-05-30,Closed,ITM-0228,12,4.46,53.52
PO-100910,CUST-D,VEND-01,2026-05-30,Closed,ITM-0228,12,4.46,53.52
PO-100910,CUST-D,VEND-01,2026-05-30,Closed,ITM-0310,24,4.61,110.64
PO-100911,CUST-H,VEND-03,2025-11-08,Received,ITM-0243,2,0.71,1.42
PO-100911,CUST-H,VEND-03,2025-11-08,Received,ITM-0311,4,7.21,28.84
PO-100911,CUST-H,VEND-03,2025-11-08,Received,ITM-0920,1,3.11,3.11
PO-100912,CUST-C,VEND-11,2025-04-06,Received,ITM-0629,10,2.98,29.80
PO-100912,CUST-C,VEND-11,2025-04-06,Received,ITM-1020,6,8.80,52.80
PO-100913,CUST-D,VEND-11,2026-02-10,Received,ITM-0251,2,2.64,5.28
PO-100913,CUST-D,VEND-11,2026-02-10,Received,ITM-0629,4,3.13,12.52
PO-100913,CUST-D,VEND-11,2026-02-10,Received,ITM-1015,4,4.21,16.84
PO-100913,CUST-D,VEND-11,2026-02-10,Received,ITM-1020,2,9.00,18.00
PO-100914,CUST-B,VEND-04,2024-06-04,Closed,ITM-1015,2,4.10,8.20
PO-100915,CUST-D,VEND-08,2024-05-20,Received,ITM-0517,1,41.50,41.50
PO-100915,CUST-D,VEND-08,2024-05-20,Received,ITM-0621,1,4.09,4.09
PO-100915,CUST-D,VEND-08,2024-05-20,Received,ITM-0903,2,0.20,0.40
PO-100917,CUST-B,VEND-06,2026-02-01,Closed,ITM-0104,6,64.49,386.94
PO-100917,CUST-B,VEND-06,2026-02-01,Closed,ITM-0255,6,1.57,9.42
PO-100917,CUST-B,VEND-06,2026-02-01,Closed,ITM-0430,50,0.50,25.00
PO-100917,CUST-B,VEND-06,2026-02-01,Closed,ITM-0431,4,0.85,3.40
PO-100917,CUST-B,VEND-06,2026-02-01,Closed,ITM-1015,2,4.52,9.04
PO-100918,CUST-D,VEND-11,2025-07-16,Received,ITM-0433,6,1.15,6.90
PO-100918,CUST-D,VEND-11,2025-07-16,Received,ITM-0433,6,1.15,6.90
PO-100918,CUST-D,VEND-11,2025-07-16,Received,ITM-0434,12,1.56,18.72
PO-100918,CUST-D,VEND-11,2025-07-16,Received,ITM-0605,10,16.71,167.10
PO-100918,CUST-D,VEND-11,2025-07-16,Received,ITM-0715,6,75.87,455.22
PO-100918,CUST-D,VEND-11,2025-07-16,Received,ITM-1015,10,4.42,44.20
PO-100919,CUST-G,VEND-11,2025-09-06,Received,ITM-0104,5,73.90,369.50
PO-100919,CUST-G,VEND-11,2025-09-06,Received,ITM-0437,4,2.11,8.44
PO-100919,CUST-G,VEND-11,2025-09-06,Received,ITM-1015,6,4.51,27.06
PO-100919,CUST-G,VEND-11,2025-09-06,Received,ITM-1022,24,5.09,122.16
PO-100920,CUST-B,VEND-02,2024-06-07,Received,ITM-0220,2,2.59,5.18
PO-100920,CUST-B,VEND-02,2024-06-07,Received,ITM-0632,24,4.09,98.16
PO-100921,CUST-A,VEND-10,2024-02-09,Received,ITM-0511,6,24.89,149.34
PO-100921,CUST-A,VEND-10,2024-02-09,Received,ITM-0535,2,8.21,16.42
PO-100921,CUST-A,VEND-10,2024-02-09,Received,ITM-0929,6,1.11,6.66
PO-100921,CUST-A,VEND-10,2024-02-09,Received,ITM-1014,12,2.50,30.00
PO-100922,CUST-A,VEND-03,2024-09-22,Received,ITM-0306,24,0.83,19.92
PO-100924,CUST-C,VEND-10,2024-08-01,Closed,ITM-0235,4,1.66,6.64
PO-100924,CUST-C,VEND-10,2024-08-01,Closed,ITM-0902,1,4.25,4.25
PO-100924,CUST-C,VEND-10,2024-08-01,Closed,ITM-0908,1,0.90,0.90
PO-100925,CUST-D,VEND-10,2025-01-31,Received,ITM-0235,24,1.65,39.60
PO-100925,CUST-D,VEND-10,2025-01-31,Received,ITM-0517,1,40.87,40.87
PO-100925,CUST-D,VEND-10,2025-01-31,Received,ITM-0908,10,0.93,9.30
PO-100926,CUST-D,VEND-04,2025-11-24,Closed,ITM-0611,2,3.67,7.34
PO-100927,CUST-B,VEND-04,2025-01-24,Received,ITM-0228,2,4.62,9.24
PO-100927,CUST-B,VEND-04,2025-01-24,Received,ITM-0237,4,3.05,12.20
PO-100927,CUST-B,VEND-04,2025-01-24,Received,ITM-0737,10,79.81,798.10
PO-100927,CUST-B,VEND-04,2025-01-24,Received,ITM-1022,2,5.35,10.70
PO-100928,CUST-H,VEND-02,2025-08-06,Received,ITM-0237,4,3.42,13.68
PO-100929,CUST-A,VEND-11,2026-03-14,Closed,ITM-0629,12,3.07,36.84
PO-100931,CUST-A,VEND-02,2024-09-24,Closed,ITM-0237,24,2.98,71.52
PO-100931,CUST-A,VEND-02,2024-09-24,Closed,ITM-0621,4,3.91,15.64
PO-100932,CUST-A,VEND-11,2026-01-20,Received,ITM-0251,4,2.61,10.44
PO-100932,CUST-A,VEND-11,2026-01-20,Received,ITM-1010,10,9.29,92.90
PO-100933,CUST-A,VEND-11,2024-01-03,Received,ITM-1015,6,3.82,22.92
PO-100934,CUST-H,VEND-11,2026-03-17,Received,ITM-0434,6,1.60,9.60
PO-100935,CUST-B,VEND-07,2024-03-28,Received,ITM-0737,12,69.45,833.40
PO-100936,CUST-B,VEND-03,2026-02-25,Received,ITM-0243,3,0.70,2.10
PO-100936,CUST-B,VEND-03,2026-02-25,Received,ITM-0618,2,4.38,8.76
PO-100936,CUST-B,VEND-03,2026-02-25,Received,ITM-0628,5,0.17,0.85
PO-100937,CUST-F,VEND-02,2026-06-23,Received,ITM-0629,6,3.16,18.96
PO-100937,CUST-F,VEND-02,2026-06-23,Received,ITM-0632,4,4.46,17.84
PO-100937,CUST-F,VEND-02,2026-06-23,Received,ITM-0938,4,13.89,55.56
PO-100938,CUST-H,VEND-10,2024-07-23,Received,ITM-0434,5,1.51,7.55
PO-100938,CUST-H,VEND-10,2024-07-23,Received,ITM-0437,12,2.15,25.80
PO-100938,CUST-H,VEND-10,2024-07-23,Received,ITM-0721,10,34.36,343.60
PO-100938,CUST-H,VEND-10,2024-07-23,Received,ITM-0922,1,6.07,6.07
PO-100938,CUST-H,VEND-10,2024-07-23,Received,ITM-0929,24,1.15,27.60
PO-100938,CUST-H,VEND-10,2024-07-23,Received,ITM-1014,6,2.58,15.48
PO-100939,CUST-C,VEND-10,2024-04-28,Closed,ITM-0535,4,8.90,35.60
PO-100939,CUST-C,VEND-10,2024-04-28,Closed,ITM-0808,2,1.74,3.48
PO-100939,CUST-C,VEND-10,2024-04-28,Closed,ITM-0808,2,1.74,3.48
PO-100939,CUST-C,VEND-10,2024-04-28,Closed,ITM-0913,2,1.40,2.80
PO-100939,CUST-C,VEND-10,2024-04-28,Closed,ITM-0929,4,1.13,4.52
PO-100940,CUST-B,VEND-04,2025-08-09,Closed,ITM-0211,6,12.42,74.52
PO-100940,CUST-B,VEND-04,2025-08-09,Closed,ITM-0228,10,4.64,46.40
PO-100940,CUST-B,VEND-04,2025-08-09,Closed,ITM-0611,10,3.60,36.00
PO-100940,CUST-B,VEND-04,2025-08-09,Closed,ITM-0632,2,4.84,9.68
PO-100941,CUST-A,VEND-05,2026-03-03,Received,ITM-0246,1,2.15,2.15
PO-100941,CUST-A,VEND-05,2026-03-03,Received,ITM-0311,1,7.15,7.15
PO-100941,CUST-A,VEND-05,2026-03-03,Received,ITM-0412,20,1.00,20.00
PO-100941,CUST-A,VEND-05,2026-03-03,Received,ITM-0527,10,8.54,85.40
PO-100941,CUST-A,VEND-05,2026-03-03,Received,ITM-0627,12,7.21,86.52
PO-100941,CUST-A,VEND-05,2026-03-03,Received,ITM-0815,4,8.44,33.76
PO-100942,CUST-H,VEND-11,2024-01-14,Received,ITM-0434,2,1.48,2.96
PO-100943,CUST-A,VEND-08,2025-11-23,Received,ITM-0929,4,1.10,4.40
PO-100944,CUST-A,VEND-09,2024-08-15,Received,ITM-0250,4,61.20,244.80
PO-100944,CUST-A,VEND-09,2024-08-15,Received,ITM-0433,1,1.24,1.24
PO-100944,CUST-A,VEND-09,2024-08-15,Received,ITM-0929,6,1.14,6.84
PO-100945,CUST-F,VEND-11,2024-07-28,Closed,ITM-0433,3,1.19,3.57
PO-100945,CUST-F,VEND-11,2024-07-28,Closed,ITM-0902,1,39.90,39.90
PO-100945,CUST-F,VEND-11,2024-07-28,Closed,ITM-0913,1,1.46,1.46
PO-100945,CUST-F,VEND-11,2024-07-28,Closed,ITM-1022,12,5.25,63.00
PO-100945,CUST-F,VEND-11,2024-07-28,Closed,ITM-1022,12,5.25,63.00
PO-100946,CUST-C,VEND-10,2024-09-24,Received,ITM-0535,4,8.82,35.28
PO-100946,CUST-C,VEND-10,2024-09-24,Received,ITM-0902,12,4.43,53.16
PO-100947,CUST-F,VEND-07,2024-12-04,Received,ITM-0404,4,3.15,12.60
PO-100948,CUST-A,VEND-12,2025-09-12,Closed,ITM-0220,1,2.55,2.55
PO-100948,CUST-A,VEND-12,2025-09-12,Closed,ITM-0623,6,2.39,14.34
PO-100949,CUST-C,VEND-07,2024-12-15,Received,ITM-0604,2,12.18,24.36
PO-100949,CUST-C,VEND-07,2024-12-15,Received,ITM-0623,6,2.57,15.42
PO-100949,CUST-C,VEND-07,2024-12-15,Received,ITM-0921,10,3.77,37.70
PO-100951,CUST-C,VEND-09,2024-01-23,Received,ITM-0201,4,4.47,17.88
PO-100951,CUST-C,VEND-09,2024-01-23,Received,ITM-0442,2,20.78,41.56
PO-100951,CUST-C,VEND-09,2024-01-23,Received,ITM-0805,2,33.70,67.40
PO-100951,CUST-C,VEND-09,2024-01-23,Received,ITM-1011,2,4.13,8.26
PO-100952,CUST-C,VEND-09,2026-04-10,Received,ITM-0421,10,20.28,202.80
PO-100952,CUST-C,VEND-09,2026-04-10,Received,ITM-0614,6,6.58,39.48
PO-100952,CUST-C,VEND-09,2026-04-10,Received,ITM-0914,10,1.62,16.20
PO-100953,CUST-D,VEND-03,2024-09-25,Closed,ITM-0224,4,1.44,5.76
PO-100953,CUST-D,VEND-03,2024-09-25,Closed,ITM-0243,6,0.69,4.14
PO-100953,CUST-D,VEND-03,2024-09-25,Closed,ITM-0442,4,20.21,80.84
PO-100953,CUST-D,VEND-03,2024-09-25,Closed,ITM-1001,10,1.03,10.30
PO-100954,CUST-F,VEND-09,2025-08-15,Received,ITM-0250,2,66.72,133.44
PO-100954,CUST-F,VEND-09,2025-08-15,Received,ITM-1011,1,4.19,4.19
PO-100955,CUST-A,VEND-01,2025-03-27,Received,ITM-0426,24,23.81,571.44
PO-100955,CUST-A,VEND-01,2025-03-27,Received,ITM-0433,4,1.20,4.80
PO-100955,CUST-A,VEND-01,2025-03-27,Received,ITM-0611,4,3.12,12.48
PO-100955,CUST-A,VEND-01,2025-03-27,Received,ITM-0927,10,0.51,5.10
PO-100956,CUST-F,VEND-06,2026-07-23,Open,ITM-0430,4,0.55,2.20
PO-100956,CUST-F,VEND-06,2026-07-23,Open,ITM-0614,6,6.15,36.90
PO-100956,CUST-F,VEND-06,2026-07-23,Open,ITM-0632,10,4.43,44.30
PO-100956,CUST-F,VEND-06,2026-07-23,Open,ITM-0910,2,1.11,2.22
PO-100956,CUST-F,VEND-06,2026-07-23,Open,ITM-1014,4,2.62,10.48
PO-100958,CUST-H,VEND-06,2025-06-16,Received,ITM-0629,10,3.16,31.60
PO-100958,CUST-H,VEND-06,2025-06-16,Received,ITM-1015,6,4.61,27.66
PO-100959,CUST-D,VEND-05,2026-05-13,Received,ITM-0327,50,2.09,104.50
PO-100959,CUST-D,VEND-05,2026-05-13,Received,ITM-1011,4,3.65,14.60
PO-100960,CUST-C,VEND-06,2026-08-27,Open,ITM-0313,1,4.48,4.48
PO-100960,CUST-C,VEND-06,2026-08-27,Open,ITM-0430,2,0.57,1.14
PO-100960,CUST-C,VEND-06,2026-08-27,Open,ITM-0614,1,6.53,6.53
PO-100961,CUST-B,VEND-11,2025-08-23,Closed,ITM-0737,10,78.99,789.90
PO-100961,CUST-B,VEND-11,2025-08-23,Closed,ITM-0737,10,78.99,789.90
PO-100962,CUST-A,VEND-09,2024-03-24,Closed,ITM-0201,4,4.09,16.36
PO-100962,CUST-A,VEND-09,2024-03-24,Closed,ITM-0250,2,59.62,119.24
PO-100962,CUST-A,VEND-09,2024-03-24,Closed,ITM-0433,6,1.14,6.84
PO-100962,CUST-A,VEND-09,2024-03-24,Closed,ITM-0928,10,0.73,7.30
PO-100962,CUST-A,VEND-09,2024-03-24,Closed,ITM-0929,6,1.11,6.66
PO-100963,CUST-A,VEND-01,2024-06-11,Received,ITM-0414,1,1.74,1.74
PO-100963,CUST-A,VEND-01,2024-06-11,Received,ITM-0426,1,24.22,24.22
PO-100963,CUST-A,VEND-01,2024-06-11,Received,ITM-0433,1,1.13,1.13
PO-100963,CUST-A,VEND-01,2024-06-11,Received,ITM-0922,50,5.06,253.00
PO-100964,CUST-F,VEND-02,2025-07-16,Cancelled,ITM-0815,24,8.39,201.36
PO-100965,CUST-A,VEND-02,2026-07-14,Open,ITM-0201,12,4.30,51.60
PO-100965,CUST-A,VEND-02,2026-07-14,Open,ITM-0201,12,4.30,51.60
PO-100965,CUST-A,VEND-02,2026-07-14,Open,ITM-0629,2,3.23,6.46
PO-100966,CUST-A,VEND-03,2024-01-30,Received,ITM-0621,5,3.77,18.85
PO-100967,CUST-B,VEND-06,2026-04-10,Cancelled,ITM-0416,2,2.99,5.98
PO-100967,CUST-B,VEND-06,2026-04-10,Cancelled,ITM-0628,1,0.16,0.16
PO-100967,CUST-B,VEND-06,2026-04-10,Cancelled,ITM-1014,1,2.80,2.80
PO-100968,CUST-D,VEND-03,2024-07-31,Received,ITM-0243,10,0.66,6.60
PO-100968,CUST-D,VEND-03,2024-07-31,Received,ITM-0306,4,0.93,3.72
PO-100968,CUST-D,VEND-03,2024-07-31,Received,ITM-0628,24,0.15,3.60
PO-100968,CUST-D,VEND-03,2024-07-31,Received,ITM-0917,4,3.66,14.64
PO-100968,CUST-D,VEND-03,2024-07-31,Received,ITM-1020,12,9.01,108.12
PO-100969,CUST-A,VEND-09,2024-05-25,Received,ITM-0433,2,1.22,2.44
PO-100969,CUST-A,VEND-09,2024-05-25,Received,ITM-0434,10,1.40,14.00
PO-100969,CUST-A,VEND-09,2024-05-25,Received,ITM-0927,10,0.55,5.50
PO-100969,CUST-A,VEND-09,2024-05-25,Received,ITM-0928,12,0.79,9.48
PO-100970,CUST-G,VEND-09,2025-02-15,Received,ITM-0228,6,4.58,27.48
PO-100972,CUST-F,VEND-07,2024-07-23,Cancelled,ITM-0250,6,62.94,377.64
PO-100972,CUST-F,VEND-07,2024-07-23,Cancelled,ITM-0306,1,1.02,1.02
PO-100972,CUST-F,VEND-07,2024-07-23,Cancelled,ITM-0310,20,4.44,88.80
PO-100972,CUST-F,VEND-07,2024-07-23,Cancelled,ITM-0612,6,4.46,26.76
PO-100972,CUST-F,VEND-07,2024-07-23,Cancelled,ITM-0943,4,24.66,98.64
PO-100973,CUST-B,VEND-06,2025-08-18,Received,ITM-0235,4,1.75,7.00
PO-100973,CUST-B,VEND-06,2025-08-18,Received,ITM-0604,2,12.91,25.82
PO-100973,CUST-B,VEND-06,2025-08-18,Received,ITM-1015,24,4.31,103.44
PO-100974,CUST-B,VEND-02,2025-12-06,Received,ITM-0220,2,2.82,5.64
PO-100974,CUST-B,VEND-02,2025-12-06,Received,ITM-0903,10,0.22,2.20
PO-100975,CUST-B,VEND-05,2025-02-11,Received,ITM-0426,1,24.25,24.25
PO-100975,CUST-B,VEND-05,2025-02-11,Received,ITM-0433,10,1.11,11.10
PO-100976,CUST-H,VEND-12,2026-02-06,Received,ITM-0328,2,3.43,6.86
PO-100977,CUST-H,VEND-08,2026-08-08,Open,ITM-0306,1,0.98,0.98
PO-100977,CUST-H,VEND-08,2026-08-08,Open,ITM-0632,12,4.67,56.04
PO-100977,CUST-H,VEND-08,2026-08-08,Open,ITM-0903,10,0.23,2.30
PO-100977,CUST-H,VEND-08,2026-08-08,Open,ITM-1008,6,1.45,8.70
PO-100978,CUST-A,VEND-09,2024-01-09,Received,ITM-0910,50,0.88,44.00
PO-100978,CUST-A,VEND-09,2024-01-09,Received,ITM-0928,6,0.76,4.56
PO-100978,CUST-A,VEND-09,2024-01-09,Received,ITM-0929,2,1.08,2.16
PO-100978,CUST-A,VEND-09,2024-01-09,Received,ITM-1011,50,3.66,183.00
PO-100978,CUST-A,VEND-09,2024-01-09,Received,ITM-1011,50,3.66,183.00
PO-100979,CUST-F,VEND-09,2024-01-24,Received,ITM-0433,4,1.24,4.96
PO-100979,CUST-F,VEND-09,2024-01-24,Received,ITM-0929,1,1.23,1.23
PO-100979,CUST-F,VEND-09,2024-01-24,Received,ITM-1021,10,4.53,45.30
PO-100980,CUST-A,VEND-10,2025-03-07,Received,ITM-0605,24,14.13,339.12
PO-100980,CUST-A,VEND-10,2025-03-07,Received,ITM-0808,12,1.68,20.16
PO-100980,CUST-A,VEND-10,2025-03-07,Received,ITM-0929,1,1.12,1.12
PO-100980,CUST-A,VEND-10,2025-03-07,Received,ITM-1014,2,2.49,4.98
PO-100981,CUST-A,VEND-10,2025-04-03,Received,ITM-1014,24,2.48,59.52
PO-100982,CUST-A,VEND-07,2025-07-22,Closed,ITM-0220,1,2.59,2.59
PO-100982,CUST-A,VEND-07,2025-07-22,Closed,ITM-0250,2,56.30,112.60
PO-100982,CUST-A,VEND-07,2025-07-22,Closed,ITM-0517,5,42.07,210.35
PO-100982,CUST-A,VEND-07,2025-07-22,Closed,ITM-0623,10,2.13,21.30
PO-100983,CUST-B,VEND-05,2025-12-07,Received,ITM-0443,10,5.30,53.00
PO-100984,CUST-H,VEND-08,2026-01-12,Received,ITM-0243,6,0.73,4.38
PO-100984,CUST-H,VEND-08,2026-01-12,Received,ITM-0306,24,1.00,24.00
PO-100984,CUST-H,VEND-08,2026-01-12,Received,ITM-0435,4,1.62,6.48
PO-100984,CUST-H,VEND-08,2026-01-12,Received,ITM-0611,6,3.29,19.74
PO-100986,CUST-B,VEND-07,2026-03-10,Received,ITM-0104,6,65.97,395.82
PO-100986,CUST-B,VEND-07,2026-03-10,Received,ITM-0220,2,2.99,5.98
PO-100986,CUST-B,VEND-07,2026-03-10,Received,ITM-0306,12,1.07,12.84
PO-100986,CUST-B,VEND-07,2026-03-10,Received,ITM-0517,2,44.17,88.34
PO-100986,CUST-B,VEND-07,2026-03-10,Received,ITM-0623,1,2.51,2.51
PO-100986,CUST-B,VEND-07,2026-03-10,Received,ITM-0623,1,2.51,2.51
PO-100987,CUST-C,VEND-05,2025-03-29,Cancelled,ITM-0328,4,3.33,13.32
PO-100987,CUST-C,VEND-05,2025-03-29,Cancelled,ITM-0620,3,2.92,8.76
PO-100987,CUST-C,VEND-05,2025-03-29,Cancelled,ITM-0947,1,0.47,0.47
PO-100988,CUST-D,VEND-04,2024-10-31,Cancelled,ITM-0306,2,0.98,1.96
PO-100988,CUST-D,VEND-04,2024-10-31,Cancelled,ITM-1015,4,4.10,16.40
PO-100988,CUST-D,VEND-04,2024-10-31,Cancelled,ITM-1021,4,4.17,16.68
PO-100989,CUST-A,VEND-07,2024-01-03,Closed,ITM-0612,1,3.96,3.96
PO-100990,CUST-A,VEND-02,2026-02-20,Received,ITM-0229,1,1.60,1.60
PO-100990,CUST-A,VEND-02,2026-02-20,Received,ITM-0237,2,3.32,6.64
PO-100990,CUST-A,VEND-02,2026-02-20,Received,ITM-0621,24,4.23,101.52
PO-100991,CUST-H,VEND-01,2024-02-11,Received,ITM-1001,6,1.00,6.00
PO-100992,CUST-H,VEND-02,2024-11-05,Closed,ITM-0904,3,0.33,0.99
PO-100992,CUST-H,VEND-02,2024-11-05,Closed,ITM-0938,10,12.81,128.10
PO-100993,CUST-A,VEND-04,2025-11-03,Received,ITM-0237,1,3.06,3.06
PO-100993,CUST-A,VEND-04,2025-11-03,Received,ITM-0306,12,0.96,11.52
PO-100994,CUST-D,VEND-10,2024-07-02,Closed,ITM-0434,3,1.38,4.14
PO-100995,CUST-A,VEND-10,2024-08-06,Received,ITM-0431,1,0.69,0.69
PO-100995,CUST-A,VEND-10,2024-08-06,Received,ITM-0904,2,0.30,0.60
PO-100995,CUST-A,VEND-10,2024-08-06,Received,ITM-1014,2,2.35,4.70
PO-100996,CUST-C,VEND-07,2024-11-12,Received,ITM-0737,4,72.78,291.12
PO-100996,CUST-C,VEND-07,2024-11-12,Received,ITM-0737,4,72.78,291.12
PO-100997,CUST-H,VEND-10,2026-01-19,Closed,ITM-0511,4,27.37,109.48
PO-100998,CUST-A,VEND-05,2025-06-22,Cancelled,ITM-0403,10,2.42,24.20
PO-100998,CUST-A,VEND-05,2025-06-22,Cancelled,ITM-0433,12,1.07,12.84
PO-100998,CUST-A,VEND-05,2025-06-22,Cancelled,ITM-0809,3,2.24,6.72
PO-100999,CUST-C,VEND-09,2026-03-14,Closed,ITM-0201,2,4.52,9.04
PO-100999,CUST-C,VEND-09,2026-03-14,Closed,ITM-0434,4,1.63,6.52
PO-100999,CUST-C,VEND-09,2026-03-14,Closed,ITM-0440,6,28.32,169.92
PO-100999,CUST-C,VEND-09,2026-03-14,Closed,ITM-0805,50,33.45,1672.50
PO-101000,CUST-D,VEND-04,2024-08-12,Closed,ITM-0228,3,4.32,12.96
PO-101000,CUST-D,VEND-04,2024-08-12,Closed,ITM-0446,3,19.77,59.31
PO-101000,CUST-D,VEND-04,2024-08-12,Closed,ITM-0632,1,4.28,4.28
PO-101000,CUST-D,VEND-04,2024-08-12,Closed,ITM-0737,10,74.96,749.60
PO-101000,CUST-D,VEND-04,2024-08-12,Closed,ITM-1015,6,4.24,25.44
PO-101001,CUST-A,VEND-02,2025-01-03,Received,ITM-0237,1,3.20,3.20
PO-101001,CUST-A,VEND-02,2025-01-03,Received,ITM-0413,24,1.39,33.36
PO-101001,CUST-A,VEND-02,2025-01-03,Received,ITM-0815,4,7.55,30.20
PO-101002,CUST-A,VEND-10,2025-10-17,Received,ITM-0929,2,1.13,2.26
PO-101003,CUST-B,VEND-10,2024-06-11,Cancelled,ITM-0605,10,15.95,159.50
PO-101003,CUST-B,VEND-10,2024-06-11,Cancelled,ITM-0908,1,0.92,0.92
PO-101004,CUST-F,VEND-12,2026-06-15,Open,ITM-0220,5,2.85,14.25
PO-101004,CUST-F,VEND-12,2026-06-15,Open,ITM-0328,1,3.36,3.36
PO-101004,CUST-F,VEND-12,2026-06-15,Open,ITM-0426,2,26.42,52.84
PO-101004,CUST-F,VEND-12,2026-06-15,Open,ITM-0612,4,4.49,17.96
PO-101004,CUST-F,VEND-12,2026-06-15,Open,ITM-0809,10,2.55,25.50
PO-101004,CUST-F,VEND-12,2026-06-15,Open,ITM-0938,2,14.72,29.44
PO-101005,CUST-A,VEND-09,2025-03-15,Closed,ITM-0250,10,61.10,611.00
PO-101005,CUST-A,VEND-09,2025-03-15,Closed,ITM-0433,50,1.10,55.00
PO-101005,CUST-A,VEND-09,2025-03-15,Closed,ITM-0721,2,35.86,71.72
PO-101005,CUST-A,VEND-09,2025-03-15,Closed,ITM-0929,10,1.10,11.00
PO-101005,CUST-A,VEND-09,2025-03-15,Closed,ITM-1011,12,3.91,46.92
PO-101006,CUST-C,VEND-02,2025-06-17,Closed,ITM-0220,6,2.79,16.74
PO-101006,CUST-C,VEND-02,2025-06-17,Closed,ITM-0225,4,2.54,10.16
PO-101006,CUST-C,VEND-02,2025-06-17,Closed,ITM-0629,10,3.16,31.60
PO-101007,CUST-A,VEND-11,2026-06-02,Closed,ITM-0434,2,1.44,2.88
PO-101007,CUST-A,VEND-11,2026-06-02,Closed,ITM-0943,6,27.02,162.12
PO-101007,CUST-A,VEND-11,2026-06-02,Closed,ITM-1001,10,1.05,10.50
PO-101007,CUST-A,VEND-11,2026-06-02,Closed,ITM-1015,6,4.33,25.98
PO-101007,CUST-A,VEND-11,2026-06-02,Closed,ITM-1020,5,9.18,45.90
PO-101008,CUST-E,VEND-07,2025-02-16,Closed,ITM-0310,1,4.44,4.44
PO-101008,CUST-E,VEND-07,2025-02-16,Closed,ITM-0612,4,4.36,17.44
PO-101008,CUST-E,VEND-07,2025-02-16,Closed,ITM-0942,1,0.33,0.33
PO-101009,CUST-B,VEND-09,2024-10-13,Received,ITM-0228,12,4.25,51.00
PO-101009,CUST-B,VEND-09,2024-10-13,Received,ITM-0416,4,2.85,11.40
PO-101009,CUST-B,VEND-09,2024-10-13,Received,ITM-0929,4,1.17,4.68
PO-101010,CUST-F,VEND-06,2024-05-23,Closed,ITM-0254,6,1.70,10.20
PO-101010,CUST-F,VEND-06,2024-05-23,Closed,ITM-0430,4,0.49,1.96
PO-101010,CUST-F,VEND-06,2024-05-23,Closed,ITM-0431,4,0.79,3.16
PO-101010,CUST-F,VEND-06,2024-05-23,Closed,ITM-0632,12,4.24,50.88
PO-101010,CUST-F,VEND-06,2024-05-23,Closed,ITM-0805,1,30.70,30.70
PO-101012,CUST-B,VEND-02,2025-01-24,Closed,ITM-0220,10,2.55,25.50
PO-101012,CUST-B,VEND-02,2025-01-24,Closed,ITM-0228,2,4.67,9.34
PO-101012,CUST-B,VEND-02,2025-01-24,Closed,ITM-0629,6,2.96,17.76
PO-101013,CUST-D,VEND-10,2025-04-24,Closed,ITM-0517,1,42.41,42.41
PO-101014,CUST-B,VEND-11,2025-11-13,Received,ITM-0913,10,1.49,14.90
PO-101015,CUST-H,VEND-10,2024-04-20,Received,ITM-0434,12,1.51,18.12
PO-101015,CUST-H,VEND-10,2024-04-20,Received,ITM-0808,1,1.75,1.75
PO-101015,CUST-H,VEND-10,2024-04-20,Received,ITM-0913,6,1.32,7.92
PO-101016,CUST-F,VEND-12,2026-04-23,Closed,ITM-0328,6,3.55,21.30
PO-101016,CUST-F,VEND-12,2026-04-23,Closed,ITM-0612,1,4.33,4.33
PO-101016,CUST-F,VEND-12,2026-04-23,Closed,ITM-1015,2,4.63,9.26
PO-101017,CUST-A,VEND-03,2026-05-09,Received,ITM-0621,1,4.11,4.11
PO-101018,CUST-E,VEND-08,2025-03-05,Received,ITM-0201,2,4.59,9.18
PO-101018,CUST-E,VEND-08,2025-03-05,Received,ITM-0309,6,2.01,12.06
PO-101018,CUST-E,VEND-08,2025-03-05,Received,ITM-1008,4,1.39,5.56
PO-101019,CUST-B,VEND-10,2025-10-13,Closed,ITM-0412,24,1.12,26.88
PO-101019,CUST-B,VEND-10,2025-10-13,Closed,ITM-0605,4,17.63,70.52
PO-101019,CUST-B,VEND-10,2025-10-13,Closed,ITM-0737,1,73.96,73.96
PO-101019,CUST-B,VEND-10,2025-10-13,Closed,ITM-0808,24,1.76,42.24
PO-101019,CUST-B,VEND-10,2025-10-13,Closed,ITM-1014,6,2.71,16.26
PO-101021,CUST-A,VEND-06,2026-03-08,Cancelled,ITM-0805,24,30.02,720.48
PO-101021,CUST-A,VEND-06,2026-03-08,Cancelled,ITM-0920,3,2.91,8.73
PO-101021,CUST-A,VEND-06,2026-03-08,Cancelled,ITM-1015,10,4.27,42.70
PO-101022,CUST-B,VEND-01,2024-09-13,Received,ITM-0228,1,4.39,4.39
PO-101022,CUST-B,VEND-01,2024-09-13,Received,ITM-0303,50,2.47,123.50
PO-101022,CUST-B,VEND-01,2024-09-13,Received,ITM-0413,4,1.59,6.36
PO-101022,CUST-B,VEND-01,2024-09-13,Received,ITM-0426,2,25.88,51.76
PO-101023,CUST-B,VEND-01,2025-05-18,Received,ITM-0303,10,2.73,27.30
PO-101023,CUST-B,VEND-01,2025-05-18,Received,ITM-0414,1,1.90,1.90
PO-101023,CUST-B,VEND-01,2025-05-18,Received,ITM-0433,10,1.21,12.10
PO-101024,CUST-D,VEND-07,2024-09-29,Cancelled,ITM-0220,1,2.69,2.69
PO-101024,CUST-D,VEND-07,2024-09-29,Cancelled,ITM-0229,2,1.58,3.16
PO-101024,CUST-D,VEND-07,2024-09-29,Cancelled,ITM-0310,2,4.57,9.14
PO-101024,CUST-D,VEND-07,2024-09-29,Cancelled,ITM-0408,6,4.71,28.26
PO-101024,CUST-D,VEND-07,2024-09-29,Cancelled,ITM-0517,20,43.61,872.20
PO-101025,CUST-D,VEND-08,2024-04-07,Received,ITM-0243,1,0.69,0.69
PO-101025,CUST-D,VEND-08,2024-04-07,Received,ITM-0306,10,0.98,9.80
PO-101025,CUST-D,VEND-08,2024-04-07,Received,ITM-0310,5,4.34,21.70
PO-101025,CUST-D,VEND-08,2024-04-07,Received,ITM-0611,2,3.15,6.30
PO-101025,CUST-D,VEND-08,2024-04-07,Received,ITM-0621,20,3.96,79.20
PO-101025,CUST-D,VEND-08,2024-04-07,Received,ITM-0902,5,41.00,205.00
PO-101026,CUST-E,VEND-04,2024-11-17,Received,ITM-0237,1,3.12,3.12
PO-101026,CUST-E,VEND-04,2024-11-17,Received,ITM-0446,24,21.30,511.20
PO-101026,CUST-E,VEND-04,2024-11-17,Received,ITM-1022,4,5.49,21.96
PO-101027,CUST-B,VEND-08,2024-04-29,Closed,ITM-0902,6,4.51,27.06
PO-101028,CUST-A,VEND-09,2024-08-14,Received,ITM-0228,5,4.29,21.45
PO-101028,CUST-A,VEND-09,2024-08-14,Received,ITM-0243,2,0.67,1.34
PO-101028,CUST-A,VEND-09,2024-08-14,Received,ITM-0402,4,1.94,7.76
PO-101028,CUST-A,VEND-09,2024-08-14,Received,ITM-0433,12,,
PO-101028,CUST-A,VEND-09,2024-08-14,Received,ITM-0628,12,0.15,1.80
PO-101028,CUST-A,VEND-09,2024-08-14,Received,ITM-0928,4,0.77,3.08
PO-101029,CUST-D,VEND-06,2025-12-17,Closed,ITM-1015,2,4.50,9.00
PO-101029,CUST-D,VEND-06,2025-12-17,Closed,ITM-1015,2,4.50,9.00
PO-101030,CUST-A,VEND-04,2025-03-28,Received,ITM-0237,10,3.02,30.20
PO-101030,CUST-A,VEND-04,2025-03-28,Received,ITM-0306,2,0.98,1.96
PO-101030,CUST-A,VEND-04,2025-03-28,Received,ITM-0938,1,13.68,13.68
PO-101031,CUST-C,VEND-10,2025-12-03,Closed,ITM-0431,2,0.81,1.62
PO-101031,CUST-C,VEND-10,2025-12-03,Closed,ITM-0908,6,0.98,5.88
PO-101032,CUST-E,VEND-05,2025-02-10,Received,ITM-0328,1,3.34,3.34
PO-101032,CUST-E,VEND-05,2025-02-10,Received,ITM-0328,1,3.34,3.34
PO-101032,CUST-E,VEND-05,2025-02-10,Received,ITM-0403,2,2.45,4.90
PO-101033,CUST-A,VEND-09,2026-03-30,Closed,ITM-0201,12,4.22,50.64
PO-101033,CUST-A,VEND-09,2026-03-30,Closed,ITM-0250,2,61.64,123.28
PO-101033,CUST-A,VEND-09,2026-03-30,Closed,ITM-0402,10,2.04,20.40
PO-101033,CUST-A,VEND-09,2026-03-30,Closed,ITM-0904,6,0.35,2.10
PO-101034,CUST-B,VEND-03,2024-08-12,Received,ITM-0243,50,0.65,32.50
PO-101034,CUST-B,VEND-03,2024-08-12,Received,ITM-0311,1,6.85,6.85
PO-101034,CUST-B,VEND-03,2024-08-12,Received,ITM-0618,4,4.19,16.76
PO-101034,CUST-B,VEND-03,2024-08-12,Received,ITM-0808,50,1.75,87.50
PO-101034,CUST-B,VEND-03,2024-08-12,Received,ITM-1020,4,8.72,34.88
PO-101035,CUST-A,VEND-10,2025-10-05,Received,ITM-0431,50,0.70,35.00
PO-101035,CUST-A,VEND-10,2025-10-05,Received,ITM-0434,20,1.48,29.60
PO-101035,CUST-A,VEND-10,2025-10-05,Received,ITM-0929,24,1.16,27.84
PO-101036,CUST-F,VEND-03,2024-10-05,Received,ITM-0104,12,68.18,818.16
PO-101036,CUST-F,VEND-03,2024-10-05,Received,ITM-0610,10,2.34,23.40
PO-101036,CUST-F,VEND-03,2024-10-05,Received,ITM-0733,10,23.44,234.40
PO-101036,CUST-F,VEND-03,2024-10-05,Received,ITM-1001,10,1.14,11.40
PO-101036,CUST-F,VEND-03,2024-10-05,Received,ITM-1010,6,9.26,55.56
PO-101037,CUST-A,VEND-02,2026-04-27,Received,ITM-0220,3,2.74,8.22
PO-101037,CUST-A,VEND-02,2026-04-27,Received,ITM-0815,10,8.00,80.00
PO-101038,CUST-B,VEND-02,2024-05-03,Closed,ITM-0311,2,7.11,14.22
PO-101038,CUST-B,VEND-02,2024-05-03,Closed,ITM-0431,24,0.77,18.48
PO-101039,CUST-C,VEND-04,2025-04-22,Closed,ITM-0237,4,3.17,12.68
PO-101039,CUST-C,VEND-04,2025-04-22,Closed,ITM-0908,6,0.90,5.40
PO-101039,CUST-C,VEND-04,2025-04-22,Closed,ITM-0942,2,0.35,0.70
PO-101039,CUST-C,VEND-04,2025-04-22,Closed,ITM-1015,10,4.36,43.60
PO-101041,CUST-H,VEND-09,2024-04-20,Closed,ITM-0228,4,4.49,17.96
PO-101041,CUST-H,VEND-09,2024-04-20,Closed,ITM-0253,2,1.34,2.68
PO-101041,CUST-H,VEND-09,2024-04-20,Closed,ITM-0309,2,2.11,4.22
PO-101042,CUST-E,VEND-05,2024-07-11,Received,ITM-0426,12,24.21,290.52
PO-101042,CUST-E,VEND-05,2024-07-11,Received,ITM-0527,10,8.49,84.90
PO-101043,CUST-B,VEND-02,2026-08-31,Open,ITM-0225,2,2.51,5.02
PO-101044,CUST-D,VEND-04,2024-04-18,Cancelled,ITM-0326,4,2.44,9.76
PO-101045,CUST-A,VEND-02,2025-08-22,Received,ITM-0237,1,3.30,3.30
PO-101045,CUST-A,VEND-02,2025-08-22,Received,ITM-0311,5,7.11,35.55
PO-101046,CUST-F,VEND-04,2025-06-06,Received,ITM-0237,2,3.28,6.56
PO-101046,CUST-F,VEND-04,2025-06-06,Received,ITM-1003,4,1.12,4.48
PO-101047,CUST-A,VEND-07,2025-06-10,Received,ITM-0220,3,2.62,7.86
PO-101047,CUST-A,VEND-07,2025-06-10,Received,ITM-0229,6,1.49,8.94
PO-101047,CUST-A,VEND-07,2025-06-10,Received,ITM-0310,6,4.22,25.32
PO-101047,CUST-A,VEND-07,2025-06-10,Received,ITM-0527,10,8.74,87.40
PO-101047,CUST-A,VEND-07,2025-06-10,Received,ITM-0612,2,3.87,7.74
PO-101047,CUST-A,VEND-07,2025-06-10,Received,ITM-0623,10,2.27,22.70
PO-101048,CUST-F,VEND-05,2025-10-18,Received,ITM-0433,1,1.13,1.13
PO-101048,CUST-F,VEND-05,2025-10-18,Received,ITM-0815,50,7.99,399.50
PO-101048,CUST-F,VEND-05,2025-10-18,Received,ITM-0915,12,2.58,30.96
PO-101049,CUST-G,VEND-10,2025-09-03,Closed,ITM-0328,2,3.47,6.94
PO-101049,CUST-G,VEND-10,2025-09-03,Closed,ITM-0535,1,9.22,9.22
PO-101049,CUST-G,VEND-10,2025-09-03,Closed,ITM-0913,24,1.33,31.92
PO-101050,CUST-A,VEND-06,2026-05-10,Cancelled,ITM-0437,4,2.04,8.16
PO-101050,CUST-A,VEND-06,2026-05-10,Cancelled,ITM-0632,1,4.15,4.15
PO-101050,CUST-A,VEND-06,2026-05-10,Cancelled,ITM-0920,2,2.95,5.90
PO-101050,CUST-A,VEND-06,2026-05-10,Cancelled,ITM-0920,2,2.95,5.90
PO-101050,CUST-A,VEND-06,2026-05-10,Cancelled,ITM-0922,24,5.37,128.88
PO-101050,CUST-A,VEND-06,2026-05-10,Cancelled,ITM-1015,10,4.34,43.40
PO-101051,CUST-H,VEND-12,2024-09-18,Received,ITM-0254,12,1.78,21.36
PO-101051,CUST-H,VEND-12,2024-09-18,Received,ITM-0612,4,3.99,15.96
PO-101051,CUST-H,VEND-12,2024-09-18,Received,ITM-0623,10,2.48,24.80
PO-101052,CUST-D,VEND-08,2026-06-03,Open,ITM-0611,2,3.34,6.68
PO-101053,CUST-B,VEND-07,2026-03-02,Received,ITM-0208,4,5.28,21.12
PO-101053,CUST-B,VEND-07,2026-03-02,Received,ITM-0220,2,2.88,5.76
PO-101053,CUST-B,VEND-07,2026-03-02,Received,ITM-0306,2,1.04,2.08
PO-101054,CUST-B,VEND-12,2024-05-10,Closed,ITM-0220,4,2.73,10.92
PO-101054,CUST-B,VEND-12,2024-05-10,Closed,ITM-0328,2,3.18,6.36
PO-101054,CUST-B,VEND-12,2024-05-10,Closed,ITM-0403,2,2.52,5.04
PO-101054,CUST-B,VEND-12,2024-05-10,Closed,ITM-0426,1,24.63,24.63
PO-101055,CUST-C,VEND-12,2026-03-27,Received,ITM-0220,4,2.82,11.28
PO-101055,CUST-C,VEND-12,2026-03-27,Received,ITM-0328,4,3.52,14.08
PO-101055,CUST-C,VEND-12,2026-03-27,Received,ITM-0403,4,2.56,10.24
PO-101055,CUST-C,VEND-12,2026-03-27,Received,ITM-0612,6,4.28,25.68
PO-101055,CUST-C,VEND-12,2026-03-27,Received,ITM-1015,2,4.61,9.22
PO-101056,CUST-D,VEND-01,2024-07-26,Received,ITM-0426,5,25.84,129.20
PO-101056,CUST-D,VEND-01,2024-07-26,Received,ITM-0433,4,1.19,4.76
PO-101057,CUST-H,VEND-09,2026-02-03,Received,ITM-0201,2,4.59,9.18
PO-101058,CUST-F,VEND-01,2025-02-27,Received,ITM-0404,6,3.15,18.90
PO-101058,CUST-F,VEND-01,2025-02-27,Received,ITM-0404,6,3.15,18.90
PO-101058,CUST-F,VEND-01,2025-02-27,Received,ITM-0412,4,1.05,4.20
PO-101058,CUST-F,VEND-01,2025-02-27,Received,ITM-0426,2,25.02,50.04
PO-101058,CUST-F,VEND-01,2025-02-27,Received,ITM-0433,6,1.25,7.50
PO-101058,CUST-F,VEND-01,2025-02-27,Received,ITM-0434,12,1.45,17.40
PO-101059,CUST-D,VEND-12,2025-12-11,Closed,ITM-0254,12,1.69,20.28
PO-101060,CUST-F,VEND-10,2024-10-11,Received,ITM-0328,6,3.26,19.56
PO-101060,CUST-F,VEND-10,2024-10-11,Received,ITM-0902,1,43.60,43.60
PO-101061,CUST-F,VEND-08,2024-09-04,Closed,ITM-0435,20,1.60,32.00
PO-101061,CUST-F,VEND-08,2024-09-04,Closed,ITM-0621,6,3.94,23.64
PO-101061,CUST-F,VEND-08,2024-09-04,Closed,ITM-0632,4,4.23,16.92
PO-101062,CUST-G,VEND-11,2026-08-10,Closed,ITM-0921,6,4.32,25.92
PO-101062,CUST-G,VEND-11,2026-08-10,Closed,ITM-1022,10,5.63,56.30
PO-101063,CUST-A,VEND-03,2024-11-26,Received,ITM-0104,1,60.43,60.43
PO-101063,CUST-A,VEND-03,2024-11-26,Received,ITM-0610,4,2.23,8.92
PO-101063,CUST-A,VEND-03,2024-11-26,Received,ITM-0621,4,3.91,15.64
PO-101063,CUST-A,VEND-03,2024-11-26,Received,ITM-0621,4,3.91,15.64
PO-101063,CUST-A,VEND-03,2024-11-26,Received,ITM-0808,2,1.78,3.56
PO-101063,CUST-A,VEND-03,2024-11-26,Received,ITM-0920,5,2.66,13.30
PO-101063,CUST-A,VEND-03,2024-11-26,Received,ITM-1001,12,1.02,12.24
PO-101064,CUST-B,VEND-10,2025-01-25,Closed,ITM-0737,4,66.81,267.24
PO-101065,CUST-A,VEND-11,2024-06-09,Received,ITM-0434,12,1.38,16.56
PO-101065,CUST-A,VEND-11,2024-06-09,Received,ITM-1001,2,0.92,1.84
PO-101065,CUST-A,VEND-11,2024-06-09,Received,ITM-1015,4,4.07,16.28
PO-101066,CUST-D,VEND-07,2025-11-09,Closed,ITM-0219,12,1.90,22.80
PO-101066,CUST-D,VEND-07,2025-11-09,Closed,ITM-0517,2,44.23,88.46
PO-101066,CUST-D,VEND-07,2025-11-09,Closed,ITM-0942,24,0.31,7.44
PO-101067,CUST-B,VEND-08,2024-05-27,Cancelled,ITM-0929,4,1.21,4.84
PO-101067,CUST-B,VEND-08,2024-05-27,Cancelled,ITM-1019,12,6.48,77.76
PO-101068,CUST-B,VEND-05,2024-07-09,Received,ITM-0403,1,2.38,2.38
PO-101068,CUST-B,VEND-05,2024-07-09,Received,ITM-0404,12,3.10,37.20
PO-101068,CUST-B,VEND-05,2024-07-09,Received,ITM-0426,10,23.62,236.20
PO-101068,CUST-B,VEND-05,2024-07-09,Received,ITM-1014,2,2.63,5.26
PO-101069,CUST-B,VEND-10,2024-06-22,Received,ITM-0808,2,1.83,3.66
PO-101071,CUST-B,VEND-06,2025-08-25,Closed,ITM-0416,4,2.87,11.48
PO-101072,CUST-D,VEND-11,2025-08-19,Closed,ITM-0627,4,7.76,31.04
PO-101072,CUST-D,VEND-11,2025-08-19,Closed,ITM-1015,12,4.28,51.36
PO-101073,CUST-C,VEND-07,2025-05-23,Closed,ITM-0104,1,66.90,66.90
PO-101073,CUST-C,VEND-07,2025-05-23,Closed,ITM-0229,20,1.60,32.00
PO-101073,CUST-C,VEND-07,2025-05-23,Closed,ITM-0246,5,2.12,10.60
PO-101073,CUST-C,VEND-07,2025-05-23,Closed,ITM-0306,10,1.01,10.10
PO-101074,CUST-D,VEND-12,2024-05-02,Closed,ITM-0220,10,2.63,26.30
PO-101074,CUST-D,VEND-12,2024-05-02,Closed,ITM-0426,2,25.20,50.40
PO-101074,CUST-D,VEND-12,2024-05-02,Closed,ITM-0911,6,1.23,7.38
PO-101074,CUST-D,VEND-12,2024-05-02,Closed,ITM-1003,24,1.03,24.72
PO-101074,CUST-D,VEND-12,2024-05-02,Closed,ITM-1015,4,4.33,17.32
PO-101075,CUST-E,VEND-07,2024-12-22,Closed,ITM-0612,4,4.35,17.40
PO-101075,CUST-E,VEND-07,2024-12-22,Closed,ITM-1008,6,1.40,8.40
PO-101076,CUST-A,VEND-06,2024-07-21,Received,ITM-0104,6,66.72,400.32
PO-101076,CUST-A,VEND-06,2024-07-21,Received,ITM-0604,4,11.64,46.56
PO-101076,CUST-A,VEND-06,2024-07-21,Received,ITM-0629,10,3.04,30.40
PO-101077,CUST-H,VEND-03,2025-11-17,Closed,ITM-0421,6,18.19,109.14
PO-101077,CUST-H,VEND-03,2025-11-17,Closed,ITM-0440,6,26.77,160.62
PO-101077,CUST-H,VEND-03,2025-11-17,Closed,ITM-0808,12,2.01,24.12
PO-101077,CUST-H,VEND-03,2025-11-17,Closed,ITM-0907,6,0.75,4.50
PO-101077,CUST-H,VEND-03,2025-11-17,Closed,ITM-0920,10,2.99,29.90
PO-101077,CUST-H,VEND-03,2025-11-17,Closed,ITM-1014,4,2.68,10.72
PO-101078,CUST-A,VEND-02,2026-06-19,Open,ITM-0201,3,4.14,12.42
PO-101078,CUST-A,VEND-02,2026-06-19,Open,ITM-0237,12,3.25,39.00
PO-101078,CUST-A,VEND-02,2026-06-19,Open,ITM-0404,12,3.21,38.52
PO-101078,CUST-A,VEND-02,2026-06-19,Open,ITM-0431,4,0.77,3.08
PO-101078,CUST-A,VEND-02,2026-06-19,Open,ITM-0632,3,4.24,12.72
PO-101078,CUST-A,VEND-02,2026-06-19,Open,ITM-0815,2,7.93,15.86
PO-101079,CUST-C,VEND-02,2024-07-31,Received,ITM-0201,12,3.92,47.04
PO-101079,CUST-C,VEND-02,2024-07-31,Received,ITM-0629,1,3.15,3.15
PO-101079,CUST-C,VEND-02,2024-07-31,Received,ITM-0903,2,0.21,0.42
PO-101079,CUST-C,VEND-02,2024-07-31,Received,ITM-0903,2,0.21,0.42
PO-101080,CUST-B,VEND-06,2026-06-08,Closed,ITM-0231,10,4.79,47.90
PO-101080,CUST-B,VEND-06,2026-06-08,Closed,ITM-0243,10,0.72,7.20
PO-101080,CUST-B,VEND-06,2026-06-08,Closed,ITM-0614,2,6.48,12.96
PO-101080,CUST-B,VEND-06,2026-06-08,Closed,ITM-0917,3,3.88,11.64
PO-101081,CUST-F,VEND-04,2025-05-13,Closed,ITM-0313,2,4.48,8.96
PO-101081,CUST-F,VEND-04,2025-05-13,Closed,ITM-0609,20,1.56,31.20
PO-101082,CUST-D,VEND-07,2024-06-23,Received,ITM-0909,6,0.89,5.34
PO-101082,CUST-D,VEND-07,2024-06-23,Received,ITM-0921,12,3.71,44.52
PO-101082,CUST-D,VEND-07,2024-06-23,Received,ITM-1008,2,1.25,2.50
PO-101083,CUST-D,VEND-07,2024-12-06,Closed,ITM-0306,50,0.90,45.00
PO-101083,CUST-D,VEND-07,2024-12-06,Closed,ITM-0605,2,15.57,31.14
PO-101083,CUST-D,VEND-07,2024-12-06,Closed,ITM-0737,5,73.26,366.30
PO-101084,CUST-F,VEND-12,2025-02-13,Received,ITM-0254,2,1.67,3.34
PO-101084,CUST-F,VEND-12,2025-02-13,Received,ITM-0403,1,2.44,2.44
PO-101084,CUST-F,VEND-12,2025-02-13,Received,ITM-0609,6,1.53,9.18
PO-101084,CUST-F,VEND-12,2025-02-13,Received,ITM-0612,1,4.07,4.07
PO-101086,CUST-A,VEND-02,2025-01-12,Received,ITM-0237,6,3.21,19.26
PO-101086,CUST-A,VEND-02,2025-01-12,Received,ITM-0327,2,2.21,4.42
PO-101087,CUST-A,VEND-06,2026-02-04,Cancelled,ITM-0201,6,4.16,24.96
PO-101087,CUST-A,VEND-06,2026-02-04,Cancelled,ITM-0922,10,5.38,53.80
PO-101088,CUST-D,VEND-06,2026-07-04,Received,ITM-0224,4,1.55,6.20
PO-101088,CUST-D,VEND-06,2026-07-04,Received,ITM-0254,10,1.72,17.20
PO-101088,CUST-D,VEND-06,2026-07-04,Received,ITM-1015,50,4.28,214.00
PO-101089,CUST-B,VEND-12,2025-01-15,Closed,ITM-0220,2,2.65,5.30
PO-101089,CUST-B,VEND-12,2025-01-15,Closed,ITM-0328,2,3.24,6.48
PO-101089,CUST-B,VEND-12,2025-01-15,Closed,ITM-0426,50,24.24,1212.00
PO-101090,CUST-A,VEND-12,2024-06-08,Closed,ITM-0618,10,3.62,36.20
PO-101092,CUST-D,VEND-10,2025-03-12,Received,ITM-0517,4,40.57,162.28
PO-101093,CUST-D,VEND-12,2025-08-18,Closed,ITM-1015,2,4.59,9.18
PO-101094,CUST-C,VEND-04,2024-07-24,Cancelled,ITM-0228,10,4.65,46.50
PO-101094,CUST-C,VEND-04,2024-07-24,Cancelled,ITM-0605,50,15.28,764.00
PO-101094,CUST-C,VEND-04,2024-07-24,Cancelled,ITM-0942,20,0.35,7.00
PO-101095,CUST-F,VEND-05,2026-05-23,Received,ITM-0426,10,23.95,239.50
PO-101095,CUST-F,VEND-05,2026-05-23,Received,ITM-0433,10,1.18,11.80
PO-101095,CUST-F,VEND-05,2026-05-23,Received,ITM-1010,4,9.09,36.36
PO-101096,CUST-F,VEND-10,2024-05-30,Received,ITM-0328,6,3.36,20.16
PO-101096,CUST-F,VEND-10,2024-05-30,Received,ITM-0412,6,1.09,6.54
PO-101097,CUST-C,VEND-01,2024-10-30,Received,ITM-0228,10,4.62,46.20
PO-101098,CUST-C,VEND-03,2025-10-15,Received,ITM-0306,1,1.00,1.00
PO-101098,CUST-C,VEND-03,2025-10-15,Received,ITM-0733,4,24.02,96.08
PO-101099,CUST-D,VEND-12,2026-07-13,Open,ITM-0403,12,2.56,30.72
PO-101100,CUST-B,VEND-06,2025-06-20,Received,ITM-0243,12,0.77,9.24
PO-101100,CUST-B,VEND-06,2025-06-20,Received,ITM-0416,1,3.13,3.13
PO-101100,CUST-B,VEND-06,2025-06-20,Received,ITM-0629,2,3.38,6.76
PO-101102,CUST-D,VEND-12,2026-05-21,Received,ITM-0426,12,25.71,308.52
PO-101102,CUST-D,VEND-12,2026-05-21,Received,ITM-0426,12,25.71,308.52
PO-101102,CUST-D,VEND-12,2026-05-21,Received,ITM-0612,10,4.46,44.60
PO-101102,CUST-D,VEND-12,2026-05-21,Received,ITM-0908,10,0.89,8.90
PO-101102,CUST-D,VEND-12,2026-05-21,Received,ITM-1015,3,4.53,13.59
PO-101103,CUST-C,VEND-05,2025-03-02,Received,ITM-0229,50,1.48,74.00
PO-101103,CUST-C,VEND-05,2025-03-02,Received,ITM-0942,12,0.32,3.84
PO-101104,CUST-D,VEND-08,2024-10-23,Received,ITM-0306,6,0.91,5.46
PO-101105,CUST-H,VEND-03,2025-01-21,Closed,ITM-0808,1,1.81,1.81
PO-101105,CUST-H,VEND-03,2025-01-21,Closed,ITM-0920,2,2.78,5.56
PO-101105,CUST-H,VEND-03,2025-01-21,Closed,ITM-0928,4,0.85,3.40
PO-101105,CUST-H,VEND-03,2025-01-21,Closed,ITM-1014,4,2.62,10.48
PO-101106,CUST-B,VEND-12,2025-01-29,Closed,ITM-0220,2,2.79,5.58
PO-101106,CUST-B,VEND-12,2025-01-29,Closed,ITM-0254,2,1.76,3.52
PO-101106,CUST-B,VEND-12,2025-01-29,Closed,ITM-0403,6,2.54,15.24
PO-101106,CUST-B,VEND-12,2025-01-29,Closed,ITM-0612,2,4.52,9.04
PO-101106,CUST-B,VEND-12,2025-01-29,Closed,ITM-1003,1,1.20,1.20
PO-101106,CUST-B,VEND-12,2025-01-29,Closed,ITM-1015,1,4.34,4.34
PO-101107,CUST-A,VEND-04,2026-04-17,Closed,ITM-0611,10,3.59,35.90
PO-101108,CUST-B,VEND-12,2026-02-05,Closed,ITM-0220,1,2.78,2.78
PO-101108,CUST-B,VEND-12,2026-02-05,Closed,ITM-0403,10,2.55,25.50
PO-101108,CUST-B,VEND-12,2026-02-05,Closed,ITM-0426,6,27.38,164.28
PO-101108,CUST-B,VEND-12,2026-02-05,Closed,ITM-0612,4,4.33,17.32
PO-101108,CUST-B,VEND-12,2026-02-05,Closed,ITM-0612,4,4.33,17.32
PO-101109,CUST-A,VEND-04,2026-03-10,Closed,ITM-0228,50,4.43,221.50
PO-101110,CUST-E,VEND-08,2026-06-18,Received,ITM-0309,10,2.00,20.00
PO-101110,CUST-E,VEND-08,2026-06-18,Received,ITM-1008,2,1.54,3.08
PO-101111,CUST-B,VEND-04,2025-12-20,Received,ITM-0237,2,3.49,6.98
PO-101111,CUST-B,VEND-04,2025-12-20,Received,ITM-0610,2,2.25,4.50
PO-101111,CUST-B,VEND-04,2025-12-20,Received,ITM-0737,6,78.17,469.02
PO-101112,CUST-F,VEND-01,2025-12-28,Received,ITM-0228,1,4.66,4.66
PO-101112,CUST-F,VEND-01,2025-12-28,Received,ITM-0426,6,26.63,159.78
PO-101112,CUST-F,VEND-01,2025-12-28,Received,ITM-0611,24,3.46,83.04
PO-101112,CUST-F,VEND-01,2025-12-28,Received,ITM-0623,6,2.60,15.60
PO-101113,CUST-H,VEND-12,2026-07-30,Open,ITM-0229,2,1.63,3.26
PO-101113,CUST-H,VEND-12,2026-07-30,Open,ITM-0612,4,4.29,17.16
PO-101114,CUST-A,VEND-08,2024-03-01,Received,ITM-0201,1,4.22,4.22
PO-101114,CUST-A,VEND-08,2024-03-01,Received,ITM-0614,2,5.23,10.46
PO-101115,CUST-D,VEND-07,2026-04-12,Closed,ITM-0306,1,1.01,1.01
PO-101115,CUST-D,VEND-07,2026-04-12,Closed,ITM-0909,12,0.93,11.16
PO-101115,CUST-D,VEND-07,2026-04-12,Closed,ITM-0921,24,3.92,94.08
PO-101115,CUST-D,VEND-07,2026-04-12,Closed,ITM-1001,2,1.10,2.20
PO-101116,CUST-F,VEND-08,2024-01-12,Closed,ITM-0219,3,1.81,5.43
PO-101116,CUST-F,VEND-08,2024-01-12,Closed,ITM-0632,20,4.13,82.60
PO-101117,CUST-G,VEND-09,2025-09-09,Received,ITM-0433,10,1.27,12.70
PO-101117,CUST-G,VEND-09,2025-09-09,Received,ITM-0902,1,4.89,4.89
PO-101117,CUST-G,VEND-09,2025-09-09,Received,ITM-0914,4,1.69,6.76
PO-101117,CUST-G,VEND-09,2025-09-09,Received,ITM-0927,6,0.59,3.54
PO-101118,CUST-G,VEND-03,2024-06-23,Received,ITM-0907,1,0.71,0.71
PO-101119,CUST-D,VEND-12,2024-01-24,Closed,ITM-0220,2,2.54,5.08
PO-101119,CUST-D,VEND-12,2024-01-24,Closed,ITM-0426,2,25.63,51.26
PO-101119,CUST-D,VEND-12,2024-01-24,Closed,ITM-0432,10,0.91,9.10
PO-101119,CUST-D,VEND-12,2024-01-24,Closed,ITM-0612,1,4.21,4.21
PO-101120,CUST-D,VEND-12,2025-09-10,Received,ITM-0612,6,4.29,25.74
PO-101121,CUST-D,VEND-09,2025-03-05,Received,ITM-0201,4,4.17,16.68
PO-101121,CUST-D,VEND-09,2025-03-05,Received,ITM-0228,2,4.52,9.04
PO-101121,CUST-D,VEND-09,2025-03-05,Received,ITM-0243,6,0.74,4.44
PO-101121,CUST-D,VEND-09,2025-03-05,Received,ITM-0402,10,2.01,20.10
PO-101122,CUST-E,VEND-04,2024-09-14,Received,ITM-0237,2,3.10,6.20
PO-101122,CUST-E,VEND-04,2024-09-14,Received,ITM-0446,3,20.37,61.11
PO-101122,CUST-E,VEND-04,2024-09-14,Received,ITM-0737,1,74.45,74.45
PO-101122,CUST-E,VEND-04,2024-09-14,Received,ITM-0940,6,19.24,115.44
PO-101123,CUST-H,VEND-03,2024-08-28,Received,ITM-0104,2,70.15,140.30
PO-101123,CUST-H,VEND-03,2024-08-28,Received,ITM-0733,12,23.19,278.28
PO-101123,CUST-H,VEND-03,2024-08-28,Received,ITM-0920,12,2.90,34.80
PO-101123,CUST-H,VEND-03,2024-08-28,Received,ITM-1014,24,2.62,62.88
PO-101124,CUST-B,VEND-02,2024-12-23,Received,ITM-0220,2,2.81,5.62
PO-101124,CUST-B,VEND-02,2024-12-23,Received,ITM-0237,6,3.24,19.44
PO-101126,CUST-A,VEND-11,2024-11-19,Received,ITM-0433,10,1.12,11.20
PO-101126,CUST-A,VEND-11,2024-11-19,Received,ITM-0808,2,1.83,3.66
PO-101127,CUST-A,VEND-01,2024-05-23,Cancelled,ITM-0228,1,4.12,4.12
PO-101127,CUST-A,VEND-01,2024-05-23,Cancelled,ITM-0310,1,4.05,4.05
PO-101127,CUST-A,VEND-01,2024-05-23,Cancelled,ITM-0404,4,2.99,11.96
PO-101127,CUST-A,VEND-01,2024-05-23,Cancelled,ITM-0623,10,2.43,24.30
PO-101127,CUST-A,VEND-01,2024-05-23,Cancelled,ITM-0922,12,5.48,65.76
PO-101127,CUST-A,VEND-01,2024-05-23,Cancelled,ITM-1006,12,1.24,14.88
PO-101128,CUST-D,VEND-12,2025-04-03,Closed,ITM-0220,10,2.73,27.30
PO-101128,CUST-D,VEND-12,2025-04-03,Closed,ITM-0426,10,26.77,267.70
PO-101128,CUST-D,VEND-12,2025-04-03,Closed,ITM-0612,12,4.08,48.96
PO-101128,CUST-D,VEND-12,2025-04-03,Closed,ITM-1015,6,4.55,27.30
PO-101129,CUST-A,VEND-12,2024-01-05,Closed,ITM-0612,1,3.98,3.98
PO-101130,CUST-H,VEND-04,2024-11-17,Received,ITM-0921,2,4.16,8.32
PO-101131,CUST-B,VEND-07,2024-03-25,Received,ITM-0220,12,2.62,31.44
PO-101131,CUST-B,VEND-07,2024-03-25,Received,ITM-0605,4,14.89,59.56
PO-101131,CUST-B,VEND-07,2024-03-25,Received,ITM-0737,2,74.65,149.30
PO-101132,CUST-A,VEND-11,2024-05-21,Received,ITM-0432,50,0.81,40.50
PO-101132,CUST-A,VEND-11,2024-05-21,Received,ITM-0627,6,7.00,42.00
PO-101132,CUST-A,VEND-11,2024-05-21,Received,ITM-0914,3,1.49,4.47
PO-101132,CUST-A,VEND-11,2024-05-21,Received,ITM-1015,4,4.25,17.00
PO-101133,CUST-A,VEND-11,2025-12-29,Received,ITM-0250,1,60.25,60.25
PO-101133,CUST-A,VEND-11,2025-12-29,Received,ITM-0433,12,1.18,14.16
PO-101133,CUST-A,VEND-11,2025-12-29,Received,ITM-0940,1,19.79,19.79
PO-101133,CUST-A,VEND-11,2025-12-29,Received,ITM-1010,6,9.38,56.28
PO-101133,CUST-A,VEND-11,2025-12-29,Received,ITM-1015,2,4.28,8.56
PO-101134,CUST-A,VEND-10,2025-03-15,Received,ITM-0431,4,0.73,2.92
PO-101134,CUST-A,VEND-10,2025-03-15,Received,ITM-0511,4,26.15,104.60
PO-101134,CUST-A,VEND-10,2025-03-15,Received,ITM-0808,3,1.69,5.07
PO-101134,CUST-A,VEND-10,2025-03-15,Received,ITM-0929,12,1.11,13.32
PO-101135,CUST-H,VEND-09,2026-08-23,Open,ITM-0243,1,0.80,0.80
PO-101136,CUST-A,VEND-11,2025-09-04,Received,ITM-0433,1,1.16,1.16
PO-101136,CUST-A,VEND-11,2025-09-04,Received,ITM-0434,4,1.43,5.72
PO-101136,CUST-A,VEND-11,2025-09-04,Received,ITM-1015,10,4.52,45.20
PO-101137,CUST-C,VEND-04,2025-03-14,Received,ITM-0306,20,,
PO-101138,CUST-F,VEND-12,2024-07-19,Closed,ITM-0609,10,1.55,15.50
PO-101138,CUST-F,VEND-12,2024-07-19,Closed,ITM-0938,1,13.20,13.20
PO-101139,CUST-A,VEND-07,2025-03-06,Received,ITM-0220,2,2.61,5.22
PO-101139,CUST-A,VEND-07,2025-03-06,Received,ITM-0517,6,41.24,247.44
PO-101141,CUST-C,VEND-03,2024-03-17,Closed,ITM-0306,4,0.94,3.76
PO-101141,CUST-C,VEND-03,2024-03-17,Closed,ITM-0311,50,6.67,333.50
PO-101141,CUST-C,VEND-03,2024-03-17,Closed,ITM-0437,4,2.03,8.12
PO-101141,CUST-C,VEND-03,2024-03-17,Closed,ITM-0440,24,26.39,633.36
PO-101141,CUST-C,VEND-03,2024-03-17,Closed,ITM-0610,1,2.26,2.26
PO-101141,CUST-C,VEND-03,2024-03-17,Closed,ITM-0907,4,0.74,2.96
PO-101142,CUST-A,VEND-05,2024-10-07,Closed,ITM-0403,6,2.34,14.04
PO-101142,CUST-A,VEND-05,2024-10-07,Closed,ITM-0433,1,1.05,1.05
PO-101142,CUST-A,VEND-05,2024-10-07,Closed,ITM-0435,4,1.47,5.88
PO-101142,CUST-A,VEND-05,2024-10-07,Closed,ITM-0612,24,3.65,87.60
PO-101142,CUST-A,VEND-05,2024-10-07,Closed,ITM-0808,1,1.69,1.69
PO-101142,CUST-A,VEND-05,2024-10-07,Closed,ITM-0904,12,0.30,3.60
PO-101143,CUST-D,VEND-06,2026-05-19,Received,ITM-0224,4,1.61,6.44
PO-101143,CUST-D,VEND-06,2026-05-19,Received,ITM-0235,4,1.62,6.48
PO-101143,CUST-D,VEND-06,2026-05-19,Received,ITM-0243,12,0.78,9.36
PO-101143,CUST-D,VEND-06,2026-05-19,Received,ITM-0446,5,23.78,118.90
PO-101144,CUST-A,VEND-03,2024-01-29,Closed,ITM-0306,5,0.92,4.60
PO-101144,CUST-A,VEND-03,2024-01-29,Closed,ITM-0618,3,3.84,11.52
PO-101144,CUST-A,VEND-03,2024-01-29,Closed,ITM-1010,6,8.91,53.46
PO-101145,CUST-E,VEND-11,2026-03-28,Received,ITM-0629,4,3.26,13.04
PO-101145,CUST-E,VEND-11,2026-03-28,Received,ITM-1001,10,1.07,10.70
PO-101146,CUST-B,VEND-01,2024-05-20,Received,ITM-0228,2,4.15,8.30
PO-101146,CUST-B,VEND-01,2024-05-20,Received,ITM-0309,24,1.92,46.08
PO-101146,CUST-B,VEND-01,2024-05-20,Received,ITM-0426,20,24.89,497.80
PO-101146,CUST-B,VEND-01,2024-05-20,Received,ITM-0433,10,1.23,12.30
PO-101146,CUST-B,VEND-01,2024-05-20,Received,ITM-0939,2,15.71,31.42
PO-101146,CUST-B,VEND-01,2024-05-20,Received,ITM-1003,3,1.08,3.24
PO-101147,CUST-D,VEND-07,2024-04-23,Received,ITM-0517,4,39.77,159.08
PO-101147,CUST-D,VEND-07,2024-04-23,Received,ITM-0527,10,8.78,87.80
PO-101147,CUST-D,VEND-07,2024-04-23,Received,ITM-0527,10,8.78,87.80
PO-101148,CUST-B,VEND-06,2024-07-30,Received,ITM-0104,2,70.75,141.50
PO-101148,CUST-B,VEND-06,2024-07-30,Received,ITM-0614,6,5.71,34.26
PO-101149,CUST-A,VEND-11,2026-08-10,Closed,ITM-0432,24,0.97,23.28
PO-101149,CUST-A,VEND-11,2026-08-10,Closed,ITM-0434,50,1.40,70.00
PO-101149,CUST-A,VEND-11,2026-08-10,Closed,ITM-1015,4,4.60,18.40
PO-101150,CUST-C,VEND-01,2024-05-09,Received,ITM-0412,1,1.08,1.08
PO-101150,CUST-C,VEND-01,2024-05-09,Received,ITM-0426,4,25.89,103.56
PO-101150,CUST-C,VEND-01,2024-05-09,Received,ITM-0922,6,5.65,33.90
PO-101150,CUST-C,VEND-01,2024-05-09,Received,ITM-0943,10,22.77,227.70
PO-101150,CUST-C,VEND-01,2024-05-09,Received,ITM-1006,10,1.35,13.50
PO-101150,CUST-C,VEND-01,2024-05-09,Received,ITM-1010,4,9.46,37.84
PO-101151,CUST-A,VEND-03,2025-09-13,Closed,ITM-0243,6,0.69,4.14
PO-101151,CUST-A,VEND-03,2025-09-13,Closed,ITM-0907,24,0.70,16.80
PO-101152,CUST-D,VEND-10,2024-01-27,Received,ITM-0434,10,1.38,13.80
PO-101153,CUST-B,VEND-09,2024-05-29,Received,ITM-0243,1,0.72,0.72
PO-101153,CUST-B,VEND-09,2024-05-29,Received,ITM-0309,6,2.12,12.72
PO-101153,CUST-B,VEND-09,2024-05-29,Received,ITM-0929,24,1.18,28.32
PO-101154,CUST-C,VEND-09,2026-04-17,Closed,ITM-0805,24,35.86,860.64
PO-101154,CUST-C,VEND-09,2026-04-17,Closed,ITM-1021,10,5.28,52.80
PO-101155,CUST-C,VEND-10,2024-05-12,Received,ITM-0517,6,41.25,247.50
PO-101156,CUST-F,VEND-02,2024-06-23,Received,ITM-0220,2,2.69,5.38
PO-101156,CUST-F,VEND-02,2024-06-23,Received,ITM-0237,24,3.02,72.48
PO-101156,CUST-F,VEND-02,2024-06-23,Received,ITM-0632,1,4.26,4.26
PO-101156,CUST-F,VEND-02,2024-06-23,Received,ITM-0815,2,8.32,16.64
PO-101157,CUST-A,VEND-04,2025-10-28,Received,ITM-0737,2,78.23,156.46
PO-101157,CUST-A,VEND-04,2025-10-28,Received,ITM-1015,24,4.06,97.44
PO-101157,CUST-A,VEND-04,2025-10-28,Received,ITM-1015,24,4.06,97.44
PO-101158,CUST-A,VEND-12,2024-10-28,Received,ITM-0403,4,2.25,9.00
PO-101158,CUST-A,VEND-12,2024-10-28,Received,ITM-0612,12,4.00,48.00
PO-101158,CUST-A,VEND-12,2024-10-28,Received,ITM-0618,4,3.92,15.68
PO-101158,CUST-A,VEND-12,2024-10-28,Received,ITM-1015,12,4.22,50.64
PO-101159,CUST-H,VEND-11,2025-11-15,Closed,ITM-0943,12,25.09,301.08
PO-101160,CUST-D,VEND-12,2025-08-29,Closed,ITM-0403,24,2.63,63.12
PO-101160,CUST-D,VEND-12,2025-08-29,Closed,ITM-0426,6,24.55,147.30
PO-101160,CUST-D,VEND-12,2025-08-29,Closed,ITM-1015,10,4.62,46.20
PO-101161,CUST-A,VEND-12,2024-08-13,Received,ITM-0254,4,1.57,6.28
PO-101161,CUST-A,VEND-12,2024-08-13,Received,ITM-0612,6,3.92,23.52
PO-101162,CUST-G,VEND-11,2024-08-23,Received,ITM-0326,4,2.74,10.96
PO-101162,CUST-G,VEND-11,2024-08-23,Received,ITM-0629,12,3.05,36.60
PO-101163,CUST-B,VEND-06,2025-10-09,Closed,ITM-0235,4,1.71,6.84
PO-101163,CUST-B,VEND-06,2025-10-09,Closed,ITM-0629,2,3.25,6.50
PO-101163,CUST-B,VEND-06,2025-10-09,Closed,ITM-0922,12,5.82,69.84
PO-101163,CUST-B,VEND-06,2025-10-09,Closed,ITM-1015,10,4.57,45.70
PO-101164,CUST-C,VEND-02,2025-07-30,Received,ITM-0225,2,2.46,4.92
PO-101165,CUST-A,VEND-02,2025-03-21,Received,ITM-0237,2,3.09,6.18
PO-101165,CUST-A,VEND-02,2025-03-21,Received,ITM-0253,50,1.12,56.00
PO-101165,CUST-A,VEND-02,2025-03-21,Received,ITM-0621,1,4.08,4.08
PO-101165,CUST-A,VEND-02,2025-03-21,Received,ITM-0632,50,3.75,187.50
PO-101166,CUST-B,VEND-10,2026-04-13,Received,ITM-0235,10,1.70,17.00
PO-101166,CUST-B,VEND-10,2026-04-13,Received,ITM-0431,1,0.83,0.83
PO-101166,CUST-B,VEND-10,2026-04-13,Received,ITM-0929,6,1.23,7.38
PO-101167,CUST-H,VEND-06,2026-07-08,Open,ITM-0430,24,0.52,12.48
PO-101167,CUST-H,VEND-06,2026-07-08,Open,ITM-0446,1,23.55,23.55
PO-101167,CUST-H,VEND-06,2026-07-08,Open,ITM-1014,10,2.74,27.40
PO-101168,CUST-D,VEND-05,2025-09-30,Closed,ITM-0527,2,8.57,17.14
PO-101168,CUST-D,VEND-05,2025-09-30,Closed,ITM-0627,2,7.62,15.24
PO-101169,CUST-F,VEND-06,2024-08-15,Closed,ITM-0431,6,0.78,4.68
PO-101169,CUST-F,VEND-06,2024-08-15,Closed,ITM-0446,6,20.91,125.46
PO-101169,CUST-F,VEND-06,2024-08-15,Closed,ITM-0629,2,3.20,6.40
PO-101169,CUST-F,VEND-06,2024-08-15,Closed,ITM-1015,6,4.43,26.58
PO-101170,CUST-G,VEND-10,2026-03-10,Received,ITM-0328,6,3.55,21.30
PO-101170,CUST-G,VEND-10,2026-03-10,Received,ITM-1014,12,2.84,34.08
PO-101171,CUST-H,VEND-08,2026-06-15,Closed,ITM-0627,24,7.45,178.80
PO-101172,CUST-H,VEND-05,2024-03-23,Closed,ITM-0627,2,7.42,14.84
PO-101173,CUST-A,VEND-07,2026-02-21,Received,ITM-0250,1,65.13,65.13
PO-101173,CUST-A,VEND-07,2026-02-21,Received,ITM-0605,10,15.17,151.70
PO-101173,CUST-A,VEND-07,2026-02-21,Received,ITM-0612,2,3.98,7.96
PO-101173,CUST-A,VEND-07,2026-02-21,Received,ITM-0628,4,0.16,0.64
PO-101174,CUST-H,VEND-03,2025-05-21,Received,ITM-0311,6,6.94,41.64
PO-101174,CUST-H,VEND-03,2025-05-21,Received,ITM-0733,4,23.94,95.76
PO-101174,CUST-H,VEND-03,2025-05-21,Received,ITM-0808,24,1.90,45.60
PO-101174,CUST-H,VEND-03,2025-05-21,Received,ITM-0920,2,3.05,6.10
PO-101174,CUST-H,VEND-03,2025-05-21,Received,ITM-1014,2,2.81,5.62
PO-101175,CUST-E,VEND-06,2024-07-27,Received,ITM-0311,12,6.46,77.52
PO-101175,CUST-E,VEND-06,2024-07-27,Received,ITM-0446,2,22.90,45.80
PO-101175,CUST-E,VEND-06,2024-07-27,Received,ITM-1015,6,4.53,27.18
PO-101176,CUST-G,VEND-04,2024-12-27,Received,ITM-1022,2,5.50,11.00
PO-101178,CUST-D,VEND-03,2026-04-16,Closed,ITM-0917,24,3.79,90.96
PO-101178,CUST-D,VEND-03,2026-04-16,Closed,ITM-0939,6,16.57,99.42
PO-101179,CUST-E,VEND-06,2024-11-02,Received,ITM-0311,1,6.99,6.99
PO-101179,CUST-E,VEND-06,2024-11-02,Received,ITM-0446,6,22.73,136.38
PO-101179,CUST-E,VEND-06,2024-11-02,Received,ITM-0629,4,3.21,12.84
PO-101179,CUST-E,VEND-06,2024-11-02,Received,ITM-1006,4,1.36,5.44
PO-101180,CUST-F,VEND-10,2025-01-27,Received,ITM-0431,6,0.79,4.74
PO-101180,CUST-F,VEND-10,2025-01-27,Received,ITM-0517,4,41.10,164.40
PO-101180,CUST-F,VEND-10,2025-01-27,Received,ITM-0808,4,1.87,7.48
PO-101180,CUST-F,VEND-10,2025-01-27,Received,ITM-0929,50,1.09,54.50
PO-101181,CUST-A,VEND-05,2024-05-08,Closed,ITM-0433,6,1.01,6.06
PO-101181,CUST-A,VEND-05,2024-05-08,Closed,ITM-0612,10,3.60,36.00
PO-101182,CUST-A,VEND-11,2025-11-24,Received,ITM-0433,12,1.13,13.56
PO-101182,CUST-A,VEND-11,2025-11-24,Received,ITM-0434,4,1.43,5.72
PO-101182,CUST-A,VEND-11,2025-11-24,Received,ITM-0629,12,2.94,35.28
PO-101182,CUST-A,VEND-11,2025-11-24,Received,ITM-1015,6,4.34,26.04
PO-101183,CUST-B,VEND-08,2025-02-15,Cancelled,ITM-0902,4,4.49,17.96
PO-101184,CUST-B,VEND-12,2025-11-17,Received,ITM-0230,6,3.23,19.38
PO-101185,CUST-E,VEND-12,2024-08-29,Closed,ITM-0403,6,2.48,14.88
PO-101185,CUST-E,VEND-12,2024-08-29,Closed,ITM-1003,4,1.16,4.64
PO-101186,CUST-D,VEND-01,2024-01-04,Received,ITM-0611,10,3.29,32.90
PO-101186,CUST-D,VEND-01,2024-01-04,Received,ITM-0939,4,15.05,60.20
PO-101187,CUST-B,VEND-08,2026-04-27,Closed,ITM-0627,4,7.90,31.60
PO-101187,CUST-B,VEND-08,2026-04-27,Closed,ITM-0914,10,1.70,17.00
PO-101188,CUST-H,VEND-08,2025-02-22,Closed,ITM-0253,10,1.29,12.90
PO-101188,CUST-H,VEND-08,2025-02-22,Closed,ITM-0309,1,2.06,2.06
PO-101188,CUST-H,VEND-08,2025-02-22,Closed,ITM-0435,12,1.61,19.32
PO-101188,CUST-H,VEND-08,2025-02-22,Closed,ITM-0442,4,20.26,81.04
PO-101188,CUST-H,VEND-08,2025-02-22,Closed,ITM-0611,6,3.33,19.98
PO-101190,CUST-E,VEND-08,2024-07-25,Cancelled,ITM-0902,24,4.48,107.52
PO-101191,CUST-A,VEND-12,2025-10-29,Received,ITM-0403,3,2.52,7.56
PO-101191,CUST-A,VEND-12,2025-10-29,Received,ITM-0426,2,25.85,51.70
PO-101191,CUST-A,VEND-12,2025-10-29,Received,ITM-0612,2,4.18,8.36
PO-101191,CUST-A,VEND-12,2025-10-29,Received,ITM-1015,10,4.61,46.10
PO-101192,CUST-F,VEND-10,2025-02-16,Received,ITM-0517,2,43.03,86.06
PO-101192,CUST-F,VEND-10,2025-02-16,Received,ITM-1014,24,2.52,60.48
PO-101193,CUST-D,VEND-06,2026-05-25,Received,ITM-0235,4,1.64,6.56
PO-101193,CUST-D,VEND-06,2026-05-25,Received,ITM-0243,2,0.76,1.52
PO-101193,CUST-D,VEND-06,2026-05-25,Received,ITM-0446,6,22.96,137.76
PO-101193,CUST-D,VEND-06,2026-05-25,Received,ITM-0922,1,6.02,6.02
PO-101193,CUST-D,VEND-06,2026-05-25,Received,ITM-1014,10,2.61,26.10
PO-101193,CUST-D,VEND-06,2026-05-25,Received,ITM-1015,4,4.65,18.60
PO-101194,CUST-B,VEND-09,2024-11-16,Cancelled,ITM-0228,10,4.53,45.30
PO-101194,CUST-B,VEND-09,2024-11-16,Cancelled,ITM-0433,1,1.35,1.35
PO-101194,CUST-B,VEND-09,2024-11-16,Cancelled,ITM-0902,12,4.72,56.64
PO-101195,CUST-A,VEND-01,2025-09-22,Received,ITM-0623,1,2.36,2.36
PO-101195,CUST-A,VEND-01,2025-09-22,Received,ITM-1003,1,1.06,1.06
PO-101196,CUST-B,VEND-05,2024-05-02,Closed,ITM-0808,1,1.74,1.74
PO-101197,CUST-H,VEND-06,2024-01-04,Closed,ITM-0243,4,0.74,2.96
PO-101197,CUST-H,VEND-06,2024-01-04,Closed,ITM-0430,1,0.52,0.52
PO-101197,CUST-H,VEND-06,2024-01-04,Closed,ITM-0446,1,20.85,20.85
PO-101197,CUST-H,VEND-06,2024-01-04,Closed,ITM-0629,5,3.23,16.15
PO-101197,CUST-H,VEND-06,2024-01-04,Closed,ITM-0805,2,31.93,63.86
PO-101198,CUST-C,VEND-10,2026-03-12,Closed,ITM-0116,1,20.42,20.42
PO-101198,CUST-C,VEND-10,2026-03-12,Closed,ITM-0328,50,3.12,156.00
PO-101198,CUST-C,VEND-10,2026-03-12,Closed,ITM-0425,2,25.19,50.38
PO-101198,CUST-C,VEND-10,2026-03-12,Closed,ITM-0437,10,2.14,21.40
PO-101198,CUST-C,VEND-10,2026-03-12,Closed,ITM-0535,12,9.80,117.60
PO-101198,CUST-C,VEND-10,2026-03-12,Closed,ITM-0808,24,1.73,41.52
PO-101200,CUST-D,VEND-05,2025-09-30,Received,ITM-0403,1,2.38,2.38
PO-101200,CUST-D,VEND-05,2025-09-30,Received,ITM-0426,6,23.81,142.86
PO-101200,CUST-D,VEND-05,2025-09-30,Received,ITM-0733,2,22.83,45.66
PO-101201,CUST-B,VEND-05,2025-07-24,Closed,ITM-0403,50,2.31,115.50
PO-101201,CUST-B,VEND-05,2025-07-24,Closed,ITM-0404,2,3.11,6.22
PO-101201,CUST-B,VEND-05,2025-07-24,Closed,ITM-0433,2,1.19,2.38
PO-101201,CUST-B,VEND-05,2025-07-24,Closed,ITM-0629,2,2.98,5.96
PO-101202,CUST-D,VEND-06,2025-06-15,Received,ITM-0629,50,2.96,148.00
PO-101202,CUST-D,VEND-06,2025-06-15,Received,ITM-1015,1,4.24,4.24
PO-101203,CUST-A,VEND-03,2025-11-23,Received,ITM-0907,1,0.67,0.67
PO-101204,CUST-B,VEND-10,2026-07-11,Closed,ITM-0235,4,1.74,6.96
PO-101204,CUST-B,VEND-10,2026-07-11,Closed,ITM-0412,1,1.15,1.15
PO-101204,CUST-B,VEND-10,2026-07-11,Closed,ITM-0434,2,1.55,3.10
PO-101204,CUST-B,VEND-10,2026-07-11,Closed,ITM-0434,2,1.55,3.10
PO-101204,CUST-B,VEND-10,2026-07-11,Closed,ITM-0721,2,37.93,75.86
PO-101204,CUST-B,VEND-10,2026-07-11,Closed,ITM-0808,6,1.98,11.88
PO-101205,CUST-A,VEND-01,2025-07-15,Received,ITM-0426,1,23.00,23.00
PO-101206,CUST-A,VEND-08,2026-02-28,Closed,ITM-0243,1,0.71,0.71
PO-101206,CUST-A,VEND-08,2026-02-28,Closed,ITM-0611,2,3.44,6.88
PO-101207,CUST-D,VEND-04,2025-10-14,Cancelled,ITM-0446,2,22.11,44.22
PO-101208,CUST-F,VEND-02,2025-05-31,Closed,ITM-0632,24,4.23,101.52
PO-101208,CUST-F,VEND-02,2025-05-31,Closed,ITM-1011,2,4.05,8.10
PO-101209,CUST-H,VEND-03,2025-06-10,Received,ITM-0437,4,2.05,8.20
PO-101209,CUST-H,VEND-03,2025-06-10,Received,ITM-0442,10,21.65,216.50
PO-101209,CUST-H,VEND-03,2025-06-10,Received,ITM-1014,4,2.74,10.96
PO-101210,CUST-B,VEND-04,2024-10-05,Received,ITM-0225,10,2.21,22.10
PO-101210,CUST-B,VEND-04,2024-10-05,Received,ITM-0237,4,3.18,12.72
PO-101210,CUST-B,VEND-04,2024-10-05,Received,ITM-0737,10,73.91,739.10
PO-101210,CUST-B,VEND-04,2024-10-05,Received,ITM-0908,4,0.88,3.52
PO-101210,CUST-B,VEND-04,2024-10-05,Received,ITM-1015,2,4.50,9.00
PO-101210,CUST-B,VEND-04,2024-10-05,Received,ITM-1022,10,5.61,56.10
PO-101211,CUST-B,VEND-02,2024-07-14,Closed,ITM-0201,10,4.11,41.10
PO-101211,CUST-B,VEND-02,2024-07-14,Closed,ITM-0228,3,4.76,14.28
PO-101211,CUST-B,VEND-02,2024-07-14,Closed,ITM-0237,6,3.20,19.20
PO-101212,CUST-B,VEND-01,2026-04-04,Received,ITM-0228,10,4.66,46.60
PO-101212,CUST-B,VEND-01,2026-04-04,Received,ITM-0426,4,25.68,102.72
PO-101212,CUST-B,VEND-01,2026-04-04,Received,ITM-0434,4,1.57,6.28
PO-101213,CUST-A,VEND-10,2026-05-02,Received,ITM-1014,10,2.75,27.50
PO-101214,CUST-D,VEND-10,2026-03-13,Cancelled,ITM-0328,2,3.57,7.14
PO-101214,CUST-D,VEND-10,2026-03-13,Cancelled,ITM-0412,10,1.12,11.20
PO-101214,CUST-D,VEND-10,2026-03-13,Cancelled,ITM-0425,4,25.76,103.04
PO-101214,CUST-D,VEND-10,2026-03-13,Cancelled,ITM-0434,2,1.53,3.06
PO-101214,CUST-D,VEND-10,2026-03-13,Cancelled,ITM-0605,6,16.00,96.00
PO-101214,CUST-D,VEND-10,2026-03-13,Cancelled,ITM-0922,6,6.52,39.12
PO-101215,CUST-B,VEND-01,2025-04-09,Closed,ITM-0426,2,27.33,54.66
PO-101215,CUST-B,VEND-01,2025-04-09,Closed,ITM-1001,10,1.07,10.70
PO-101216,CUST-B,VEND-12,2024-05-10,Received,ITM-0220,12,2.60,31.20
PO-101216,CUST-B,VEND-12,2024-05-10,Received,ITM-0403,2,2.48,4.96
PO-101216,CUST-B,VEND-12,2024-05-10,Received,ITM-1011,50,3.35,167.50
PO-101217,CUST-G,VEND-05,2025-11-17,Closed,ITM-0311,6,6.74,40.44
PO-101217,CUST-G,VEND-05,2025-11-17,Closed,ITM-0404,1,3.15,3.15
PO-101217,CUST-G,VEND-05,2025-11-17,Closed,ITM-0414,6,1.90,11.40
PO-101217,CUST-G,VEND-05,2025-11-17,Closed,ITM-0612,4,3.92,15.68
PO-101217,CUST-G,VEND-05,2025-11-17,Closed,ITM-1014,12,2.66,31.92
PO-101217,CUST-G,VEND-05,2025-11-17,Closed,ITM-1017,4,3.29,13.16
PO-101218,CUST-E,VEND-11,2024-06-08,Received,ITM-0433,4,1.15,4.60
PO-101218,CUST-E,VEND-11,2024-06-08,Received,ITM-0943,6,24.84,149.04
PO-101218,CUST-E,VEND-11,2024-06-08,Received,ITM-1008,4,1.34,5.36
PO-101219,CUST-D,VEND-08,2025-02-25,Received,ITM-0632,1,4.18,4.18
PO-101220,CUST-D,VEND-01,2024-12-05,Closed,ITM-0943,10,22.97,229.70
PO-101221,CUST-A,VEND-12,2025-12-13,Received,ITM-0426,2,24.99,49.98
PO-101221,CUST-A,VEND-12,2025-12-13,Received,ITM-0612,2,4.03,8.06
PO-101222,CUST-D,VEND-02,2025-02-05,Closed,ITM-0228,24,4.68,112.32
PO-101222,CUST-D,VEND-02,2025-02-05,Closed,ITM-0237,2,3.21,6.42
PO-101222,CUST-D,VEND-02,2025-02-05,Closed,ITM-1020,6,8.70,52.20
PO-101223,CUST-A,VEND-10,2026-02-12,Closed,ITM-0425,2,24.78,49.56
PO-101223,CUST-A,VEND-10,2026-02-12,Closed,ITM-1014,1,2.76,2.76
PO-101224,CUST-B,VEND-05,2025-03-10,Closed,ITM-0426,6,25.43,152.58
PO-101224,CUST-B,VEND-05,2025-03-10,Closed,ITM-0815,50,7.85,392.50
PO-101225,CUST-F,VEND-06,2025-09-16,Received,ITM-0243,1,0.76,0.76
PO-101225,CUST-F,VEND-06,2025-09-16,Received,ITM-0628,6,0.15,0.90
PO-101225,CUST-F,VEND-06,2025-09-16,Received,ITM-0629,6,3.34,20.04
PO-101225,CUST-F,VEND-06,2025-09-16,Received,ITM-1015,2,4.54,9.08
PO-101226,CUST-E,VEND-08,2024-01-14,Closed,ITM-0611,4,3.21,12.84
PO-101227,CUST-E,VEND-12,2024-11-13,Received,ITM-0229,4,1.60,6.40
PO-101227,CUST-E,VEND-12,2024-11-13,Received,ITM-0403,6,2.48,14.88
PO-101227,CUST-E,VEND-12,2024-11-13,Received,ITM-0426,2,25.99,51.98
PO-101227,CUST-E,VEND-12,2024-11-13,Received,ITM-0612,10,4.42,44.20
PO-101228,CUST-G,VEND-10,2024-05-02,Closed,ITM-0328,10,3.21,32.10
PO-101228,CUST-G,VEND-10,2024-05-02,Closed,ITM-0605,1,15.46,15.46
PO-101228,CUST-G,VEND-10,2024-05-02,Closed,ITM-1014,6,2.66,15.96
PO-101229,CUST-A,VEND-08,2025-03-08,Received,ITM-0201,4,4.31,17.24
PO-101229,CUST-A,VEND-08,2025-03-08,Received,ITM-0621,24,3.35,80.40
PO-101229,CUST-A,VEND-08,2025-03-08,Received,ITM-0902,4,4.02,16.08
PO-101230,CUST-C,VEND-07,2026-06-27,Open,ITM-0220,1,2.88,2.88
PO-101230,CUST-C,VEND-07,2026-06-27,Open,ITM-0623,4,2.62,10.48
PO-101231,CUST-D,VEND-12,2026-03-27,Received,ITM-0403,3,,
PO-101231,CUST-D,VEND-12,2026-03-27,Received,ITM-0426,1,26.82,26.82
PO-101231,CUST-D,VEND-12,2026-03-27,Received,ITM-0426,1,26.82,26.82
PO-101231,CUST-D,VEND-12,2026-03-27,Received,ITM-0609,2,1.50,3.00
PO-101231,CUST-D,VEND-12,2026-03-27,Received,ITM-0911,2,1.35,2.70
PO-101231,CUST-D,VEND-12,2026-03-27,Received,ITM-1003,2,1.17,2.34
PO-101232,CUST-B,VEND-07,2025-07-02,Received,ITM-0104,2,70.04,140.08
PO-101232,CUST-B,VEND-07,2025-07-02,Received,ITM-0220,2,2.80,5.60
PO-101232,CUST-B,VEND-07,2025-07-02,Received,ITM-0303,12,2.60,31.20
PO-101232,CUST-B,VEND-07,2025-07-02,Received,ITM-0612,2,4.50,9.00
PO-101232,CUST-B,VEND-07,2025-07-02,Received,ITM-0628,10,0.16,1.60
PO-101232,CUST-B,VEND-07,2025-07-02,Received,ITM-0737,4,76.03,304.12
PO-101233,CUST-D,VEND-10,2026-08-27,Open,ITM-0434,4,1.56,6.24
PO-101235,CUST-A,VEND-10,2024-01-01,Received,ITM-0434,6,1.39,8.34
PO-101236,CUST-A,VEND-03,2025-12-14,Received,ITM-0808,2,1.77,3.54
PO-101236,CUST-A,VEND-03,2025-12-14,Received,ITM-0939,10,15.16,151.60
PO-101237,CUST-D,VEND-10,2025-02-11,Closed,ITM-1014,24,2.38,57.12
PO-101238,CUST-A,VEND-02,2025-07-24,Closed,ITM-0237,4,3.11,12.44
PO-101238,CUST-A,VEND-02,2025-07-24,Closed,ITM-0621,24,3.84,92.16
PO-101239,CUST-D,VEND-11,2026-08-28,Received,ITM-0911,4,1.36,5.44
PO-101239,CUST-D,VEND-11,2026-08-28,Received,ITM-1015,6,4.64,27.84
PO-101240,CUST-F,VEND-11,2024-06-09,Closed,ITM-0250,12,60.20,722.40
PO-101240,CUST-F,VEND-11,2024-06-09,Closed,ITM-0627,4,7.50,30.00
PO-101240,CUST-F,VEND-11,2024-06-09,Closed,ITM-0911,24,1.20,28.80
PO-101240,CUST-F,VEND-11,2024-06-09,Closed,ITM-1015,2,4.34,8.68
PO-101241,CUST-C,VEND-11,2025-05-27,Received,ITM-0416,1,2.75,2.75
PO-101242,CUST-B,VEND-09,2025-04-28,Received,ITM-0243,24,0.70,16.80
PO-101243,CUST-A,VEND-02,2024-04-13,Received,ITM-0229,20,1.48,29.60
PO-101243,CUST-A,VEND-02,2024-04-13,Received,ITM-0235,20,1.55,31.00
PO-101243,CUST-A,VEND-02,2024-04-13,Received,ITM-0311,1,6.59,6.59
PO-101243,CUST-A,VEND-02,2024-04-13,Received,ITM-0629,4,2.78,11.12
PO-101244,CUST-A,VEND-05,2026-06-26,Open,ITM-0612,12,4.23,50.76
PO-101245,CUST-H,VEND-06,2026-03-21,Closed,ITM-0311,50,6.73,336.50
PO-101247,CUST-E,VEND-09,2025-12-25,Received,ITM-0433,12,1.31,15.72
PO-101247,CUST-E,VEND-09,2025-12-25,Received,ITM-0614,2,6.41,12.82
PO-101247,CUST-E,VEND-09,2025-12-25,Received,ITM-1011,24,4.07,97.68
PO-101248,CUST-A,VEND-10,2024-06-21,Cancelled,ITM-0610,4,2.19,8.76
PO-101249,CUST-B,VEND-01,2025-04-15,Closed,ITM-0228,6,4.70,28.20
PO-101249,CUST-B,VEND-01,2025-04-15,Closed,ITM-0433,24,1.22,29.28
PO-101250,CUST-B,VEND-12,2025-09-23,Received,ITM-0220,4,2.89,11.56
PO-101250,CUST-B,VEND-12,2025-09-23,Received,ITM-0403,10,2.73,27.30
PO-101250,CUST-B,VEND-12,2025-09-23,Received,ITM-1015,4,4.37,17.48
PO-101251,CUST-B,VEND-11,2026-05-13,Received,ITM-0629,5,3.04,15.20
PO-101252,CUST-H,VEND-11,2024-05-30,Received,ITM-0326,5,2.73,13.65
PO-101252,CUST-H,VEND-11,2024-05-30,Received,ITM-0808,5,1.82,9.10
PO-101254,CUST-B,VEND-11,2025-09-04,Received,ITM-0443,1,4.89,4.89
PO-101254,CUST-B,VEND-11,2025-09-04,Received,ITM-0911,4,1.34,5.36
PO-101255,CUST-A,VEND-07,2024-02-12,Closed,ITM-0942,6,0.29,1.74
PO-101256,CUST-F,VEND-10,2026-03-30,Received,ITM-0922,4,6.37,25.48
PO-101257,CUST-E,VEND-05,2026-06-15,Received,ITM-0433,1,1.21,1.21
PO-101257,CUST-E,VEND-05,2026-06-15,Received,ITM-0612,5,4.27,21.35
PO-101257,CUST-E,VEND-05,2026-06-15,Received,ITM-0620,10,3.34,33.40
PO-101257,CUST-E,VEND-05,2026-06-15,Received,ITM-1006,6,1.35,8.10
PO-101257,CUST-E,VEND-05,2026-06-15,Received,ITM-1014,2,2.77,5.54
PO-101258,CUST-A,VEND-12,2024-02-04,Closed,ITM-0612,10,3.84,38.40
PO-101259,CUST-F,VEND-01,2026-08-21,Received,ITM-0228,10,4.56,45.60
PO-101259,CUST-F,VEND-01,2026-08-21,Received,ITM-0412,5,1.14,5.70
PO-101260,CUST-C,VEND-07,2024-04-11,Closed,ITM-1001,1,1.03,1.03
PO-101260,CUST-C,VEND-07,2024-04-11,Closed,ITM-1001,1,1.03,1.03
PO-101261,CUST-A,VEND-03,2025-12-21,Closed,ITM-0440,6,24.86,149.16
PO-101261,CUST-A,VEND-03,2025-12-21,Closed,ITM-0618,2,3.93,7.86
PO-101261,CUST-A,VEND-03,2025-12-21,Closed,ITM-0621,10,3.88,38.80
PO-101261,CUST-A,VEND-03,2025-12-21,Closed,ITM-0928,1,0.77,0.77
PO-101262,CUST-D,VEND-11,2024-10-10,Received,ITM-0434,5,1.45,7.25
PO-101262,CUST-D,VEND-11,2024-10-10,Received,ITM-0629,50,2.54,127.00
PO-101262,CUST-D,VEND-11,2024-10-10,Received,ITM-0737,5,73.35,366.75
PO-101262,CUST-D,VEND-11,2024-10-10,Received,ITM-1015,4,4.37,17.48
PO-101263,CUST-C,VEND-06,2026-02-09,Received,ITM-0446,20,22.63,452.60
PO-101263,CUST-C,VEND-06,2026-02-09,Received,ITM-0632,1,4.05,4.05
PO-101263,CUST-C,VEND-06,2026-02-09,Received,ITM-0922,2,5.88,11.76
PO-101264,CUST-A,VEND-03,2024-01-16,Closed,ITM-0243,3,0.64,1.92
PO-101264,CUST-A,VEND-03,2024-01-16,Closed,ITM-0618,12,3.64,43.68
PO-101265,CUST-E,VEND-08,2024-01-09,Received,ITM-0310,10,4.38,43.80
PO-101266,CUST-C,VEND-09,2025-04-03,Received,ITM-0201,20,4.32,86.40
PO-101266,CUST-C,VEND-09,2025-04-03,Received,ITM-0228,10,4.56,45.60
PO-101266,CUST-C,VEND-09,2025-04-03,Received,ITM-0250,1,63.00,63.00
PO-101266,CUST-C,VEND-09,2025-04-03,Received,ITM-0902,12,4.60,55.20
PO-101266,CUST-C,VEND-09,2025-04-03,Received,ITM-1011,4,4.11,16.44
PO-101266,CUST-C,VEND-09,2025-04-03,Received,ITM-1021,2,4.94,9.88
PO-101267,CUST-B,VEND-11,2024-11-22,Received,ITM-0433,10,1.13,11.30
PO-101268,CUST-F,VEND-10,2025-12-05,Received,ITM-0412,2,1.16,2.32
PO-101268,CUST-F,VEND-10,2025-12-05,Received,ITM-0431,10,0.81,8.10
PO-101268,CUST-F,VEND-10,2025-12-05,Received,ITM-0434,2,1.58,3.16
PO-101268,CUST-F,VEND-10,2025-12-05,Received,ITM-0902,2,4.65,9.30
PO-101268,CUST-F,VEND-10,2025-12-05,Received,ITM-1014,4,2.72,10.88
PO-101269,CUST-H,VEND-12,2025-04-01,Received,ITM-0220,50,2.61,130.50
PO-101269,CUST-H,VEND-12,2025-04-01,Received,ITM-0403,2,2.52,5.04
PO-101269,CUST-H,VEND-12,2025-04-01,Received,ITM-0612,6,4.00,24.00
PO-101269,CUST-H,VEND-12,2025-04-01,Received,ITM-1015,24,4.45,106.80
PO-101270,CUST-B,VEND-04,2024-09-28,Received,ITM-0737,2,78.00,156.00
PO-101271,CUST-A,VEND-09,2024-04-26,Closed,ITM-0929,4,1.11,4.44
PO-101272,CUST-F,VEND-12,2024-11-13,Received,ITM-0230,2,3.09,6.18
PO-101272,CUST-F,VEND-12,2024-11-13,Received,ITM-0328,1,3.22,3.22
PO-101272,CUST-F,VEND-12,2024-11-13,Received,ITM-0403,1,2.49,2.49
PO-101272,CUST-F,VEND-12,2024-11-13,Received,ITM-0426,20,25.16,503.20
PO-101272,CUST-F,VEND-12,2024-11-13,Received,ITM-0609,4,1.43,5.72
PO-101273,CUST-D,VEND-01,2025-05-05,Received,ITM-0426,6,25.95,155.70
PO-101273,CUST-D,VEND-01,2025-05-05,Received,ITM-0623,4,2.73,10.92
PO-101274,CUST-A,VEND-01,2025-10-30,Received,ITM-0426,12,26.07,312.84
PO-101275,CUST-A,VEND-08,2024-07-31,Received,ITM-0250,3,60.82,182.46
PO-101275,CUST-A,VEND-08,2024-07-31,Received,ITM-0611,6,3.10,18.60
PO-101275,CUST-A,VEND-08,2024-07-31,Received,ITM-0627,24,6.59,158.16
PO-101275,CUST-A,VEND-08,2024-07-31,Received,ITM-0902,1,4.11,4.11
PO-101276,CUST-D,VEND-07,2024-10-28,Received,ITM-0612,2,4.18,8.36
PO-101277,CUST-G,VEND-12,2024-03-30,Received,ITM-0220,6,2.68,16.08
PO-101277,CUST-G,VEND-12,2024-03-30,Received,ITM-0254,20,1.71,34.20
PO-101277,CUST-G,VEND-12,2024-03-30,Received,ITM-0328,10,3.12,31.20
PO-101277,CUST-G,VEND-12,2024-03-30,Received,ITM-1011,2,3.85,7.70
PO-101277,CUST-G,VEND-12,2024-03-30,Received,ITM-1015,6,4.28,25.68
PO-101279,CUST-F,VEND-06,2025-10-27,Received,ITM-0224,10,1.49,14.90
PO-101279,CUST-F,VEND-06,2025-10-27,Received,ITM-1015,10,4.44,44.40
PO-101280,CUST-C,VEND-07,2026-04-11,Received,ITM-0220,1,2.82,2.82
PO-101281,CUST-H,VEND-11,2024-09-10,Received,ITM-0433,1,1.25,1.25
PO-101281,CUST-H,VEND-11,2024-09-10,Received,ITM-0434,1,1.45,1.45
PO-101281,CUST-H,VEND-11,2024-09-10,Received,ITM-0808,3,1.90,5.70
PO-101281,CUST-H,VEND-11,2024-09-10,Received,ITM-0911,24,1.19,28.56
PO-101281,CUST-H,VEND-11,2024-09-10,Received,ITM-0914,1,1.62,1.62
PO-101281,CUST-H,VEND-11,2024-09-10,Received,ITM-1020,24,8.64,207.36
PO-101282,CUST-E,VEND-11,2024-04-10,Received,ITM-0437,1,2.02,2.02
PO-101282,CUST-E,VEND-11,2024-04-10,Received,ITM-0609,1,1.59,1.59
PO-101282,CUST-E,VEND-11,2024-04-10,Received,ITM-0629,6,2.71,16.26
PO-101282,CUST-E,VEND-11,2024-04-10,Received,ITM-0913,1,1.42,1.42
PO-101282,CUST-E,VEND-11,2024-04-10,Received,ITM-1015,6,4.26,25.56
PO-101285,CUST-D,VEND-11,2024-06-22,Received,ITM-0326,1,2.77,2.77
PO-101285,CUST-D,VEND-11,2024-06-22,Received,ITM-1015,3,4.14,12.42
PO-101286,CUST-D,VEND-12,2025-03-23,Closed,ITM-1015,5,4.35,21.75
PO-101287,CUST-H,VEND-09,2026-05-30,Closed,ITM-0434,10,1.67,16.70
PO-101287,CUST-H,VEND-09,2026-05-30,Closed,ITM-0902,1,47.80,47.80
PO-101287,CUST-H,VEND-09,2026-05-30,Closed,ITM-0914,4,1.69,6.76
PO-101288,CUST-A,VEND-12,2026-05-16,Received,ITM-0254,4,1.69,6.76
PO-101289,CUST-C,VEND-05,2024-02-17,Closed,ITM-0612,1,3.93,3.93
PO-101289,CUST-C,VEND-05,2024-02-17,Closed,ITM-1014,5,2.50,12.50
PO-101290,CUST-A,VEND-12,2026-07-18,Open,ITM-0254,6,1.85,11.10
PO-101291,CUST-B,VEND-05,2026-01-05,Closed,ITM-0412,10,1.09,10.90
PO-101291,CUST-B,VEND-05,2026-01-05,Closed,ITM-0629,4,3.25,13.00
PO-101292,CUST-D,VEND-07,2026-03-31,Closed,ITM-0604,4,12.58,50.32
PO-101292,CUST-D,VEND-07,2026-03-31,Closed,ITM-0921,6,3.69,22.14
PO-101293,CUST-H,VEND-12,2025-04-10,Received,ITM-0309,24,2.00,48.00
PO-101293,CUST-H,VEND-12,2025-04-10,Received,ITM-0403,4,2.47,9.88
PO-101293,CUST-H,VEND-12,2025-04-10,Received,ITM-0612,1,4.21,4.21
PO-101293,CUST-H,VEND-12,2025-04-10,Received,ITM-0908,1,0.91,0.91
PO-101294,CUST-D,VEND-05,2024-12-16,Closed,ITM-0414,6,1.78,10.68
PO-101294,CUST-D,VEND-05,2024-12-16,Closed,ITM-0426,10,23.50,235.00
PO-101294,CUST-D,VEND-05,2024-12-16,Closed,ITM-0612,1,3.78,3.78
PO-101294,CUST-D,VEND-05,2024-12-16,Closed,ITM-0627,10,7.36,73.60
PO-101297,CUST-A,VEND-01,2025-05-10,Received,ITM-0310,12,4.17,50.04
PO-101297,CUST-A,VEND-01,2025-05-10,Received,ITM-0433,1,1.19,1.19
PO-101297,CUST-A,VEND-01,2025-05-10,Received,ITM-0434,4,1.36,5.44
PO-101297,CUST-A,VEND-01,2025-05-10,Received,ITM-0604,10,11.92,119.20
PO-101298,CUST-C,VEND-03,2026-02-06,Closed,ITM-0211,2,12.98,25.96
PO-101298,CUST-C,VEND-03,2026-02-06,Closed,ITM-0621,1,4.53,4.53
PO-101298,CUST-C,VEND-03,2026-02-06,Closed,ITM-0808,4,1.85,7.40
PO-101298,CUST-C,VEND-03,2026-02-06,Closed,ITM-0809,4,2.58,10.32
PO-101298,CUST-C,VEND-03,2026-02-06,Closed,ITM-1020,3,9.54,28.62
PO-101299,CUST-D,VEND-06,2026-07-16,Open,ITM-0715,1,74.97,74.97
PO-101299,CUST-D,VEND-06,2026-07-16,Open,ITM-1015,5,4.37,21.85
PO-101300,CUST-C,VEND-10,2026-05-11,Received,ITM-0328,12,3.57,42.84
PO-101300,CUST-C,VEND-10,2026-05-11,Received,ITM-0605,12,16.79,201.48
PO-101300,CUST-C,VEND-10,2026-05-11,Received,ITM-0922,12,6.47,77.64
PO-101301,CUST-G,VEND-05,2026-03-16,Received,ITM-0328,1,3.19,3.19
PO-101302,CUST-F,VEND-11,2024-09-01,Received,ITM-1015,2,4.25,8.50
PO-101303,CUST-A,VEND-05,2025-05-16,Received,ITM-0443,2,5.17,10.34
PO-101303,CUST-A,VEND-05,2025-05-16,Received,ITM-0612,10,3.94,39.40
PO-101303,CUST-A,VEND-05,2025-05-16,Received,ITM-0808,1,1.80,1.80
PO-101304,CUST-D,VEND-04,2026-08-19,Received,ITM-0326,10,2.71,27.10
PO-101304,CUST-D,VEND-04,2026-08-19,Received,ITM-0632,10,4.32,43.20
PO-101304,CUST-D,VEND-04,2026-08-19,Received,ITM-1015,2,4.54,9.08
PO-101305,CUST-A,VEND-05,2025-06-25,Closed,ITM-0328,24,2.90,69.60
PO-101305,CUST-A,VEND-05,2025-06-25,Closed,ITM-0433,2,1.11,2.22
PO-101305,CUST-A,VEND-05,2025-06-25,Closed,ITM-0612,4,3.65,14.60
PO-101305,CUST-A,VEND-05,2025-06-25,Closed,ITM-1010,2,8.85,17.70
PO-101307,CUST-H,VEND-08,2024-02-15,Received,ITM-0306,2,0.92,1.84
PO-101307,CUST-H,VEND-08,2024-02-15,Received,ITM-0511,4,24.16,96.64
PO-101307,CUST-H,VEND-08,2024-02-15,Received,ITM-0902,1,44.50,44.50
PO-101308,CUST-C,VEND-07,2024-04-29,Cancelled,ITM-0220,1,2.68,2.68
PO-101308,CUST-C,VEND-07,2024-04-29,Cancelled,ITM-0942,24,0.30,7.20
PO-101308,CUST-C,VEND-07,2024-04-29,Cancelled,ITM-0943,12,24.32,291.84
PO-101308,CUST-C,VEND-07,2024-04-29,Cancelled,ITM-1001,6,1.05,6.30
PO-101309,CUST-H,VEND-01,2025-02-25,Received,ITM-0604,4,13.26,53.04
PO-101310,CUST-A,VEND-10,2024-04-26,Cancelled,ITM-0511,1,24.23,24.23
PO-101310,CUST-A,VEND-10,2024-04-26,Cancelled,ITM-0517,2,36.82,73.64
PO-101310,CUST-A,VEND-10,2024-04-26,Cancelled,ITM-0913,1,1.27,1.27
PO-101311,CUST-F,VEND-09,2024-01-23,Received,ITM-0433,12,1.15,13.80
PO-101312,CUST-B,VEND-04,2025-11-30,Closed,ITM-0446,24,22.18,532.32
PO-101312,CUST-B,VEND-04,2025-11-30,Closed,ITM-0605,50,16.35,817.50
PO-101312,CUST-B,VEND-04,2025-11-30,Closed,ITM-0605,50,16.35,817.50
PO-101312,CUST-B,VEND-04,2025-11-30,Closed,ITM-0611,6,3.55,21.30
PO-101313,CUST-A,VEND-05,2024-11-14,Received,ITM-0403,20,2.44,48.80
PO-101313,CUST-A,VEND-05,2024-11-14,Received,ITM-0815,1,8.03,8.03
PO-101315,CUST-B,VEND-09,2025-04-13,Closed,ITM-0228,10,4.54,45.40
PO-101315,CUST-B,VEND-09,2025-04-13,Closed,ITM-0416,2,2.84,5.68
PO-101316,CUST-A,VEND-08,2026-06-06,Open,ITM-0517,4,42.05,168.20
PO-101316,CUST-A,VEND-08,2026-06-06,Open,ITM-0929,3,,
PO-101316,CUST-A,VEND-08,2026-06-06,Open,ITM-1018,12,5.08,60.96
PO-101317,CUST-A,VEND-08,2025-05-20,Received,ITM-0201,6,4.14,24.84
PO-101317,CUST-A,VEND-08,2025-05-20,Received,ITM-0611,24,3.00,72.00
PO-101317,CUST-A,VEND-08,2025-05-20,Received,ITM-1008,24,1.34,32.16
PO-101318,CUST-A,VEND-04,2025-09-04,Received,ITM-0237,4,2.88,11.52
PO-101318,CUST-A,VEND-04,2025-09-04,Received,ITM-0632,2,4.26,8.52
PO-101318,CUST-A,VEND-04,2025-09-04,Received,ITM-1015,10,4.03,40.30
PO-101319,CUST-A,VEND-01,2025-07-04,Cancelled,ITM-0611,12,3.35,40.20
PO-101321,CUST-H,VEND-11,2025-07-30,Received,ITM-0808,6,1.96,11.76
PO-101322,CUST-A,VEND-11,2025-08-16,Received,ITM-0433,4,1.10,4.40
PO-101323,CUST-G,VEND-12,2024-11-22,Received,ITM-0230,1,2.94,2.94
PO-101324,CUST-C,VEND-01,2024-06-19,Received,ITM-0434,1,1.39,1.39
PO-101325,CUST-D,VEND-02,2024-08-23,Received,ITM-1021,2,4.38,8.76
PO-101326,CUST-D,VEND-10,2025-06-30,Cancelled,ITM-0235,2,1.74,3.48
PO-101326,CUST-D,VEND-10,2025-06-30,Cancelled,ITM-0412,4,1.11,4.44
PO-101326,CUST-D,VEND-10,2025-06-30,Cancelled,ITM-0434,6,1.49,8.94
PO-101326,CUST-D,VEND-10,2025-06-30,Cancelled,ITM-0437,24,1.98,47.52
PO-101326,CUST-D,VEND-10,2025-06-30,Cancelled,ITM-0922,1,6.06,6.06
PO-101326,CUST-D,VEND-10,2025-06-30,Cancelled,ITM-1014,1,2.75,2.75
PO-101327,CUST-A,VEND-10,2026-04-10,Received,ITM-0434,10,1.54,15.40
PO-101328,CUST-H,VEND-05,2025-09-21,Received,ITM-0414,6,1.86,11.16
PO-101328,CUST-H,VEND-05,2025-09-21,Received,ITM-0414,6,1.86,11.16
PO-101328,CUST-H,VEND-05,2025-09-21,Received,ITM-0629,10,3.15,31.50
PO-101329,CUST-D,VEND-03,2026-03-15,Cancelled,ITM-0733,1,24.95,24.95
PO-101330,CUST-C,VEND-01,2025-02-02,Closed,ITM-0943,50,21.31,1065.50
PO-101331,CUST-B,VEND-08,2026-03-30,Received,ITM-0611,4,3.44,13.76
PO-101332,CUST-A,VEND-09,2026-01-06,Closed,ITM-0250,10,59.98,599.80
PO-101332,CUST-A,VEND-09,2026-01-06,Closed,ITM-0902,2,4.20,8.40
PO-101333,CUST-D,VEND-02,2026-05-26,Received,ITM-0228,24,4.50,108.00
PO-101333,CUST-D,VEND-02,2026-05-26,Received,ITM-0815,4,9.08,36.32
PO-101333,CUST-D,VEND-02,2026-05-26,Received,ITM-0938,2,13.56,27.12
PO-101333,CUST-D,VEND-02,2026-05-26,Received,ITM-1018,2,5.46,10.92
PO-101334,CUST-D,VEND-12,2025-12-21,Received,ITM-0403,5,2.51,12.55
PO-101334,CUST-D,VEND-12,2025-12-21,Received,ITM-1015,6,4.70,28.20
PO-101335,CUST-A,VEND-11,2024-11-24,Received,ITM-0433,2,1.14,2.28
PO-101335,CUST-A,VEND-11,2024-11-24,Received,ITM-0808,2,1.84,3.68
PO-101335,CUST-A,VEND-11,2024-11-24,Received,ITM-0911,6,1.23,7.38
PO-101335,CUST-A,VEND-11,2024-11-24,Received,ITM-1015,12,4.14,49.68
PO-101336,CUST-H,VEND-01,2026-05-10,Received,ITM-0414,20,1.95,39.00
PO-101336,CUST-H,VEND-01,2026-05-10,Received,ITM-0433,12,1.20,14.40
PO-101336,CUST-H,VEND-01,2026-05-10,Received,ITM-0434,24,1.55,37.20
PO-101336,CUST-H,VEND-01,2026-05-10,Received,ITM-0604,1,13.04,13.04
PO-101336,CUST-H,VEND-01,2026-05-10,Received,ITM-0939,2,16.73,33.46
PO-101337,CUST-F,VEND-04,2025-07-20,Received,ITM-0632,10,4.64,46.40
PO-101338,CUST-A,VEND-04,2025-01-08,Received,ITM-0237,1,2.99,2.99
PO-101338,CUST-A,VEND-04,2025-01-08,Received,ITM-0535,4,8.44,33.76
PO-101339,CUST-A,VEND-08,2024-02-13,Received,ITM-0306,5,0.88,4.40
PO-101339,CUST-A,VEND-08,2024-02-13,Received,ITM-0611,12,3.02,36.24
PO-101340,CUST-H,VEND-02,2025-09-23,Received,ITM-0237,2,3.25,6.50
PO-101341,CUST-D,VEND-09,2024-09-08,Closed,ITM-0421,6,17.94,107.64
PO-101341,CUST-D,VEND-09,2024-09-08,Closed,ITM-0433,1,1.20,1.20
PO-101342,CUST-G,VEND-02,2026-05-04,Closed,ITM-0201,4,4.58,18.32
PO-101342,CUST-G,VEND-02,2026-05-04,Closed,ITM-0237,1,3.50,3.50
PO-101343,CUST-C,VEND-03,2026-03-24,Received,ITM-0610,6,2.23,13.38
PO-101344,CUST-H,VEND-12,2024-05-26,Received,ITM-0612,10,4.14,41.40
PO-101344,CUST-H,VEND-12,2024-05-26,Received,ITM-0911,12,1.24,14.88
PO-101345,CUST-D,VEND-05,2024-09-07,Closed,ITM-1017,6,3.03,18.18
PO-101346,CUST-D,VEND-09,2026-03-20,Closed,ITM-0228,24,4.52,108.48
PO-101346,CUST-D,VEND-09,2026-03-20,Closed,ITM-0434,2,1.61,3.22
PO-101347,CUST-D,VEND-12,2024-06-15,Received,ITM-0254,2,1.65,3.30
PO-101347,CUST-D,VEND-12,2024-06-15,Received,ITM-0309,6,1.99,11.94
PO-101347,CUST-D,VEND-12,2024-06-15,Received,ITM-0426,1,23.84,23.84
PO-101348,CUST-D,VEND-10,2026-08-07,Open,ITM-0511,1,27.44,27.44
PO-101348,CUST-D,VEND-10,2026-08-07,Open,ITM-0517,2,43.89,87.78
PO-101348,CUST-D,VEND-10,2026-08-07,Open,ITM-0922,12,6.38,76.56
PO-101348,CUST-D,VEND-10,2026-08-07,Open,ITM-1014,6,2.84,17.04
PO-101349,CUST-A,VEND-07,2025-11-27,Closed,ITM-0251,2,2.31,4.62
PO-101349,CUST-A,VEND-07,2025-11-27,Closed,ITM-0305,2,41.17,82.34
PO-101349,CUST-A,VEND-07,2025-11-27,Closed,ITM-0612,2,3.97,7.94
PO-101349,CUST-A,VEND-07,2025-11-27,Closed,ITM-0715,2,70.31,140.62
PO-101350,CUST-B,VEND-07,2026-08-14,Open,ITM-0250,2,65.57,131.14
PO-101351,CUST-A,VEND-05,2025-10-31,Cancelled,ITM-0257,1,0.72,0.72
PO-101351,CUST-A,VEND-05,2025-10-31,Cancelled,ITM-0403,6,2.48,14.88
PO-101351,CUST-A,VEND-05,2025-10-31,Cancelled,ITM-0612,2,3.90,7.80
PO-101352,CUST-E,VEND-02,2026-05-06,Received,ITM-0220,2,2.80,5.60
PO-101353,CUST-D,VEND-02,2025-01-16,Closed,ITM-0228,4,4.86,19.44
PO-101353,CUST-D,VEND-02,2025-01-16,Closed,ITM-0235,2,1.63,3.26
PO-101353,CUST-D,VEND-02,2025-01-16,Closed,ITM-0815,24,7.98,191.52
PO-101355,CUST-A,VEND-07,2026-08-12,Closed,ITM-0220,4,2.76,11.04
PO-101355,CUST-A,VEND-07,2026-08-12,Closed,ITM-0612,1,4.23,4.23
PO-101355,CUST-A,VEND-07,2026-08-12,Closed,ITM-0623,1,2.31,2.31
PO-101356,CUST-B,VEND-11,2024-03-02,Cancelled,ITM-0629,1,2.98,2.98
PO-101356,CUST-B,VEND-11,2024-03-02,Cancelled,ITM-0808,2,1.83,3.66
PO-101357,CUST-C,VEND-06,2025-09-05,Received,ITM-0629,1,3.50,3.50
PO-101357,CUST-C,VEND-06,2025-09-05,Received,ITM-0632,5,4.27,21.35
PO-101357,CUST-C,VEND-06,2025-09-05,Received,ITM-1015,1,4.66,4.66
PO-101358,CUST-F,VEND-02,2024-09-14,Closed,ITM-0220,4,2.66,10.64
PO-101358,CUST-F,VEND-02,2024-09-14,Closed,ITM-0938,5,12.48,62.40
PO-101358,CUST-F,VEND-02,2024-09-14,Closed,ITM-1018,12,5.16,61.92
PO-101358,CUST-F,VEND-02,2024-09-14,Closed,ITM-1020,4,8.38,33.52
PO-101359,CUST-D,VEND-10,2025-05-09,Closed,ITM-0434,10,1.52,15.20
PO-101359,CUST-D,VEND-10,2025-05-09,Closed,ITM-0517,2,40.75,81.50
PO-101359,CUST-D,VEND-10,2025-05-09,Closed,ITM-0922,20,5.80,116.00
PO-101360,CUST-F,VEND-03,2025-12-26,Closed,ITM-0311,10,7.54,75.40
PO-101361,CUST-B,VEND-10,2025-09-04,Received,ITM-0434,2,1.54,3.08
PO-101361,CUST-B,VEND-10,2025-09-04,Received,ITM-1014,2,2.81,5.62
PO-101362,CUST-C,VEND-04,2024-04-08,Received,ITM-1015,1,4.23,4.23
PO-101363,CUST-G,VEND-11,2025-11-06,Closed,ITM-0609,24,1.49,35.76
PO-101366,CUST-F,VEND-05,2024-06-15,Received,ITM-0612,4,4.07,16.28
PO-101366,CUST-F,VEND-05,2024-06-15,Received,ITM-0815,10,8.16,81.60
PO-101367,CUST-C,VEND-11,2025-01-12,Cancelled,ITM-0434,4,1.58,6.32
PO-101367,CUST-C,VEND-11,2025-01-12,Cancelled,ITM-0437,4,1.97,7.88
PO-101367,CUST-C,VEND-11,2025-01-12,Cancelled,ITM-0437,4,1.97,7.88
PO-101368,CUST-A,VEND-05,2026-02-17,Received,ITM-0403,4,2.44,9.76
PO-101368,CUST-A,VEND-05,2026-02-17,Received,ITM-0433,2,1.07,2.14
PO-101368,CUST-A,VEND-05,2026-02-17,Received,ITM-0527,1,8.76,8.76
PO-101368,CUST-A,VEND-05,2026-02-17,Received,ITM-0914,24,1.47,35.28
PO-101369,CUST-D,VEND-08,2024-12-13,Received,ITM-0517,4,43.22,172.88
PO-101369,CUST-D,VEND-08,2024-12-13,Received,ITM-0632,50,3.63,181.50
PO-101369,CUST-D,VEND-08,2024-12-13,Received,ITM-0929,2,1.13,2.26
PO-101369,CUST-D,VEND-08,2024-12-13,Received,ITM-1018,20,4.91,98.20
PO-101370,CUST-D,VEND-06,2024-01-07,Received,ITM-0235,1,1.58,1.58
PO-101370,CUST-D,VEND-06,2024-01-07,Received,ITM-0243,24,0.71,17.04
PO-101370,CUST-D,VEND-06,2024-01-07,Received,ITM-0446,1,21.59,21.59
PO-101370,CUST-D,VEND-06,2024-01-07,Received,ITM-1015,3,4.32,12.96
PO-101371,CUST-F,VEND-07,2024-03-27,Closed,ITM-0306,6,0.96,5.76
PO-101371,CUST-F,VEND-07,2024-03-27,Closed,ITM-0612,6,4.04,24.24
PO-101371,CUST-F,VEND-07,2024-03-27,Closed,ITM-0928,2,0.74,1.48
PO-101371,CUST-F,VEND-07,2024-03-27,Closed,ITM-0942,2,0.33,0.66
PO-101372,CUST-A,VEND-03,2024-12-17,Received,ITM-0928,50,0.65,32.50
PO-101373,CUST-C,VEND-10,2024-04-25,Received,ITM-0517,1,40.36,40.36
PO-101373,CUST-C,VEND-10,2024-04-25,Received,ITM-0535,4,8.77,35.08
PO-101373,CUST-C,VEND-10,2024-04-25,Received,ITM-0922,4,6.05,24.20
PO-101373,CUST-C,VEND-10,2024-04-25,Received,ITM-0929,6,1.15,6.90
PO-101374,CUST-F,VEND-07,2026-03-14,Received,ITM-0250,2,69.94,139.88
PO-101376,CUST-D,VEND-10,2025-03-09,Received,ITM-0511,4,27.47,109.88
PO-101377,CUST-A,VEND-04,2025-03-08,Received,ITM-0907,6,0.69,4.14
PO-101378,CUST-B,VEND-07,2024-11-10,Received,ITM-0104,24,63.66,1527.84
PO-101378,CUST-B,VEND-07,2024-11-10,Received,ITM-0220,2,2.71,5.42
PO-101378,CUST-B,VEND-07,2024-11-10,Received,ITM-0306,10,1.02,10.20
PO-101378,CUST-B,VEND-07,2024-11-10,Received,ITM-0527,10,9.28,92.80
PO-101378,CUST-B,VEND-07,2024-11-10,Received,ITM-0604,1,12.15,12.15
PO-101379,CUST-D,VEND-01,2025-11-09,Received,ITM-0426,2,25.75,51.50
PO-101379,CUST-D,VEND-01,2025-11-09,Received,ITM-0604,4,12.60,50.40
PO-101379,CUST-D,VEND-01,2025-11-09,Received,ITM-0604,4,12.60,50.40
PO-101379,CUST-D,VEND-01,2025-11-09,Received,ITM-0922,4,6.04,24.16
PO-101379,CUST-D,VEND-01,2025-11-09,Received,ITM-0939,3,15.37,46.11
PO-101380,CUST-B,VEND-03,2026-05-25,Received,ITM-0211,4,13.13,52.52
PO-101380,CUST-B,VEND-03,2026-05-25,Received,ITM-0808,10,1.90,19.00
PO-101381,CUST-D,VEND-03,2024-04-26,Received,ITM-0733,10,21.91,219.10
PO-101381,CUST-D,VEND-03,2024-04-26,Received,ITM-0808,4,1.84,7.36
PO-101381,CUST-D,VEND-03,2024-04-26,Received,ITM-0939,1,15.86,15.86
PO-101382,CUST-F,VEND-05,2024-05-07,Closed,ITM-0328,4,3.11,12.44
PO-101382,CUST-F,VEND-05,2024-05-07,Closed,ITM-0414,6,1.75,10.50
PO-101382,CUST-F,VEND-05,2024-05-07,Closed,ITM-1011,24,3.53,84.72
PO-101382,CUST-F,VEND-05,2024-05-07,Closed,ITM-1014,1,2.58,2.58
PO-101383,CUST-B,VEND-09,2024-03-04,Received,ITM-0433,12,1.25,15.00
PO-101383,CUST-B,VEND-09,2024-03-04,Received,ITM-0902,2,4.32,8.64
PO-101383,CUST-B,VEND-09,2024-03-04,Received,ITM-0910,4,1.14,4.56
PO-101383,CUST-B,VEND-09,2024-03-04,Received,ITM-1011,2,4.24,8.48
PO-101384,CUST-G,VEND-05,2024-08-24,Received,ITM-1011,2,3.83,7.66
PO-101385,CUST-E,VEND-08,2024-09-29,Received,ITM-0243,2,0.76,1.52
PO-101386,CUST-F,VEND-07,2024-06-14,Cancelled,ITM-0612,1,4.18,4.18
PO-101386,CUST-F,VEND-07,2024-06-14,Cancelled,ITM-0737,1,72.90,72.90
PO-101386,CUST-F,VEND-07,2024-06-14,Cancelled,ITM-1008,6,1.39,8.34
PO-101387,CUST-B,VEND-12,2026-02-22,Cancelled,ITM-0220,20,2.90,58.00
PO-101387,CUST-B,VEND-12,2026-02-22,Cancelled,ITM-0230,2,3.12,6.24
PO-101387,CUST-B,VEND-12,2026-02-22,Cancelled,ITM-1015,5,4.52,22.60
PO-101388,CUST-A,VEND-10,2024-06-14,Received,ITM-0434,24,1.36,32.64
PO-101389,CUST-E,VEND-05,2024-01-06,Received,ITM-0403,2,2.48,4.96
PO-101389,CUST-E,VEND-05,2024-01-06,Received,ITM-0815,50,7.57,378.50
PO-101390,CUST-B,VEND-04,2025-04-10,Closed,ITM-0225,1,2.39,2.39
PO-101390,CUST-B,VEND-04,2025-04-10,Closed,ITM-0228,50,4.43,221.50
PO-101390,CUST-B,VEND-04,2025-04-10,Closed,ITM-0306,4,1.06,4.24
PO-101390,CUST-B,VEND-04,2025-04-10,Closed,ITM-1022,1,5.77,5.77
PO-101391,CUST-A,VEND-11,2026-08-16,Open,ITM-0250,2,58.44,116.88
PO-101391,CUST-A,VEND-11,2026-08-16,Open,ITM-0432,1,0.96,0.96
PO-101391,CUST-A,VEND-11,2026-08-16,Open,ITM-1001,10,1.02,10.20
PO-101391,CUST-A,VEND-11,2026-08-16,Open,ITM-1015,2,4.31,8.62
PO-101392,CUST-A,VEND-09,2026-01-02,Received,ITM-0433,2,1.34,2.68
PO-101393,CUST-B,VEND-01,2025-03-16,Closed,ITM-0228,2,4.42,8.84
PO-101393,CUST-B,VEND-01,2025-03-16,Closed,ITM-0611,1,3.45,3.45
PO-101393,CUST-B,VEND-01,2025-03-16,Closed,ITM-1001,1,1.01,1.01
PO-101394,CUST-G,VEND-03,2024-02-10,Cancelled,ITM-0430,50,0.45,22.50
PO-101394,CUST-G,VEND-03,2024-02-10,Cancelled,ITM-0621,10,4.16,41.60
PO-101395,CUST-F,VEND-05,2024-05-15,Closed,ITM-0311,12,7.00,84.00
PO-101395,CUST-F,VEND-05,2024-05-15,Closed,ITM-0403,6,2.41,14.46
PO-101395,CUST-F,VEND-05,2024-05-15,Closed,ITM-1017,1,3.05,3.05
PO-101396,CUST-F,VEND-09,2025-02-24,Received,ITM-0208,10,5.50,55.00
PO-101396,CUST-F,VEND-09,2025-02-24,Received,ITM-0228,1,4.36,4.36
PO-101396,CUST-F,VEND-09,2025-02-24,Received,ITM-0433,24,1.32,31.68
PO-101396,CUST-F,VEND-09,2025-02-24,Received,ITM-0902,4,4.59,18.36
PO-101397,CUST-D,VEND-08,2024-11-15,Received,ITM-0201,6,4.26,25.56
PO-101398,CUST-C,VEND-07,2025-11-12,Received,ITM-0220,4,2.71,10.84
PO-101398,CUST-C,VEND-07,2025-11-12,Received,ITM-0229,6,1.64,9.84
PO-101398,CUST-C,VEND-07,2025-11-12,Received,ITM-0612,4,4.40,17.60
PO-101399,CUST-B,VEND-06,2026-04-28,Received,ITM-0313,4,4.50,18.00
PO-101399,CUST-B,VEND-06,2026-04-28,Received,ITM-0628,24,0.15,3.60
PO-101399,CUST-B,VEND-06,2026-04-28,Received,ITM-0632,10,4.47,44.70
PO-101399,CUST-B,VEND-06,2026-04-28,Received,ITM-1015,5,4.71,23.55
PO-101400,CUST-B,VEND-02,2025-01-18,Received,ITM-0251,2,2.61,5.22
PO-101400,CUST-B,VEND-02,2025-01-18,Received,ITM-0311,6,7.58,45.48
PO-101401,CUST-A,VEND-05,2024-04-04,Received,ITM-0328,4,2.67,10.68
PO-101401,CUST-A,VEND-05,2024-04-04,Received,ITM-0403,4,2.33,9.32
PO-101401,CUST-A,VEND-05,2024-04-04,Received,ITM-0433,1,1.08,1.08
PO-101401,CUST-A,VEND-05,2024-04-04,Received,ITM-0612,12,3.62,43.44
PO-101401,CUST-A,VEND-05,2024-04-04,Received,ITM-0915,10,2.38,23.80
PO-101402,CUST-C,VEND-08,2024-04-29,Cancelled,ITM-0435,4,1.63,6.52
PO-101402,CUST-C,VEND-08,2024-04-29,Cancelled,ITM-0632,6,4.02,24.12
PO-101402,CUST-C,VEND-08,2024-04-29,Cancelled,ITM-1018,1,5.04,5.04
PO-101403,CUST-C,VEND-04,2024-09-02,Closed,ITM-0225,10,2.32,23.20
PO-101403,CUST-C,VEND-04,2024-09-02,Closed,ITM-0237,10,3.21,32.10
PO-101403,CUST-C,VEND-04,2024-09-02,Closed,ITM-0440,2,29.77,59.54
PO-101403,CUST-C,VEND-04,2024-09-02,Closed,ITM-0922,4,5.95,23.80
PO-101403,CUST-C,VEND-04,2024-09-02,Closed,ITM-1022,1,5.37,5.37
PO-101404,CUST-E,VEND-09,2026-03-25,Received,ITM-0201,10,4.64,46.40
PO-101404,CUST-E,VEND-09,2026-03-25,Received,ITM-0402,1,2.20,2.20
PO-101404,CUST-E,VEND-09,2026-03-25,Received,ITM-0527,2,10.72,21.44
PO-101404,CUST-E,VEND-09,2026-03-25,Received,ITM-0614,2,6.67,13.34
PO-101404,CUST-G,VEND-09,2026-03-25,Received,ITM-0402,1,2.20,2.20
PO-101405,CUST-B,VEND-10,2026-07-16,Received,ITM-0431,2,0.83,1.66
PO-101405,CUST-B,VEND-10,2026-07-16,Received,ITM-0808,4,1.89,7.56
PO-101405,CUST-B,VEND-10,2026-07-16,Received,ITM-0904,1,0.35,0.35
PO-101405,CUST-B,VEND-10,2026-07-16,Received,ITM-0922,24,6.23,149.52
PO-101406,CUST-C,VEND-07,2024-03-17,Received,ITM-0220,4,2.70,10.80
PO-101406,CUST-C,VEND-07,2024-03-17,Received,ITM-0408,6,4.57,27.42
PO-101406,CUST-C,VEND-07,2024-03-17,Received,ITM-0909,10,,
PO-101406,CUST-C,VEND-07,2024-03-17,Received,ITM-0927,2,0.50,1.00
PO-101407,CUST-A,VEND-01,2026-08-07,Received,ITM-0426,1,25.97,25.97
PO-101407,CUST-A,VEND-01,2026-08-07,Received,ITM-0433,2,1.29,2.58
PO-101407,CUST-A,VEND-01,2026-08-07,Received,ITM-0434,50,1.35,67.50
PO-101407,CUST-A,VEND-01,2026-08-07,Received,ITM-0939,2,15.65,31.30
PO-101408,CUST-A,VEND-12,2024-04-20,Received,ITM-0229,12,1.40,16.80
PO-101408,CUST-A,VEND-12,2024-04-20,Received,ITM-0403,6,2.34,14.04
PO-101408,CUST-A,VEND-12,2024-04-20,Received,ITM-0612,6,4.01,24.06
PO-101408,CUST-A,VEND-12,2024-04-20,Received,ITM-0618,1,3.89,3.89
PO-101408,CUST-A,VEND-12,2024-04-20,Received,ITM-0911,1,1.16,1.16
PO-101408,CUST-A,VEND-12,2024-04-20,Received,ITM-0938,20,12.17,243.40
PO-101410,CUST-E,VEND-02,2024-06-09,Received,ITM-0211,6,12.67,76.02
PO-101410,CUST-E,VEND-02,2024-06-09,Received,ITM-0220,2,2.57,5.14
PO-101411,CUST-A,VEND-12,2025-05-27,Closed,ITM-0426,12,24.90,298.80
PO-101411,CUST-A,VEND-12,2025-05-27,Closed,ITM-0612,6,3.99,23.94
PO-101412,CUST-A,VEND-04,2024-03-01,Received,ITM-0237,4,2.93,11.72
PO-101413,CUST-H,VEND-08,2025-03-24,Received,ITM-0201,12,4.25,51.00
PO-101413,CUST-H,VEND-08,2025-03-24,Received,ITM-0306,6,0.97,5.82
PO-101413,CUST-H,VEND-08,2025-03-24,Received,ITM-0611,10,3.43,34.30
PO-101413,CUST-H,VEND-08,2025-03-24,Received,ITM-0903,2,0.21,0.42
PO-101414,CUST-A,VEND-03,2024-11-28,Received,ITM-0224,24,1.35,32.40
PO-101414,CUST-A,VEND-03,2024-11-28,Received,ITM-0621,10,3.99,39.90
PO-101415,CUST-G,VEND-07,2025-03-15,Closed,ITM-0604,4,13.32,53.28
PO-101416,CUST-F,VEND-03,2024-12-24,Closed,ITM-0306,6,0.95,5.70
PO-101416,CUST-F,VEND-03,2024-12-24,Closed,ITM-0618,1,4.11,4.11
PO-101416,CUST-F,VEND-03,2024-12-24,Closed,ITM-1019,2,6.59,13.18
PO-101417,CUST-A,VEND-03,2024-05-03,Received,ITM-0311,4,6.64,26.56
PO-101417,CUST-A,VEND-03,2024-05-03,Received,ITM-0314,2,2.51,5.02
PO-101417,CUST-A,VEND-03,2024-05-03,Received,ITM-0618,24,3.89,93.36
PO-101417,CUST-A,VEND-03,2024-05-03,Received,ITM-0621,2,3.87,7.74
PO-101417,CUST-A,VEND-03,2024-05-03,Received,ITM-1010,4,8.76,35.04
PO-101418,CUST-B,VEND-05,2025-11-29,Received,ITM-0431,1,0.79,0.79
PO-101418,CUST-B,VEND-05,2025-11-29,Received,ITM-0808,2,1.94,3.88
PO-101418,CUST-B,VEND-05,2025-11-29,Received,ITM-0815,6,8.64,51.84
PO-101419,CUST-B,VEND-05,2024-10-05,Closed,ITM-0403,10,,
PO-101419,CUST-B,VEND-05,2024-10-05,Closed,ITM-0426,4,24.38,97.52
PO-101419,CUST-B,VEND-05,2024-10-05,Closed,ITM-0612,6,4.15,24.90
PO-101419,CUST-B,VEND-05,2024-10-05,Closed,ITM-0913,6,1.39,8.34
PO-101420,CUST-F,VEND-01,2025-11-22,Received,ITM-0433,3,1.25,3.75
PO-101421,CUST-F,VEND-09,2024-05-25,Received,ITM-0250,12,62.67,752.04
PO-101421,CUST-F,VEND-09,2024-05-25,Received,ITM-0421,12,18.97,227.64
PO-101421,CUST-F,VEND-09,2024-05-25,Received,ITM-0433,10,1.28,12.80
PO-101421,CUST-F,VEND-09,2024-05-25,Received,ITM-0614,4,6.24,24.96
PO-101422,CUST-D,VEND-04,2025-11-04,Closed,ITM-0605,4,16.79,67.16
PO-101422,CUST-D,VEND-04,2025-11-04,Closed,ITM-0940,4,19.38,77.52
PO-101422,CUST-D,VEND-04,2025-11-04,Closed,ITM-1015,2,4.39,8.78
PO-101423,CUST-H,VEND-04,2025-05-23,Received,ITM-0237,12,3.22,38.64
PO-101423,CUST-H,VEND-04,2025-05-23,Received,ITM-0609,1,1.47,1.47
PO-101424,CUST-A,VEND-07,2024-08-20,Closed,ITM-0310,10,4.08,40.80
PO-101425,CUST-C,VEND-04,2025-01-23,Received,ITM-0228,24,4.29,102.96
PO-101425,CUST-C,VEND-04,2025-01-23,Received,ITM-0237,1,3.21,3.21
PO-101425,CUST-C,VEND-04,2025-01-23,Received,ITM-0535,12,9.18,110.16
PO-101425,CUST-C,VEND-04,2025-01-23,Received,ITM-1015,6,4.40,26.40
PO-101425,CUST-C,VEND-04,2025-01-23,Received,ITM-1022,1,5.72,5.72
PO-101426,CUST-D,VEND-09,2024-11-22,Received,ITM-0228,24,4.80,115.20
PO-101427,CUST-H,VEND-09,2024-01-04,Received,ITM-0201,6,4.38,26.28
PO-101427,CUST-H,VEND-09,2024-01-04,Received,ITM-0309,2,1.95,3.90
PO-101427,CUST-H,VEND-09,2024-01-04,Received,ITM-0326,10,2.68,26.80
PO-101427,CUST-H,VEND-09,2024-01-04,Received,ITM-0434,4,1.42,5.68
PO-101427,CUST-H,VEND-09,2024-01-04,Received,ITM-0628,6,0.16,0.96
PO-101427,CUST-H,VEND-09,2024-01-04,Received,ITM-0927,3,0.54,1.62
PO-101428,CUST-A,VEND-07,2025-03-25,Closed,ITM-0715,4,70.11,280.44
PO-101428,CUST-A,VEND-07,2025-03-25,Closed,ITM-0737,10,67.63,676.30
PO-101428,CUST-A,VEND-07,2025-03-25,Closed,ITM-0928,6,0.74,4.44
PO-101429,CUST-A,VEND-08,2025-01-12,Cancelled,ITM-0435,10,1.43,14.30
PO-101431,CUST-A,VEND-07,2026-01-08,Closed,ITM-0220,6,2.57,15.42
PO-101432,CUST-D,VEND-06,2024-05-20,Received,ITM-0224,3,1.42,4.26
PO-101432,CUST-D,VEND-06,2024-05-20,Received,ITM-0311,6,7.07,42.42
PO-101433,CUST-H,VEND-12,2026-03-06,Received,ITM-0220,5,2.75,13.75
PO-101433,CUST-H,VEND-12,2026-03-06,Received,ITM-0623,6,2.50,15.00
PO-101433,CUST-H,VEND-12,2026-03-06,Received,ITM-0809,2,2.56,5.12
PO-101433,CUST-H,VEND-12,2026-03-06,Received,ITM-1015,10,4.98,49.80
PO-101434,CUST-H,VEND-02,2024-01-13,Received,ITM-0201,1,4.02,4.02
PO-101434,CUST-H,VEND-02,2024-01-13,Received,ITM-0237,2,3.27,6.54
PO-101435,CUST-A,VEND-09,2026-05-05,Received,ITM-0228,4,4.86,19.44
PO-101435,CUST-A,VEND-09,2026-05-05,Received,ITM-0250,2,61.11,122.22
PO-101435,CUST-A,VEND-09,2026-05-05,Received,ITM-0433,1,1.22,1.22
PO-101435,CUST-A,VEND-09,2026-05-05,Received,ITM-0902,6,4.43,26.58
PO-101435,CUST-A,VEND-09,2026-05-05,Received,ITM-0914,3,1.54,4.62
PO-101436,CUST-B,VEND-08,2024-06-12,Received,ITM-0902,2,4.68,9.36
PO-101437,CUST-D,VEND-09,2026-05-30,Received,ITM-0201,1,4.24,4.24
PO-101437,CUST-D,VEND-09,2026-05-30,Received,ITM-0228,24,4.53,108.72
PO-101437,CUST-D,VEND-09,2026-05-30,Received,ITM-0326,10,2.87,28.70
PO-101438,CUST-G,VEND-01,2025-02-16,Received,ITM-0228,4,4.65,18.60
PO-101438,CUST-G,VEND-01,2025-02-16,Received,ITM-0939,6,15.82,94.92
PO-101438,CUST-G,VEND-01,2025-02-16,Received,ITM-0943,10,23.68,236.80
PO-101439,CUST-B,VEND-07,2024-11-02,Closed,ITM-0220,3,2.55,7.65
PO-101440,CUST-C,VEND-03,2025-07-27,Received,ITM-0243,4,0.71,2.84
PO-101440,CUST-C,VEND-03,2025-07-27,Received,ITM-0621,4,4.30,17.20
PO-101441,CUST-B,VEND-11,2024-07-17,Received,ITM-1015,4,4.40,17.60
PO-101442,CUST-B,VEND-04,2025-11-08,Received,ITM-0313,3,4.63,13.89
PO-101442,CUST-B,VEND-04,2025-11-08,Received,ITM-0446,4,21.51,86.04
PO-101442,CUST-B,VEND-04,2025-11-08,Received,ITM-1022,6,5.88,35.28
PO-101443,CUST-A,VEND-07,2026-07-12,Closed,ITM-0310,4,4.69,18.76
PO-101443,CUST-A,VEND-07,2026-07-12,Closed,ITM-0408,2,5.22,10.44
PO-101443,CUST-A,VEND-07,2026-07-12,Closed,ITM-0612,12,4.21,50.52
PO-101443,CUST-A,VEND-07,2026-07-12,Closed,ITM-0623,1,2.52,2.52
PO-101444,CUST-D,VEND-07,2025-06-29,Received,ITM-0104,2,69.00,138.00
PO-101444,CUST-D,VEND-07,2025-06-29,Received,ITM-0909,1,0.93,0.93
PO-101445,CUST-G,VEND-01,2025-12-29,Received,ITM-0434,4,1.57,6.28
PO-101445,CUST-G,VEND-01,2025-12-29,Received,ITM-0943,4,23.68,94.72
PO-101446,CUST-B,VEND-05,2025-11-19,Received,ITM-0311,1,7.01,7.01
PO-101446,CUST-B,VEND-05,2025-11-19,Received,ITM-0414,6,1.99,11.94
PO-101446,CUST-B,VEND-05,2025-11-19,Received,ITM-0433,1,1.17,1.17
PO-101446,CUST-B,VEND-05,2025-11-19,Received,ITM-0612,2,3.86,7.72
PO-101448,CUST-A,VEND-07,2026-06-10,Open,ITM-0250,10,60.18,601.80
PO-101448,CUST-A,VEND-07,2026-06-10,Open,ITM-0306,10,1.02,10.20
PO-101448,CUST-A,VEND-07,2026-06-10,Open,ITM-0517,3,41.89,125.67
PO-101448,CUST-A,VEND-07,2026-06-10,Open,ITM-0604,4,12.73,50.92
PO-101448,CUST-A,VEND-07,2026-06-10,Open,ITM-0612,1,4.13,4.13
PO-101449,CUST-B,VEND-08,2025-09-15,Received,ITM-0201,1,4.75,4.75
PO-101449,CUST-B,VEND-08,2025-09-15,Received,ITM-0306,1,1.01,1.01
PO-101449,CUST-B,VEND-08,2025-09-15,Received,ITM-0902,1,4.37,4.37
PO-101449,CUST-B,VEND-08,2025-09-15,Received,ITM-0929,1,1.24,1.24
PO-101450,CUST-H,VEND-10,2026-01-16,Closed,ITM-0235,3,1.76,5.28
PO-101450,CUST-H,VEND-10,2026-01-16,Closed,ITM-0517,1,43.30,43.30
PO-101450,CUST-H,VEND-10,2026-01-16,Closed,ITM-1014,6,2.71,16.26
PO-101452,CUST-H,VEND-03,2025-04-05,Received,ITM-0311,1,7.41,7.41
PO-101452,CUST-H,VEND-03,2025-04-05,Received,ITM-0311,1,7.41,7.41
PO-101452,CUST-H,VEND-03,2025-04-05,Received,ITM-0808,10,1.85,18.50
PO-101452,CUST-H,VEND-03,2025-04-05,Received,ITM-1014,4,2.50,10.00
PO-101453,CUST-A,VEND-04,2024-09-06,Received,ITM-0237,4,2.93,11.72
PO-101453,CUST-A,VEND-04,2024-09-06,Received,ITM-0535,10,8.27,82.70
PO-101453,CUST-A,VEND-04,2024-09-06,Received,ITM-1015,24,3.77,90.48
PO-101454,CUST-B,VEND-10,2025-06-07,Cancelled,ITM-0808,10,1.78,17.80
PO-101456,CUST-B,VEND-12,2025-07-13,Received,ITM-0230,4,3.14,12.56
PO-101456,CUST-B,VEND-12,2025-07-13,Received,ITM-0432,10,1.01,10.10
PO-101457,CUST-G,VEND-07,2024-05-13,Received,ITM-0715,3,68.64,205.92
PO-101457,CUST-G,VEND-07,2024-05-13,Received,ITM-0928,50,0.72,36.00
PO-101457,CUST-G,VEND-07,2024-05-13,Received,ITM-1008,4,1.40,5.60
PO-101458,CUST-B,VEND-01,2026-01-03,Received,ITM-0225,2,2.44,4.88
PO-101458,CUST-B,VEND-01,2026-01-03,Received,ITM-0228,6,4.63,27.78
PO-101458,CUST-B,VEND-01,2026-01-03,Received,ITM-0412,6,1.12,6.72
PO-101458,CUST-B,VEND-01,2026-01-03,Received,ITM-0414,10,1.88,18.80
PO-101458,CUST-B,VEND-01,2026-01-03,Received,ITM-0604,2,13.55,27.10
PO-101458,CUST-B,VEND-01,2026-01-03,Received,ITM-0927,12,0.57,6.84
PO-101459,CUST-F,VEND-03,2026-06-30,Open,ITM-0224,2,1.65,3.30
PO-101460,CUST-A,VEND-09,2024-05-24,Closed,ITM-0228,2,4.01,8.02
PO-101460,CUST-A,VEND-09,2024-05-24,Closed,ITM-0243,50,0.64,32.00
PO-101460,CUST-A,VEND-09,2024-05-24,Closed,ITM-0433,6,1.18,7.08
PO-101460,CUST-A,VEND-09,2024-05-24,Closed,ITM-0628,2,0.15,0.30
PO-101461,CUST-B,VEND-02,2026-08-23,Received,ITM-0402,2,1.94,3.88
PO-101462,CUST-G,VEND-11,2025-05-23,Received,ITM-0911,1,1.38,1.38
PO-101462,CUST-G,VEND-11,2025-05-23,Received,ITM-1015,12,4.36,52.32
PO-101462,CUST-G,VEND-11,2025-05-23,Received,ITM-1022,10,5.32,53.20
PO-101463,CUST-F,VEND-10,2026-03-29,Received,ITM-0235,10,1.72,17.20
PO-101463,CUST-F,VEND-10,2026-03-29,Received,ITM-0437,10,2.24,22.40
PO-101463,CUST-F,VEND-10,2026-03-29,Received,ITM-0721,6,34.89,209.34
PO-101463,CUST-F,VEND-10,2026-03-29,Received,ITM-0908,1,1.02,1.02
PO-101464,CUST-F,VEND-02,2024-03-23,Received,ITM-0225,10,2.28,22.80
PO-101465,CUST-H,VEND-08,2025-06-25,Received,ITM-0309,12,1.87,22.44
PO-101465,CUST-H,VEND-08,2025-06-25,Received,ITM-0721,10,33.16,331.60
PO-101466,CUST-C,VEND-10,2024-11-01,Closed,ITM-0425,12,24.85,298.20
PO-101466,CUST-C,VEND-10,2024-11-01,Closed,ITM-0721,6,33.77,202.62
PO-101466,CUST-C,VEND-10,2024-11-01,Closed,ITM-0737,6,74.87,449.22
PO-101467,CUST-D,VEND-02,2024-08-14,Received,ITM-0237,4,3.27,13.08
PO-101467,CUST-D,VEND-02,2024-08-14,Received,ITM-0629,6,3.11,18.66
PO-101468,CUST-H,VEND-07,2024-12-16,Received,ITM-0628,1,,
PO-101469,CUST-B,VEND-01,2024-07-19,Received,ITM-0434,2,1.46,2.92
PO-101470,CUST-A,VEND-10,2024-11-29,Cancelled,ITM-0610,2,2.19,4.38
PO-101470,CUST-A,VEND-10,2024-11-29,Cancelled,ITM-0929,10,1.05,10.50
PO-101470,CUST-A,VEND-10,2024-11-29,Cancelled,ITM-1014,6,,
PO-101471,CUST-H,VEND-01,2026-04-26,Cancelled,ITM-0309,1,2.19,2.19
PO-101471,CUST-H,VEND-01,2026-04-26,Cancelled,ITM-0604,20,12.75,255.00
PO-101471,CUST-H,VEND-01,2026-04-26,Cancelled,ITM-0627,10,7.46,74.60
PO-101471,CUST-H,VEND-01,2026-04-26,Cancelled,ITM-1006,6,1.44,8.64
PO-101472,CUST-H,VEND-12,2024-07-13,Received,ITM-0911,5,1.25,6.25
PO-101473,CUST-F,VEND-01,2024-09-15,Received,ITM-0414,2,1.91,3.82
PO-101473,CUST-F,VEND-01,2024-09-15,Received,ITM-0939,12,16.04,192.48
PO-101474,CUST-D,VEND-01,2025-05-18,Received,ITM-0611,10,3.53,35.30
PO-101475,CUST-B,VEND-08,2024-09-25,Received,ITM-0201,2,4.19,8.38
PO-101475,CUST-B,VEND-08,2024-09-25,Received,ITM-0230,4,3.05,12.20
PO-101475,CUST-B,VEND-08,2024-09-25,Received,ITM-0611,6,3.38,20.28
PO-101475,CUST-B,VEND-08,2024-09-25,Received,ITM-0902,5,4.48,22.40
PO-101477,CUST-H,VEND-06,2024-10-17,Closed,ITM-0604,20,12.47,249.40
PO-101477,CUST-H,VEND-06,2024-10-17,Closed,ITM-0917,3,3.65,10.95
PO-101478,CUST-A,VEND-03,2024-06-19,Closed,ITM-0311,2,6.76,13.52
PO-101478,CUST-A,VEND-03,2024-06-19,Closed,ITM-0907,20,0.68,13.60
PO-101478,CUST-A,VEND-03,2024-06-19,Closed,ITM-0920,12,2.80,33.60
PO-101478,CUST-A,VEND-03,2024-06-19,Closed,ITM-0939,1,14.38,14.38
PO-101479,CUST-A,VEND-01,2026-06-25,Open,ITM-0228,24,4.35,104.40
PO-101479,CUST-A,VEND-01,2026-06-25,Open,ITM-0433,24,1.21,29.04
PO-101479,CUST-A,VEND-01,2026-06-25,Open,ITM-0623,10,2.60,26.00
PO-101479,CUST-A,VEND-01,2026-06-25,Open,ITM-1003,12,1.14,13.68
PO-101479,CUST-A,VEND-01,2026-06-25,Open,ITM-1010,2,9.67,19.34
PO-101480,CUST-A,VEND-04,2025-07-19,Closed,ITM-0942,50,0.30,15.00
PO-101482,CUST-H,VEND-02,2026-07-08,Received,ITM-0235,4,1.78,7.12
PO-101482,CUST-H,VEND-02,2026-07-08,Received,ITM-0237,6,3.56,21.36
PO-101482,CUST-H,VEND-02,2026-07-08,Received,ITM-0431,4,0.86,3.44
PO-101482,CUST-H,VEND-02,2026-07-08,Received,ITM-0947,2,0.48,0.96
PO-101482,CUST-H,VEND-02,2026-07-08,Received,ITM-1018,6,5.73,34.38
PO-101483,CUST-A,VEND-03,2024-05-17,Closed,ITM-0311,4,6.66,26.64
PO-101483,CUST-A,VEND-03,2024-05-17,Closed,ITM-0621,12,3.83,45.96
PO-101483,CUST-A,VEND-03,2024-05-17,Closed,ITM-0928,10,0.69,6.90
PO-101483,CUST-A,VEND-03,2024-05-17,Closed,ITM-1010,2,8.95,17.90
PO-101484,CUST-F,VEND-09,2026-04-18,Closed,ITM-0442,2,22.97,45.94
PO-101484,CUST-F,VEND-09,2026-04-18,Closed,ITM-0628,1,0.16,0.16
PO-101484,CUST-F,VEND-09,2026-04-18,Closed,ITM-0902,6,4.56,27.36
PO-101485,CUST-E,VEND-11,2026-08-21,Open,ITM-0433,1,1.20,1.20
PO-101485,CUST-E,VEND-11,2026-08-21,Open,ITM-0434,10,1.56,15.60
PO-101485,CUST-E,VEND-11,2026-08-21,Open,ITM-0620,1,3.54,3.54
PO-101485,CUST-E,VEND-11,2026-08-21,Open,ITM-0737,1,83.93,83.93
PO-101486,CUST-A,VEND-11,2026-02-15,Received,ITM-0250,12,57.41,688.92
PO-101486,CUST-A,VEND-11,2026-02-15,Received,ITM-0433,20,1.19,23.80
PO-101486,CUST-A,VEND-11,2026-02-15,Received,ITM-0911,1,1.23,1.23
PO-101486,CUST-A,VEND-11,2026-02-15,Received,ITM-1015,2,4.16,8.32
PO-101488,CUST-B,VEND-07,2024-12-07,Closed,ITM-0220,10,2.76,27.60
PO-101488,CUST-B,VEND-07,2024-12-07,Closed,ITM-0715,4,78.91,315.64
PO-101489,CUST-B,VEND-09,2025-01-27,Received,ITM-0228,2,4.75,9.50
PO-101489,CUST-B,VEND-09,2025-01-27,Received,ITM-0253,6,1.36,8.16
PO-101489,CUST-B,VEND-09,2025-01-27,Received,ITM-0421,24,18.07,433.68
PO-101489,CUST-B,VEND-09,2025-01-27,Received,ITM-0929,4,1.18,4.72
PO-101490,CUST-A,VEND-04,2025-07-09,Received,ITM-0237,10,3.11,31.10
PO-101490,CUST-A,VEND-04,2025-07-09,Received,ITM-0632,12,4.13,49.56
PO-101491,CUST-D,VEND-02,2025-07-25,Received,ITM-0228,4,4.59,18.36
PO-101492,CUST-B,VEND-12,2026-08-24,Closed,ITM-0254,4,1.89,7.56
PO-101492,CUST-B,VEND-12,2026-08-24,Closed,ITM-0426,10,27.30,273.00
PO-101492,CUST-B,VEND-12,2026-08-24,Closed,ITM-0612,12,4.18,50.16
PO-101493,CUST-A,VEND-04,2026-01-26,Received,ITM-0237,10,3.14,31.40
PO-101493,CUST-A,VEND-04,2026-01-26,Received,ITM-0610,10,2.22,22.20
PO-101493,CUST-A,VEND-04,2026-01-26,Received,ITM-1015,12,4.18,50.16
PO-101494,CUST-E,VEND-11,2026-03-21,Closed,ITM-0620,1,3.31,3.31
PO-101494,CUST-E,VEND-11,2026-03-21,Closed,ITM-0940,10,19.98,199.80
PO-101495,CUST-A,VEND-10,2025-09-29,Closed,ITM-0808,6,1.70,10.20
PO-101497,CUST-B,VEND-02,2026-05-23,Closed,ITM-0220,4,2.93,11.72
PO-101497,CUST-B,VEND-02,2026-05-23,Closed,ITM-0251,4,2.60,10.40
PO-101498,CUST-A,VEND-03,2024-04-11,Closed,ITM-0610,12,2.17,26.04
PO-101498,CUST-A,VEND-03,2024-04-11,Closed,ITM-0621,24,3.54,84.96
PO-101498,CUST-A,VEND-03,2024-04-11,Closed,ITM-0809,12,2.33,27.96
PO-101499,CUST-B,VEND-12,2024-10-20,Closed,ITM-0612,2,4.06,8.12
PO-101500,CUST-A,VEND-10,2024-09-26,Closed,ITM-0721,6,33.01,198.06
PO-101501,CUST-C,VEND-10,2026-04-07,Closed,ITM-0437,50,1.99,99.50
PO-101501,CUST-C,VEND-10,2026-04-07,Closed,ITM-0605,4,16.58,66.32
PO-101501,CUST-C,VEND-10,2026-04-07,Closed,ITM-1014,1,2.90,2.90
PO-101502,CUST-B,VEND-03,2025-06-05,Received,ITM-1010,6,9.72,58.32
PO-101503,CUST-A,VEND-01,2024-04-21,Received,ITM-0426,10,22.64,226.40
PO-101504,CUST-C,VEND-03,2025-04-24,Cancelled,ITM-0306,50,0.89,44.50
PO-101504,CUST-C,VEND-03,2025-04-24,Cancelled,ITM-0306,50,0.89,44.50
PO-101504,CUST-C,VEND-03,2025-04-24,Cancelled,ITM-0311,6,6.93,41.58
PO-101504,CUST-C,VEND-03,2025-04-24,Cancelled,ITM-0314,24,2.73,65.52
PO-101505,CUST-D,VEND-08,2024-01-03,Received,ITM-0517,4,39.29,157.16
PO-101505,CUST-D,VEND-08,2024-01-03,Received,ITM-0611,1,3.25,3.25
PO-101505,CUST-D,VEND-08,2024-01-03,Received,ITM-0627,5,7.70,38.50
PO-101505,CUST-D,VEND-08,2024-01-03,Received,ITM-1018,1,4.77,4.77
PO-101506,CUST-B,VEND-11,2024-12-21,Closed,ITM-0433,4,1.13,4.52
PO-101506,CUST-B,VEND-11,2024-12-21,Closed,ITM-0443,1,4.88,4.88
PO-101506,CUST-B,VEND-11,2024-12-21,Closed,ITM-0715,4,77.07,308.28
PO-101506,CUST-B,VEND-11,2024-12-21,Closed,ITM-0902,4,4.09,16.36
PO-101507,CUST-E,VEND-09,2024-08-04,Closed,ITM-0614,2,6.28,12.56
PO-101508,CUST-B,VEND-03,2025-06-22,Cancelled,ITM-0306,6,1.02,6.12
PO-101508,CUST-B,VEND-03,2025-06-22,Cancelled,ITM-0907,50,0.71,35.50
PO-101509,CUST-B,VEND-02,2025-01-19,Closed,ITM-0632,1,4.43,4.43
PO-101510,CUST-A,VEND-09,2024-12-15,Closed,ITM-0250,12,57.95,695.40
PO-101510,CUST-A,VEND-09,2024-12-15,Closed,ITM-0250,12,57.95,695.40
PO-101511,CUST-D,VEND-07,2025-02-23,Closed,ITM-0104,1,61.56,61.56
PO-101511,CUST-D,VEND-07,2025-02-23,Closed,ITM-0909,2,0.94,1.88
PO-101512,CUST-G,VEND-10,2026-01-03,Received,ITM-0517,6,40.69,244.14
PO-101513,CUST-B,VEND-12,2024-02-18,Closed,ITM-0229,1,1.55,1.55
PO-101513,CUST-B,VEND-12,2024-02-18,Closed,ITM-0426,24,25.02,600.48
PO-101514,CUST-B,VEND-01,2024-10-14,Received,ITM-0309,12,2.02,24.24
PO-101514,CUST-B,VEND-01,2024-10-14,Received,ITM-0426,6,24.79,148.74
PO-101514,CUST-B,VEND-01,2024-10-14,Received,ITM-0433,6,1.20,7.20
PO-101514,CUST-B,VEND-01,2024-10-14,Received,ITM-0604,2,12.33,24.66
PO-101514,CUST-B,VEND-01,2024-10-14,Received,ITM-0939,4,15.42,61.68
PO-101515,CUST-A,VEND-09,2026-06-21,Open,ITM-0250,1,62.46,62.46
PO-101515,CUST-A,VEND-09,2026-06-21,Open,ITM-0614,1,6.07,6.07
PO-101515,CUST-A,VEND-09,2026-06-21,Open,ITM-0917,4,3.78,15.12
PO-101515,CUST-A,VEND-09,2026-06-21,Open,ITM-0928,4,0.82,3.28
PO-101516,CUST-B,VEND-09,2024-07-28,Received,ITM-0902,4,4.23,16.92
PO-101517,CUST-D,VEND-12,2025-01-03,Received,ITM-0230,6,3.25,19.50
PO-101517,CUST-D,VEND-12,2025-01-03,Received,ITM-0403,4,2.41,9.64
PO-101517,CUST-D,VEND-12,2025-01-03,Received,ITM-0426,4,25.43,101.72
PO-101518,CUST-D,VEND-01,2024-05-21,Received,ITM-0433,4,1.23,4.92
PO-101518,CUST-D,VEND-01,2024-05-21,Received,ITM-0627,10,7.55,75.50
PO-101518,CUST-D,VEND-01,2024-05-21,Received,ITM-0922,5,5.92,29.60
PO-101519,CUST-C,VEND-04,2024-06-05,Received,ITM-0313,24,4.17,100.08
PO-101519,CUST-C,VEND-04,2024-06-05,Received,ITM-0446,4,20.21,80.84
PO-101520,CUST-B,VEND-07,2024-07-10,Closed,ITM-0310,12,4.54,54.48
PO-101520,CUST-B,VEND-07,2024-07-10,Closed,ITM-0737,50,64.92,3246.00
PO-101521,CUST-A,VEND-07,2026-03-25,Received,ITM-0306,1,0.97,0.97
PO-101521,CUST-A,VEND-07,2026-03-25,Received,ITM-0612,12,4.19,50.28
PO-101521,CUST-A,VEND-07,2026-03-25,Received,ITM-0715,3,74.93,224.79
PO-101521,CUST-A,VEND-07,2026-03-25,Received,ITM-0928,2,0.78,1.56
PO-101521,CUST-A,VEND-07,2026-03-25,Received,ITM-1008,5,1.38,6.90
PO-101522,CUST-E,VEND-01,2025-05-29,Received,ITM-0228,6,4.79,28.74
PO-101522,CUST-E,VEND-01,2025-05-29,Received,ITM-0426,6,26.31,157.86
PO-101522,CUST-E,VEND-01,2025-05-29,Received,ITM-0627,10,7.41,74.10
PO-101522,CUST-E,VEND-01,2025-05-29,Received,ITM-1006,1,1.42,1.42
PO-101523,CUST-B,VEND-09,2025-07-02,Received,ITM-0929,10,1.29,12.90
PO-101524,CUST-C,VEND-03,2026-02-23,Received,ITM-0437,4,2.13,8.52
PO-101524,CUST-C,VEND-03,2026-02-23,Received,ITM-1014,1,2.68,2.68
PO-101525,CUST-B,VEND-01,2026-05-16,Received,ITM-0611,4,3.64,14.56
PO-101525,CUST-B,VEND-01,2026-05-16,Received,ITM-0611,4,3.64,14.56
PO-101525,CUST-B,VEND-01,2026-05-16,Received,ITM-0943,24,23.00,552.00
PO-101526,CUST-A,VEND-09,2025-08-03,Received,ITM-0201,50,3.73,186.50
PO-101526,CUST-A,VEND-09,2025-08-03,Received,ITM-0433,6,1.21,7.26
PO-101527,CUST-A,VEND-10,2025-12-21,Received,ITM-0922,10,5.67,56.70
PO-101527,CUST-A,VEND-10,2025-12-21,Received,ITM-1014,6,2.58,15.48
PO-101527,CUST-D,VEND-10,2025-12-21,Received,ITM-0610,6,2.32,13.92
PO-101528,CUST-A,VEND-08,2026-01-22,Received,ITM-0611,10,3.28,32.80
PO-101528,CUST-A,VEND-08,2026-01-22,Received,ITM-0928,2,0.78,1.56
PO-101528,CUST-A,VEND-08,2026-01-22,Received,ITM-0929,6,1.13,6.78
PO-101529,CUST-G,VEND-04,2026-01-27,Received,ITM-0306,6,1.00,6.00
PO-101529,CUST-G,VEND-04,2026-01-27,Received,ITM-0715,4,79.95,319.80
PO-101529,CUST-G,VEND-04,2026-01-27,Received,ITM-1015,4,4.78,19.12
PO-101530,CUST-D,VEND-01,2024-11-25,Received,ITM-0426,1,25.32,25.32
PO-101530,CUST-D,VEND-01,2024-11-25,Received,ITM-0426,1,25.32,25.32
PO-101530,CUST-D,VEND-01,2024-11-25,Received,ITM-0433,4,1.20,4.80
PO-101530,CUST-D,VEND-01,2024-11-25,Received,ITM-0627,4,7.07,28.28
PO-101530,CUST-D,VEND-01,2024-11-25,Received,ITM-0939,2,14.47,28.94
PO-101530,CUST-D,VEND-01,2024-11-25,Received,ITM-1001,1,1.03,1.03
PO-101531,CUST-A,VEND-03,2025-07-12,Closed,ITM-0306,6,0.96,5.76
PO-101531,CUST-A,VEND-03,2025-07-12,Closed,ITM-0311,50,6.18,309.00
PO-101531,CUST-A,VEND-03,2025-07-12,Closed,ITM-0621,10,4.15,41.50
PO-101531,CUST-A,VEND-03,2025-07-12,Closed,ITM-0621,10,4.15,41.50
PO-101532,CUST-A,VEND-12,2024-12-18,Received,ITM-0426,12,23.31,279.72
PO-101532,CUST-A,VEND-12,2024-12-18,Received,ITM-0612,5,4.02,20.10
PO-101532,CUST-A,VEND-12,2024-12-18,Received,ITM-0938,20,12.66,253.20
PO-101532,CUST-A,VEND-12,2024-12-18,Received,ITM-1011,10,3.71,37.10
PO-101532,CUST-A,VEND-12,2024-12-18,Received,ITM-1015,2,4.24,8.48
PO-101533,CUST-A,VEND-03,2025-08-03,Closed,ITM-0442,4,19.34,77.36
PO-101533,CUST-A,VEND-03,2025-08-03,Closed,ITM-0618,4,4.18,16.72
PO-101534,CUST-A,VEND-07,2025-09-15,Cancelled,ITM-0612,4,4.12,16.48
PO-101534,CUST-A,VEND-07,2025-09-15,Cancelled,ITM-0928,10,0.74,7.40
PO-101535,CUST-C,VEND-05,2025-05-11,Received,ITM-0433,2,1.12,2.24
PO-101536,CUST-A,VEND-04,2024-06-14,Closed,ITM-0237,1,2.83,2.83
PO-101536,CUST-A,VEND-04,2024-06-14,Closed,ITM-0610,6,2.24,13.44
PO-101536,CUST-A,VEND-04,2024-06-14,Closed,ITM-0611,24,3.10,74.40
PO-101536,CUST-A,VEND-04,2024-06-14,Closed,ITM-0939,1,15.40,15.40
PO-101537,CUST-D,VEND-03,2025-02-03,Received,ITM-0243,24,0.66,15.84
PO-101537,CUST-D,VEND-03,2025-02-03,Received,ITM-0306,24,0.92,22.08
PO-101537,CUST-D,VEND-03,2025-02-03,Received,ITM-0907,50,0.64,32.00
PO-101537,CUST-D,VEND-03,2025-02-03,Received,ITM-1010,5,9.42,47.10
PO-101538,CUST-B,VEND-12,2025-06-30,Closed,ITM-0220,6,2.61,15.66
PO-101538,CUST-B,VEND-12,2025-06-30,Closed,ITM-0403,24,2.43,58.32
PO-101538,CUST-B,VEND-12,2025-06-30,Closed,ITM-0426,1,25.16,25.16
PO-101538,CUST-B,VEND-12,2025-06-30,Closed,ITM-0618,50,3.98,199.00
PO-101538,CUST-B,VEND-12,2025-06-30,Closed,ITM-1003,10,1.24,12.40
PO-101539,CUST-D,VEND-04,2025-10-07,Received,ITM-0306,2,0.94,1.88
PO-101539,CUST-D,VEND-04,2025-10-07,Received,ITM-0446,12,21.84,262.08
PO-101539,CUST-D,VEND-04,2025-10-07,Received,ITM-0938,1,13.51,13.51
PO-101539,CUST-D,VEND-04,2025-10-07,Received,ITM-0939,6,15.60,93.60
PO-101540,CUST-B,VEND-03,2026-04-23,Closed,ITM-0306,12,1.01,12.12
PO-101540,CUST-B,VEND-03,2026-04-23,Closed,ITM-0808,10,2.11,21.10
PO-101540,CUST-B,VEND-03,2026-04-23,Closed,ITM-0917,24,3.72,89.28
PO-101540,CUST-B,VEND-03,2026-04-23,Closed,ITM-0939,10,17.46,174.60
PO-101541,CUST-G,VEND-09,2026-03-05,Received,ITM-0326,1,2.94,2.94
PO-101541,CUST-G,VEND-09,2026-03-05,Received,ITM-0402,4,2.22,8.88
PO-101541,CUST-G,VEND-09,2026-03-05,Received,ITM-0433,10,1.34,13.40
PO-101541,CUST-G,VEND-09,2026-03-05,Received,ITM-1011,4,4.30,17.20
PO-101542,CUST-C,VEND-07,2026-03-21,Received,ITM-0255,12,1.74,20.88
PO-101542,CUST-C,VEND-07,2026-03-21,Received,ITM-0942,2,0.33,0.66
PO-101543,CUST-H,VEND-01,2026-05-03,Received,ITM-0434,6,1.56,9.36
PO-101544,CUST-B,VEND-03,2025-04-03,Closed,ITM-0243,2,0.71,1.42
PO-101545,CUST-A,VEND-03,2025-06-12,Cancelled,ITM-0306,50,0.83,41.50
PO-101545,CUST-A,VEND-03,2025-06-12,Cancelled,ITM-0314,1,2.59,2.59
PO-101545,CUST-A,VEND-03,2025-06-12,Cancelled,ITM-0430,10,0.47,4.70
PO-101545,CUST-A,VEND-03,2025-06-12,Cancelled,ITM-0618,24,3.97,95.28
PO-101545,CUST-A,VEND-03,2025-06-12,Cancelled,ITM-0618,24,3.97,95.28
PO-101546,CUST-A,VEND-12,2026-04-30,Received,ITM-0220,24,2.52,60.48
PO-101546,CUST-A,VEND-12,2026-04-30,Received,ITM-0426,2,26.10,52.20
PO-101546,CUST-A,VEND-12,2026-04-30,Received,ITM-0612,24,4.01,96.24
PO-101547,CUST-H,VEND-11,2024-01-07,Received,ITM-0434,6,1.41,8.46
PO-101547,CUST-H,VEND-11,2024-01-07,Received,ITM-1001,2,1.02,2.04
PO-101548,CUST-E,VEND-01,2025-09-20,Received,ITM-0231,4,4.68,18.72
PO-101548,CUST-E,VEND-01,2025-09-20,Received,ITM-0426,6,26.86,161.16
PO-101548,CUST-E,VEND-01,2025-09-20,Received,ITM-0604,2,13.13,26.26
PO-101549,CUST-A,VEND-02,2024-08-03,Received,ITM-0237,4,3.01,12.04
PO-101550,CUST-D,VEND-11,2024-12-25,Received,ITM-0433,10,1.15,11.50
PO-101550,CUST-D,VEND-11,2024-12-25,Received,ITM-0627,6,7.58,45.48
PO-101550,CUST-D,VEND-11,2024-12-25,Received,ITM-0808,2,1.96,3.92
PO-101550,CUST-D,VEND-11,2024-12-25,Received,ITM-1015,24,4.20,100.80
PO-101551,CUST-C,VEND-08,2024-02-26,Closed,ITM-0201,24,4.12,98.88
PO-101551,CUST-C,VEND-08,2024-02-26,Closed,ITM-0306,2,0.94,1.88
PO-101551,CUST-C,VEND-08,2024-02-26,Closed,ITM-0310,2,4.33,8.66
PO-101551,CUST-C,VEND-08,2024-02-26,Closed,ITM-0517,1,43.36,43.36
PO-101552,CUST-B,VEND-05,2024-01-26,Received,ITM-0426,2,23.33,46.66
PO-101552,CUST-B,VEND-05,2024-01-26,Received,ITM-0612,10,3.78,37.80
PO-101552,CUST-B,VEND-05,2024-01-26,Received,ITM-1006,12,1.15,13.80
PO-101553,CUST-B,VEND-06,2024-10-23,Received,ITM-0254,3,1.70,5.10
PO-101554,CUST-F,VEND-08,2024-11-04,Received,ITM-0201,10,4.64,46.40
PO-101555,CUST-A,VEND-12,2025-08-23,Cancelled,ITM-0426,6,25.20,151.20
PO-101555,CUST-A,VEND-12,2025-08-23,Cancelled,ITM-0612,10,4.10,41.00
PO-101555,CUST-A,VEND-12,2025-08-23,Cancelled,ITM-1015,10,4.39,43.90
PO-101556,CUST-E,VEND-01,2026-09-01,Cancelled,ITM-0228,1,4.62,4.62
PO-101556,CUST-E,VEND-01,2026-09-01,Cancelled,ITM-0434,4,1.63,6.52
PO-101556,CUST-E,VEND-01,2026-09-01,Cancelled,ITM-0611,1,3.49,3.49
PO-101556,CUST-E,VEND-01,2026-09-01,Cancelled,ITM-1006,4,1.47,5.88
PO-101557,CUST-B,VEND-02,2024-02-02,Closed,ITM-0228,1,4.63,4.63
PO-101557,CUST-B,VEND-02,2024-02-02,Closed,ITM-0903,10,0.21,2.10
PO-101558,CUST-H,VEND-06,2025-12-22,Received,ITM-0201,2,4.51,9.02
PO-101558,CUST-H,VEND-06,2025-12-22,Received,ITM-0231,10,4.96,49.60
PO-101558,CUST-H,VEND-06,2025-12-22,Received,ITM-0604,1,13.39,13.39
PO-101559,CUST-B,VEND-09,2025-07-18,Received,ITM-0228,6,4.42,26.52
PO-101559,CUST-B,VEND-09,2025-07-18,Received,ITM-0309,2,2.09,4.18
PO-101559,CUST-B,VEND-09,2025-07-18,Received,ITM-0902,4,4.58,18.32
PO-101559,CUST-B,VEND-09,2025-07-18,Received,ITM-0929,24,1.16,27.84
PO-101560,CUST-G,VEND-07,2026-02-28,Received,ITM-0246,2,2.19,4.38
PO-101561,CUST-D,VEND-09,2024-11-29,Closed,ITM-0243,4,0.69,2.76
PO-101561,CUST-D,VEND-09,2024-11-29,Closed,ITM-0326,5,2.89,14.45
PO-101561,CUST-D,VEND-09,2024-11-29,Closed,ITM-0904,50,0.32,16.00
PO-101561,CUST-D,VEND-09,2024-11-29,Closed,ITM-0917,3,3.60,10.80
PO-101561,CUST-D,VEND-09,2024-11-29,Closed,ITM-0929,1,1.14,1.14
PO-101562,CUST-D,VEND-07,2024-05-29,Closed,ITM-0306,4,0.95,3.80
PO-101563,CUST-C,VEND-05,2026-02-26,Received,ITM-0327,4,2.25,9.00
PO-101563,CUST-C,VEND-05,2026-02-26,Received,ITM-0412,1,1.08,1.08
PO-101563,CUST-C,VEND-05,2026-02-26,Received,ITM-0911,6,1.33,7.98
PO-101564,CUST-A,VEND-03,2025-03-29,Closed,ITM-0306,1,0.94,0.94
PO-101564,CUST-A,VEND-03,2025-03-29,Closed,ITM-0610,3,2.19,6.57
PO-101564,CUST-A,VEND-03,2025-03-29,Closed,ITM-0907,6,0.70,4.20
PO-101565,CUST-D,VEND-03,2024-11-17,Cancelled,ITM-0224,3,1.57,4.71
PO-101566,CUST-H,VEND-10,2024-11-23,Received,ITM-0328,3,3.30,9.90
PO-101566,CUST-H,VEND-10,2024-11-23,Received,ITM-0434,2,1.60,3.20
PO-101566,CUST-H,VEND-10,2024-11-23,Received,ITM-1014,24,2.46,59.04
PO-101567,CUST-A,VEND-11,2025-06-23,Closed,ITM-0433,24,1.04,24.96
PO-101567,CUST-A,VEND-11,2025-06-23,Closed,ITM-1015,12,4.26,51.12
PO-101568,CUST-D,VEND-01,2026-01-05,Received,ITM-0228,2,4.60,9.20
PO-101568,CUST-D,VEND-01,2026-01-05,Received,ITM-0310,2,4.76,9.52
PO-101568,CUST-D,VEND-01,2026-01-05,Received,ITM-0414,1,1.93,1.93
PO-101568,CUST-D,VEND-01,2026-01-05,Received,ITM-0426,1,27.20,27.20
PO-101568,CUST-D,VEND-01,2026-01-05,Received,ITM-0604,10,12.67,126.70
PO-101569,CUST-B,VEND-01,2024-10-09,Closed,ITM-0228,1,4.50,4.50
PO-101569,CUST-B,VEND-01,2024-10-09,Closed,ITM-0426,6,26.00,156.00
PO-101569,CUST-B,VEND-01,2024-10-09,Closed,ITM-0627,2,7.61,15.22
PO-101570,CUST-C,VEND-10,2024-01-12,Closed,ITM-0235,4,1.66,6.64
PO-101570,CUST-C,VEND-10,2024-01-12,Closed,ITM-0412,10,1.01,10.10
PO-101570,CUST-C,VEND-10,2024-01-12,Closed,ITM-0511,3,26.71,80.13
PO-101570,CUST-C,VEND-10,2024-01-12,Closed,ITM-0922,4,5.96,23.84
PO-101571,CUST-G,VEND-02,2025-05-23,Received,ITM-0220,24,2.67,64.08
PO-101571,CUST-G,VEND-02,2025-05-23,Received,ITM-0229,1,1.61,1.61
PO-101571,CUST-G,VEND-02,2025-05-23,Received,ITM-0229,1,1.61,1.61
PO-101571,CUST-G,VEND-02,2025-05-23,Received,ITM-0632,1,4.60,4.60
PO-101571,CUST-G,VEND-02,2025-05-23,Received,ITM-1011,1,3.82,3.82
PO-101572,CUST-A,VEND-03,2025-12-19,Received,ITM-0306,2,0.97,1.94
PO-101572,CUST-A,VEND-03,2025-12-19,Received,ITM-0311,1,7.21,7.21
PO-101572,CUST-A,VEND-03,2025-12-19,Received,ITM-0442,2,20.04,40.08
PO-101573,CUST-F,VEND-02,2025-03-31,Received,ITM-0629,2,3.20,6.40
PO-101573,CUST-F,VEND-02,2025-03-31,Received,ITM-1021,12,4.05,48.60
PO-101574,CUST-A,VEND-11,2026-06-16,Received,ITM-0432,1,0.96,0.96
PO-101574,CUST-A,VEND-11,2026-06-16,Received,ITM-0940,4,19.01,76.04
PO-101574,CUST-A,VEND-11,2026-06-16,Received,ITM-1015,10,4.35,43.50
PO-101575,CUST-C,VEND-01,2026-01-18,Closed,ITM-0426,10,27.17,271.70
PO-101575,CUST-C,VEND-01,2026-01-18,Closed,ITM-0433,10,1.33,13.30
PO-101575,CUST-C,VEND-01,2026-01-18,Closed,ITM-0627,24,7.59,182.16
PO-101576,CUST-H,VEND-10,2024-04-28,Received,ITM-0511,2,26.91,53.82
PO-101576,CUST-H,VEND-10,2024-04-28,Received,ITM-0517,6,39.23,235.38
PO-101576,CUST-H,VEND-10,2024-04-28,Received,ITM-0808,6,1.79,10.74
PO-101577,CUST-D,VEND-02,2025-05-15,Closed,ITM-0246,20,2.28,45.60
PO-101577,CUST-D,VEND-02,2025-05-15,Closed,ITM-0815,1,8.10,8.10
PO-101578,CUST-D,VEND-10,2025-11-06,Closed,ITM-0902,5,4.26,21.30
PO-101578,CUST-D,VEND-10,2025-11-06,Closed,ITM-0913,12,1.31,15.72
PO-101579,CUST-F,VEND-01,2024-12-25,Received,ITM-0939,10,16.26,162.60
PO-101579,CUST-F,VEND-01,2024-12-25,Received,ITM-1010,10,10.10,101.00
PO-101580,CUST-E,VEND-10,2026-07-21,Open,ITM-0328,1,3.63,3.63
PO-101580,CUST-E,VEND-10,2026-07-21,Open,ITM-0605,4,16.48,65.92
PO-101580,CUST-E,VEND-10,2026-07-21,Open,ITM-0737,24,75.48,1811.52
PO-101581,CUST-C,VEND-12,2025-06-25,Received,ITM-0220,12,2.76,33.12
PO-101581,CUST-C,VEND-12,2025-06-25,Received,ITM-0403,2,2.55,5.10
PO-101581,CUST-C,VEND-12,2025-06-25,Received,ITM-0612,1,4.14,4.14
PO-101582,CUST-A,VEND-09,2024-01-13,Received,ITM-0433,10,1.23,12.30
PO-101583,CUST-A,VEND-03,2026-03-06,Closed,ITM-0808,20,1.97,39.40
PO-101583,CUST-A,VEND-03,2026-03-06,Closed,ITM-1010,6,9.46,56.76
PO-101584,CUST-D,VEND-07,2026-06-27,Closed,ITM-0219,4,1.98,7.92
PO-101584,CUST-D,VEND-07,2026-06-27,Closed,ITM-0310,50,4.22,211.00
PO-101584,CUST-D,VEND-07,2026-06-27,Closed,ITM-0517,5,45.34,226.70
PO-101584,CUST-D,VEND-07,2026-06-27,Closed,ITM-0605,12,16.76,201.12
PO-101584,CUST-D,VEND-07,2026-06-27,Closed,ITM-0921,10,3.97,39.70
PO-101584,CUST-D,VEND-07,2026-06-27,Closed,ITM-0943,10,23.73,237.30
PO-101585,CUST-D,VEND-04,2024-12-01,Received,ITM-0326,10,2.60,26.00
PO-101585,CUST-D,VEND-04,2024-12-01,Received,ITM-0442,6,20.56,123.36
PO-101585,CUST-D,VEND-04,2024-12-01,Received,ITM-0632,4,4.17,16.68
PO-101585,CUST-D,VEND-04,2024-12-01,Received,ITM-0632,4,4.17,16.68
PO-101585,CUST-D,VEND-04,2024-12-01,Received,ITM-1015,10,3.98,39.80
PO-101586,CUST-A,VEND-03,2025-06-09,Received,ITM-1014,50,2.32,116.00
PO-101587,CUST-A,VEND-08,2026-07-01,Open,ITM-0902,2,47.00,94.00
PO-101587,CUST-A,VEND-08,2026-07-01,Open,ITM-0903,4,0.21,0.84
PO-101588,CUST-H,VEND-03,2024-07-27,Cancelled,ITM-0224,5,1.48,7.40
PO-101588,CUST-H,VEND-03,2024-07-27,Cancelled,ITM-0437,24,1.80,43.20
PO-101588,CUST-H,VEND-03,2024-07-27,Cancelled,ITM-0920,6,2.98,17.88
PO-101589,CUST-B,VEND-12,2024-04-15,Received,ITM-0220,5,2.55,12.75
PO-101589,CUST-B,VEND-12,2024-04-15,Received,ITM-0309,1,1.94,1.94
PO-101589,CUST-B,VEND-12,2024-04-15,Received,ITM-0403,4,2.54,10.16
PO-101590,CUST-C,VEND-04,2024-07-18,Closed,ITM-0922,2,6.08,12.16
PO-101591,CUST-A,VEND-04,2024-07-18,Received,ITM-0237,2,2.90,5.80
PO-101591,CUST-A,VEND-04,2024-07-18,Received,ITM-0605,4,14.91,59.64
PO-101592,CUST-F,VEND-09,2026-04-05,Received,ITM-0433,4,1.36,5.44
PO-101593,CUST-H,VEND-12,2024-01-25,Received,ITM-0612,1,3.81,3.81
PO-101594,CUST-A,VEND-08,2024-08-11,Received,ITM-0621,2,3.66,7.32
PO-101595,CUST-A,VEND-03,2025-11-13,Received,ITM-0311,6,6.82,40.92
PO-101596,CUST-A,VEND-12,2024-12-08,Closed,ITM-0220,2,2.64,5.28
PO-101596,CUST-A,VEND-12,2024-12-08,Closed,ITM-0612,5,4.21,21.05
PO-101596,CUST-A,VEND-12,2024-12-08,Closed,ITM-1015,4,4.32,17.28
PO-101597,CUST-B,VEND-04,2025-02-10,Received,ITM-0942,12,0.35,4.20
PO-101597,CUST-B,VEND-04,2025-02-10,Received,ITM-1022,1,5.46,5.46
PO-101598,CUST-C,VEND-02,2025-08-09,Closed,ITM-0220,2,2.65,5.30
PO-101598,CUST-C,VEND-02,2025-08-09,Closed,ITM-0237,2,3.38,6.76
PO-101598,CUST-C,VEND-02,2025-08-09,Closed,ITM-0413,24,1.56,37.44
PO-101598,CUST-C,VEND-02,2025-08-09,Closed,ITM-0632,1,4.76,4.76
PO-101598,CUST-C,VEND-02,2025-08-09,Closed,ITM-0903,2,0.21,0.42
PO-101598,CUST-C,VEND-02,2025-08-09,Closed,ITM-1011,4,3.84,15.36
PO-101599,CUST-A,VEND-06,2025-12-19,Closed,ITM-0201,2,4.20,8.40
PO-101599,CUST-A,VEND-06,2025-12-19,Closed,ITM-1015,10,4.25,42.50
PO-101600,CUST-A,VEND-02,2025-08-16,Closed,ITM-0201,6,3.96,23.76
PO-101600,CUST-A,VEND-02,2025-08-16,Closed,ITM-0314,3,2.55,7.65
PO-101601,CUST-B,VEND-07,2024-12-02,Received,ITM-0306,24,0.91,21.84
PO-101601,CUST-B,VEND-07,2024-12-02,Received,ITM-0612,6,4.35,26.10
PO-101601,CUST-B,VEND-07,2024-12-02,Received,ITM-0628,2,0.16,0.32
PO-101602,CUST-A,VEND-07,2026-07-11,Received,ITM-0220,10,2.72,27.20
PO-101603,CUST-B,VEND-01,2024-09-14,Closed,ITM-0433,2,1.21,2.42
PO-101603,CUST-B,VEND-01,2024-09-14,Closed,ITM-0611,24,3.34,80.16
PO-101603,CUST-B,VEND-01,2024-09-14,Closed,ITM-0627,12,7.25,87.00
PO-101603,CUST-B,VEND-01,2024-09-14,Closed,ITM-1003,10,1.08,10.80
PO-101604,CUST-F,VEND-06,2025-11-22,Received,ITM-0440,6,27.43,164.58
PO-101604,CUST-F,VEND-06,2025-11-22,Received,ITM-0446,4,22.74,90.96
PO-101604,CUST-F,VEND-06,2025-11-22,Received,ITM-0632,50,3.93,196.50
PO-101604,CUST-F,VEND-06,2025-11-22,Received,ITM-0915,50,2.48,124.00
PO-101604,CUST-F,VEND-06,2025-11-22,Received,ITM-0927,2,0.54,1.08
PO-101604,CUST-F,VEND-06,2025-11-22,Received,ITM-1015,1,4.44,4.44
PO-101605,CUST-D,VEND-12,2026-08-10,Open,ITM-0220,6,2.93,17.58
PO-101605,CUST-D,VEND-12,2026-08-10,Open,ITM-0254,6,1.90,11.40
PO-101605,CUST-D,VEND-12,2026-08-10,Open,ITM-0426,10,26.93,269.30
PO-101605,CUST-D,VEND-12,2026-08-10,Open,ITM-0612,4,4.29,17.16
PO-101605,CUST-D,VEND-12,2026-08-10,Open,ITM-0623,4,2.49,9.96
PO-101607,CUST-A,VEND-10,2026-02-02,Received,ITM-0328,12,3.40,40.80
PO-101607,CUST-A,VEND-10,2026-02-02,Received,ITM-0431,20,0.80,16.00
PO-101608,CUST-A,VEND-06,2026-01-03,Closed,ITM-0104,50,56.97,2848.50
PO-101608,CUST-A,VEND-06,2026-01-03,Closed,ITM-0201,24,3.91,93.84
PO-101608,CUST-A,VEND-06,2026-01-03,Closed,ITM-0715,4,72.13,288.52
PO-101608,CUST-A,VEND-06,2026-01-03,Closed,ITM-0915,4,2.65,10.60
PO-101608,CUST-A,VEND-06,2026-01-03,Closed,ITM-1015,5,4.42,22.10
PO-101609,CUST-C,VEND-02,2024-12-10,Closed,ITM-0220,2,2.64,5.28
PO-101609,CUST-C,VEND-02,2024-12-10,Closed,ITM-0225,4,2.52,10.08
PO-101609,CUST-C,VEND-02,2024-12-10,Closed,ITM-0425,4,26.86,107.44
PO-101609,CUST-C,VEND-02,2024-12-10,Closed,ITM-0629,24,3.10,74.40
PO-101609,CUST-C,VEND-02,2024-12-10,Closed,ITM-1011,3,3.85,11.55
PO-101610,CUST-B,VEND-12,2024-07-05,Closed,ITM-0230,6,3.14,18.84
PO-101610,CUST-B,VEND-12,2024-07-05,Closed,ITM-0426,10,26.46,264.60
PO-101610,CUST-B,VEND-12,2024-07-05,Closed,ITM-0612,10,4.27,42.70
PO-101611,CUST-C,VEND-12,2025-01-17,Received,ITM-0257,1,0.70,0.70
PO-101611,CUST-C,VEND-12,2025-01-17,Received,ITM-0403,1,2.62,2.62
PO-101611,CUST-C,VEND-12,2025-01-17,Received,ITM-1015,1,4.79,4.79
PO-101612,CUST-B,VEND-04,2025-10-27,Closed,ITM-0326,50,2.39,119.50
PO-101613,CUST-D,VEND-05,2024-12-24,Closed,ITM-0311,12,6.68,80.16
PO-101613,CUST-D,VEND-05,2024-12-24,Closed,ITM-0612,1,3.85,3.85
PO-101613,CUST-D,VEND-05,2024-12-24,Closed,ITM-1014,2,2.44,4.88
PO-101614,CUST-H,VEND-05,2025-08-15,Closed,ITM-0426,2,25.00,50.00
PO-101614,CUST-H,VEND-05,2025-08-15,Closed,ITM-0629,4,3.27,13.08
PO-101614,CUST-H,VEND-05,2025-08-15,Closed,ITM-0808,6,1.94,11.64
PO-101615,CUST-B,VEND-05,2024-03-15,Received,ITM-0426,24,23.02,552.48
PO-101615,CUST-B,VEND-05,2024-03-15,Received,ITM-0815,2,8.39,16.78
PO-101617,CUST-A,VEND-02,2026-01-06,Received,ITM-0201,24,3.80,91.20
PO-101617,CUST-A,VEND-02,2026-01-06,Received,ITM-0237,2,3.21,6.42
PO-101617,CUST-A,VEND-02,2026-01-06,Received,ITM-0815,24,7.79,186.96
PO-101617,CUST-A,VEND-02,2026-01-06,Received,ITM-1011,6,3.73,22.38
PO-101618,CUST-E,VEND-09,2025-05-18,Received,ITM-0421,50,17.01,850.50
PO-101619,CUST-A,VEND-11,2026-07-14,Open,ITM-0416,2,2.86,5.72
PO-101619,CUST-A,VEND-11,2026-07-14,Open,ITM-0416,2,2.86,5.72
PO-101619,CUST-A,VEND-11,2026-07-14,Open,ITM-0605,6,16.58,99.48
PO-101619,CUST-A,VEND-11,2026-07-14,Open,ITM-0913,4,1.51,6.04
PO-101619,CUST-A,VEND-11,2026-07-14,Open,ITM-1010,50,8.43,421.50
PO-101619,CUST-A,VEND-11,2026-07-14,Open,ITM-1015,2,4.10,8.20
PO-101620,CUST-F,VEND-06,2025-04-20,Received,ITM-0408,10,4.99,49.90
PO-101620,CUST-F,VEND-06,2025-04-20,Received,ITM-0614,2,5.79,11.58
PO-101620,CUST-F,VEND-06,2025-04-20,Received,ITM-0628,4,0.15,0.60
PO-101620,CUST-F,VEND-06,2025-04-20,Received,ITM-0632,4,3.88,15.52
PO-101620,CUST-F,VEND-06,2025-04-20,Received,ITM-1014,4,2.66,10.64
PO-101620,CUST-F,VEND-06,2025-04-20,Received,ITM-1015,6,4.41,26.46
PO-101621,CUST-A,VEND-10,2024-11-02,Closed,ITM-0431,12,0.78,9.36
PO-101621,CUST-A,VEND-10,2024-11-02,Closed,ITM-0434,10,1.44,14.40
PO-101621,CUST-A,VEND-10,2024-11-02,Closed,ITM-0808,10,1.69,16.90
PO-101621,CUST-A,VEND-10,2024-11-02,Closed,ITM-0929,10,1.12,11.20
PO-101622,CUST-E,VEND-12,2026-07-26,Open,ITM-1011,2,4.14,8.28
PO-101623,CUST-C,VEND-10,2026-05-17,Received,ITM-0908,6,0.90,5.40
PO-101624,CUST-A,VEND-03,2025-04-12,Closed,ITM-0306,5,0.88,4.40
PO-101624,CUST-A,VEND-03,2025-04-12,Closed,ITM-0306,5,0.88,4.40
PO-101624,CUST-A,VEND-03,2025-04-12,Closed,ITM-0628,6,0.14,0.84
PO-101624,CUST-A,VEND-03,2025-04-12,Closed,ITM-0907,6,0.69,4.14
PO-101624,CUST-A,VEND-03,2025-04-12,Closed,ITM-0928,24,0.78,18.72
PO-101625,CUST-C,VEND-11,2026-02-15,Received,ITM-0416,2,3.06,6.12
PO-101625,CUST-C,VEND-11,2026-02-15,Received,ITM-0433,4,1.26,5.04
PO-101625,CUST-C,VEND-11,2026-02-15,Received,ITM-0629,10,3.17,31.70
PO-101625,CUST-C,VEND-11,2026-02-15,Received,ITM-1015,10,4.50,45.00
PO-101626,CUST-A,VEND-05,2026-06-07,Open,ITM-0404,2,3.09,6.18
PO-101626,CUST-A,VEND-05,2026-06-07,Open,ITM-0426,10,25.47,254.70
PO-101627,CUST-G,VEND-06,2025-09-26,Closed,ITM-0430,2,0.48,0.96
PO-101627,CUST-G,VEND-06,2025-09-26,Closed,ITM-0614,1,6.07,6.07
PO-101627,CUST-G,VEND-06,2025-09-26,Closed,ITM-1015,4,4.37,17.48
PO-101628,CUST-A,VEND-12,2024-05-30,Received,ITM-0403,6,2.29,13.74
PO-101628,CUST-A,VEND-12,2024-05-30,Received,ITM-1015,6,4.22,25.32
PO-101629,CUST-B,VEND-12,2024-11-08,Received,ITM-0257,4,0.70,2.80
PO-101629,CUST-F,VEND-12,2024-11-08,Received,ITM-0230,5,2.97,14.85
PO-101630,CUST-H,VEND-02,2025-09-17,Closed,ITM-0237,2,3.31,6.62
PO-101630,CUST-H,VEND-02,2025-09-17,Closed,ITM-0621,3,4.20,12.60
PO-101631,CUST-D,VEND-06,2024-08-18,Closed,ITM-0224,3,1.44,4.32
PO-101631,CUST-D,VEND-06,2024-08-18,Closed,ITM-0235,12,1.64,19.68
PO-101631,CUST-D,VEND-06,2024-08-18,Closed,ITM-0910,6,1.10,6.60
PO-101631,CUST-D,VEND-06,2024-08-18,Closed,ITM-0917,3,3.53,10.59
PO-101632,CUST-D,VEND-01,2025-05-01,Closed,ITM-0228,2,4.43,8.86
PO-101632,CUST-D,VEND-01,2025-05-01,Closed,ITM-0426,4,24.29,97.16
PO-101632,CUST-D,VEND-01,2025-05-01,Closed,ITM-0910,2,1.18,2.36
PO-101633,CUST-H,VEND-11,2025-12-06,Received,ITM-0434,12,1.56,18.72
PO-101633,CUST-H,VEND-11,2025-12-06,Received,ITM-0627,2,8.04,16.08
PO-101633,CUST-H,VEND-11,2025-12-06,Received,ITM-1001,5,1.08,5.40
PO-101635,CUST-B,VEND-01,2025-12-20,Received,ITM-0225,2,2.32,4.64
PO-101635,CUST-B,VEND-01,2025-12-20,Received,ITM-0228,1,4.63,4.63
PO-101635,CUST-B,VEND-01,2025-12-20,Received,ITM-0426,1,25.86,25.86
PO-101635,CUST-B,VEND-01,2025-12-20,Received,ITM-0433,1,1.24,1.24
PO-101636,CUST-H,VEND-07,2025-05-14,Closed,ITM-0246,6,2.09,12.54
PO-101636,CUST-H,VEND-07,2025-05-14,Closed,ITM-0408,12,5.24,62.88
PO-101636,CUST-H,VEND-07,2025-05-14,Closed,ITM-0612,2,4.31,8.62
PO-101636,CUST-H,VEND-07,2025-05-14,Closed,ITM-0715,1,71.23,71.23
PO-101636,CUST-H,VEND-07,2025-05-14,Closed,ITM-0943,1,24.00,24.00
PO-101637,CUST-C,VEND-06,2026-07-15,Open,ITM-0104,2,75.72,151.44
PO-101637,CUST-C,VEND-06,2026-07-15,Open,ITM-0104,2,75.72,151.44
PO-101637,CUST-C,VEND-06,2026-07-15,Open,ITM-0446,1,22.31,22.31
PO-101637,CUST-C,VEND-06,2026-07-15,Open,ITM-1015,3,4.85,14.55
PO-101638,CUST-B,VEND-04,2026-08-03,Open,ITM-0228,2,5.24,10.48
PO-101638,CUST-B,VEND-04,2026-08-03,Open,ITM-0237,6,3.36,20.16
PO-101638,CUST-B,VEND-04,2026-08-03,Open,ITM-0306,2,1.03,2.06
PO-101638,CUST-B,VEND-04,2026-08-03,Open,ITM-0508,1,17.60,17.60
PO-101638,CUST-B,VEND-04,2026-08-03,Open,ITM-0610,50,2.23,111.50
PO-101639,CUST-F,VEND-05,2025-10-13,Closed,ITM-0612,5,4.16,20.80
PO-101639,CUST-F,VEND-05,2025-10-13,Closed,ITM-0815,2,8.62,17.24
PO-101640,CUST-A,VEND-05,2026-05-28,Received,ITM-0426,1,23.64,23.64
PO-101641,CUST-D,VEND-10,2024-02-12,Received,ITM-0434,2,1.52,3.04
PO-101641,CUST-D,VEND-10,2024-02-12,Received,ITM-0904,1,0.33,0.33
PO-101641,CUST-D,VEND-10,2024-02-12,Received,ITM-0922,2,5.77,11.54
PO-101641,CUST-D,VEND-10,2024-02-12,Received,ITM-1014,10,2.43,24.30
PO-101643,CUST-H,VEND-06,2025-11-06,Closed,ITM-0437,12,2.10,25.20
PO-101643,CUST-H,VEND-06,2025-11-06,Closed,ITM-0446,10,22.11,221.10
PO-101644,CUST-A,VEND-06,2025-07-06,Received,ITM-0431,1,0.78,0.78
PO-101644,CUST-A,VEND-06,2025-07-06,Received,ITM-1015,20,4.32,86.40
PO-101645,CUST-B,VEND-10,2026-06-21,Open,ITM-0412,6,1.16,6.96
PO-101645,CUST-B,VEND-10,2026-06-21,Open,ITM-0737,4,76.33,305.32
PO-101646,CUST-D,VEND-03,2026-06-07,Open,ITM-0306,4,1.01,4.04
PO-101646,CUST-D,VEND-03,2026-06-07,Open,ITM-0733,2,24.83,49.66
PO-101646,CUST-D,VEND-03,2026-06-07,Open,ITM-0917,1,3.96,3.96
PO-101647,CUST-G,VEND-02,2026-06-13,Received,ITM-0201,4,4.17,16.68
PO-101647,CUST-G,VEND-02,2026-06-13,Received,ITM-0235,50,1.68,84.00
PO-101647,CUST-G,VEND-02,2026-06-13,Received,ITM-0237,10,3.34,33.40
PO-101647,CUST-G,VEND-02,2026-06-13,Received,ITM-0311,1,8.19,8.19
PO-101647,CUST-G,VEND-02,2026-06-13,Received,ITM-0425,6,26.86,161.16
PO-101647,CUST-G,VEND-02,2026-06-13,Received,ITM-0904,12,0.36,4.32
PO-101648,CUST-F,VEND-12,2025-08-21,Received,ITM-0220,1,2.74,2.74
PO-101648,CUST-F,VEND-12,2025-08-21,Received,ITM-0403,20,2.68,53.60
PO-101649,CUST-D,VEND-01,2026-03-24,Received,ITM-0228,12,4.55,54.60
PO-101649,CUST-D,VEND-01,2026-03-24,Received,ITM-0426,4,28.25,113.00
PO-101649,CUST-D,VEND-01,2026-03-24,Received,ITM-0611,12,3.49,41.88
PO-101649,CUST-D,VEND-01,2026-03-24,Received,ITM-1001,1,1.09,1.09
PO-101649,CUST-D,VEND-01,2026-03-24,Received,ITM-1010,6,9.72,58.32
PO-101650,CUST-C,VEND-05,2026-07-30,Open,ITM-0246,4,2.37,9.48
PO-101650,CUST-C,VEND-05,2026-07-30,Open,ITM-0414,3,1.91,5.73
PO-101650,CUST-C,VEND-05,2026-07-30,Open,ITM-0815,4,9.06,36.24
PO-101650,CUST-C,VEND-05,2026-07-30,Open,ITM-1011,10,3.81,38.10
PO-101651,CUST-A,VEND-07,2024-08-15,Closed,ITM-0219,24,1.68,40.32
PO-101651,CUST-A,VEND-07,2024-08-15,Closed,ITM-0612,4,3.91,15.64
PO-101652,CUST-B,VEND-04,2026-06-01,Closed,ITM-0508,24,17.50,420.00
PO-101653,CUST-F,VEND-07,2024-09-03,Closed,ITM-0612,4,4.19,16.76
PO-101653,CUST-F,VEND-07,2024-09-03,Closed,ITM-0623,24,2.40,57.60
PO-101653,CUST-F,VEND-07,2024-09-03,Closed,ITM-0715,1,76.07,76.07
PO-101653,CUST-F,VEND-07,2024-09-03,Closed,ITM-0942,4,0.34,1.36
PO-101654,CUST-A,VEND-07,2026-02-26,Closed,ITM-0306,4,0.99,3.96
PO-101654,CUST-A,VEND-07,2026-02-26,Closed,ITM-0612,12,4.05,48.60
PO-101655,CUST-C,VEND-08,2025-02-23,Received,ITM-0243,4,0.78,3.12
PO-101655,CUST-C,VEND-08,2025-02-23,Received,ITM-0621,1,3.96,3.96
PO-101655,CUST-C,VEND-08,2025-02-23,Received,ITM-0908,6,0.94,5.64
PO-101656,CUST-F,VEND-05,2024-10-31,Received,ITM-0403,12,2.44,29.28
PO-101656,CUST-F,VEND-05,2024-10-31,Received,ITM-0433,2,1.13,2.26
PO-101656,CUST-F,VEND-05,2024-10-31,Received,ITM-0612,2,3.88,7.76
PO-101656,CUST-F,VEND-05,2024-10-31,Received,ITM-1011,1,3.76,3.76
PO-101657,CUST-E,VEND-04,2025-02-05,Received,ITM-0228,4,4.71,18.84
PO-101657,CUST-E,VEND-04,2025-02-05,Received,ITM-0611,1,3.59,3.59
PO-101657,CUST-E,VEND-04,2025-02-05,Received,ITM-0921,2,4.23,8.46
PO-101658,CUST-G,VEND-03,2025-03-19,Received,ITM-0808,1,1.89,1.89
PO-101659,CUST-H,VEND-10,2024-12-22,Received,ITM-0517,4,39.62,158.48
PO-101659,CUST-H,VEND-10,2024-12-22,Received,ITM-0737,3,75.99,227.97
PO-101659,CUST-H,VEND-10,2024-12-22,Received,ITM-0808,1,1.81,1.81
PO-101659,CUST-H,VEND-10,2024-12-22,Received,ITM-0922,1,5.97,5.97
PO-101659,CUST-H,VEND-10,2024-12-22,Received,ITM-1014,5,2.58,12.90
PO-101660,CUST-A,VEND-09,2024-10-05,Received,ITM-0433,6,1.19,7.14
PO-101660,CUST-A,VEND-09,2024-10-05,Received,ITM-0434,1,1.45,1.45
PO-101660,CUST-A,VEND-09,2024-10-05,Received,ITM-1021,1,4.54,4.54
PO-101661,CUST-D,VEND-06,2024-06-06,Closed,ITM-0446,6,21.82,130.92
PO-101661,CUST-D,VEND-06,2024-06-06,Closed,ITM-0915,4,2.60,10.40
PO-101661,CUST-D,VEND-06,2024-06-06,Closed,ITM-1015,24,4.07,97.68
PO-101662,CUST-C,VEND-07,2024-02-14,Closed,ITM-0517,1,39.12,39.12
PO-101663,CUST-H,VEND-11,2026-09-01,Closed,ITM-0629,2,3.19,6.38
PO-101664,CUST-D,VEND-08,2024-07-02,Received,ITM-0230,1,2.92,2.92
PO-101665,CUST-F,VEND-06,2025-01-14,Received,ITM-0255,5,1.51,7.55
PO-101665,CUST-F,VEND-06,2025-01-14,Received,ITM-0629,10,3.33,33.30
PO-101665,CUST-F,VEND-06,2025-01-14,Received,ITM-1015,4,4.35,17.40
PO-101666,CUST-B,VEND-03,2026-07-01,Cancelled,ITM-0243,2,0.71,1.42
PO-101666,CUST-B,VEND-03,2026-07-01,Cancelled,ITM-0306,6,1.06,6.36
PO-101666,CUST-B,VEND-03,2026-07-01,Cancelled,ITM-0442,2,22.41,44.82
PO-101666,CUST-B,VEND-03,2026-07-01,Cancelled,ITM-0808,1,2.03,2.03
PO-101667,CUST-A,VEND-12,2024-09-15,Closed,ITM-0220,12,2.57,30.84
PO-101668,CUST-B,VEND-02,2024-03-12,Received,ITM-0228,1,4.70,4.70
PO-101668,CUST-B,VEND-02,2024-03-12,Received,ITM-0237,2,3.31,6.62
PO-101668,CUST-B,VEND-02,2024-03-12,Received,ITM-0311,24,7.00,168.00
PO-101668,CUST-B,VEND-02,2024-03-12,Received,ITM-0408,4,5.35,21.40
PO-101668,CUST-B,VEND-02,2024-03-12,Received,ITM-0408,4,5.35,21.40
PO-101669,CUST-C,VEND-10,2024-05-29,Closed,ITM-0437,1,1.98,1.98
PO-101669,CUST-C,VEND-10,2024-05-29,Closed,ITM-0908,50,0.86,43.00
PO-101670,CUST-A,VEND-02,2026-08-09,Open,ITM-0237,2,3.25,6.50
PO-101671,CUST-B,VEND-06,2025-12-26,Closed,ITM-0104,10,66.53,665.30
PO-101671,CUST-B,VEND-06,2025-12-26,Closed,ITM-1014,3,2.75,8.25
PO-101672,CUST-B,VEND-12,2024-03-24,Received,ITM-0426,10,24.08,240.80
PO-101673,CUST-C,VEND-08,2024-12-30,Cancelled,ITM-0306,6,0.97,5.82
PO-101674,CUST-C,VEND-10,2024-02-11,Closed,ITM-0434,4,1.44,5.76
PO-101674,CUST-C,VEND-10,2024-02-11,Closed,ITM-0517,50,38.24,1912.00
PO-101676,CUST-D,VEND-02,2024-06-07,Closed,ITM-0235,2,1.62,3.24
PO-101677,CUST-D,VEND-03,2025-04-01,Closed,ITM-0243,24,0.68,16.32
PO-101677,CUST-D,VEND-03,2025-04-01,Closed,ITM-0430,5,0.45,2.25
PO-101677,CUST-D,VEND-03,2025-04-01,Closed,ITM-0917,2,3.65,7.30
PO-101678,CUST-G,VEND-01,2025-02-02,Closed,ITM-0208,2,5.32,10.64
PO-101678,CUST-G,VEND-01,2025-02-02,Closed,ITM-0413,3,1.50,4.50
PO-101678,CUST-G,VEND-01,2025-02-02,Closed,ITM-0426,2,25.84,51.68
PO-101678,CUST-G,VEND-01,2025-02-02,Closed,ITM-0433,10,1.24,12.40
PO-101678,CUST-G,VEND-01,2025-02-02,Closed,ITM-0623,20,2.64,52.80
PO-101679,CUST-F,VEND-06,2025-10-18,Received,ITM-0628,4,0.16,0.64
PO-101679,CUST-F,VEND-06,2025-10-18,Received,ITM-0632,4,4.09,16.36
PO-101679,CUST-F,VEND-06,2025-10-18,Received,ITM-1015,1,4.80,4.80
PO-101680,CUST-E,VEND-01,2026-06-26,Received,ITM-0228,2,4.66,9.32
PO-101680,CUST-E,VEND-01,2026-06-26,Received,ITM-0426,10,26.90,269.00
PO-101680,CUST-E,VEND-01,2026-06-26,Received,ITM-0611,10,3.58,35.80
PO-101680,CUST-E,VEND-01,2026-06-26,Received,ITM-0927,10,0.57,5.70
PO-101680,CUST-E,VEND-01,2026-06-26,Received,ITM-0943,2,23.02,46.04
PO-101681,CUST-F,VEND-01,2025-02-04,Closed,ITM-0426,2,25.98,51.96
PO-101681,CUST-F,VEND-01,2025-02-04,Closed,ITM-0433,4,1.30,5.20
PO-101681,CUST-F,VEND-01,2025-02-04,Closed,ITM-0611,2,3.37,6.74
PO-101681,CUST-F,VEND-01,2025-02-04,Closed,ITM-0939,2,16.18,32.36
PO-101681,CUST-F,VEND-01,2025-02-04,Closed,ITM-1006,6,1.31,7.86
PO-101682,CUST-G,VEND-11,2025-03-06,Closed,ITM-0326,20,2.88,57.60
PO-101682,CUST-G,VEND-11,2025-03-06,Closed,ITM-0434,10,1.44,14.40
PO-101682,CUST-G,VEND-11,2025-03-06,Closed,ITM-0715,24,67.85,1628.40
PO-101682,CUST-G,VEND-11,2025-03-06,Closed,ITM-0737,1,77.73,77.73
PO-101683,CUST-A,VEND-10,2024-08-10,Closed,ITM-0904,1,0.30,0.30
PO-101684,CUST-F,VEND-04,2026-08-19,Received,ITM-0609,4,1.50,6.00
PO-101684,CUST-F,VEND-04,2026-08-19,Received,ITM-0611,10,3.70,37.00
PO-101684,CUST-F,VEND-04,2026-08-19,Received,ITM-0715,6,80.12,480.72
PO-101685,CUST-F,VEND-01,2025-06-19,Closed,ITM-0414,6,1.88,11.28
PO-101685,CUST-F,VEND-01,2025-06-19,Closed,ITM-0426,12,27.41,328.92
PO-101685,CUST-F,VEND-01,2025-06-19,Closed,ITM-0433,4,1.26,5.04
PO-101686,CUST-E,VEND-12,2024-06-11,Cancelled,ITM-0612,4,4.13,16.52
PO-101687,CUST-A,VEND-06,2026-05-22,Received,ITM-0311,6,6.60,39.60
PO-101688,CUST-B,VEND-03,2025-04-19,Received,ITM-0243,50,0.65,32.50
PO-101688,CUST-B,VEND-03,2025-04-19,Received,ITM-0243,50,0.65,32.50
PO-101688,CUST-B,VEND-03,2025-04-19,Received,ITM-0402,2,1.84,3.68
PO-101688,CUST-B,VEND-03,2025-04-19,Received,ITM-0808,2,1.85,3.70
PO-101688,CUST-B,VEND-03,2025-04-19,Received,ITM-0920,3,3.00,9.00
PO-101689,CUST-B,VEND-02,2024-12-30,Closed,ITM-0220,50,2.54,127.00
PO-101689,CUST-B,VEND-02,2024-12-30,Closed,ITM-0229,4,1.65,6.60
PO-101689,CUST-B,VEND-02,2024-12-30,Closed,ITM-0237,2,3.28,6.56
PO-101689,CUST-B,VEND-02,2024-12-30,Closed,ITM-0425,4,27.30,109.20
PO-101689,CUST-B,VEND-02,2024-12-30,Closed,ITM-0947,2,0.44,0.88
PO-101690,CUST-F,VEND-03,2026-06-17,Open,ITM-0440,4,26.47,105.88
PO-101690,CUST-F,VEND-03,2026-06-17,Open,ITM-0920,4,3.04,12.16
PO-101690,CUST-F,VEND-03,2026-06-17,Open,ITM-0939,10,16.74,167.40
PO-101690,CUST-F,VEND-03,2026-06-17,Open,ITM-1020,2,9.52,19.04
PO-101691,CUST-D,VEND-06,2026-03-08,Received,ITM-0224,4,1.61,6.44
PO-101691,CUST-D,VEND-06,2026-03-08,Received,ITM-0235,12,1.70,20.40
PO-101691,CUST-D,VEND-06,2026-03-08,Received,ITM-0917,1,3.83,3.83
PO-101691,CUST-D,VEND-06,2026-03-08,Received,ITM-1015,6,4.67,28.02
PO-101692,CUST-E,VEND-04,2026-08-29,Open,ITM-0306,4,1.04,4.16
PO-101692,CUST-E,VEND-04,2026-08-29,Open,ITM-0446,6,21.54,129.24
PO-101692,CUST-E,VEND-04,2026-08-29,Open,ITM-0737,1,80.71,80.71
PO-101693,CUST-F,VEND-06,2026-04-03,Received,ITM-1015,2,4.48,8.96
PO-101694,CUST-A,VEND-02,2024-06-25,Received,ITM-0237,6,3.08,18.48
PO-101694,CUST-A,VEND-02,2024-06-25,Received,ITM-0432,4,0.85,3.40
PO-101695,CUST-B,VEND-04,2025-01-04,Closed,ITM-0225,5,2.43,12.15
PO-101695,CUST-B,VEND-04,2025-01-04,Closed,ITM-0306,2,0.98,1.96
PO-101695,CUST-B,VEND-04,2025-01-04,Closed,ITM-0620,5,3.07,15.35
PO-101695,CUST-B,VEND-04,2025-01-04,Closed,ITM-0737,1,74.33,74.33
PO-101695,CUST-B,VEND-04,2025-01-04,Closed,ITM-0907,10,0.75,7.50
PO-101695,CUST-B,VEND-04,2025-01-04,Closed,ITM-1008,1,1.51,1.51
PO-101696,CUST-A,VEND-02,2024-12-17,Received,ITM-0237,2,3.06,6.12
PO-101697,CUST-A,VEND-02,2024-12-04,Received,ITM-0229,1,1.52,1.52
PO-101697,CUST-A,VEND-02,2024-12-04,Received,ITM-0237,6,2.98,17.88
PO-101698,CUST-G,VEND-12,2024-05-02,Cancelled,ITM-0220,6,2.62,15.72
PO-101698,CUST-G,VEND-12,2024-05-02,Cancelled,ITM-0612,1,4.57,4.57
PO-101698,CUST-G,VEND-12,2024-05-02,Cancelled,ITM-1015,24,4.33,103.92
PO-101699,CUST-C,VEND-02,2024-01-31,Received,ITM-0246,2,2.14,4.28
PO-101700,CUST-A,VEND-03,2026-03-13,Closed,ITM-0311,12,7.51,90.12
PO-101700,CUST-A,VEND-03,2026-03-13,Closed,ITM-0618,2,4.15,8.30
PO-101701,CUST-A,VEND-11,2024-07-16,Received,ITM-0620,2,2.93,5.86
PO-101702,CUST-D,VEND-05,2024-02-16,Received,ITM-0412,10,1.08,10.80
PO-101702,CUST-D,VEND-05,2024-02-16,Received,ITM-0627,2,7.20,14.40
PO-101703,CUST-C,VEND-09,2025-09-28,Received,ITM-0433,5,1.32,6.60
PO-101703,CUST-C,VEND-09,2025-09-28,Received,ITM-0805,20,36.94,738.80
PO-101704,CUST-C,VEND-11,2024-12-05,Received,ITM-0943,4,25.05,100.20
PO-101704,CUST-C,VEND-11,2024-12-05,Received,ITM-1022,10,5.37,53.70
PO-101705,CUST-D,VEND-01,2026-04-04,Received,ITM-0228,10,4.59,45.90
PO-101705,CUST-D,VEND-01,2026-04-04,Received,ITM-0426,10,27.23,272.30
PO-101705,CUST-D,VEND-01,2026-04-04,Received,ITM-0943,10,23.78,237.80
PO-101706,CUST-B,VEND-06,2024-05-21,Closed,ITM-0235,6,1.68,10.08
PO-101706,CUST-B,VEND-06,2024-05-21,Closed,ITM-0920,4,2.86,11.44
PO-101707,CUST-H,VEND-11,2024-04-21,Closed,ITM-0629,3,2.77,8.31
PO-101707,CUST-H,VEND-11,2024-04-21,Closed,ITM-0902,1,4.40,4.40
PO-101707,CUST-H,VEND-11,2024-04-21,Closed,ITM-0914,50,1.50,75.00
PO-101707,CUST-H,VEND-11,2024-04-21,Closed,ITM-1015,10,4.37,43.70
PO-101708,CUST-B,VEND-08,2024-02-11,Received,ITM-0243,6,0.75,4.50
PO-101708,CUST-B,VEND-08,2024-02-11,Received,ITM-0253,2,1.25,2.50
PO-101708,CUST-B,VEND-08,2024-02-11,Received,ITM-0306,6,0.94,5.64
PO-101708,CUST-B,VEND-08,2024-02-11,Received,ITM-0903,6,0.22,1.32
PO-101708,CUST-B,VEND-08,2024-02-11,Received,ITM-1008,4,1.37,5.48
PO-101708,CUST-B,VEND-08,2024-02-11,Received,ITM-1019,2,6.56,13.12
PO-101709,CUST-B,VEND-09,2025-09-11,Received,ITM-0228,1,4.70,4.70
PO-101709,CUST-B,VEND-09,2025-09-11,Received,ITM-0309,2,2.20,4.40
PO-101710,CUST-F,VEND-03,2026-01-03,Closed,ITM-0808,10,2.08,20.80
PO-101710,CUST-F,VEND-03,2026-01-03,Closed,ITM-1014,5,2.92,14.60
PO-101712,CUST-B,VEND-11,2026-01-20,Closed,ITM-0737,12,80.72,968.64
PO-101712,CUST-B,VEND-11,2026-01-20,Closed,ITM-0808,2,1.97,3.94
PO-101712,CUST-B,VEND-11,2026-01-20,Closed,ITM-0943,24,25.48,611.52
PO-101713,CUST-B,VEND-08,2026-03-19,Closed,ITM-0903,2,0.23,0.46
PO-101714,CUST-D,VEND-06,2026-08-15,Closed,ITM-0311,2,7.30,14.60
PO-101714,CUST-D,VEND-06,2026-08-15,Closed,ITM-0920,10,3.11,31.10
PO-101715,CUST-A,VEND-05,2024-03-24,Received,ITM-0403,6,2.20,13.20
PO-101715,CUST-A,VEND-05,2024-03-24,Received,ITM-0809,4,2.09,8.36
PO-101715,CUST-A,VEND-05,2024-03-24,Received,ITM-1014,12,2.42,29.04
PO-101716,CUST-A,VEND-10,2024-01-23,Received,ITM-0535,6,8.87,53.22
PO-101716,CUST-A,VEND-10,2024-01-23,Received,ITM-0808,4,1.70,6.80
PO-101716,CUST-A,VEND-10,2024-01-23,Received,ITM-1014,10,2.55,25.50
PO-101717,CUST-D,VEND-10,2025-06-14,Received,ITM-0434,4,1.45,5.80
PO-101718,CUST-B,VEND-09,2024-06-15,Cancelled,ITM-0228,4,4.58,18.32
PO-101718,CUST-B,VEND-09,2024-06-15,Cancelled,ITM-0243,4,0.72,2.88
PO-101718,CUST-B,VEND-09,2024-06-15,Cancelled,ITM-0309,1,2.05,2.05
PO-101718,CUST-B,VEND-09,2024-06-15,Cancelled,ITM-0433,24,1.23,29.52
PO-101719,CUST-A,VEND-05,2026-08-06,Closed,ITM-0612,2,3.92,7.84
PO-101720,CUST-D,VEND-12,2025-12-27,Closed,ITM-0254,2,1.80,3.60
PO-101720,CUST-D,VEND-12,2025-12-27,Closed,ITM-0426,1,26.12,26.12
PO-101720,CUST-D,VEND-12,2025-12-27,Closed,ITM-1015,4,4.62,18.48
PO-101721,CUST-A,VEND-08,2024-01-14,Received,ITM-0201,6,4.04,24.24
PO-101721,CUST-A,VEND-08,2024-01-14,Received,ITM-0306,4,0.83,3.32
PO-101721,CUST-A,VEND-08,2024-01-14,Received,ITM-0517,4,38.89,155.56
PO-101722,CUST-A,VEND-05,2024-12-23,Closed,ITM-0815,4,7.72,30.88
PO-101723,CUST-D,VEND-11,2025-05-29,Received,ITM-0433,24,1.19,28.56
PO-101723,CUST-D,VEND-11,2025-05-29,Received,ITM-0914,2,1.67,3.34
PO-101723,CUST-D,VEND-11,2025-05-29,Received,ITM-1020,12,8.74,104.88
PO-101724,CUST-G,VEND-04,2024-03-14,Received,ITM-0508,20,15.75,315.00
PO-101724,CUST-G,VEND-04,2024-03-14,Received,ITM-0908,2,0.86,1.72
PO-101724,CUST-G,VEND-04,2024-03-14,Received,ITM-0939,4,15.55,62.20
PO-101725,CUST-A,VEND-03,2025-03-09,Closed,ITM-0306,10,0.92,9.20
PO-101725,CUST-A,VEND-03,2025-03-09,Closed,ITM-0314,2,2.48,4.96
PO-101725,CUST-A,VEND-03,2025-03-09,Closed,ITM-1014,1,2.67,2.67
PO-101726,CUST-H,VEND-05,2025-05-10,Received,ITM-0403,10,2.55,25.50
PO-101727,CUST-G,VEND-07,2025-06-30,Closed,ITM-0104,6,67.96,407.76
PO-101727,CUST-G,VEND-07,2025-06-30,Closed,ITM-0251,6,2.54,15.24
PO-101727,CUST-G,VEND-07,2025-06-30,Closed,ITM-0255,12,1.69,20.28
PO-101727,CUST-G,VEND-07,2025-06-30,Closed,ITM-0943,2,25.15,50.30
PO-101728,CUST-B,VEND-09,2025-05-03,Received,ITM-0208,4,5.61,22.44
PO-101728,CUST-B,VEND-09,2025-05-03,Received,ITM-0228,4,4.46,17.84
PO-101728,CUST-B,VEND-09,2025-05-03,Received,ITM-0902,12,4.47,53.64
PO-101728,CUST-B,VEND-09,2025-05-03,Received,ITM-0929,1,1.29,1.29
PO-101729,CUST-A,VEND-01,2025-05-17,Received,ITM-0426,50,22.96,1148.00
PO-101729,CUST-A,VEND-01,2025-05-17,Received,ITM-0433,12,1.24,14.88
PO-101729,CUST-A,VEND-01,2025-05-17,Received,ITM-0611,6,3.20,19.20
PO-101729,CUST-A,VEND-01,2025-05-17,Received,ITM-0910,6,1.05,6.30
PO-101729,CUST-A,VEND-01,2025-05-17,Received,ITM-1006,1,1.32,1.32
PO-101730,CUST-D,VEND-10,2026-01-19,Received,ITM-0508,5,17.33,86.65
PO-101730,CUST-D,VEND-10,2026-01-19,Received,ITM-0517,2,42.99,85.98
PO-101731,CUST-A,VEND-06,2026-01-31,Closed,ITM-0408,2,4.79,9.58
PO-101731,CUST-A,VEND-06,2026-01-31,Closed,ITM-0632,5,3.82,19.10
PO-101731,CUST-A,VEND-06,2026-01-31,Closed,ITM-1015,12,4.16,49.92
PO-101732,CUST-B,VEND-06,2026-08-17,Closed,ITM-1014,4,2.74,10.96
PO-101734,CUST-A,VEND-09,2026-03-29,Received,ITM-0433,2,1.28,2.56
PO-101734,CUST-A,VEND-09,2026-03-29,Received,ITM-0904,6,0.32,1.92
PO-101734,CUST-A,VEND-09,2026-03-29,Received,ITM-0929,1,1.20,1.20
PO-101735,CUST-B,VEND-04,2025-06-07,Received,ITM-0306,2,1.04,2.08
PO-101735,CUST-B,VEND-04,2025-06-07,Received,ITM-0922,1,6.38,6.38
PO-101735,CUST-B,VEND-04,2025-06-07,Received,ITM-0938,2,13.37,26.74
PO-101735,CUST-B,VEND-04,2025-06-07,Received,ITM-1022,1,5.62,5.62
PO-101736,CUST-A,VEND-08,2024-12-02,Received,ITM-0306,5,0.90,4.50
PO-101736,CUST-A,VEND-08,2024-12-02,Received,ITM-0611,50,2.94,147.00
PO-101737,CUST-G,VEND-06,2026-01-19,Received,ITM-0632,6,4.14,24.84
PO-101738,CUST-F,VEND-05,2025-03-30,Received,ITM-0328,2,2.99,5.98
PO-101738,CUST-F,VEND-05,2025-03-30,Received,ITM-0403,4,2.50,10.00
PO-101738,CUST-F,VEND-05,2025-03-30,Received,ITM-0433,6,1.12,6.72
PO-101738,CUST-F,VEND-05,2025-03-30,Received,ITM-0808,2,1.83,3.66
PO-101738,CUST-F,VEND-05,2025-03-30,Received,ITM-0815,50,8.11,405.50
PO-101739,CUST-A,VEND-06,2026-06-26,Open,ITM-0201,2,3.97,7.94
PO-101739,CUST-A,VEND-06,2026-06-26,Open,ITM-0922,2,5.67,11.34
PO-101740,CUST-A,VEND-06,2025-09-08,Received,ITM-0201,5,3.92,19.60
PO-101740,CUST-A,VEND-06,2025-09-08,Received,ITM-0628,50,0.13,6.50
PO-101740,CUST-A,VEND-06,2025-09-08,Received,ITM-1015,24,4.17,100.08
PO-101741,CUST-G,VEND-12,2024-05-07,Received,ITM-0220,1,2.72,2.72
PO-101741,CUST-G,VEND-12,2024-05-07,Received,ITM-0328,1,3.15,3.15
PO-101741,CUST-G,VEND-12,2024-05-07,Received,ITM-0609,1,1.48,1.48
PO-101742,CUST-F,VEND-08,2024-11-14,Cancelled,ITM-0442,10,20.14,201.40
PO-101743,CUST-F,VEND-07,2025-08-15,Received,ITM-0612,1,4.29,4.29
PO-101744,CUST-F,VEND-11,2026-03-05,Received,ITM-0433,2,1.24,2.48
PO-101744,CUST-F,VEND-11,2026-03-05,Received,ITM-0737,6,84.82,508.92
PO-101745,CUST-F,VEND-09,2024-11-27,Received,ITM-0433,20,1.32,26.40
PO-101745,CUST-F,VEND-09,2024-11-27,Received,ITM-0902,6,4.47,26.82
PO-101746,CUST-D,VEND-07,2026-06-17,Open,ITM-0208,6,5.27,31.62
PO-101746,CUST-D,VEND-07,2026-06-17,Open,ITM-0255,24,1.66,39.84
PO-101746,CUST-D,VEND-07,2026-06-17,Open,ITM-0306,3,1.08,3.24
PO-101746,CUST-D,VEND-07,2026-06-17,Open,ITM-0612,50,4.05,202.50
PO-101746,CUST-D,VEND-07,2026-06-17,Open,ITM-1001,1,1.18,1.18
PO-101747,CUST-D,VEND-03,2024-03-06,Received,ITM-0306,4,0.90,3.60
PO-101748,CUST-F,VEND-03,2024-06-23,Closed,ITM-0306,2,0.99,1.98
PO-101748,CUST-F,VEND-03,2024-06-23,Closed,ITM-0314,2,2.77,5.54
PO-101748,CUST-F,VEND-03,2024-06-23,Closed,ITM-0440,50,23.19,1159.50
PO-101748,CUST-F,VEND-03,2024-06-23,Closed,ITM-0733,50,21.70,1085.00
PO-101748,CUST-F,VEND-03,2024-06-23,Closed,ITM-1019,2,6.08,12.16
PO-101749,CUST-H,VEND-05,2024-08-11,Received,ITM-0414,50,1.62,81.00
PO-101749,CUST-H,VEND-05,2024-08-11,Received,ITM-0426,4,24.50,98.00
PO-101750,CUST-B,VEND-03,2026-06-19,Open,ITM-0430,1,0.53,0.53
PO-101750,CUST-B,VEND-03,2026-06-19,Open,ITM-0628,50,0.16,8.00
PO-101751,CUST-A,VEND-06,2026-02-02,Received,ITM-0104,50,56.39,2819.50
PO-101751,CUST-A,VEND-06,2026-02-02,Received,ITM-0201,10,4.20,42.00
PO-101751,CUST-A,VEND-06,2026-02-02,Received,ITM-0235,1,1.63,1.63
PO-101751,CUST-A,VEND-06,2026-02-02,Received,ITM-0446,3,20.75,62.25
PO-101752,CUST-A,VEND-05,2026-05-09,Closed,ITM-0311,1,6.68,6.68
PO-101752,CUST-A,VEND-05,2026-05-09,Closed,ITM-0414,6,1.73,10.38
PO-101752,CUST-A,VEND-05,2026-05-09,Closed,ITM-0433,2,1.11,2.22
PO-101752,CUST-A,VEND-05,2026-05-09,Closed,ITM-0612,10,3.96,39.60
PO-101752,CUST-A,VEND-05,2026-05-09,Closed,ITM-0733,4,22.01,88.04
PO-101753,CUST-G,VEND-07,2026-06-17,Open,ITM-0306,1,1.08,1.08
PO-101753,CUST-G,VEND-07,2026-06-17,Open,ITM-0517,4,46.73,186.92
PO-101753,CUST-G,VEND-07,2026-06-17,Open,ITM-0612,6,4.27,25.62
PO-101753,CUST-G,VEND-07,2026-06-17,Open,ITM-0943,4,24.66,98.64
PO-101753,CUST-G,VEND-07,2026-06-17,Open,ITM-1001,2,1.12,2.24
PO-101754,CUST-A,VEND-09,2025-12-29,Received,ITM-0201,4,4.38,17.52
PO-101755,CUST-A,VEND-05,2026-03-02,Received,ITM-0426,5,23.43,117.15
PO-101755,CUST-A,VEND-05,2026-03-02,Received,ITM-0612,6,4.03,24.18
PO-101756,CUST-A,VEND-03,2025-06-29,Received,ITM-0306,10,0.96,9.60
PO-101756,CUST-A,VEND-03,2025-06-29,Received,ITM-0311,4,6.66,26.64
PO-101756,CUST-A,VEND-03,2025-06-29,Received,ITM-0618,50,3.66,183.00
PO-101756,CUST-A,VEND-03,2025-06-29,Received,ITM-0928,12,0.81,9.72
PO-101757,CUST-A,VEND-06,2024-12-25,Received,ITM-0201,24,3.66,87.84
PO-101757,CUST-A,VEND-06,2024-12-25,Received,ITM-0311,4,6.31,25.24
PO-101757,CUST-A,VEND-06,2024-12-25,Received,ITM-0430,2,0.49,0.98
PO-101757,CUST-A,VEND-06,2024-12-25,Received,ITM-0632,6,3.83,22.98
PO-101757,CUST-A,VEND-06,2024-12-25,Received,ITM-1015,10,4.04,40.40
PO-101758,CUST-A,VEND-12,2025-08-22,Received,ITM-0403,2,2.42,4.84
PO-101758,CUST-A,VEND-12,2025-08-22,Received,ITM-0612,6,4.18,25.08
PO-101759,CUST-F,VEND-09,2026-03-26,Received,ITM-0250,6,65.66,393.96
PO-101760,CUST-D,VEND-07,2026-04-09,Closed,ITM-0306,1,1.05,1.05
PO-101760,CUST-D,VEND-07,2026-04-09,Closed,ITM-0517,12,44.53,534.36
PO-101762,CUST-A,VEND-09,2024-07-18,Closed,ITM-0201,4,4.01,16.04
PO-101762,CUST-A,VEND-09,2024-07-18,Closed,ITM-0433,5,1.16,5.80
PO-101762,CUST-A,VEND-09,2024-07-18,Closed,ITM-0805,1,32.69,32.69
PO-101762,CUST-A,VEND-09,2024-07-18,Closed,ITM-0928,1,0.76,0.76
PO-101763,CUST-B,VEND-09,2025-06-11,Received,ITM-0433,6,1.29,7.74
PO-101763,CUST-B,VEND-09,2025-06-11,Received,ITM-0805,6,35.81,214.86
PO-101763,CUST-B,VEND-09,2025-06-11,Received,ITM-1021,6,4.67,28.02
PO-101764,CUST-G,VEND-04,2026-03-07,Received,ITM-0237,2,3.38,6.76
PO-101764,CUST-G,VEND-04,2026-03-07,Received,ITM-0737,24,80.22,1925.28
PO-101765,CUST-A,VEND-04,2024-05-10,Received,ITM-0237,4,2.89,11.56
PO-101765,CUST-A,VEND-04,2024-05-10,Received,ITM-0511,6,23.90,143.40
PO-101765,CUST-A,VEND-04,2024-05-10,Received,ITM-0632,20,4.21,84.20
PO-101765,CUST-A,VEND-04,2024-05-10,Received,ITM-0907,24,0.64,15.36
PO-101765,CUST-A,VEND-04,2024-05-10,Received,ITM-0922,24,5.30,127.20
PO-101765,CUST-A,VEND-04,2024-05-10,Received,ITM-1015,6,4.02,24.12
PO-101766,CUST-B,VEND-08,2024-02-29,Received,ITM-0243,6,0.71,4.26
PO-101766,CUST-B,VEND-08,2024-02-29,Received,ITM-1019,10,6.41,64.10
PO-101767,CUST-D,VEND-12,2025-09-21,Closed,ITM-0220,4,2.74,10.96
PO-101767,CUST-D,VEND-12,2025-09-21,Closed,ITM-0908,24,0.90,21.60
PO-101768,CUST-B,VEND-05,2026-08-18,Open,ITM-0403,12,2.58,30.96
PO-101768,CUST-B,VEND-05,2026-08-18,Open,ITM-0612,12,4.12,49.44
PO-101768,CUST-B,VEND-05,2026-08-18,Open,ITM-0627,2,8.31,16.62
PO-101768,CUST-B,VEND-05,2026-08-18,Open,ITM-0629,4,3.28,13.12
PO-101768,CUST-B,VEND-05,2026-08-18,Open,ITM-1010,1,10.10,10.10
PO-101769,CUST-F,VEND-04,2025-02-04,Received,ITM-0228,10,4.94,49.40
PO-101769,CUST-F,VEND-04,2025-02-04,Received,ITM-0632,1,4.52,4.52
PO-101769,CUST-F,VEND-04,2025-02-04,Received,ITM-0939,4,16.77,67.08
PO-101769,CUST-F,VEND-04,2025-02-04,Received,ITM-1015,4,4.46,17.84
PO-101769,CUST-F,VEND-04,2025-02-04,Received,ITM-1022,4,5.93,23.72
PO-101770,CUST-B,VEND-01,2025-01-08,Received,ITM-0412,2,1.08,2.16
PO-101771,CUST-A,VEND-10,2026-02-21,Received,ITM-0535,2,9.02,18.04
PO-101771,CUST-A,VEND-10,2026-02-21,Received,ITM-0929,4,1.12,4.48
PO-101772,CUST-D,VEND-02,2024-10-14,Received,ITM-0201,2,4.30,8.60
PO-101772,CUST-D,VEND-02,2024-10-14,Received,ITM-0228,4,4.76,19.04
PO-101772,CUST-D,VEND-02,2024-10-14,Received,ITM-0904,24,0.29,6.96
PO-101772,CUST-D,VEND-02,2024-10-14,Received,ITM-1021,10,4.18,41.80
PO-101773,CUST-A,VEND-06,2026-07-22,Closed,ITM-1015,4,4.35,17.40
PO-101774,CUST-A,VEND-11,2025-02-03,Received,ITM-0433,6,1.09,6.54
PO-101774,CUST-A,VEND-11,2025-02-03,Received,ITM-1015,10,4.07,40.70
PO-101775,CUST-B,VEND-02,2024-10-31,Cancelled,ITM-0229,4,1.61,6.44
PO-101775,CUST-B,VEND-02,2024-10-31,Cancelled,ITM-0408,1,5.31,5.31
PO-101775,CUST-B,VEND-02,2024-10-31,Cancelled,ITM-0909,50,0.92,46.00
PO-101775,CUST-B,VEND-02,2024-10-31,Cancelled,ITM-1011,12,3.76,45.12
PO-101776,CUST-D,VEND-02,2024-11-12,Cancelled,ITM-0237,20,3.11,62.20
PO-101776,CUST-D,VEND-02,2024-11-12,Cancelled,ITM-0404,2,3.19,6.38
PO-101776,CUST-D,VEND-02,2024-11-12,Cancelled,ITM-0632,10,4.33,43.30
PO-101776,CUST-D,VEND-02,2024-11-12,Cancelled,ITM-1011,50,3.46,173.00
PO-101777,CUST-H,VEND-07,2024-01-22,Cancelled,ITM-0306,6,0.99,5.94
PO-101777,CUST-H,VEND-07,2024-01-22,Cancelled,ITM-0612,6,4.34,26.04
PO-101778,CUST-D,VEND-06,2025-09-01,Received,ITM-1015,2,4.36,8.72
PO-101779,CUST-B,VEND-12,2024-08-12,Received,ITM-1015,1,4.34,4.34
PO-101780,CUST-D,VEND-07,2026-01-23,Cancelled,ITM-0306,2,1.08,2.16
PO-101780,CUST-D,VEND-07,2026-01-23,Cancelled,ITM-0408,12,5.23,62.76
PO-101780,CUST-D,VEND-07,2026-01-23,Cancelled,ITM-0612,4,4.33,17.32
PO-101781,CUST-B,VEND-05,2024-06-26,Cancelled,ITM-0629,6,3.02,18.12
PO-101782,CUST-B,VEND-02,2025-02-01,Received,ITM-0220,6,2.68,16.08
PO-101782,CUST-B,VEND-02,2025-02-01,Received,ITM-0229,1,1.52,1.52
PO-101782,CUST-B,VEND-02,2025-02-01,Received,ITM-1018,12,5.18,62.16
PO-101783,CUST-C,VEND-07,2025-12-26,Received,ITM-0220,50,2.55,127.50
PO-101783,CUST-C,VEND-07,2025-12-26,Received,ITM-0408,4,5.24,20.96
PO-101783,CUST-C,VEND-07,2025-12-26,Received,ITM-0612,4,4.40,17.60
PO-101783,CUST-C,VEND-07,2025-12-26,Received,ITM-0943,5,25.17,125.85
PO-101784,CUST-A,VEND-05,2024-06-21,Received,ITM-0815,5,8.08,40.40
PO-101785,CUST-B,VEND-03,2024-07-14,Received,ITM-0104,2,73.55,147.10
PO-101786,CUST-A,VEND-04,2025-01-31,Closed,ITM-0237,10,2.94,29.40
PO-101786,CUST-A,VEND-04,2025-01-31,Closed,ITM-1015,1,4.09,4.09
PO-101787,CUST-D,VEND-08,2024-09-20,Received,ITM-0306,10,0.93,9.30
PO-101787,CUST-D,VEND-08,2024-09-20,Received,ITM-0310,12,4.34,52.08
PO-101787,CUST-D,VEND-08,2024-09-20,Received,ITM-0517,6,43.52,261.12
PO-101787,CUST-D,VEND-08,2024-09-20,Received,ITM-0614,1,5.25,5.25
PO-101788,CUST-A,VEND-10,2025-03-16,Closed,ITM-0431,4,0.75,3.00
PO-101788,CUST-A,VEND-10,2025-03-16,Closed,ITM-0511,24,25.51,612.24
PO-101788,CUST-A,VEND-10,2025-03-16,Closed,ITM-0922,4,5.62,22.48
PO-101788,CUST-A,VEND-10,2025-03-16,Closed,ITM-1014,10,2.53,25.30
PO-101789,CUST-A,VEND-03,2026-06-03,Received,ITM-0211,10,13.39,133.90
PO-101790,CUST-A,VEND-09,2025-08-14,Received,ITM-0433,2,1.24,2.48
PO-101791,CUST-B,VEND-03,2024-08-06,Closed,ITM-0306,4,0.97,3.88
PO-101791,CUST-B,VEND-03,2024-08-06,Closed,ITM-0618,2,4.16,8.32
PO-101791,CUST-B,VEND-03,2024-08-06,Closed,ITM-0808,50,1.75,87.50
PO-101792,CUST-B,VEND-01,2025-09-01,Received,ITM-0208,1,5.19,5.19
PO-101792,CUST-B,VEND-01,2025-09-01,Received,ITM-0228,2,4.58,9.16
PO-101792,CUST-B,VEND-01,2025-09-01,Received,ITM-1001,2,1.10,2.20
PO-101793,CUST-H,VEND-12,2025-02-14,Closed,ITM-0809,2,2.49,4.98
PO-101793,CUST-H,VEND-12,2025-02-14,Closed,ITM-0908,6,0.92,5.52
PO-101794,CUST-A,VEND-12,2025-10-20,Received,ITM-0220,1,2.59,2.59
PO-101794,CUST-A,VEND-12,2025-10-20,Received,ITM-0220,1,2.59,2.59
PO-101794,CUST-A,VEND-12,2025-10-20,Received,ITM-0426,1,24.82,24.82
PO-101794,CUST-A,VEND-12,2025-10-20,Received,ITM-0612,10,4.17,41.70
PO-101794,CUST-A,VEND-12,2025-10-20,Received,ITM-0618,4,4.12,16.48
PO-101794,CUST-A,VEND-12,2025-10-20,Received,ITM-0623,10,2.47,24.70
PO-101795,CUST-C,VEND-04,2024-07-19,Received,ITM-1003,2,1.09,2.18
PO-101796,CUST-D,VEND-12,2026-03-17,Received,ITM-0403,6,2.61,15.66
PO-101796,CUST-D,VEND-12,2026-03-17,Received,ITM-0426,10,25.96,259.60
PO-101796,CUST-D,VEND-12,2026-03-17,Received,ITM-0612,10,4.17,41.70
PO-101798,CUST-H,VEND-07,2026-05-13,Received,ITM-0612,1,4.43,4.43
PO-101798,CUST-H,VEND-07,2026-05-13,Received,ITM-0943,6,25.26,151.56
PO-101799,CUST-D,VEND-11,2024-02-18,Closed,ITM-0434,4,1.46,5.84
PO-101799,CUST-D,VEND-11,2024-02-18,Closed,ITM-0921,1,3.96,3.96
PO-101799,CUST-D,VEND-11,2024-02-18,Closed,ITM-1001,2,0.98,1.96
PO-101799,CUST-D,VEND-11,2024-02-18,Closed,ITM-1015,1,4.41,4.41
PO-101800,CUST-C,VEND-08,2026-08-16,Open,ITM-0250,1,68.07,68.07
PO-101800,CUST-C,VEND-08,2026-08-16,Open,ITM-0903,50,0.20,10.00
PO-101801,CUST-A,VEND-01,2024-05-17,Closed,ITM-0310,2,4.43,8.86
PO-101801,CUST-A,VEND-01,2024-05-17,Closed,ITM-0412,2,0.94,1.88
PO-101801,CUST-A,VEND-01,2024-05-17,Closed,ITM-0623,4,2.35,9.40
PO-101802,CUST-C,VEND-01,2024-01-29,Received,ITM-0412,1,1.04,1.04
PO-101802,CUST-C,VEND-01,2024-01-29,Received,ITM-0414,2,1.90,3.80
PO-101802,CUST-C,VEND-01,2024-01-29,Received,ITM-0943,10,22.76,227.60
PO-101802,CUST-C,VEND-01,2024-01-29,Received,ITM-1001,10,1.00,10.00
PO-101803,CUST-E,VEND-11,2026-04-10,Closed,ITM-0433,1,1.23,1.23
PO-101803,CUST-E,VEND-11,2026-04-10,Closed,ITM-0620,4,3.22,12.88
PO-101804,CUST-A,VEND-06,2024-12-26,Received,ITM-0235,6,1.55,9.30
PO-101804,CUST-A,VEND-06,2024-12-26,Received,ITM-0243,4,0.72,2.88
PO-101804,CUST-A,VEND-06,2024-12-26,Received,ITM-0604,24,11.22,269.28
PO-101804,CUST-A,VEND-06,2024-12-26,Received,ITM-0920,4,2.92,11.68
PO-101804,CUST-A,VEND-06,2024-12-26,Received,ITM-1014,4,2.37,9.48
PO-101804,CUST-A,VEND-06,2024-12-26,Received,ITM-1015,2,3.96,7.92
PO-101805,CUST-B,VEND-10,2024-01-11,Received,ITM-0808,2,1.71,3.42
PO-101806,CUST-D,VEND-02,2024-03-04,Received,ITM-1018,1,4.74,4.74
PO-101807,CUST-C,VEND-09,2025-04-20,Closed,ITM-0201,2,4.57,9.14
PO-101807,CUST-C,VEND-09,2025-04-20,Closed,ITM-1002,6,17.28,103.68
PO-101807,CUST-C,VEND-09,2025-04-20,Closed,ITM-1011,6,4.26,25.56
PO-101808,CUST-G,VEND-11,2025-11-15,Received,ITM-0808,2,2.01,4.02
PO-101808,CUST-G,VEND-11,2025-11-15,Received,ITM-1015,12,4.51,54.12
PO-101809,CUST-D,VEND-02,2024-10-26,Received,ITM-0220,3,2.64,7.92
PO-101810,CUST-F,VEND-03,2025-07-06,Received,ITM-0808,10,1.88,18.80
PO-101811,CUST-C,VEND-05,2024-03-19,Cancelled,ITM-0327,1,2.07,2.07
PO-101811,CUST-C,VEND-05,2024-03-19,Cancelled,ITM-0612,6,3.84,23.04
PO-101811,CUST-C,VEND-05,2024-03-19,Cancelled,ITM-0629,20,2.90,58.00
PO-101811,CUST-C,VEND-05,2024-03-19,Cancelled,ITM-1014,1,2.67,2.67
PO-101812,CUST-A,VEND-12,2024-06-21,Received,ITM-0426,2,24.36,48.72
PO-101812,CUST-A,VEND-12,2024-06-21,Received,ITM-0612,6,3.86,23.16
PO-101812,CUST-A,VEND-12,2024-06-21,Received,ITM-0809,12,2.44,29.28
PO-101812,CUST-A,VEND-12,2024-06-21,Received,ITM-0938,4,11.86,47.44
PO-101813,CUST-A,VEND-04,2025-04-25,Received,ITM-0237,1,3.10,3.10
PO-101813,CUST-A,VEND-04,2025-04-25,Received,ITM-0446,2,19.40,38.80
PO-101813,CUST-A,VEND-04,2025-04-25,Received,ITM-1003,4,1.05,4.20
PO-101814,CUST-H,VEND-07,2025-08-03,Received,ITM-0303,10,2.64,26.40
PO-101814,CUST-H,VEND-07,2025-08-03,Received,ITM-0942,24,0.31,7.44
PO-101814,CUST-H,VEND-07,2025-08-03,Received,ITM-1001,4,1.09,4.36
PO-101814,CUST-H,VEND-07,2025-08-03,Received,ITM-1020,10,8.61,86.10
PO-101815,CUST-A,VEND-10,2024-12-29,Received,ITM-0434,24,1.39,33.36
PO-101815,CUST-A,VEND-10,2024-12-29,Received,ITM-0737,10,70.25,702.50
PO-101816,CUST-E,VEND-10,2025-12-27,Received,ITM-0431,10,0.79,7.90
PO-101816,CUST-E,VEND-10,2025-12-27,Received,ITM-1014,1,2.65,2.65
PO-101817,CUST-H,VEND-04,2025-12-23,Cancelled,ITM-0237,4,3.27,13.08
PO-101817,CUST-H,VEND-04,2025-12-23,Cancelled,ITM-0446,1,21.14,21.14
PO-101817,CUST-H,VEND-04,2025-12-23,Cancelled,ITM-1021,4,4.62,18.48
PO-101818,CUST-F,VEND-05,2024-01-29,Received,ITM-0403,6,2.41,14.46
PO-101818,CUST-F,VEND-05,2024-01-29,Received,ITM-0815,4,8.51,34.04
PO-101819,CUST-F,VEND-11,2024-06-12,Received,ITM-0433,2,1.14,2.28
PO-101819,CUST-F,VEND-11,2024-06-12,Received,ITM-0437,24,1.94,46.56
PO-101819,CUST-F,VEND-11,2024-06-12,Received,ITM-1015,2,4.20,8.40
PO-101820,CUST-D,VEND-02,2025-07-16,Closed,ITM-0228,10,4.73,47.30
PO-101820,CUST-D,VEND-02,2025-07-16,Closed,ITM-0237,2,3.23,6.46
PO-101820,CUST-D,VEND-02,2025-07-16,Closed,ITM-0413,3,1.54,4.62
PO-101820,CUST-D,VEND-02,2025-07-16,Closed,ITM-0629,2,3.07,6.14
PO-101821,CUST-D,VEND-11,2024-08-10,Received,ITM-0434,12,1.49,17.88
PO-101822,CUST-A,VEND-10,2026-08-17,Closed,ITM-0437,1,2.07,2.07
PO-101822,CUST-A,VEND-10,2026-08-17,Closed,ITM-0929,6,1.17,7.02
PO-101822,CUST-A,VEND-10,2026-08-17,Closed,ITM-1014,2,2.76,5.52
PO-101823,CUST-B,VEND-02,2024-12-10,Closed,ITM-0220,10,2.72,27.20
PO-101823,CUST-B,VEND-02,2024-12-10,Closed,ITM-0237,6,3.37,20.22
PO-101824,CUST-A,VEND-09,2024-08-16,Received,ITM-0201,24,3.83,91.92
PO-101824,CUST-A,VEND-09,2024-08-16,Received,ITM-0416,12,2.66,31.92
PO-101824,CUST-A,VEND-09,2024-08-16,Received,ITM-0433,1,1.28,1.28
PO-101824,CUST-A,VEND-09,2024-08-16,Received,ITM-0434,10,1.40,14.00
PO-101824,CUST-A,VEND-09,2024-08-16,Received,ITM-0902,2,4.20,8.40
PO-101824,CUST-A,VEND-09,2024-08-16,Received,ITM-0927,6,0.53,3.18
PO-101825,CUST-D,VEND-02,2024-12-23,Received,ITM-0237,1,3.17,3.17
PO-101826,CUST-B,VEND-10,2024-05-08,Received,ITM-0235,2,1.64,3.28
PO-101828,CUST-D,VEND-04,2024-09-17,Cancelled,ITM-0228,4,4.47,17.88
PO-101828,CUST-D,VEND-04,2024-09-17,Cancelled,ITM-0237,4,2.92,11.68
PO-101828,CUST-D,VEND-04,2024-09-17,Cancelled,ITM-0632,24,4.24,101.76
PO-101828,CUST-D,VEND-04,2024-09-17,Cancelled,ITM-0715,2,74.87,149.74
PO-101828,CUST-D,VEND-04,2024-09-17,Cancelled,ITM-0737,10,79.67,796.70
PO-101829,CUST-B,VEND-01,2024-05-23,Closed,ITM-0239,2,56.03,112.06
PO-101829,CUST-B,VEND-01,2024-05-23,Closed,ITM-0404,4,3.20,12.80
PO-101829,CUST-B,VEND-01,2024-05-23,Closed,ITM-0412,6,1.01,6.06
PO-101830,CUST-C,VEND-06,2024-11-04,Cancelled,ITM-0313,6,4.35,26.10
PO-101830,CUST-C,VEND-06,2024-11-04,Cancelled,ITM-0408,4,4.79,19.16
PO-101830,CUST-C,VEND-06,2024-11-04,Cancelled,ITM-0805,4,33.43,133.72
PO-101830,CUST-C,VEND-06,2024-11-04,Cancelled,ITM-1015,1,4.28,4.28
PO-101831,CUST-D,VEND-07,2024-03-20,Closed,ITM-0208,1,4.89,4.89
PO-101831,CUST-D,VEND-07,2024-03-20,Closed,ITM-0246,6,2.11,12.66
PO-101831,CUST-D,VEND-07,2024-03-20,Closed,ITM-0255,10,1.42,14.20
PO-101831,CUST-D,VEND-07,2024-03-20,Closed,ITM-0306,4,0.98,3.92
PO-101831,CUST-D,VEND-07,2024-03-20,Closed,ITM-0612,2,4.02,8.04
PO-101832,CUST-A,VEND-08,2026-02-17,Closed,ITM-0621,4,3.94,15.76
PO-101832,CUST-A,VEND-08,2026-02-17,Closed,ITM-0928,10,0.85,8.50
PO-101833,CUST-A,VEND-08,2026-06-04,Open,ITM-0201,1,4.58,4.58
PO-101833,CUST-A,VEND-08,2026-06-04,Open,ITM-0435,6,1.61,9.66
PO-101833,CUST-A,VEND-08,2026-06-04,Open,ITM-0611,12,3.14,37.68
PO-101833,CUST-A,VEND-08,2026-06-04,Open,ITM-0621,10,4.07,40.70
PO-101833,CUST-A,VEND-08,2026-06-04,Open,ITM-0903,1,0.22,0.22
PO-101834,CUST-A,VEND-02,2026-05-04,Closed,ITM-0237,2,3.32,6.64
PO-101834,CUST-A,VEND-02,2026-05-04,Closed,ITM-0311,2,7.37,14.74
PO-101834,CUST-A,VEND-02,2026-05-04,Closed,ITM-0408,6,5.04,30.24
PO-101835,CUST-B,VEND-07,2025-06-02,Received,ITM-0229,12,1.61,19.32
PO-101835,CUST-B,VEND-07,2025-06-02,Received,ITM-0251,1,2.56,2.56
PO-101835,CUST-B,VEND-07,2025-06-02,Received,ITM-0306,1,0.98,0.98
PO-101835,CUST-B,VEND-07,2025-06-02,Received,ITM-0408,12,5.04,60.48
PO-101835,CUST-B,VEND-07,2025-06-02,Received,ITM-0928,4,0.82,3.28
PO-101836,CUST-F,VEND-10,2026-04-22,Received,ITM-0437,10,2.12,21.20
PO-101836,CUST-F,VEND-10,2026-04-22,Received,ITM-0437,10,2.12,21.20
PO-101837,CUST-A,VEND-12,2026-02-13,Received,ITM-0403,12,2.45,29.40
PO-101839,CUST-B,VEND-07,2025-01-15,Cancelled,ITM-0220,2,2.79,5.58
PO-101839,CUST-B,VEND-07,2025-01-15,Cancelled,ITM-0517,24,41.43,994.32
PO-101839,CUST-B,VEND-07,2025-01-15,Cancelled,ITM-0612,6,4.07,24.42
PO-101839,CUST-B,VEND-07,2025-01-15,Cancelled,ITM-0628,10,0.16,1.60
PO-101839,CUST-B,VEND-07,2025-01-15,Cancelled,ITM-0715,10,74.63,746.30
PO-101840,CUST-B,VEND-03,2024-12-15,Received,ITM-0920,2,3.03,6.06
PO-101841,CUST-F,VEND-01,2024-03-21,Closed,ITM-0228,4,4.33,17.32
PO-101842,CUST-F,VEND-07,2024-03-03,Received,ITM-0208,4,4.62,18.48
PO-101842,CUST-F,VEND-07,2024-03-03,Received,ITM-0306,4,1.01,4.04
PO-101842,CUST-F,VEND-07,2024-03-03,Received,ITM-0605,2,15.17,30.34
PO-101843,CUST-C,VEND-08,2024-10-30,Received,ITM-0201,4,4.39,17.56
PO-101843,CUST-C,VEND-08,2024-10-30,Received,ITM-0219,2,2.01,4.02
PO-101843,CUST-C,VEND-08,2024-10-30,Received,ITM-0611,4,3.05,12.20
PO-101843,CUST-C,VEND-08,2024-10-30,Received,ITM-0908,1,0.95,0.95
PO-101844,CUST-C,VEND-02,2024-07-31,Closed,ITM-0629,2,3.23,6.46
PO-101844,CUST-C,VEND-02,2024-07-31,Closed,ITM-1011,2,3.93,7.86
PO-101844,CUST-C,VEND-02,2024-07-31,Closed,ITM-1020,4,8.58,34.32
PO-101844,CUST-G,VEND-02,2024-07-31,Closed,ITM-0225,2,2.46,4.92
PO-101846,CUST-B,VEND-12,2025-12-24,Received,ITM-0220,2,2.85,5.70
PO-101846,CUST-B,VEND-12,2025-12-24,Received,ITM-0403,10,2.64,26.40
PO-101846,CUST-B,VEND-12,2025-12-24,Received,ITM-0426,50,24.87,1243.50
PO-101846,CUST-B,VEND-12,2025-12-24,Received,ITM-1011,4,3.97,15.88
PO-101848,CUST-D,VEND-09,2024-12-11,Received,ITM-0208,24,5.20,124.80
PO-101849,CUST-A,VEND-08,2025-07-24,Closed,ITM-0219,12,1.81,21.72
PO-101849,CUST-A,VEND-08,2025-07-24,Closed,ITM-0306,4,0.91,3.64
PO-101849,CUST-A,VEND-08,2025-07-24,Closed,ITM-0611,4,3.52,14.08
PO-101849,CUST-A,VEND-08,2025-07-24,Closed,ITM-0929,6,1.16,6.96
PO-101849,CUST-A,VEND-08,2025-07-24,Closed,ITM-1008,6,1.38,8.28
PO-101850,CUST-D,VEND-02,2025-12-12,Received,ITM-0629,2,3.04,6.08
PO-101851,CUST-A,VEND-09,2024-05-07,Closed,ITM-0434,6,1.44,8.64
PO-101851,CUST-A,VEND-09,2024-05-07,Closed,ITM-0902,2,4.04,8.08
PO-101852,CUST-A,VEND-01,2024-06-07,Received,ITM-0611,4,3.15,12.60
PO-101852,CUST-A,VEND-01,2024-06-07,Received,ITM-1010,1,8.73,8.73
PO-101853,CUST-D,VEND-07,2024-01-04,Closed,ITM-0306,5,0.88,4.40
PO-101853,CUST-D,VEND-07,2024-01-04,Closed,ITM-0517,10,40.87,408.70
PO-101853,CUST-D,VEND-07,2024-01-04,Closed,ITM-0604,1,11.63,11.63
PO-101853,CUST-D,VEND-07,2024-01-04,Closed,ITM-0612,10,3.90,39.00
PO-101853,CUST-D,VEND-07,2024-01-04,Closed,ITM-0928,2,0.76,1.52
PO-101854,CUST-B,VEND-12,2025-05-18,Closed,ITM-0257,2,0.70,1.40
PO-101854,CUST-B,VEND-12,2025-05-18,Closed,ITM-0612,10,4.48,44.80
PO-101855,CUST-D,VEND-04,2024-03-12,Received,ITM-0715,50,66.36,3318.00
PO-101856,CUST-H,VEND-07,2025-11-07,Received,ITM-0220,12,2.51,30.12
PO-101856,CUST-H,VEND-07,2025-11-07,Received,ITM-0404,10,3.41,34.10
PO-101856,CUST-H,VEND-07,2025-11-07,Received,ITM-0408,4,5.02,20.08
PO-101856,CUST-H,VEND-07,2025-11-07,Received,ITM-0715,4,78.40,313.60
PO-101856,CUST-H,VEND-07,2025-11-07,Received,ITM-0943,6,24.03,144.18
PO-101857,CUST-D,VEND-10,2026-05-06,Received,ITM-0517,4,41.62,166.48
PO-101858,CUST-D,VEND-10,2024-12-14,Closed,ITM-0425,1,25.18,25.18
PO-101858,CUST-D,VEND-10,2024-12-14,Closed,ITM-0517,1,41.33,41.33
PO-101858,CUST-D,VEND-10,2024-12-14,Closed,ITM-0904,2,0.33,0.66
PO-101860,CUST-C,VEND-05,2025-12-26,Closed,ITM-0403,10,2.46,24.60
PO-101860,CUST-C,VEND-05,2025-12-26,Closed,ITM-0612,24,3.82,91.68
PO-101860,CUST-C,VEND-05,2025-12-26,Closed,ITM-0629,4,3.21,12.84
PO-101861,CUST-A,VEND-07,2025-03-23,Closed,ITM-0612,2,3.82,7.64
PO-101861,CUST-A,VEND-07,2025-03-23,Closed,ITM-0737,12,66.88,802.56
PO-101862,CUST-B,VEND-11,2024-10-14,Received,ITM-0250,1,61.74,61.74
PO-101862,CUST-B,VEND-11,2024-10-14,Received,ITM-0737,24,70.99,1703.76
PO-101863,CUST-A,VEND-10,2024-06-13,Closed,ITM-0434,4,1.35,5.40
PO-101864,CUST-B,VEND-02,2024-03-07,Received,ITM-0237,2,3.24,6.48
PO-101866,CUST-E,VEND-02,2024-01-15,Closed,ITM-0237,4,3.40,13.60
PO-101866,CUST-E,VEND-02,2024-01-15,Closed,ITM-0253,6,1.18,7.08
PO-101867,CUST-C,VEND-07,2024-08-22,Closed,ITM-0604,2,12.37,24.74
PO-101868,CUST-G,VEND-12,2025-09-18,Received,ITM-0403,4,2.61,10.44
PO-101868,CUST-G,VEND-12,2025-09-18,Received,ITM-1003,6,1.19,7.14
PO-101869,CUST-A,VEND-03,2025-04-23,Received,ITM-0306,10,0.93,9.30
PO-101869,CUST-A,VEND-03,2025-04-23,Received,ITM-0311,12,6.76,81.12
PO-101869,CUST-A,VEND-03,2025-04-23,Received,ITM-0621,4,4.07,16.28
PO-101869,CUST-A,VEND-03,2025-04-23,Received,ITM-0907,1,0.72,0.72
PO-101870,CUST-H,VEND-06,2024-03-22,Received,ITM-0604,10,12.55,125.50
PO-101871,CUST-B,VEND-05,2025-02-18,Received,ITM-0246,1,2.05,2.05
PO-101871,CUST-B,VEND-05,2025-02-18,Received,ITM-0412,3,1.05,3.15
PO-101871,CUST-B,VEND-05,2025-02-18,Received,ITM-0426,12,24.67,296.04
PO-101871,CUST-B,VEND-05,2025-02-18,Received,ITM-0433,10,1.19,11.90
PO-101871,CUST-B,VEND-05,2025-02-18,Received,ITM-0808,2,1.77,3.54
PO-101873,CUST-D,VEND-01,2025-05-20,Received,ITM-0228,12,4.31,51.72
PO-101873,CUST-D,VEND-01,2025-05-20,Received,ITM-0426,1,25.27,25.27
PO-101873,CUST-D,VEND-01,2025-05-20,Received,ITM-0627,2,7.54,15.08
PO-101873,CUST-D,VEND-01,2025-05-20,Received,ITM-0922,1,6.29,6.29
PO-101873,CUST-D,VEND-01,2025-05-20,Received,ITM-0922,1,6.29,6.29
PO-101873,CUST-D,VEND-01,2025-05-20,Received,ITM-1010,1,9.27,9.27
PO-101874,CUST-H,VEND-07,2024-11-02,Closed,ITM-0604,2,13.16,26.32
PO-101874,CUST-H,VEND-07,2024-11-02,Closed,ITM-0612,6,4.46,26.76
PO-101874,CUST-H,VEND-07,2024-11-02,Closed,ITM-0715,1,70.16,70.16
PO-101874,CUST-H,VEND-07,2024-11-02,Closed,ITM-0737,6,72.75,436.50
PO-101874,CUST-H,VEND-07,2024-11-02,Closed,ITM-0942,3,0.31,0.93
PO-101874,CUST-H,VEND-07,2024-11-02,Closed,ITM-1001,1,1.12,1.12
PO-101875,CUST-A,VEND-10,2024-08-17,Closed,ITM-0437,4,2.01,8.04
PO-101875,CUST-A,VEND-10,2024-08-17,Closed,ITM-0610,2,2.27,4.54
PO-101876,CUST-D,VEND-11,2026-04-17,Received,ITM-0737,12,78.46,941.52
PO-101876,CUST-D,VEND-11,2026-04-17,Received,ITM-0914,2,1.61,3.22
PO-101876,CUST-D,VEND-11,2026-04-17,Received,ITM-0943,4,26.16,104.64
PO-101877,CUST-F,VEND-07,2025-12-11,Closed,ITM-0306,1,1.08,1.08
PO-101878,CUST-E,VEND-08,2024-06-16,Closed,ITM-0430,6,0.50,3.00
PO-101879,CUST-D,VEND-10,2024-07-17,Closed,ITM-0328,4,3.36,13.44
PO-101879,CUST-D,VEND-10,2024-07-17,Closed,ITM-0508,2,17.07,34.14
PO-101879,CUST-D,VEND-10,2024-07-17,Closed,ITM-0511,20,27.16,543.20
PO-101879,CUST-D,VEND-10,2024-07-17,Closed,ITM-0517,4,39.51,158.04
PO-101879,CUST-D,VEND-10,2024-07-17,Closed,ITM-0605,1,15.17,15.17
PO-101879,CUST-D,VEND-10,2024-07-17,Closed,ITM-1014,2,2.60,5.20
PO-101880,CUST-C,VEND-02,2025-06-11,Received,ITM-0220,2,2.61,5.22
PO-101881,CUST-B,VEND-10,2024-06-06,Cancelled,ITM-0535,4,8.64,34.56
PO-101881,CUST-B,VEND-10,2024-06-06,Cancelled,ITM-0737,4,67.30,269.20
PO-101881,CUST-B,VEND-10,2024-06-06,Cancelled,ITM-0808,4,1.76,7.04
PO-101881,CUST-B,VEND-10,2024-06-06,Cancelled,ITM-0929,1,1.15,1.15
PO-101882,CUST-H,VEND-12,2024-08-27,Closed,ITM-0911,12,1.35,16.20
PO-101883,CUST-C,VEND-11,2024-01-17,Received,ITM-0104,6,61.88,371.28
PO-101883,CUST-C,VEND-11,2024-01-17,Received,ITM-0250,4,56.02,224.08
PO-101883,CUST-C,VEND-11,2024-01-17,Received,ITM-0416,6,3.07,18.42
PO-101883,CUST-C,VEND-11,2024-01-17,Received,ITM-0629,10,2.91,29.10
PO-101883,CUST-C,VEND-11,2024-01-17,Received,ITM-0808,6,1.92,11.52
PO-101883,CUST-C,VEND-11,2024-01-17,Received,ITM-1022,24,4.92,118.08
PO-101884,CUST-C,VEND-02,2024-08-19,Received,ITM-0201,4,4.26,17.04
PO-101884,CUST-C,VEND-02,2024-08-19,Received,ITM-0237,4,3.25,13.00
PO-101884,CUST-C,VEND-02,2024-08-19,Received,ITM-0404,2,3.31,6.62
PO-101884,CUST-C,VEND-02,2024-08-19,Received,ITM-0629,5,3.18,15.90
PO-101885,CUST-B,VEND-10,2024-10-15,Closed,ITM-0235,12,1.69,20.28
PO-101886,CUST-D,VEND-02,2024-06-09,Received,ITM-0220,12,2.62,31.44
PO-101886,CUST-D,VEND-02,2024-06-09,Received,ITM-0237,24,3.03,72.72
PO-101886,CUST-D,VEND-02,2024-06-09,Received,ITM-0432,4,0.94,3.76
PO-101886,CUST-D,VEND-02,2024-06-09,Received,ITM-0432,4,0.94,3.76
PO-101886,CUST-D,VEND-02,2024-06-09,Received,ITM-1018,2,5.00,10.00
PO-101887,CUST-E,VEND-10,2024-10-19,Received,ITM-1014,6,2.64,15.84
PO-101888,CUST-A,VEND-07,2025-09-27,Received,ITM-0220,3,2.66,7.98
PO-101888,CUST-A,VEND-07,2025-09-27,Received,ITM-0255,4,1.63,6.52
PO-101888,CUST-A,VEND-07,2025-09-27,Received,ITM-0612,12,4.22,50.64
PO-101888,CUST-A,VEND-07,2025-09-27,Received,ITM-0928,1,0.75,0.75
PO-101889,CUST-F,VEND-11,2024-05-16,Received,ITM-1010,6,9.41,56.46
PO-101890,CUST-B,VEND-09,2025-10-02,Received,ITM-0228,2,4.54,9.08
PO-101890,CUST-B,VEND-09,2025-10-02,Received,ITM-0914,24,1.60,38.40
PO-101891,CUST-H,VEND-10,2025-02-10,Received,ITM-0808,6,1.77,10.62
PO-101891,CUST-H,VEND-10,2025-02-10,Received,ITM-1014,6,2.55,15.30
PO-101892,CUST-C,VEND-12,2024-03-10,Received,ITM-0618,12,4.13,49.56
PO-101893,CUST-B,VEND-12,2025-09-16,Received,ITM-0220,10,2.82,28.20
PO-101893,CUST-B,VEND-12,2025-09-16,Received,ITM-0403,6,2.69,16.14
PO-101894,CUST-H,VEND-12,2025-05-28,Closed,ITM-0230,1,3.24,3.24
PO-101894,CUST-H,VEND-12,2025-05-28,Closed,ITM-0612,6,4.01,24.06
PO-101895,CUST-A,VEND-02,2025-06-29,Received,ITM-0327,24,2.11,50.64
PO-101896,CUST-B,VEND-10,2025-03-13,Closed,ITM-0328,10,3.39,33.90
PO-101896,CUST-B,VEND-10,2025-03-13,Closed,ITM-0328,10,3.39,33.90
PO-101896,CUST-B,VEND-10,2025-03-13,Closed,ITM-0412,12,1.09,13.08
PO-101896,CUST-B,VEND-10,2025-03-13,Closed,ITM-0808,4,1.91,7.64
PO-101896,CUST-B,VEND-10,2025-03-13,Closed,ITM-0902,4,4.20,16.80
PO-101897,CUST-C,VEND-12,2024-11-30,Received,ITM-0612,10,4.14,41.40
PO-101897,CUST-C,VEND-12,2024-11-30,Received,ITM-0623,1,2.42,2.42
PO-101897,CUST-C,VEND-12,2024-11-30,Received,ITM-0938,2,12.77,25.54
PO-101898,CUST-A,VEND-03,2026-01-11,Received,ITM-0224,1,1.49,1.49
PO-101898,CUST-A,VEND-03,2026-01-11,Received,ITM-0311,20,6.63,132.60
PO-101898,CUST-A,VEND-03,2026-01-11,Received,ITM-0610,2,2.23,4.46
PO-101898,CUST-A,VEND-03,2026-01-11,Received,ITM-0907,10,0.72,7.20
PO-101899,CUST-C,VEND-05,2025-03-17,Received,ITM-1011,10,3.86,38.60
PO-101900,CUST-H,VEND-12,2025-07-06,Received,ITM-0220,12,2.86,34.32
PO-101900,CUST-H,VEND-12,2025-07-06,Received,ITM-0309,2,2.11,4.22
PO-101900,CUST-H,VEND-12,2025-07-06,Received,ITM-0618,2,4.28,8.56
PO-101900,CUST-H,VEND-12,2025-07-06,Received,ITM-1015,2,4.58,9.16
PO-101901,CUST-F,VEND-12,2025-01-03,Received,ITM-0220,6,2.66,15.96
PO-101901,CUST-F,VEND-12,2025-01-03,Received,ITM-0612,1,4.27,4.27
PO-101901,CUST-F,VEND-12,2025-01-03,Received,ITM-1011,12,3.68,44.16
PO-101901,CUST-F,VEND-12,2025-01-03,Received,ITM-1015,12,4.50,54.00
PO-101902,CUST-B,VEND-03,2024-01-29,Received,ITM-0211,3,11.74,35.22
PO-101902,CUST-B,VEND-03,2024-01-29,Received,ITM-0243,3,0.66,1.98
PO-101902,CUST-B,VEND-03,2024-01-29,Received,ITM-0440,1,26.41,26.41
PO-101902,CUST-B,VEND-03,2024-01-29,Received,ITM-0939,24,15.32,367.68
PO-101902,CUST-B,VEND-03,2024-01-29,Received,ITM-1001,2,1.12,2.24
PO-101903,CUST-D,VEND-03,2026-05-18,Closed,ITM-0224,6,1.66,9.96
PO-101903,CUST-D,VEND-03,2026-05-18,Closed,ITM-0224,6,1.66,9.96
PO-101903,CUST-D,VEND-03,2026-05-18,Closed,ITM-0621,6,4.23,25.38
PO-101904,CUST-F,VEND-12,2024-10-31,Received,ITM-0403,3,2.47,7.41
PO-101904,CUST-F,VEND-12,2024-10-31,Received,ITM-0426,1,24.04,24.04
PO-101905,CUST-C,VEND-06,2024-10-20,Received,ITM-0629,6,3.38,20.28
PO-101905,CUST-C,VEND-06,2024-10-20,Received,ITM-1015,50,4.16,208.00
PO-101906,CUST-A,VEND-04,2024-11-16,Closed,ITM-0237,10,2.92,29.20
PO-101906,CUST-A,VEND-04,2024-11-16,Closed,ITM-0611,1,3.35,3.35
PO-101906,CUST-A,VEND-04,2024-11-16,Closed,ITM-0907,12,0.70,8.40
PO-101906,CUST-A,VEND-04,2024-11-16,Closed,ITM-0939,12,14.22,170.64
PO-101906,CUST-A,VEND-04,2024-11-16,Closed,ITM-1015,4,4.11,16.44
PO-101907,CUST-H,VEND-10,2025-09-01,Received,ITM-0434,6,1.53,9.18
PO-101907,CUST-H,VEND-10,2025-09-01,Received,ITM-0437,6,2.02,12.12
PO-101907,CUST-H,VEND-10,2025-09-01,Received,ITM-0904,12,0.33,3.96
PO-101908,CUST-F,VEND-08,2025-05-12,Received,ITM-0614,1,5.76,5.76
PO-101908,CUST-F,VEND-08,2025-05-12,Received,ITM-0903,20,0.22,4.40
PO-101908,CUST-F,VEND-08,2025-05-12,Received,ITM-1019,10,6.66,66.60
PO-101909,CUST-D,VEND-10,2026-07-30,Open,ITM-0425,6,25.47,152.82
PO-101910,CUST-F,VEND-07,2024-06-12,Received,ITM-0306,4,1.00,4.00
PO-101910,CUST-F,VEND-07,2024-06-12,Received,ITM-0517,10,43.02,430.20
PO-101910,CUST-F,VEND-07,2024-06-12,Received,ITM-0612,1,4.06,4.06
PO-101910,CUST-F,VEND-07,2024-06-12,Received,ITM-0909,12,0.88,10.56
PO-101911,CUST-B,VEND-11,2026-05-07,Received,ITM-0808,12,1.99,23.88
PO-101911,CUST-B,VEND-11,2026-05-07,Received,ITM-1015,6,4.63,27.78
PO-101911,CUST-B,VEND-11,2026-05-07,Received,ITM-1022,12,5.68,68.16
PO-101912,CUST-B,VEND-02,2025-04-24,Received,ITM-0220,10,2.78,27.80
PO-101912,CUST-B,VEND-02,2025-04-24,Received,ITM-0251,12,2.49,29.88
PO-101912,CUST-B,VEND-02,2025-04-24,Received,ITM-0629,1,3.14,3.14
PO-101913,CUST-H,VEND-11,2024-04-17,Received,ITM-0437,4,2.00,8.00
PO-101913,CUST-H,VEND-11,2024-04-17,Received,ITM-1015,24,4.47,107.28
PO-101914,CUST-D,VEND-04,2025-07-08,Cancelled,ITM-0228,4,4.48,17.92
PO-101914,CUST-D,VEND-04,2025-07-08,Cancelled,ITM-0611,2,3.39,6.78
PO-101914,CUST-D,VEND-04,2025-07-08,Cancelled,ITM-1015,4,4.58,18.32
PO-101915,CUST-B,VEND-09,2025-05-15,Received,ITM-0208,10,5.80,58.00
PO-101915,CUST-B,VEND-09,2025-05-15,Received,ITM-0243,3,0.75,2.25
PO-101915,CUST-B,VEND-09,2025-05-15,Received,ITM-0402,1,2.05,2.05
PO-101915,CUST-B,VEND-09,2025-05-15,Received,ITM-0416,2,2.95,5.90
PO-101915,CUST-B,VEND-09,2025-05-15,Received,ITM-0805,2,36.04,72.08
PO-101915,CUST-B,VEND-09,2025-05-15,Received,ITM-0902,2,4.53,9.06
PO-101916,CUST-A,VEND-02,2024-04-03,Cancelled,ITM-0220,2,2.51,5.02
PO-101916,CUST-A,VEND-02,2024-04-03,Cancelled,ITM-0311,10,6.69,66.90
PO-101916,CUST-A,VEND-02,2024-04-03,Cancelled,ITM-0815,12,7.51,90.12
PO-101917,CUST-D,VEND-07,2025-12-11,Closed,ITM-0404,4,3.05,12.20
PO-101917,CUST-D,VEND-07,2025-12-11,Closed,ITM-0517,6,45.38,272.28
PO-101917,CUST-D,VEND-07,2025-12-11,Closed,ITM-0909,1,0.92,0.92
PO-101918,CUST-A,VEND-08,2024-01-12,Closed,ITM-0250,5,58.43,292.15
PO-101918,CUST-A,VEND-08,2024-01-12,Closed,ITM-0621,4,3.75,15.00
PO-101919,CUST-D,VEND-02,2026-06-09,Open,ITM-0228,24,4.67,112.08
PO-101919,CUST-D,VEND-02,2026-06-09,Open,ITM-0237,6,3.40,20.40
PO-101919,CUST-D,VEND-02,2026-06-09,Open,ITM-0408,3,5.31,15.93
PO-101919,CUST-D,VEND-02,2026-06-09,Open,ITM-0947,4,0.45,1.80
PO-101920,CUST-D,VEND-02,2026-07-24,Closed,ITM-0228,4,4.92,19.68
PO-101920,CUST-D,VEND-02,2026-07-24,Closed,ITM-0235,50,1.54,77.00
PO-101920,CUST-D,VEND-02,2026-07-24,Closed,ITM-0237,6,3.37,20.22
PO-101920,CUST-D,VEND-02,2026-07-24,Closed,ITM-0425,24,24.73,593.52
PO-101920,CUST-D,VEND-02,2026-07-24,Closed,ITM-0903,2,0.21,0.42
PO-101922,CUST-B,VEND-05,2024-02-19,Received,ITM-0629,10,3.08,30.80
PO-101923,CUST-A,VEND-09,2024-05-25,Received,ITM-0433,4,1.21,4.84
PO-101923,CUST-A,VEND-09,2024-05-25,Received,ITM-0929,2,1.14,2.28
PO-101924,CUST-G,VEND-10,2026-03-09,Received,ITM-0328,2,3.47,6.94
PO-101924,CUST-G,VEND-10,2026-03-09,Received,ITM-0412,12,1.13,13.56
PO-101924,CUST-G,VEND-10,2026-03-09,Received,ITM-0437,6,2.12,12.72
PO-101924,CUST-G,VEND-10,2026-03-09,Received,ITM-0605,3,16.53,49.59
PO-101924,CUST-G,VEND-10,2026-03-09,Received,ITM-0737,2,74.53,149.06
PO-101925,CUST-E,VEND-11,2025-12-22,Received,ITM-0104,24,61.41,1473.84
PO-101925,CUST-E,VEND-11,2025-12-22,Received,ITM-0433,4,1.22,4.88
PO-101925,CUST-E,VEND-11,2025-12-22,Received,ITM-0434,1,1.65,1.65
PO-101925,CUST-E,VEND-11,2025-12-22,Received,ITM-0629,10,3.22,32.20
PO-101925,CUST-E,VEND-11,2025-12-22,Received,ITM-0737,1,77.88,77.88
PO-101925,CUST-E,VEND-11,2025-12-22,Received,ITM-0902,24,4.20,100.80
PO-101926,CUST-A,VEND-11,2025-10-20,Closed,ITM-1008,2,1.37,2.74
PO-101926,CUST-A,VEND-11,2025-10-20,Closed,ITM-1015,1,4.25,4.25
PO-101927,CUST-B,VEND-09,2025-02-08,Closed,ITM-0228,1,4.37,4.37
PO-101927,CUST-B,VEND-09,2025-02-08,Closed,ITM-0440,3,27.32,81.96
PO-101927,CUST-B,VEND-09,2025-02-08,Closed,ITM-0527,2,9.80,19.60
PO-101927,CUST-B,VEND-09,2025-02-08,Closed,ITM-0929,20,1.23,24.60
PO-101928,CUST-H,VEND-07,2024-03-20,Received,ITM-0623,24,2.20,52.80
PO-101929,CUST-B,VEND-10,2025-08-03,Received,ITM-0235,1,1.77,1.77
PO-101929,CUST-B,VEND-10,2025-08-03,Received,ITM-0737,1,69.03,69.03
PO-101929,CUST-B,VEND-10,2025-08-03,Received,ITM-0808,10,1.82,18.20
PO-101929,CUST-B,VEND-10,2025-08-03,Received,ITM-0929,4,1.22,4.88
PO-101929,CUST-B,VEND-10,2025-08-03,Received,ITM-1014,6,2.69,16.14
PO-101930,CUST-B,VEND-09,2024-02-22,Received,ITM-0228,4,4.53,18.12
PO-101930,CUST-B,VEND-09,2024-02-22,Received,ITM-0402,12,2.17,26.04
PO-101930,CUST-B,VEND-09,2024-02-22,Received,ITM-0442,2,20.17,40.34
PO-101930,CUST-B,VEND-09,2024-02-22,Received,ITM-0721,4,36.24,144.96
PO-101930,CUST-B,VEND-09,2024-02-22,Received,ITM-1011,6,4.20,25.20
PO-101931,CUST-B,VEND-06,2025-06-15,Received,ITM-0715,1,74.62,74.62
PO-101932,CUST-B,VEND-03,2024-03-11,Cancelled,ITM-0211,1,12.66,12.66
PO-101932,CUST-B,VEND-03,2024-03-11,Cancelled,ITM-0809,1,2.47,2.47
PO-101933,CUST-C,VEND-04,2026-05-22,Received,ITM-0942,20,0.36,7.20
PO-101934,CUST-C,VEND-01,2024-01-20,Received,ITM-0412,10,1.07,10.70
PO-101935,CUST-A,VEND-08,2024-08-22,Received,ITM-0306,1,0.96,0.96
PO-101935,CUST-A,VEND-08,2024-08-22,Received,ITM-0310,1,4.14,4.14
PO-101935,CUST-A,VEND-08,2024-08-22,Received,ITM-0611,2,3.15,6.30
PO-101935,CUST-A,VEND-08,2024-08-22,Received,ITM-0621,10,3.77,37.70
PO-101935,CUST-A,VEND-08,2024-08-22,Received,ITM-0627,2,7.12,14.24
PO-101936,CUST-H,VEND-10,2025-08-27,Cancelled,ITM-0412,6,1.06,6.36
PO-101936,CUST-H,VEND-10,2025-08-27,Cancelled,ITM-0434,2,1.54,3.08
PO-101936,CUST-H,VEND-10,2025-08-27,Cancelled,ITM-0721,6,34.44,206.64
PO-101936,CUST-H,VEND-10,2025-08-27,Cancelled,ITM-0929,6,1.18,7.08
PO-101936,CUST-H,VEND-10,2025-08-27,Cancelled,ITM-1014,1,2.70,2.70
PO-101937,CUST-A,VEND-04,2024-07-31,Closed,ITM-0224,3,1.38,4.14
PO-101937,CUST-A,VEND-04,2024-07-31,Closed,ITM-0237,6,3.05,18.30
PO-101937,CUST-A,VEND-04,2024-07-31,Closed,ITM-0611,2,3.34,6.68
PO-101937,CUST-A,VEND-04,2024-07-31,Closed,ITM-0922,6,5.53,33.18
PO-101938,CUST-C,VEND-01,2025-12-21,Received,ITM-0208,4,5.30,21.20
PO-101938,CUST-C,VEND-01,2025-12-21,Received,ITM-0303,12,2.75,33.00
PO-101938,CUST-C,VEND-01,2025-12-21,Received,ITM-0414,5,1.95,9.75
PO-101938,CUST-C,VEND-01,2025-12-21,Received,ITM-0426,12,27.35,328.20
PO-101939,CUST-D,VEND-12,2025-07-09,Received,ITM-0426,12,25.64,307.68
PO-101939,CUST-D,VEND-12,2025-07-09,Received,ITM-0612,1,4.34,4.34
PO-101940,CUST-F,VEND-07,2026-07-24,Open,ITM-0404,10,3.23,32.30
PO-101941,CUST-A,VEND-03,2025-10-26,Received,ITM-0907,1,0.75,0.75
PO-101941,CUST-A,VEND-03,2025-10-26,Received,ITM-0920,24,2.63,63.12
PO-101941,CUST-A,VEND-03,2025-10-26,Received,ITM-1014,50,2.50,125.00
PO-101942,CUST-D,VEND-11,2025-06-21,Received,ITM-0921,2,4.01,8.02
PO-101942,CUST-D,VEND-11,2025-06-21,Received,ITM-1015,10,4.35,43.50
PO-101943,CUST-F,VEND-09,2026-08-31,Received,ITM-0433,10,1.40,14.00
PO-101943,CUST-F,VEND-09,2026-08-31,Received,ITM-1011,6,4.30,25.80
PO-101944,CUST-B,VEND-04,2026-05-22,Received,ITM-0440,2,29.79,59.58
PO-101944,CUST-B,VEND-04,2026-05-22,Received,ITM-1015,10,4.46,44.60
PO-101945,CUST-D,VEND-03,2025-08-29,Received,ITM-0243,10,0.68,6.80
PO-101945,CUST-D,VEND-03,2025-08-29,Received,ITM-0306,2,0.97,1.94
PO-101945,CUST-D,VEND-03,2025-08-29,Received,ITM-0939,1,16.51,16.51
PO-101945,CUST-D,VEND-03,2025-08-29,Received,ITM-1020,12,8.65,103.80
PO-101946,CUST-E,VEND-12,2026-07-17,Closed,ITM-0938,4,14.03,56.12
PO-101947,CUST-A,VEND-08,2025-08-22,Closed,ITM-0201,2,4.20,8.40
PO-101947,CUST-A,VEND-08,2025-08-22,Closed,ITM-0306,2,0.94,1.88
PO-101947,CUST-A,VEND-08,2025-08-22,Closed,ITM-0611,2,3.13,6.26
PO-101947,CUST-A,VEND-08,2025-08-22,Closed,ITM-0929,24,1.12,26.88
PO-101949,CUST-E,VEND-05,2024-04-11,Received,ITM-0403,1,2.27,2.27
PO-101949,CUST-E,VEND-05,2024-04-11,Received,ITM-0404,2,3.10,6.20
PO-101949,CUST-E,VEND-05,2024-04-11,Received,ITM-0620,6,3.02,18.12
PO-101949,CUST-E,VEND-05,2024-04-11,Received,ITM-0815,6,8.24,49.44
PO-101949,CUST-E,VEND-05,2024-04-11,Received,ITM-0904,10,0.33,3.30
PO-101949,CUST-E,VEND-05,2024-04-11,Received,ITM-1014,2,2.60,5.20
PO-101950,CUST-F,VEND-09,2024-08-14,Received,ITM-0201,12,4.21,50.52
PO-101950,CUST-F,VEND-09,2024-08-14,Received,ITM-0440,10,26.39,263.90
PO-101950,CUST-F,VEND-09,2024-08-14,Received,ITM-0442,4,19.77,79.08
PO-101950,CUST-F,VEND-09,2024-08-14,Received,ITM-0902,4,4.32,17.28
PO-101951,CUST-A,VEND-06,2024-08-31,Closed,ITM-0243,4,0.73,2.92
PO-101951,CUST-A,VEND-06,2024-08-31,Closed,ITM-0254,10,1.61,16.10
PO-101951,CUST-A,VEND-06,2024-08-31,Closed,ITM-0311,24,6.56,157.44
PO-101951,CUST-A,VEND-06,2024-08-31,Closed,ITM-0610,12,2.25,27.00
PO-101951,CUST-A,VEND-06,2024-08-31,Closed,ITM-1015,10,4.05,40.50
PO-101952,CUST-A,VEND-09,2025-10-05,Closed,ITM-0433,3,1.28,3.84
PO-101952,CUST-A,VEND-09,2025-10-05,Closed,ITM-0434,1,1.55,1.55
PO-101952,CUST-A,VEND-09,2025-10-05,Closed,ITM-1021,3,4.56,13.68
PO-101953,CUST-H,VEND-12,2025-01-12,Received,ITM-0908,1,0.88,0.88
PO-101953,CUST-H,VEND-12,2025-01-12,Received,ITM-0908,1,0.88,0.88
PO-101954,CUST-D,VEND-05,2024-09-12,Received,ITM-0612,4,3.64,14.56
PO-101954,CUST-D,VEND-05,2024-09-12,Received,ITM-0627,1,7.41,7.41
PO-101955,CUST-G,VEND-08,2024-09-01,Closed,ITM-0208,24,4.98,119.52
PO-101955,CUST-G,VEND-08,2024-09-01,Closed,ITM-0442,24,19.76,474.24
PO-101955,CUST-G,VEND-08,2024-09-01,Closed,ITM-0614,4,5.42,21.68
PO-101955,CUST-G,VEND-08,2024-09-01,Closed,ITM-0929,50,1.04,52.00
PO-101955,CUST-G,VEND-08,2024-09-01,Closed,ITM-1019,4,6.47,25.88
PO-101956,CUST-A,VEND-06,2025-05-24,Closed,ITM-1015,3,4.43,13.29
PO-101957,CUST-A,VEND-12,2024-06-10,Received,ITM-0612,50,3.66,183.00
PO-101958,CUST-D,VEND-04,2026-06-13,Open,ITM-0237,2,3.21,6.42
PO-101958,CUST-D,VEND-04,2026-06-13,Open,ITM-1021,1,4.44,4.44
PO-101959,CUST-D,VEND-01,2025-08-26,Received,ITM-0310,2,4.64,9.28
PO-101959,CUST-D,VEND-01,2025-08-26,Received,ITM-0627,6,7.65,45.90
PO-101959,CUST-D,VEND-01,2025-08-26,Received,ITM-0939,10,15.99,159.90
PO-101960,CUST-B,VEND-12,2025-02-25,Received,ITM-0426,1,25.90,25.90
PO-101960,CUST-B,VEND-12,2025-02-25,Received,ITM-0609,3,1.58,4.74
PO-101960,CUST-B,VEND-12,2025-02-25,Received,ITM-0908,24,0.85,20.40
PO-101961,CUST-C,VEND-02,2026-08-25,Received,ITM-0220,4,2.84,11.36
PO-101961,CUST-C,VEND-02,2026-08-25,Received,ITM-0253,10,1.28,12.80
PO-101962,CUST-B,VEND-04,2024-11-24,Received,ITM-0907,12,0.74,8.88
PO-101963,CUST-G,VEND-08,2025-04-29,Closed,ITM-0309,24,1.78,42.72
PO-101963,CUST-G,VEND-08,2025-04-29,Closed,ITM-0309,24,1.78,42.72
PO-101963,CUST-G,VEND-08,2025-04-29,Closed,ITM-0517,5,41.51,207.55
PO-101963,CUST-G,VEND-08,2025-04-29,Closed,ITM-0611,10,3.38,33.80
PO-101964,CUST-A,VEND-06,2024-07-28,Received,ITM-0311,4,6.08,24.32
PO-101965,CUST-B,VEND-10,2024-08-06,Received,ITM-0235,12,1.65,19.80
PO-101965,CUST-B,VEND-10,2024-08-06,Received,ITM-0434,4,1.43,5.72
PO-101965,CUST-B,VEND-10,2024-08-06,Received,ITM-0517,6,42.89,257.34
PO-101965,CUST-B,VEND-10,2024-08-06,Received,ITM-0929,3,1.19,3.57
PO-101966,CUST-B,VEND-10,2024-01-10,Received,ITM-0808,4,1.74,6.96
PO-101966,CUST-B,VEND-10,2024-01-10,Received,ITM-0902,1,4.31,4.31
PO-101966,CUST-B,VEND-10,2024-01-10,Received,ITM-0922,1,5.85,5.85
PO-101966,CUST-B,VEND-10,2024-01-10,Received,ITM-0929,5,1.13,5.65
PO-101966,CUST-B,VEND-10,2024-01-10,Received,ITM-1014,12,2.50,30.00
PO-101967,CUST-F,VEND-02,2024-11-15,Cancelled,ITM-0404,2,3.09,6.18
PO-101967,CUST-F,VEND-02,2024-11-15,Cancelled,ITM-0815,10,8.09,80.90
PO-101967,CUST-F,VEND-02,2024-11-15,Cancelled,ITM-0938,1,12.59,12.59
PO-101967,CUST-F,VEND-02,2024-11-15,Cancelled,ITM-1011,4,3.79,15.16
PO-101967,CUST-F,VEND-02,2024-11-15,Cancelled,ITM-1021,2,4.29,8.58
PO-101968,CUST-F,VEND-05,2025-11-29,Received,ITM-0311,10,6.74,67.40
PO-101968,CUST-F,VEND-05,2025-11-29,Received,ITM-0412,6,1.11,6.66
PO-101968,CUST-F,VEND-05,2025-11-29,Received,ITM-0431,1,0.78,0.78
PO-101968,CUST-F,VEND-05,2025-11-29,Received,ITM-0612,6,4.07,24.42
PO-101969,CUST-D,VEND-02,2025-04-02,Closed,ITM-0201,4,4.31,17.24
PO-101969,CUST-D,VEND-02,2025-04-02,Closed,ITM-0220,10,2.56,25.60
PO-101969,CUST-D,VEND-02,2025-04-02,Closed,ITM-0225,10,2.37,23.70
PO-101969,CUST-D,VEND-02,2025-04-02,Closed,ITM-0904,6,0.34,2.04
PO-101970,CUST-C,VEND-12,2025-10-05,Closed,ITM-0220,24,2.68,64.32
PO-101970,CUST-C,VEND-12,2025-10-05,Closed,ITM-0220,24,2.68,64.32
PO-101970,CUST-C,VEND-12,2025-10-05,Closed,ITM-0254,6,1.77,10.62
PO-101970,CUST-C,VEND-12,2025-10-05,Closed,ITM-0426,6,26.47,158.82
PO-101970,CUST-C,VEND-12,2025-10-05,Closed,ITM-1003,2,1.22,2.44
PO-101971,CUST-B,VEND-07,2024-11-08,Received,ITM-0220,3,2.68,8.04
PO-101971,CUST-B,VEND-07,2024-11-08,Received,ITM-0306,10,0.99,9.90
PO-101972,CUST-H,VEND-02,2025-05-11,Received,ITM-0237,1,3.31,3.31
PO-101972,CUST-H,VEND-02,2025-05-11,Received,ITM-0311,4,7.19,28.76
PO-101972,CUST-H,VEND-02,2025-05-11,Received,ITM-0632,24,4.25,102.00
PO-101972,CUST-H,VEND-02,2025-05-11,Received,ITM-0903,1,0.21,0.21
PO-101973,CUST-D,VEND-08,2024-07-26,Cancelled,ITM-0310,6,4.41,26.46
PO-101975,CUST-C,VEND-05,2026-04-16,Received,ITM-0311,10,6.98,69.80
PO-101975,CUST-C,VEND-05,2026-04-16,Received,ITM-0403,24,2.47,59.28
PO-101975,CUST-C,VEND-05,2026-04-16,Received,ITM-0612,10,4.08,40.80
PO-101975,CUST-C,VEND-05,2026-04-16,Received,ITM-0629,4,3.04,12.16
PO-101975,CUST-C,VEND-05,2026-04-16,Received,ITM-0808,6,1.83,10.98
PO-101975,CUST-C,VEND-05,2026-04-16,Received,ITM-0815,2,9.10,18.20
PO-101976,CUST-E,VEND-06,2024-08-07,Received,ITM-0446,12,23.08,276.96
PO-101976,CUST-E,VEND-06,2024-08-07,Received,ITM-0629,10,3.16,31.60
PO-101977,CUST-B,VEND-08,2026-08-13,Open,ITM-0902,2,4.87,9.74
PO-101978,CUST-D,VEND-12,2025-12-25,Received,ITM-0328,10,3.43,34.30
PO-101978,CUST-D,VEND-12,2025-12-25,Received,ITM-0612,1,4.39,4.39
PO-101978,CUST-D,VEND-12,2025-12-25,Received,ITM-1003,6,1.17,7.02
PO-101978,CUST-D,VEND-12,2025-12-25,Received,ITM-1015,1,4.67,4.67
PO-101979,CUST-B,VEND-01,2024-02-09,Received,ITM-0225,1,2.31,2.31
PO-101979,CUST-B,VEND-01,2024-02-09,Received,ITM-0231,2,4.86,9.72
PO-101979,CUST-B,VEND-01,2024-02-09,Received,ITM-0922,24,5.54,132.96
PO-101980,CUST-A,VEND-07,2024-05-07,Received,ITM-0306,50,0.87,43.50
PO-101980,CUST-A,VEND-07,2024-05-07,Received,ITM-0310,2,4.16,8.32
PO-101980,CUST-A,VEND-07,2024-05-07,Received,ITM-0612,6,3.97,23.82
PO-101980,CUST-A,VEND-07,2024-05-07,Received,ITM-0942,24,0.28,6.72
PO-101981,CUST-B,VEND-01,2026-02-04,Received,ITM-0412,10,1.16,11.60
PO-101981,CUST-B,VEND-01,2026-02-04,Received,ITM-0414,12,2.00,24.00
PO-101981,CUST-B,VEND-01,2026-02-04,Received,ITM-0426,1,27.01,27.01
PO-101981,CUST-B,VEND-01,2026-02-04,Received,ITM-0611,6,3.60,21.60
PO-101981,CUST-B,VEND-01,2026-02-04,Received,ITM-0939,6,16.36,98.16
PO-101982,CUST-A,VEND-02,2025-11-16,Received,ITM-0228,1,4.53,4.53
PO-101982,CUST-A,VEND-02,2025-11-16,Received,ITM-0904,12,0.33,3.96
PO-101983,CUST-G,VEND-05,2026-07-03,Open,ITM-0402,24,1.96,47.04
PO-101983,CUST-G,VEND-05,2026-07-03,Open,ITM-0942,10,0.33,3.30
PO-101983,CUST-G,VEND-05,2026-07-03,Open,ITM-0942,10,0.33,3.30
PO-101984,CUST-D,VEND-06,2025-03-01,Closed,ITM-0629,6,3.15,18.90
PO-101985,CUST-D,VEND-03,2024-01-13,Received,ITM-0402,4,1.79,7.16
PO-101985,CUST-D,VEND-03,2024-01-13,Received,ITM-0928,4,0.73,2.92
PO-101985,CUST-D,VEND-03,2024-01-13,Received,ITM-0939,1,15.91,15.91
PO-101986,CUST-A,VEND-01,2026-05-25,Closed,ITM-0404,10,3.16,31.60
PO-101988,CUST-A,VEND-10,2025-06-06,Received,ITM-0535,24,7.82,187.68
PO-101988,CUST-A,VEND-10,2025-06-06,Received,ITM-0908,3,0.92,2.76
PO-101988,CUST-A,VEND-10,2025-06-06,Received,ITM-0913,24,1.22,29.28
PO-101988,CUST-A,VEND-10,2025-06-06,Received,ITM-0929,4,1.13,4.52
PO-101989,CUST-A,VEND-10,2025-02-16,Received,ITM-0508,10,15.74,157.40
PO-101989,CUST-A,VEND-10,2025-02-16,Received,ITM-0922,2,5.61,11.22
PO-101989,CUST-A,VEND-10,2025-02-16,Received,ITM-0929,4,1.06,4.24
PO-101990,CUST-C,VEND-07,2024-10-27,Received,ITM-0605,20,15.74,314.80
PO-101990,CUST-C,VEND-07,2024-10-27,Received,ITM-0942,10,0.32,3.20
PO-101991,CUST-A,VEND-04,2026-01-18,Received,ITM-0907,12,0.74,8.88
PO-101991,CUST-A,VEND-04,2026-01-18,Received,ITM-0922,6,5.89,35.34
PO-101992,CUST-A,VEND-06,2024-12-08,Received,ITM-0235,2,1.49,2.98
PO-101993,CUST-E,VEND-02,2025-07-07,Closed,ITM-0201,4,4.27,17.08
PO-101993,CUST-E,VEND-02,2025-07-07,Closed,ITM-0237,1,3.54,3.54
PO-101993,CUST-E,VEND-02,2025-07-07,Closed,ITM-0311,24,7.10,170.40
PO-101993,CUST-E,VEND-02,2025-07-07,Closed,ITM-0404,6,3.37,20.22
PO-101993,CUST-E,VEND-02,2025-07-07,Closed,ITM-0904,1,0.34,0.34
PO-101993,CUST-E,VEND-02,2025-07-07,Closed,ITM-0947,12,0.43,5.16
PO-101994,CUST-D,VEND-11,2025-02-25,Received,ITM-0605,10,16.73,167.30
PO-101994,CUST-D,VEND-11,2025-02-25,Received,ITM-1015,4,4.43,17.72
PO-101995,CUST-D,VEND-08,2024-01-26,Closed,ITM-0230,2,2.90,5.80
PO-101995,CUST-D,VEND-08,2024-01-26,Closed,ITM-0310,4,4.46,17.84
PO-101996,CUST-B,VEND-05,2025-09-07,Received,ITM-0403,10,2.50,25.00
PO-101996,CUST-B,VEND-05,2025-09-07,Received,ITM-0426,2,26.82,53.64
PO-101996,CUST-B,VEND-05,2025-09-07,Received,ITM-0612,5,4.01,20.05
PO-101996,CUST-B,VEND-05,2025-09-07,Received,ITM-0629,4,2.91,11.64
PO-101996,CUST-B,VEND-05,2025-09-07,Received,ITM-1017,1,3.01,3.01
PO-101997,CUST-F,VEND-06,2025-12-08,Received,ITM-0614,6,6.15,36.90
PO-101997,CUST-F,VEND-06,2025-12-08,Received,ITM-0628,1,0.14,0.14
PO-101997,CUST-F,VEND-06,2025-12-08,Received,ITM-0942,1,0.36,0.36
PO-101997,CUST-F,VEND-06,2025-12-08,Received,ITM-1015,4,4.55,18.20
PO-101998,CUST-C,VEND-01,2025-04-01,Closed,ITM-0225,24,2.33,55.92
PO-101998,CUST-C,VEND-01,2025-04-01,Closed,ITM-0404,10,3.28,32.80
PO-101998,CUST-C,VEND-01,2025-04-01,Closed,ITM-0611,24,3.36,80.64
PO-101998,CUST-C,VEND-01,2025-04-01,Closed,ITM-0623,4,2.67,10.68
PO-101998,CUST-C,VEND-01,2025-04-01,Closed,ITM-0939,6,14.78,88.68
PO-101999,CUST-F,VEND-01,2025-05-11,Received,ITM-0208,4,5.24,20.96
PO-102000,CUST-B,VEND-07,2025-11-18,Received,ITM-0408,1,5.22,5.22
PO-102000,CUST-B,VEND-07,2025-11-18,Received,ITM-0527,10,9.46,94.60
PO-102000,CUST-B,VEND-07,2025-11-18,Received,ITM-0737,1,76.66,76.66
PO-102001,CUST-A,VEND-09,2026-01-18,Received,ITM-0433,12,1.25,15.00
PO-102001,CUST-A,VEND-09,2026-01-18,Received,ITM-0628,2,0.16,0.32
PO-102002,CUST-B,VEND-03,2024-05-08,Closed,ITM-0618,4,4.16,16.64
PO-102002,CUST-B,VEND-03,2024-05-08,Closed,ITM-0621,2,4.23,8.46
PO-102002,CUST-B,VEND-03,2024-05-08,Closed,ITM-1010,6,9.64,57.84
PO-102003,CUST-E,VEND-06,2024-03-31,Closed,ITM-0231,12,4.69,56.28
PO-102003,CUST-E,VEND-06,2024-03-31,Closed,ITM-0431,1,0.75,0.75
PO-102003,CUST-E,VEND-06,2024-03-31,Closed,ITM-0629,6,3.29,19.74
PO-102003,CUST-E,VEND-06,2024-03-31,Closed,ITM-1014,24,2.40,57.60
PO-102003,CUST-E,VEND-06,2024-03-31,Closed,ITM-1015,12,4.27,51.24
PO-102004,CUST-A,VEND-12,2026-01-14,Received,ITM-0230,4,2.98,11.92
PO-102004,CUST-A,VEND-12,2026-01-14,Received,ITM-0612,12,4.24,50.88
PO-102004,CUST-A,VEND-12,2026-01-14,Received,ITM-0618,10,3.99,39.90
PO-102004,CUST-A,VEND-12,2026-01-14,Received,ITM-0809,2,2.53,5.06
PO-102005,CUST-A,VEND-01,2024-01-11,Received,ITM-0309,20,1.77,35.40
PO-102005,CUST-A,VEND-01,2024-01-11,Received,ITM-0433,10,1.14,11.40
PO-102006,CUST-H,VEND-01,2024-08-21,Received,ITM-0414,4,1.89,7.56
PO-102006,CUST-H,VEND-01,2024-08-21,Received,ITM-0611,24,3.29,78.96
PO-102007,CUST-A,VEND-03,2024-01-15,Received,ITM-0907,4,0.68,2.72
PO-102008,CUST-B,VEND-03,2026-03-11,Closed,ITM-0104,4,70.68,282.72
PO-102008,CUST-B,VEND-03,2026-03-11,Closed,ITM-0243,1,0.74,0.74
PO-102008,CUST-B,VEND-03,2026-03-11,Closed,ITM-0306,4,1.04,4.16
PO-102008,CUST-B,VEND-03,2026-03-11,Closed,ITM-0440,10,28.14,281.40
PO-102008,CUST-B,VEND-03,2026-03-11,Closed,ITM-0808,6,1.97,11.82
PO-102008,CUST-B,VEND-03,2026-03-11,Closed,ITM-0920,4,3.14,12.56
PO-102009,CUST-D,VEND-11,2024-11-10,Received,ITM-0433,2,1.11,2.22
PO-102010,CUST-A,VEND-05,2025-09-12,Received,ITM-0627,1,6.93,6.93
PO-102010,CUST-A,VEND-05,2025-09-12,Received,ITM-0808,4,1.75,7.00
PO-102011,CUST-F,VEND-12,2026-08-11,Open,ITM-0220,2,2.89,5.78
PO-102011,CUST-F,VEND-12,2026-08-11,Open,ITM-0328,4,3.42,13.68
PO-102011,CUST-F,VEND-12,2026-08-11,Open,ITM-0809,2,2.65,5.30
PO-102011,CUST-F,VEND-12,2026-08-11,Open,ITM-1015,2,4.97,9.94
PO-102012,CUST-A,VEND-10,2026-02-04,Received,ITM-0431,10,0.77,7.70
PO-102013,CUST-C,VEND-08,2026-06-22,Open,ITM-0430,10,0.50,5.00
PO-102013,CUST-E,VEND-08,2026-06-22,Open,ITM-0611,1,3.56,3.56
PO-102013,CUST-E,VEND-08,2026-06-22,Open,ITM-0614,10,6.38,63.80
PO-102013,CUST-E,VEND-08,2026-06-22,Open,ITM-1019,6,6.97,41.82
PO-102014,CUST-E,VEND-02,2025-06-13,Received,ITM-0237,12,3.40,40.80
PO-102014,CUST-E,VEND-02,2025-06-13,Received,ITM-0947,4,0.49,1.96
PO-102015,CUST-B,VEND-05,2024-02-24,Closed,ITM-0426,1,24.32,24.32
PO-102015,CUST-B,VEND-05,2024-02-24,Closed,ITM-0433,10,1.14,11.40
PO-102015,CUST-B,VEND-05,2024-02-24,Closed,ITM-0733,2,23.18,46.36
PO-102015,CUST-B,VEND-05,2024-02-24,Closed,ITM-0947,2,0.42,0.84
PO-102016,CUST-A,VEND-07,2026-01-29,Closed,ITM-0220,2,,
PO-102016,CUST-A,VEND-07,2026-01-29,Closed,ITM-0220,2,,
PO-102016,CUST-A,VEND-07,2026-01-29,Closed,ITM-0623,24,2.35,56.40
PO-102016,CUST-A,VEND-07,2026-01-29,Closed,ITM-0628,10,0.14,1.40
PO-102016,CUST-A,VEND-07,2026-01-29,Closed,ITM-0715,4,69.01,276.04
PO-102017,CUST-A,VEND-05,2024-06-28,Closed,ITM-0426,50,20.19,1009.50
PO-102018,CUST-F,VEND-07,2026-05-06,Received,ITM-0404,2,3.47,6.94
PO-102019,CUST-B,VEND-08,2026-06-25,Open,ITM-0230,6,3.09,18.54
PO-102019,CUST-B,VEND-08,2026-06-25,Open,ITM-0611,6,3.56,21.36
PO-102019,CUST-B,VEND-08,2026-06-25,Open,ITM-0902,1,48.40,48.40
PO-102019,CUST-B,VEND-08,2026-06-25,Open,ITM-0903,24,0.23,5.52
PO-102020,CUST-A,VEND-06,2026-02-20,Closed,ITM-0311,2,6.88,13.76
PO-102020,CUST-A,VEND-06,2026-02-20,Closed,ITM-0628,24,0.14,3.36
PO-102020,CUST-A,VEND-06,2026-02-20,Closed,ITM-0715,2,67.21,134.42
PO-102020,CUST-A,VEND-06,2026-02-20,Closed,ITM-0805,4,30.35,121.40
PO-102021,CUST-H,VEND-01,2024-09-22,Closed,ITM-0225,2,2.47,4.94
PO-102021,CUST-H,VEND-01,2024-09-22,Closed,ITM-0414,10,1.85,18.50
PO-102021,CUST-H,VEND-01,2024-09-22,Closed,ITM-0426,2,24.29,48.58
PO-102022,CUST-C,VEND-03,2024-11-06,Closed,ITM-0402,2,1.93,3.86
PO-102022,CUST-C,VEND-03,2024-11-06,Closed,ITM-0437,4,1.95,7.80
PO-102022,CUST-C,VEND-03,2024-11-06,Closed,ITM-0809,10,2.50,25.00
PO-102022,CUST-D,VEND-03,2024-11-06,Closed,ITM-0306,24,0.90,21.60
PO-102023,CUST-E,VEND-09,2024-09-29,Received,ITM-0201,24,4.17,100.08
PO-102023,CUST-E,VEND-09,2024-09-29,Received,ITM-0309,6,2.11,12.66
PO-102023,CUST-E,VEND-09,2024-09-29,Received,ITM-0326,10,2.87,28.70
PO-102023,CUST-E,VEND-09,2024-09-29,Received,ITM-0416,4,2.84,11.36
PO-102024,CUST-B,VEND-12,2026-07-23,Open,ITM-0220,1,3.14,3.14
PO-102025,CUST-D,VEND-01,2024-04-14,Closed,ITM-0310,6,4.45,26.70
PO-102025,CUST-D,VEND-01,2024-04-14,Closed,ITM-0426,4,24.45,97.80
PO-102025,CUST-D,VEND-01,2024-04-14,Closed,ITM-0433,2,1.24,2.48
PO-102026,CUST-B,VEND-12,2025-01-16,Received,ITM-0220,2,2.82,5.64
PO-102026,CUST-B,VEND-12,2025-01-16,Received,ITM-0403,1,2.55,2.55
PO-102026,CUST-B,VEND-12,2025-01-16,Received,ITM-0426,2,25.46,50.92
PO-102026,CUST-B,VEND-12,2025-01-16,Received,ITM-0609,6,1.58,9.48
PO-102026,CUST-B,VEND-12,2025-01-16,Received,ITM-0612,2,4.18,8.36
PO-102026,CUST-B,VEND-12,2025-01-16,Received,ITM-1015,6,4.36,26.16
PO-102027,CUST-D,VEND-02,2025-07-05,Received,ITM-0228,1,4.80,4.80
PO-102027,CUST-D,VEND-02,2025-07-05,Received,ITM-0404,2,3.26,6.52
PO-102027,CUST-D,VEND-02,2025-07-05,Received,ITM-0413,6,1.51,9.06
PO-102028,CUST-D,VEND-02,2025-08-02,Received,ITM-0211,2,13.03,26.06
PO-102029,CUST-A,VEND-12,2026-08-10,Open,ITM-0612,24,4.04,96.96
PO-102029,CUST-A,VEND-12,2026-08-10,Open,ITM-0618,10,4.26,42.60
PO-102029,CUST-A,VEND-12,2026-08-10,Open,ITM-1015,4,4.51,18.04
PO-102030,CUST-E,VEND-03,2025-07-16,Received,ITM-0306,4,0.91,3.64
PO-102030,CUST-E,VEND-03,2025-07-16,Received,ITM-0311,1,7.27,7.27
PO-102030,CUST-E,VEND-03,2025-07-16,Received,ITM-0402,24,1.85,44.40
PO-102030,CUST-E,VEND-03,2025-07-16,Received,ITM-1014,10,2.71,27.10
PO-102031,CUST-D,VEND-02,2026-08-13,Open,ITM-0220,12,2.80,33.60
PO-102032,CUST-E,VEND-09,2025-04-13,Cancelled,ITM-0201,12,4.38,52.56
PO-102032,CUST-E,VEND-09,2025-04-13,Cancelled,ITM-0228,2,4.61,9.22
PO-102033,CUST-D,VEND-12,2025-03-17,Received,ITM-0254,6,1.73,10.38
PO-102033,CUST-D,VEND-12,2025-03-17,Received,ITM-0403,12,2.45,29.40
PO-102034,CUST-B,VEND-02,2024-08-26,Received,ITM-0235,6,1.66,9.96
PO-102035,CUST-C,VEND-04,2025-04-01,Received,ITM-0921,1,4.03,4.03
PO-102035,CUST-C,VEND-04,2025-04-01,Received,ITM-0921,1,4.03,4.03
PO-102035,CUST-C,VEND-04,2025-04-01,Received,ITM-1015,2,4.58,9.16
PO-102036,CUST-B,VEND-09,2024-02-06,Received,ITM-0402,2,2.02,4.04
PO-102036,CUST-B,VEND-09,2024-02-06,Received,ITM-0929,24,1.15,27.60
PO-102037,CUST-D,VEND-07,2024-11-30,Closed,ITM-0219,5,1.81,9.05
PO-102037,CUST-D,VEND-07,2024-11-30,Closed,ITM-0220,10,2.62,26.20
PO-102037,CUST-D,VEND-07,2024-11-30,Closed,ITM-0255,10,1.61,16.10
PO-102037,CUST-D,VEND-07,2024-11-30,Closed,ITM-0306,5,1.04,5.20
PO-102037,CUST-D,VEND-07,2024-11-30,Closed,ITM-0612,2,3.95,7.90
PO-102037,CUST-D,VEND-07,2024-11-30,Closed,ITM-0715,2,75.55,151.10
PO-102038,CUST-C,VEND-12,2025-07-21,Received,ITM-0432,6,0.99,5.94
PO-102038,CUST-C,VEND-12,2025-07-21,Received,ITM-0618,2,4.35,8.70
PO-102038,CUST-C,VEND-12,2025-07-21,Received,ITM-1015,6,4.50,27.00
PO-102039,CUST-D,VEND-06,2025-05-08,Received,ITM-0614,4,6.14,24.56
PO-102039,CUST-D,VEND-06,2025-05-08,Received,ITM-0629,1,3.43,3.43
PO-102039,CUST-D,VEND-06,2025-05-08,Received,ITM-0917,12,3.83,45.96
PO-102039,CUST-D,VEND-06,2025-05-08,Received,ITM-1006,12,1.35,16.20
PO-102039,CUST-D,VEND-06,2025-05-08,Received,ITM-1015,24,4.12,98.88
PO-102041,CUST-D,VEND-02,2024-06-19,Cancelled,ITM-0246,4,2.01,8.04
PO-102041,CUST-D,VEND-02,2024-06-19,Cancelled,ITM-0404,2,3.15,6.30
PO-102042,CUST-A,VEND-05,2024-07-03,Received,ITM-0257,6,0.68,4.08
PO-102042,CUST-A,VEND-05,2024-07-03,Received,ITM-0403,24,2.26,54.24
PO-102042,CUST-A,VEND-05,2024-07-03,Received,ITM-0612,1,3.73,3.73
PO-102044,CUST-F,VEND-08,2025-11-02,Received,ITM-0250,6,68.84,413.04
PO-102044,CUST-F,VEND-08,2025-11-02,Received,ITM-0430,4,0.54,2.16
PO-102044,CUST-F,VEND-08,2025-11-02,Received,ITM-0442,1,21.84,21.84
PO-102044,CUST-F,VEND-08,2025-11-02,Received,ITM-0611,6,3.56,21.36
PO-102044,CUST-F,VEND-08,2025-11-02,Received,ITM-0902,1,4.61,4.61
PO-102045,CUST-B,VEND-07,2024-01-27,Closed,ITM-0104,1,61.19,61.19
PO-102045,CUST-B,VEND-07,2024-01-27,Closed,ITM-0220,4,2.77,11.08
PO-102045,CUST-B,VEND-07,2024-01-27,Closed,ITM-0306,10,0.98,9.80
PO-102045,CUST-B,VEND-07,2024-01-27,Closed,ITM-0612,4,4.47,17.88
PO-102045,CUST-B,VEND-07,2024-01-27,Closed,ITM-0612,4,4.47,17.88
PO-102045,CUST-B,VEND-07,2024-01-27,Closed,ITM-0942,3,0.32,0.96
PO-102046,CUST-A,VEND-12,2026-02-09,Received,ITM-0403,6,2.50,15.00
PO-102046,CUST-A,VEND-12,2026-02-09,Received,ITM-0612,24,3.76,90.24
PO-102046,CUST-A,VEND-12,2026-02-09,Received,ITM-0618,50,3.77,188.50
PO-102046,CUST-A,VEND-12,2026-02-09,Received,ITM-1015,10,4.41,44.10
PO-102047,CUST-C,VEND-05,2024-12-28,Received,ITM-0433,2,1.11,2.22
PO-102047,CUST-C,VEND-05,2024-12-28,Received,ITM-0815,10,8.69,86.90
PO-102048,CUST-D,VEND-02,2026-02-21,Received,ITM-0237,1,3.51,3.51
PO-102049,CUST-D,VEND-01,2025-09-15,Received,ITM-0228,4,4.53,18.12
PO-102049,CUST-D,VEND-01,2025-09-15,Received,ITM-0426,24,24.43,586.32
PO-102049,CUST-D,VEND-01,2025-09-15,Received,ITM-0939,12,15.51,186.12
PO-102049,CUST-D,VEND-01,2025-09-15,Received,ITM-0943,2,23.57,47.14
PO-102049,CUST-D,VEND-01,2025-09-15,Received,ITM-1003,1,1.15,1.15
PO-102050,CUST-H,VEND-06,2025-10-03,Cancelled,ITM-0431,10,0.80,8.00
PO-102052,CUST-D,VEND-04,2024-05-13,Received,ITM-0228,2,4.34,8.68
PO-102052,CUST-D,VEND-04,2024-05-13,Received,ITM-0306,4,1.00,4.00
PO-102052,CUST-D,VEND-04,2024-05-13,Received,ITM-1015,4,4.09,16.36
PO-102053,CUST-E,VEND-12,2026-03-09,Closed,ITM-0403,24,2.62,62.88
PO-102053,CUST-E,VEND-12,2026-03-09,Closed,ITM-0623,1,2.47,2.47
PO-102053,CUST-E,VEND-12,2026-03-09,Closed,ITM-0938,12,13.93,167.16
PO-102053,CUST-E,VEND-12,2026-03-09,Closed,ITM-1011,2,3.86,7.72
PO-102054,CUST-G,VEND-11,2024-03-01,Received,ITM-0629,1,2.86,2.86
PO-102055,CUST-D,VEND-07,2025-06-02,Received,ITM-0219,6,1.90,11.40
PO-102055,CUST-D,VEND-07,2025-06-02,Received,ITM-0517,2,43.76,87.52
PO-102056,CUST-F,VEND-12,2026-01-02,Received,ITM-0328,10,3.49,34.90
PO-102057,CUST-B,VEND-09,2025-08-05,Received,ITM-0402,4,2.15,8.60
PO-102057,CUST-B,VEND-09,2025-08-05,Received,ITM-0902,1,4.41,4.41
PO-102059,CUST-A,VEND-03,2026-08-17,Received,ITM-0306,5,1.01,5.05
PO-102059,CUST-A,VEND-03,2026-08-17,Received,ITM-0402,10,1.85,18.50
PO-102059,CUST-A,VEND-03,2026-08-17,Received,ITM-0808,24,1.79,42.96
PO-102060,CUST-E,VEND-07,2025-05-23,Closed,ITM-0310,1,4.78,4.78
PO-102061,CUST-A,VEND-04,2026-06-07,Open,ITM-1003,3,1.09,3.27
PO-102062,CUST-A,VEND-12,2025-03-15,Closed,ITM-0618,5,3.95,19.75
PO-102062,CUST-A,VEND-12,2025-03-15,Closed,ITM-0618,5,3.95,19.75
PO-102063,CUST-B,VEND-11,2024-12-08,Closed,ITM-0443,2,4.73,9.46
PO-102064,CUST-B,VEND-08,2026-03-24,Closed,ITM-0632,24,4.02,96.48
PO-102065,CUST-A,VEND-02,2024-03-18,Received,ITM-0237,2,3.29,6.58
PO-102065,CUST-A,VEND-02,2024-03-18,Received,ITM-0311,10,6.32,63.20
PO-102065,CUST-A,VEND-02,2024-03-18,Received,ITM-0327,1,2.23,2.23
PO-102065,CUST-A,VEND-02,2024-03-18,Received,ITM-0909,2,0.89,1.78
PO-102066,CUST-C,VEND-08,2025-01-21,Received,ITM-0306,1,0.91,0.91
PO-102066,CUST-C,VEND-08,2025-01-21,Received,ITM-0611,2,3.30,6.60
PO-102066,CUST-C,VEND-08,2025-01-21,Received,ITM-0614,6,5.72,34.32
PO-102066,CUST-C,VEND-08,2025-01-21,Received,ITM-0929,6,1.23,7.38
PO-102067,CUST-H,VEND-09,2025-01-28,Received,ITM-0243,10,0.75,7.50
PO-102068,CUST-A,VEND-12,2025-02-28,Received,ITM-0229,2,1.50,3.00
PO-102068,CUST-A,VEND-12,2025-02-28,Received,ITM-0612,10,3.91,39.10
PO-102068,CUST-A,VEND-12,2025-02-28,Received,ITM-0623,2,2.27,4.54
PO-102068,CUST-A,VEND-12,2025-02-28,Received,ITM-1003,24,1.11,26.64
PO-102069,CUST-A,VEND-06,2024-03-31,Received,ITM-0604,2,11.73,23.46
PO-102069,CUST-A,VEND-06,2024-03-31,Received,ITM-0610,4,2.17,8.68
PO-102070,CUST-H,VEND-11,2025-10-17,Received,ITM-0737,2,80.75,161.50
PO-102070,CUST-H,VEND-11,2025-10-17,Received,ITM-1015,6,4.68,28.08
PO-102071,CUST-E,VEND-01,2025-03-27,Received,ITM-0414,4,1.93,7.72
PO-102071,CUST-E,VEND-01,2025-03-27,Received,ITM-0426,2,24.43,48.86
PO-102071,CUST-E,VEND-01,2025-03-27,Received,ITM-0433,1,1.33,1.33
PO-102072,CUST-B,VEND-06,2025-01-07,Closed,ITM-0224,50,1.39,69.50
PO-102072,CUST-B,VEND-06,2025-01-07,Closed,ITM-0311,4,6.70,26.80
PO-102072,CUST-B,VEND-06,2025-01-07,Closed,ITM-0604,2,13.46,26.92
PO-102072,CUST-B,VEND-06,2025-01-07,Closed,ITM-0629,2,3.15,6.30
PO-102073,CUST-B,VEND-11,2025-08-06,Received,ITM-0737,1,78.62,78.62
PO-102073,CUST-B,VEND-11,2025-08-06,Received,ITM-0808,5,1.81,9.05
PO-102073,CUST-B,VEND-11,2025-08-06,Received,ITM-0902,1,4.32,4.32
PO-102075,CUST-A,VEND-02,2024-10-08,Received,ITM-0201,2,3.89,7.78
PO-102075,CUST-A,VEND-02,2024-10-08,Received,ITM-0225,2,2.26,4.52
PO-102075,CUST-A,VEND-02,2024-10-08,Received,ITM-0237,4,3.06,12.24
PO-102075,CUST-A,VEND-02,2024-10-08,Received,ITM-0815,10,7.75,77.50
PO-102077,CUST-D,VEND-07,2025-07-10,Received,ITM-0517,6,41.04,246.24
PO-102078,CUST-H,VEND-06,2026-06-10,Closed,ITM-0224,10,1.61,16.10
PO-102078,CUST-H,VEND-06,2026-06-10,Closed,ITM-0254,4,1.90,7.60
PO-102078,CUST-H,VEND-06,2026-06-10,Closed,ITM-0311,10,7.74,77.40
PO-102078,CUST-H,VEND-06,2026-06-10,Closed,ITM-0604,1,12.47,12.47
PO-102079,CUST-B,VEND-06,2024-10-12,Received,ITM-0629,6,3.17,19.02
PO-102079,CUST-B,VEND-06,2024-10-12,Received,ITM-1014,12,2.56,30.72
PO-102080,CUST-D,VEND-04,2026-05-11,Closed,ITM-0605,6,16.35,98.10
PO-102080,CUST-D,VEND-04,2026-05-11,Closed,ITM-0611,12,3.42,41.04
PO-102080,CUST-D,VEND-04,2026-05-11,Closed,ITM-0620,6,3.12,18.72
PO-102080,CUST-D,VEND-04,2026-05-11,Closed,ITM-0939,4,16.74,66.96
PO-102082,CUST-E,VEND-08,2024-09-29,Received,ITM-0201,12,4.33,51.96
PO-102082,CUST-E,VEND-08,2024-09-29,Received,ITM-0517,12,40.58,486.96
PO-102083,CUST-C,VEND-04,2025-05-26,Received,ITM-0605,2,16.85,33.70
PO-102085,CUST-C,VEND-06,2025-06-29,Closed,ITM-0614,10,6.03,60.30
PO-102085,CUST-C,VEND-06,2025-06-29,Closed,ITM-0629,50,3.11,155.50
PO-102085,CUST-C,VEND-06,2025-06-29,Closed,ITM-0917,10,3.53,35.30
PO-102085,CUST-C,VEND-06,2025-06-29,Closed,ITM-1006,1,1.31,1.31
PO-102085,CUST-C,VEND-06,2025-06-29,Closed,ITM-1015,4,4.41,17.64
PO-102086,CUST-B,VEND-07,2025-08-19,Received,ITM-0220,20,2.87,57.40
PO-102086,CUST-B,VEND-07,2025-08-19,Received,ITM-0612,2,4.40,8.80
PO-102087,CUST-D,VEND-06,2024-04-02,Received,ITM-0446,2,21.56,43.12
PO-102087,CUST-D,VEND-06,2024-04-02,Received,ITM-0629,6,3.18,19.08
PO-102088,CUST-D,VEND-12,2025-05-05,Received,ITM-0220,10,2.77,27.70
PO-102089,CUST-F,VEND-05,2024-12-19,Received,ITM-0328,24,3.02,72.48
PO-102090,CUST-A,VEND-03,2025-03-16,Received,ITM-0621,24,4.08,97.92
PO-102091,CUST-B,VEND-10,2026-02-12,Closed,ITM-0721,6,35.71,214.26
PO-102092,CUST-D,VEND-04,2026-01-29,Cancelled,ITM-0237,2,3.28,6.56
PO-102092,CUST-D,VEND-04,2026-01-29,Cancelled,ITM-0611,4,3.60,14.40
PO-102092,CUST-D,VEND-04,2026-01-29,Cancelled,ITM-1015,20,4.70,94.00
PO-102093,CUST-A,VEND-03,2026-05-02,Received,ITM-1001,4,1.04,4.16
PO-102094,CUST-A,VEND-12,2025-05-12,Closed,ITM-0612,1,3.97,3.97
PO-102095,CUST-D,VEND-06,2024-06-20,Received,ITM-0922,2,5.48,10.96
PO-102096,CUST-D,VEND-10,2025-04-10,Received,ITM-0431,24,0.73,17.52
PO-102096,CUST-D,VEND-10,2025-04-10,Received,ITM-0517,6,41.38,248.28
PO-102096,CUST-D,VEND-10,2025-04-10,Received,ITM-0922,10,5.96,59.60
PO-102097,CUST-A,VEND-04,2024-12-30,Closed,ITM-0237,6,2.92,17.52
PO-102097,CUST-A,VEND-04,2024-12-30,Closed,ITM-1015,6,4.14,24.84
PO-102098,CUST-B,VEND-02,2026-08-15,Received,ITM-0220,10,2.87,28.70
PO-102099,CUST-D,VEND-09,2024-03-07,Received,ITM-0421,10,17.64,176.40
PO-102100,CUST-F,VEND-12,2025-01-19,Cancelled,ITM-0229,20,1.52,30.40
PO-102100,CUST-F,VEND-12,2025-01-19,Cancelled,ITM-0254,4,1.76,7.04
PO-102100,CUST-F,VEND-12,2025-01-19,Cancelled,ITM-0426,20,25.35,507.00
PO-102100,CUST-F,VEND-12,2025-01-19,Cancelled,ITM-0623,10,2.46,24.60
PO-102100,CUST-F,VEND-12,2025-01-19,Cancelled,ITM-1015,12,4.33,51.96
PO-102101,CUST-D,VEND-12,2025-07-25,Received,ITM-0426,1,24.68,24.68
PO-102101,CUST-D,VEND-12,2025-07-25,Received,ITM-0612,1,4.26,4.26
PO-102101,CUST-D,VEND-12,2025-07-25,Received,ITM-1015,1,4.33,4.33
PO-102102,CUST-G,VEND-12,2024-11-09,Received,ITM-0230,4,3.10,12.40
PO-102102,CUST-G,VEND-12,2024-11-09,Received,ITM-0426,6,25.13,150.78
PO-102102,CUST-G,VEND-12,2024-11-09,Received,ITM-0609,1,1.55,1.55
PO-102102,CUST-G,VEND-12,2024-11-09,Received,ITM-1011,2,3.79,7.58
PO-102103,CUST-C,VEND-02,2026-06-01,Closed,ITM-0201,2,4.44,8.88
PO-102103,CUST-C,VEND-02,2026-06-01,Closed,ITM-0220,10,2.77,27.70
PO-102103,CUST-C,VEND-02,2026-06-01,Closed,ITM-0404,4,3.46,13.84
PO-102103,CUST-C,VEND-02,2026-06-01,Closed,ITM-0629,10,3.48,34.80
PO-102103,CUST-C,VEND-02,2026-06-01,Closed,ITM-0903,1,0.24,0.24
PO-102104,CUST-A,VEND-05,2026-02-17,Received,ITM-0433,2,1.09,2.18
PO-102105,CUST-D,VEND-01,2025-02-14,Received,ITM-0228,10,4.36,43.60
PO-102105,CUST-D,VEND-01,2025-02-14,Received,ITM-0412,50,0.98,49.00
PO-102105,CUST-D,VEND-01,2025-02-14,Received,ITM-0414,4,1.88,7.52
PO-102105,CUST-D,VEND-01,2025-02-14,Received,ITM-0627,1,7.18,7.18
PO-102105,CUST-D,VEND-01,2025-02-14,Received,ITM-0939,3,14.97,44.91
PO-102106,CUST-B,VEND-01,2026-05-14,Received,ITM-0922,50,5.83,291.50
PO-102107,CUST-E,VEND-09,2024-02-19,Cancelled,ITM-0228,4,4.35,17.40
PO-102107,CUST-E,VEND-09,2024-02-19,Cancelled,ITM-0433,6,1.28,7.68
PO-102107,CUST-E,VEND-09,2024-02-19,Cancelled,ITM-0440,1,24.87,24.87
PO-102107,CUST-E,VEND-09,2024-02-19,Cancelled,ITM-0527,2,9.29,18.58
PO-102108,CUST-H,VEND-05,2024-11-10,Received,ITM-0426,2,24.89,49.78
PO-102108,CUST-H,VEND-05,2024-11-10,Received,ITM-0433,2,1.09,2.18
PO-102108,CUST-H,VEND-05,2024-11-10,Received,ITM-0815,10,8.44,84.40
PO-102108,CUST-H,VEND-05,2024-11-10,Received,ITM-0911,3,1.26,3.78
PO-102109,CUST-H,VEND-01,2026-05-11,Received,ITM-0611,12,3.46,41.52
PO-102109,CUST-H,VEND-01,2026-05-11,Received,ITM-1006,4,1.41,5.64
PO-102110,CUST-B,VEND-01,2025-03-19,Received,ITM-0228,24,4.22,101.28
PO-102110,CUST-B,VEND-01,2025-03-19,Received,ITM-0228,24,4.22,101.28
PO-102110,CUST-B,VEND-01,2025-03-19,Received,ITM-0623,3,2.56,7.68
PO-102110,CUST-B,VEND-01,2025-03-19,Received,ITM-1010,10,9.73,97.30
PO-102111,CUST-A,VEND-09,2026-01-15,Received,ITM-0309,12,2.10,25.20
PO-102111,CUST-A,VEND-09,2026-01-15,Received,ITM-0416,6,2.74,16.44
PO-102111,CUST-A,VEND-09,2026-01-15,Received,ITM-0433,1,1.25,1.25
PO-102111,CUST-A,VEND-09,2026-01-15,Received,ITM-0929,50,1.08,54.00
PO-102112,CUST-A,VEND-09,2024-11-12,Received,ITM-0201,10,4.33,43.30
PO-102112,CUST-A,VEND-09,2024-11-12,Received,ITM-0433,20,1.21,24.20
PO-102112,CUST-A,VEND-09,2024-11-12,Received,ITM-0442,4,20.61,82.44
PO-102112,CUST-A,VEND-09,2024-11-12,Received,ITM-0614,2,5.91,11.82
PO-102113,CUST-B,VEND-08,2024-03-03,Cancelled,ITM-0201,2,4.20,8.40
PO-102113,CUST-B,VEND-08,2024-03-03,Cancelled,ITM-0309,10,1.86,18.60
PO-102113,CUST-B,VEND-08,2024-03-03,Cancelled,ITM-0611,1,3.10,3.10
PO-102113,CUST-B,VEND-08,2024-03-03,Cancelled,ITM-0627,4,7.23,28.92
PO-102113,CUST-B,VEND-08,2024-03-03,Cancelled,ITM-0632,4,4.13,16.52
PO-102113,CUST-B,VEND-08,2024-03-03,Cancelled,ITM-0902,5,39.90,199.50
PO-102114,CUST-C,VEND-12,2024-06-15,Closed,ITM-0257,10,0.73,7.30
PO-102114,CUST-C,VEND-12,2024-06-15,Closed,ITM-1015,4,4.23,16.92
PO-102115,CUST-F,VEND-11,2024-04-12,Received,ITM-0434,10,1.50,15.00
PO-102115,CUST-F,VEND-11,2024-04-12,Received,ITM-1015,50,4.11,205.50
PO-102116,CUST-D,VEND-02,2025-03-16,Received,ITM-0246,4,2.10,8.40
PO-102116,CUST-D,VEND-02,2025-03-16,Received,ITM-0621,10,4.19,41.90
PO-102116,CUST-D,VEND-02,2025-03-16,Received,ITM-0904,10,0.35,3.50
PO-102116,CUST-D,VEND-02,2025-03-16,Received,ITM-1018,6,4.97,29.82
PO-102117,CUST-B,VEND-06,2024-02-20,Received,ITM-0201,2,4.10,8.20
PO-102117,CUST-B,VEND-06,2024-02-20,Received,ITM-0430,3,0.49,1.47
PO-102118,CUST-F,VEND-11,2024-08-26,Cancelled,ITM-0250,4,60.34,241.36
PO-102118,CUST-F,VEND-11,2024-08-26,Cancelled,ITM-0437,5,2.04,10.20
PO-102119,CUST-G,VEND-09,2026-01-21,Closed,ITM-0228,10,4.79,47.90
PO-102119,CUST-G,VEND-09,2026-01-21,Closed,ITM-0433,10,1.33,13.30
PO-102119,CUST-G,VEND-09,2026-01-21,Closed,ITM-0434,2,1.72,3.44
PO-102119,CUST-G,VEND-09,2026-01-21,Closed,ITM-1011,1,4.28,4.28
PO-102120,CUST-A,VEND-11,2025-09-24,Closed,ITM-0250,6,56.05,336.30
PO-102121,CUST-A,VEND-02,2024-04-11,Received,ITM-0220,4,2.50,10.00
PO-102121,CUST-A,VEND-02,2024-04-11,Received,ITM-0237,4,3.41,13.64
PO-102122,CUST-D,VEND-11,2025-05-12,Closed,ITM-0433,4,1.13,4.52
PO-102122,CUST-D,VEND-11,2025-05-12,Closed,ITM-0605,3,16.76,50.28
PO-102122,CUST-D,VEND-11,2025-05-12,Closed,ITM-0627,6,7.95,47.70
PO-102122,CUST-D,VEND-11,2025-05-12,Closed,ITM-0911,4,1.24,4.96
PO-102122,CUST-D,VEND-11,2025-05-12,Closed,ITM-1015,24,4.21,101.04
PO-102123,CUST-B,VEND-07,2024-07-28,Received,ITM-0220,10,2.53,25.30
PO-102123,CUST-B,VEND-07,2024-07-28,Received,ITM-0220,10,2.53,25.30
PO-102123,CUST-B,VEND-07,2024-07-28,Received,ITM-0408,1,4.83,4.83
PO-102123,CUST-B,VEND-07,2024-07-28,Received,ITM-0612,2,4.19,8.38
PO-102123,CUST-B,VEND-07,2024-07-28,Received,ITM-0943,1,24.21,24.21
PO-102124,CUST-B,VEND-10,2026-07-29,Open,ITM-0434,12,1.75,21.00
PO-102124,CUST-B,VEND-10,2026-07-29,Open,ITM-0517,1,41.21,41.21
PO-102124,CUST-B,VEND-10,2026-07-29,Open,ITM-0808,10,1.88,18.80
PO-102124,CUST-B,VEND-10,2026-07-29,Open,ITM-0902,12,4.91,58.92
PO-102124,CUST-B,VEND-10,2026-07-29,Open,ITM-0929,4,1.29,5.16
PO-102125,CUST-A,VEND-01,2024-01-12,Received,ITM-0426,4,23.95,95.80
PO-102125,CUST-A,VEND-01,2024-01-12,Received,ITM-0433,2,1.11,2.22
PO-102125,CUST-A,VEND-01,2024-01-12,Received,ITM-0433,2,1.11,2.22
PO-102125,CUST-A,VEND-01,2024-01-12,Received,ITM-0434,2,1.37,2.74
PO-102125,CUST-A,VEND-01,2024-01-12,Received,ITM-0434,2,1.37,2.74
PO-102125,CUST-A,VEND-01,2024-01-12,Received,ITM-0943,2,22.03,44.06
PO-102126,CUST-A,VEND-01,2025-09-17,Received,ITM-0228,2,4.60,9.20
PO-102126,CUST-A,VEND-01,2025-09-17,Received,ITM-0426,1,24.86,24.86
PO-102126,CUST-A,VEND-01,2025-09-17,Received,ITM-0433,2,1.15,2.30
PO-102126,CUST-A,VEND-01,2025-09-17,Received,ITM-0604,12,11.88,142.56
PO-102127,CUST-F,VEND-09,2025-09-18,Cancelled,ITM-0228,2,4.43,8.86
PO-102127,CUST-F,VEND-09,2025-09-18,Cancelled,ITM-0250,50,59.76,2988.00
PO-102127,CUST-F,VEND-09,2025-09-18,Cancelled,ITM-0433,6,1.33,7.98
PO-102129,CUST-F,VEND-03,2025-05-29,Cancelled,ITM-0306,6,0.98,5.88
PO-102129,CUST-F,VEND-03,2025-05-29,Cancelled,ITM-0621,6,4.15,24.90
PO-102129,CUST-F,VEND-03,2025-05-29,Cancelled,ITM-0808,2,1.92,3.84
PO-102130,CUST-B,VEND-07,2024-12-09,Received,ITM-0909,2,0.89,1.78
PO-102131,CUST-B,VEND-02,2026-04-27,Received,ITM-0201,2,4.64,9.28
PO-102131,CUST-B,VEND-02,2026-04-27,Received,ITM-0220,1,2.85,2.85
PO-102131,CUST-B,VEND-02,2026-04-27,Received,ITM-0235,1,1.75,1.75
PO-102131,CUST-B,VEND-02,2026-04-27,Received,ITM-0237,12,3.39,40.68
PO-102131,CUST-B,VEND-02,2026-04-27,Received,ITM-0311,2,7.89,15.78
PO-102131,CUST-B,VEND-02,2026-04-27,Received,ITM-0621,6,4.48,26.88
PO-102132,CUST-D,VEND-12,2026-03-26,Received,ITM-0612,10,4.28,42.80
PO-102132,CUST-D,VEND-12,2026-03-26,Received,ITM-1015,6,4.84,29.04
PO-102133,CUST-A,VEND-09,2026-08-01,Received,ITM-0243,4,0.70,2.80
PO-102133,CUST-A,VEND-09,2026-08-01,Received,ITM-0250,10,65.69,656.90
PO-102133,CUST-A,VEND-09,2026-08-01,Received,ITM-0433,24,1.17,28.08
PO-102133,CUST-A,VEND-09,2026-08-01,Received,ITM-0434,6,1.56,9.36
PO-102133,CUST-A,VEND-09,2026-08-01,Received,ITM-0527,24,9.52,228.48
PO-102133,CUST-A,VEND-09,2026-08-01,Received,ITM-0929,2,1.19,2.38
PO-102134,CUST-C,VEND-10,2025-12-31,Closed,ITM-0508,4,18.41,73.64
PO-102135,CUST-F,VEND-01,2025-10-09,Received,ITM-0433,6,1.27,7.62
PO-102135,CUST-F,VEND-01,2025-10-09,Received,ITM-0434,1,1.47,1.47
PO-102135,CUST-F,VEND-01,2025-10-09,Received,ITM-0611,2,3.56,7.12
PO-102136,CUST-G,VEND-11,2025-02-20,Closed,ITM-0251,4,2.47,9.88
PO-102136,CUST-G,VEND-11,2025-02-20,Closed,ITM-0433,4,1.18,4.72
PO-102136,CUST-G,VEND-11,2025-02-20,Closed,ITM-0437,5,2.02,10.10
PO-102136,CUST-G,VEND-11,2025-02-20,Closed,ITM-0809,4,2.46,9.84
PO-102136,CUST-G,VEND-11,2025-02-20,Closed,ITM-0943,1,25.22,25.22
PO-102136,CUST-G,VEND-11,2025-02-20,Closed,ITM-1015,6,4.49,26.94
PO-102137,CUST-A,VEND-01,2025-10-23,Received,ITM-0604,2,12.07,24.14
PO-102137,CUST-A,VEND-01,2025-10-23,Received,ITM-0623,2,2.51,5.02
PO-102137,CUST-A,VEND-01,2025-10-23,Received,ITM-1001,6,1.00,6.00
PO-102138,CUST-D,VEND-01,2026-07-20,Open,ITM-0611,2,3.48,6.96
PO-102138,CUST-D,VEND-01,2026-07-20,Open,ITM-0627,1,7.94,7.94
PO-102139,CUST-E,VEND-07,2025-04-17,Received,ITM-0255,24,1.57,37.68
PO-102140,CUST-B,VEND-09,2024-01-02,Received,ITM-0228,6,4.21,25.26
PO-102140,CUST-B,VEND-09,2024-01-02,Received,ITM-0434,10,1.62,16.20
PO-102140,CUST-B,VEND-09,2024-01-02,Received,ITM-0929,5,1.18,5.90
PO-102141,CUST-A,VEND-01,2024-12-31,Received,ITM-0309,12,1.99,23.88
PO-102141,CUST-A,VEND-01,2024-12-31,Received,ITM-0310,6,4.19,25.14
PO-102141,CUST-A,VEND-01,2024-12-31,Received,ITM-0939,24,13.94,334.56
PO-102142,CUST-A,VEND-08,2025-12-26,Closed,ITM-0201,24,4.06,97.44
PO-102142,CUST-A,VEND-08,2025-12-26,Closed,ITM-0621,4,4.01,16.04
PO-102142,CUST-A,VEND-08,2025-12-26,Closed,ITM-0627,4,7.29,29.16
PO-102142,CUST-A,VEND-08,2025-12-26,Closed,ITM-0627,4,7.29,29.16
PO-102142,CUST-A,VEND-08,2025-12-26,Closed,ITM-0632,6,4.09,24.54
PO-102142,CUST-A,VEND-08,2025-12-26,Closed,ITM-0929,4,1.16,4.64
PO-102143,CUST-B,VEND-04,2026-05-24,Closed,ITM-0306,1,1.09,1.09
PO-102143,CUST-B,VEND-04,2026-05-24,Closed,ITM-0446,2,21.82,43.64
PO-102144,CUST-D,VEND-03,2025-08-06,Closed,ITM-0224,10,1.53,15.30
PO-102144,CUST-D,VEND-03,2025-08-06,Closed,ITM-0430,2,0.47,0.94
PO-102144,CUST-D,VEND-03,2025-08-06,Closed,ITM-0621,12,4.27,51.24
PO-102144,CUST-D,VEND-03,2025-08-06,Closed,ITM-0733,2,23.02,46.04
PO-102145,CUST-D,VEND-01,2026-01-08,Received,ITM-0228,6,4.47,26.82
PO-102145,CUST-D,VEND-01,2026-01-08,Received,ITM-0426,10,26.89,268.90
PO-102145,CUST-D,VEND-01,2026-01-08,Received,ITM-0611,20,3.41,68.20
PO-102145,CUST-D,VEND-01,2026-01-08,Received,ITM-0939,10,16.04,160.40
PO-102146,CUST-F,VEND-04,2025-09-19,Received,ITM-0237,1,3.13,3.13
PO-102146,CUST-F,VEND-04,2025-09-19,Received,ITM-0446,1,21.71,21.71
PO-102147,CUST-F,VEND-08,2024-01-25,Closed,ITM-0306,1,,
PO-102147,CUST-F,VEND-08,2024-01-25,Closed,ITM-0611,6,3.21,19.26
PO-102147,CUST-F,VEND-08,2024-01-25,Closed,ITM-0721,6,31.80,190.80
PO-102147,CUST-F,VEND-08,2024-01-25,Closed,ITM-0902,1,4.32,4.32
PO-102147,CUST-F,VEND-08,2024-01-25,Closed,ITM-0929,6,1.10,6.60
PO-102149,CUST-B,VEND-04,2024-09-14,Received,ITM-0237,12,3.13,37.56
PO-102149,CUST-B,VEND-04,2024-09-14,Received,ITM-1022,4,5.29,21.16
PO-102150,CUST-B,VEND-11,2026-01-21,Received,ITM-0620,24,3.16,75.84
PO-102151,CUST-B,VEND-06,2024-12-18,Closed,ITM-0604,10,13.26,132.60
PO-102152,CUST-F,VEND-02,2025-08-02,Received,ITM-0201,10,4.11,41.10
PO-102152,CUST-F,VEND-02,2025-08-02,Received,ITM-0220,4,2.89,11.56
PO-102152,CUST-F,VEND-02,2025-08-02,Received,ITM-0629,4,3.35,13.40
PO-102152,CUST-F,VEND-02,2025-08-02,Received,ITM-0632,2,4.57,9.14
PO-102152,CUST-F,VEND-02,2025-08-02,Received,ITM-0903,1,0.22,0.22
PO-102152,CUST-F,VEND-02,2025-08-02,Received,ITM-0947,10,0.46,4.60
PO-102153,CUST-A,VEND-10,2024-10-06,Received,ITM-0412,6,1.01,6.06
PO-102153,CUST-A,VEND-10,2024-10-06,Received,ITM-0535,4,8.15,32.60
PO-102153,CUST-A,VEND-10,2024-10-06,Received,ITM-0610,6,2.18,13.08
PO-102154,CUST-A,VEND-05,2026-05-28,Received,ITM-0612,12,3.95,47.40
PO-102155,CUST-A,VEND-11,2024-10-10,Closed,ITM-0627,1,7.41,7.41
PO-102156,CUST-E,VEND-01,2025-07-19,Cancelled,ITM-0303,4,2.66,10.64
PO-102156,CUST-E,VEND-01,2025-07-19,Cancelled,ITM-0943,4,23.33,93.32
PO-102157,CUST-A,VEND-02,2025-08-18,Closed,ITM-0237,2,3.07,6.14
PO-102157,CUST-A,VEND-02,2025-08-18,Closed,ITM-0815,1,7.89,7.89
PO-102158,CUST-H,VEND-11,2024-06-23,Received,ITM-0911,2,1.30,2.60
PO-102158,CUST-H,VEND-11,2024-06-23,Received,ITM-0921,10,3.98,39.80
PO-102159,CUST-D,VEND-12,2026-08-11,Cancelled,ITM-0612,6,4.50,27.00
PO-102160,CUST-B,VEND-12,2025-11-12,Closed,ITM-0220,12,2.60,31.20
PO-102160,CUST-B,VEND-12,2025-11-12,Closed,ITM-0403,1,2.56,2.56
PO-102161,CUST-A,VEND-09,2026-06-22,Open,ITM-0201,10,4.13,41.30
PO-102161,CUST-A,VEND-09,2026-06-22,Open,ITM-0326,4,2.69,10.76
PO-102161,CUST-A,VEND-09,2026-06-22,Open,ITM-0928,2,0.79,1.58
PO-102161,CUST-A,VEND-09,2026-06-22,Open,ITM-1011,4,4.04,16.16
PO-102162,CUST-G,VEND-02,2025-03-04,Closed,ITM-0237,10,3.20,32.00
PO-102163,CUST-E,VEND-06,2026-03-07,Closed,ITM-0604,4,13.38,53.52
PO-102163,CUST-E,VEND-06,2026-03-07,Closed,ITM-1014,1,2.52,2.52
PO-102164,CUST-D,VEND-01,2026-07-17,Open,ITM-0611,4,3.69,14.76
PO-102164,CUST-D,VEND-01,2026-07-17,Open,ITM-0922,4,6.08,24.32
PO-102165,CUST-B,VEND-06,2024-08-27,Received,ITM-0235,6,1.65,9.90
PO-102165,CUST-B,VEND-06,2024-08-27,Received,ITM-0243,4,0.73,2.92
PO-102166,CUST-H,VEND-04,2025-04-12,Received,ITM-0237,12,3.29,39.48
PO-102166,CUST-H,VEND-04,2025-04-12,Received,ITM-0306,4,1.00,4.00
PO-102166,CUST-H,VEND-04,2025-04-12,Received,ITM-0908,2,0.90,1.80
PO-102167,CUST-B,VEND-11,2026-08-24,Received,ITM-0808,2,2.10,4.20
PO-102167,CUST-B,VEND-11,2026-08-24,Received,ITM-1022,12,5.56,66.72
PO-102168,CUST-A,VEND-04,2024-09-01,Received,ITM-0605,2,15.33,30.66
PO-102168,CUST-A,VEND-04,2024-09-01,Received,ITM-0611,1,3.31,3.31
PO-102168,CUST-A,VEND-04,2024-09-01,Received,ITM-1015,1,4.09,4.09
PO-102169,CUST-A,VEND-01,2024-05-02,Received,ITM-0414,1,1.69,1.69
PO-102169,CUST-A,VEND-01,2024-05-02,Received,ITM-0426,12,24.25,291.00
PO-102169,CUST-A,VEND-01,2024-05-02,Received,ITM-0433,2,1.08,2.16
PO-102169,CUST-A,VEND-01,2024-05-02,Received,ITM-0434,2,1.38,2.76
PO-102170,CUST-B,VEND-04,2024-02-25,Received,ITM-0228,20,4.59,91.80
PO-102170,CUST-B,VEND-04,2024-02-25,Received,ITM-0737,6,76.59,459.54
PO-102171,CUST-A,VEND-03,2024-10-17,Cancelled,ITM-0224,6,1.42,8.52
PO-102172,CUST-H,VEND-04,2025-04-19,Received,ITM-0237,1,3.09,3.09
PO-102172,CUST-H,VEND-04,2025-04-19,Received,ITM-0306,10,1.00,10.00
PO-102172,CUST-H,VEND-04,2025-04-19,Received,ITM-0508,1,17.87,17.87
PO-102173,CUST-D,VEND-10,2024-09-24,Received,ITM-0808,6,1.66,9.96
PO-102173,CUST-D,VEND-10,2024-09-24,Received,ITM-0922,3,5.78,17.34
PO-102174,CUST-B,VEND-06,2025-04-22,Closed,ITM-0942,2,0.32,0.64
PO-102175,CUST-A,VEND-05,2024-07-07,Closed,ITM-0433,50,0.98,49.00
PO-102176,CUST-E,VEND-09,2025-01-01,Closed,ITM-0201,6,4.42,26.52
PO-102177,CUST-A,VEND-09,2024-09-25,Received,ITM-0201,50,3.73,186.50
PO-102177,CUST-A,VEND-09,2024-09-25,Received,ITM-0326,4,2.55,10.20
PO-102177,CUST-A,VEND-09,2024-09-25,Received,ITM-0927,4,0.54,2.16
PO-102177,CUST-A,VEND-09,2024-09-25,Received,ITM-0928,1,0.77,0.77
PO-102178,CUST-A,VEND-11,2025-02-24,Received,ITM-0432,1,0.96,0.96
PO-102178,CUST-A,VEND-11,2025-02-24,Received,ITM-0433,3,1.10,3.30
PO-102178,CUST-A,VEND-11,2025-02-24,Received,ITM-1015,6,4.16,24.96
PO-102179,CUST-A,VEND-01,2025-08-11,Received,ITM-0433,3,1.18,3.54
PO-102180,CUST-C,VEND-02,2026-04-29,Closed,ITM-0629,4,3.40,13.60
PO-102180,CUST-C,VEND-02,2026-04-29,Closed,ITM-0909,12,0.98,11.76
PO-102182,CUST-C,VEND-01,2024-05-10,Closed,ITM-0623,6,2.61,15.66
PO-102183,CUST-A,VEND-12,2025-04-09,Received,ITM-0612,6,3.90,23.40
PO-102183,CUST-A,VEND-12,2025-04-09,Received,ITM-0618,4,4.03,16.12
PO-102183,CUST-A,VEND-12,2025-04-09,Received,ITM-0623,20,2.51,50.20
PO-102183,CUST-A,VEND-12,2025-04-09,Received,ITM-1015,10,4.38,43.80
PO-102184,CUST-A,VEND-11,2024-11-05,Received,ITM-0432,1,0.90,0.90
PO-102184,CUST-A,VEND-11,2024-11-05,Received,ITM-0627,5,6.99,34.95
PO-102185,CUST-D,VEND-07,2025-12-17,Closed,ITM-0219,12,1.99,23.88
PO-102185,CUST-D,VEND-07,2025-12-17,Closed,ITM-0220,1,2.82,2.82
PO-102185,CUST-D,VEND-07,2025-12-17,Closed,ITM-0605,4,15.81,63.24
PO-102186,CUST-A,VEND-04,2026-01-03,Received,ITM-0313,2,4.34,8.68
PO-102186,CUST-A,VEND-04,2026-01-03,Received,ITM-0942,10,0.33,3.30
PO-102187,CUST-G,VEND-03,2024-04-16,Received,ITM-0224,4,1.47,5.88
PO-102187,CUST-G,VEND-03,2024-04-16,Received,ITM-0306,4,0.99,3.96
PO-102187,CUST-G,VEND-03,2024-04-16,Received,ITM-0621,1,4.04,4.04
PO-102188,CUST-B,VEND-05,2024-10-13,Closed,ITM-0627,2,7.58,15.16
PO-102188,CUST-B,VEND-05,2024-10-13,Closed,ITM-1010,6,9.59,57.54
PO-102189,CUST-A,VEND-07,2024-02-28,Received,ITM-0250,10,57.84,578.40
PO-102189,CUST-A,VEND-07,2024-02-28,Received,ITM-0310,3,4.39,13.17
PO-102189,CUST-A,VEND-07,2024-02-28,Received,ITM-0527,12,8.16,97.92
PO-102189,CUST-A,VEND-07,2024-02-28,Received,ITM-0942,10,0.29,2.90
PO-102190,CUST-F,VEND-01,2024-05-15,Received,ITM-0303,10,2.60,26.00
PO-102190,CUST-F,VEND-01,2024-05-15,Received,ITM-0414,4,1.97,7.88
PO-102190,CUST-F,VEND-01,2024-05-15,Received,ITM-0434,4,1.43,5.72
PO-102190,CUST-F,VEND-01,2024-05-15,Received,ITM-0939,4,14.70,58.80
PO-102190,CUST-F,VEND-01,2024-05-15,Received,ITM-1006,12,1.25,15.00
PO-102190,CUST-F,VEND-01,2024-05-15,Received,ITM-1010,4,9.36,37.44
PO-102191,CUST-A,VEND-01,2024-03-26,Received,ITM-0228,2,4.30,8.60
PO-102191,CUST-A,VEND-01,2024-03-26,Received,ITM-0426,2,23.58,47.16
PO-102192,CUST-E,VEND-06,2024-05-19,Received,ITM-0431,1,0.73,0.73
PO-102193,CUST-B,VEND-11,2026-02-09,Received,ITM-0416,10,3.09,30.90
PO-102193,CUST-B,VEND-11,2026-02-09,Received,ITM-0605,3,18.09,54.27
PO-102193,CUST-B,VEND-11,2026-02-09,Received,ITM-0737,6,80.00,480.00
PO-102194,CUST-H,VEND-05,2024-03-08,Received,ITM-0414,2,1.76,3.52
PO-102194,CUST-H,VEND-05,2024-03-08,Received,ITM-0612,24,3.73,89.52
PO-102194,CUST-H,VEND-05,2024-03-08,Received,ITM-0629,10,3.06,30.60
PO-102194,CUST-H,VEND-05,2024-03-08,Received,ITM-0808,10,1.84,18.40
PO-102194,CUST-H,VEND-05,2024-03-08,Received,ITM-0911,4,1.22,4.88
PO-102195,CUST-B,VEND-01,2026-05-03,Cancelled,ITM-0412,24,1.12,26.88
PO-102195,CUST-B,VEND-01,2026-05-03,Cancelled,ITM-0611,4,3.41,13.64
PO-102196,CUST-A,VEND-06,2024-08-03,Received,ITM-1014,1,2.50,2.50
PO-102197,CUST-A,VEND-06,2025-10-09,Cancelled,ITM-0255,6,1.44,8.64
PO-102197,CUST-A,VEND-06,2025-10-09,Cancelled,ITM-1015,1,4.26,4.26
PO-102198,CUST-C,VEND-12,2024-04-08,Received,ITM-0220,4,2.70,10.80
PO-102198,CUST-C,VEND-12,2024-04-08,Received,ITM-0254,4,1.69,6.76
PO-102198,CUST-C,VEND-12,2024-04-08,Received,ITM-0612,2,4.18,8.36
PO-102199,CUST-H,VEND-07,2026-03-28,Received,ITM-0306,10,1.04,10.40
PO-102199,CUST-H,VEND-07,2026-03-28,Received,ITM-0604,10,13.05,130.50
PO-102199,CUST-H,VEND-07,2026-03-28,Received,ITM-0623,3,2.54,7.62
PO-102199,CUST-H,VEND-07,2026-03-28,Received,ITM-1001,4,1.12,4.48
PO-102200,CUST-F,VEND-11,2025-09-22,Closed,ITM-0808,24,1.86,44.64
PO-102200,CUST-F,VEND-11,2025-09-22,Closed,ITM-1001,1,1.09,1.09
PO-102200,CUST-F,VEND-11,2025-09-22,Closed,ITM-1010,12,9.91,118.92
PO-102201,CUST-A,VEND-02,2024-07-22,Closed,ITM-0237,6,3.02,18.12
PO-102201,CUST-A,VEND-02,2024-07-22,Closed,ITM-0621,1,3.78,3.78
PO-102202,CUST-B,VEND-09,2024-08-17,Received,ITM-0250,50,58.01,2900.50
PO-102202,CUST-B,VEND-09,2024-08-17,Received,ITM-0309,4,2.05,8.20
PO-102202,CUST-B,VEND-09,2024-08-17,Received,ITM-0628,24,0.15,3.60
PO-102202,CUST-B,VEND-09,2024-08-17,Received,ITM-0902,4,4.24,16.96
PO-102202,CUST-B,VEND-09,2024-08-17,Received,ITM-0914,10,1.60,16.00
PO-102203,CUST-E,VEND-03,2024-07-16,Received,ITM-0618,6,4.15,24.90
PO-102203,CUST-E,VEND-03,2024-07-16,Received,ITM-1014,4,2.66,10.64
PO-102204,CUST-A,VEND-12,2024-03-05,Received,ITM-0426,4,24.08,96.32
PO-102205,CUST-A,VEND-08,2024-12-02,Received,ITM-0201,24,4.08,97.92
PO-102205,CUST-A,VEND-08,2024-12-02,Received,ITM-0306,24,0.85,20.40
PO-102206,CUST-H,VEND-01,2025-01-15,Closed,ITM-0434,1,1.46,1.46
PO-102206,CUST-H,VEND-01,2025-01-15,Closed,ITM-0604,4,13.06,52.24
PO-102207,CUST-H,VEND-11,2025-01-02,Closed,ITM-0808,4,1.82,7.28
PO-102207,CUST-H,VEND-11,2025-01-02,Closed,ITM-0902,6,4.20,25.20
PO-102208,CUST-B,VEND-02,2024-10-13,Closed,ITM-0903,1,0.20,0.20
PO-102209,CUST-A,VEND-09,2024-10-31,Closed,ITM-0433,4,1.26,5.04
PO-102209,CUST-A,VEND-09,2024-10-31,Closed,ITM-0442,12,19.73,236.76
PO-102210,CUST-G,VEND-05,2024-06-17,Received,ITM-0328,24,3.20,76.80
PO-102210,CUST-G,VEND-05,2024-06-17,Received,ITM-0433,1,1.07,1.07
PO-102210,CUST-G,VEND-05,2024-06-17,Received,ITM-1006,6,1.24,7.44
PO-102211,CUST-A,VEND-02,2025-10-10,Received,ITM-0237,12,3.39,40.68
PO-102211,CUST-A,VEND-02,2025-10-10,Received,ITM-0311,4,7.00,28.00
PO-102211,CUST-A,VEND-02,2025-10-10,Received,ITM-0416,12,2.70,32.40
PO-102211,CUST-A,VEND-02,2025-10-10,Received,ITM-0815,4,7.95,31.80
PO-102211,CUST-A,VEND-02,2025-10-10,Received,ITM-1021,20,4.31,86.20
PO-102212,CUST-D,VEND-09,2025-08-04,Received,ITM-0228,6,4.97,29.82
PO-102212,CUST-D,VEND-09,2025-08-04,Received,ITM-0614,20,6.24,124.80
PO-102212,CUST-D,VEND-09,2025-08-04,Received,ITM-1021,2,4.58,9.16
PO-102213,CUST-D,VEND-08,2024-07-29,Received,ITM-0230,12,3.01,36.12
PO-102213,CUST-D,VEND-08,2024-07-29,Received,ITM-0243,4,0.68,2.72
PO-102213,CUST-D,VEND-08,2024-07-29,Received,ITM-0517,20,40.44,808.80
PO-102214,CUST-F,VEND-07,2026-06-12,Received,ITM-1001,4,1.07,4.28
PO-102214,CUST-F,VEND-07,2026-06-12,Received,ITM-1020,4,9.39,37.56
PO-102215,CUST-A,VEND-10,2024-09-18,Received,ITM-0328,2,3.19,6.38
PO-102215,CUST-A,VEND-10,2024-09-18,Received,ITM-1014,2,2.62,5.24
PO-102216,CUST-C,VEND-01,2024-09-18,Closed,ITM-0434,1,1.45,1.45
PO-102217,CUST-B,VEND-10,2026-03-24,Cancelled,ITM-0412,4,1.14,4.56
PO-102217,CUST-B,VEND-10,2026-03-24,Cancelled,ITM-0902,1,43.00,43.00
PO-102218,CUST-E,VEND-02,2025-07-28,Received,ITM-0201,1,4.58,4.58
PO-102218,CUST-E,VEND-02,2025-07-28,Received,ITM-0237,4,3.36,13.44
PO-102218,CUST-E,VEND-02,2025-07-28,Received,ITM-0404,6,3.38,20.28
PO-102219,CUST-B,VEND-08,2025-10-28,Closed,ITM-0306,6,1.01,6.06
PO-102220,CUST-F,VEND-09,2025-04-13,Closed,ITM-0243,4,0.76,3.04
PO-102220,CUST-F,VEND-09,2025-04-13,Closed,ITM-0243,4,0.76,3.04
PO-102220,CUST-F,VEND-09,2025-04-13,Closed,ITM-0927,1,0.59,0.59
PO-102221,CUST-D,VEND-05,2025-11-02,Received,ITM-0426,5,25.34,126.70
PO-102221,CUST-D,VEND-05,2025-11-02,Received,ITM-0433,4,1.14,4.56
PO-102221,CUST-D,VEND-05,2025-11-02,Received,ITM-0612,2,3.99,7.98
PO-102221,CUST-D,VEND-05,2025-11-02,Received,ITM-0808,5,1.86,9.30
PO-102222,CUST-A,VEND-04,2025-10-23,Received,ITM-0237,12,3.33,39.96
PO-102222,CUST-A,VEND-04,2025-10-23,Received,ITM-0326,20,2.39,47.80
PO-102222,CUST-A,VEND-04,2025-10-23,Received,ITM-0907,12,0.74,8.88
PO-102223,CUST-D,VEND-07,2026-08-28,Open,ITM-0517,4,43.44,173.76
PO-102223,CUST-D,VEND-07,2026-08-28,Open,ITM-0628,2,0.15,0.30
PO-102224,CUST-B,VEND-04,2026-04-17,Closed,ITM-0228,2,4.98,9.96
PO-102224,CUST-B,VEND-04,2026-04-17,Closed,ITM-0442,4,22.82,91.28
PO-102224,CUST-B,VEND-04,2026-04-17,Closed,ITM-0611,6,3.51,21.06
PO-102224,CUST-B,VEND-04,2026-04-17,Closed,ITM-0632,2,4.57,9.14
PO-102224,CUST-B,VEND-04,2026-04-17,Closed,ITM-1008,4,1.46,5.84
PO-102225,CUST-F,VEND-07,2024-06-11,Received,ITM-0220,6,2.69,16.14
PO-102225,CUST-F,VEND-07,2024-06-11,Received,ITM-0943,4,23.75,95.00
PO-102225,CUST-F,VEND-07,2024-06-11,Received,ITM-1008,12,1.35,16.20
PO-102226,CUST-C,VEND-10,2025-01-30,Closed,ITM-0434,12,1.52,18.24
PO-102226,CUST-C,VEND-10,2025-01-30,Closed,ITM-0908,4,0.93,3.72
PO-102226,CUST-C,VEND-10,2025-01-30,Closed,ITM-0922,6,5.97,35.82
PO-102227,CUST-D,VEND-06,2024-02-13,Received,ITM-0224,4,1.41,5.64
PO-102227,CUST-D,VEND-06,2024-02-13,Received,ITM-0231,10,4.45,44.50
PO-102227,CUST-D,VEND-06,2024-02-13,Received,ITM-0446,3,20.33,60.99
PO-102228,CUST-F,VEND-04,2025-04-11,Received,ITM-0211,6,11.65,69.90
PO-102228,CUST-F,VEND-04,2025-04-11,Received,ITM-0609,24,1.48,35.52
PO-102229,CUST-D,VEND-05,2025-08-04,Received,ITM-0433,10,1.14,11.40
PO-102229,CUST-D,VEND-05,2025-08-04,Received,ITM-0612,2,4.03,8.06
PO-102230,CUST-D,VEND-01,2024-03-17,Cancelled,ITM-0426,1,24.24,24.24
PO-102230,CUST-D,VEND-01,2024-03-17,Cancelled,ITM-0939,12,14.68,176.16
PO-102230,CUST-D,VEND-01,2024-03-17,Cancelled,ITM-1003,2,1.01,2.02
PO-102231,CUST-C,VEND-11,2024-12-14,Closed,ITM-0326,2,2.81,5.62
PO-102231,CUST-C,VEND-11,2024-12-14,Closed,ITM-0416,1,2.87,2.87
PO-102231,CUST-C,VEND-11,2024-12-14,Closed,ITM-0433,24,1.06,25.44
PO-102231,CUST-C,VEND-11,2024-12-14,Closed,ITM-0629,10,3.03,30.30
PO-102231,CUST-C,VEND-11,2024-12-14,Closed,ITM-0913,50,1.41,70.50
PO-102232,CUST-A,VEND-03,2026-08-02,Open,ITM-1010,12,9.16,109.92
PO-102232,CUST-A,VEND-03,2026-08-02,Open,ITM-1020,50,8.07,403.50
PO-102233,CUST-A,VEND-11,2024-04-19,Closed,ITM-0326,12,2.55,30.60
PO-102234,CUST-C,VEND-12,2024-01-27,Closed,ITM-0403,4,2.38,9.52
PO-102235,CUST-A,VEND-12,2025-11-30,Received,ITM-1015,1,4.52,4.52
PO-102236,CUST-E,VEND-06,2024-03-24,Closed,ITM-1015,1,4.10,4.10
PO-102237,CUST-C,VEND-11,2025-11-29,Received,ITM-0433,2,1.21,2.42
PO-102238,CUST-A,VEND-08,2024-11-20,Received,ITM-0201,4,4.24,16.96
PO-102238,CUST-A,VEND-08,2024-11-20,Received,ITM-0903,4,0.20,0.80
PO-102239,CUST-B,VEND-07,2025-09-22,Received,ITM-0251,1,2.67,2.67
PO-102239,CUST-B,VEND-07,2025-09-22,Received,ITM-0306,6,0.98,5.88
PO-102239,CUST-B,VEND-07,2025-09-22,Received,ITM-0612,4,4.35,17.40
PO-102239,CUST-B,VEND-07,2025-09-22,Received,ITM-0612,4,4.35,17.40
PO-102240,CUST-F,VEND-06,2025-08-24,Closed,ITM-0431,3,0.80,2.40
PO-102240,CUST-F,VEND-06,2025-08-24,Closed,ITM-0629,3,3.17,9.51
PO-102240,CUST-F,VEND-06,2025-08-24,Closed,ITM-0632,10,4.19,41.90
PO-102240,CUST-F,VEND-06,2025-08-24,Closed,ITM-0805,3,34.88,104.64
PO-102242,CUST-A,VEND-03,2025-11-13,Closed,ITM-0224,5,1.52,7.60
PO-102242,CUST-A,VEND-03,2025-11-13,Closed,ITM-0224,5,1.52,7.60
PO-102243,CUST-A,VEND-09,2024-05-25,Received,ITM-0201,2,3.89,7.78
PO-102243,CUST-A,VEND-09,2024-05-25,Received,ITM-0326,6,2.64,15.84
PO-102243,CUST-A,VEND-09,2024-05-25,Received,ITM-0628,1,0.14,0.14
PO-102243,CUST-A,VEND-09,2024-05-25,Received,ITM-1011,4,3.72,14.88
PO-102244,CUST-A,VEND-12,2026-08-18,Open,ITM-0220,1,2.80,2.80
PO-102244,CUST-A,VEND-12,2026-08-18,Open,ITM-0403,50,2.24,112.00
PO-102244,CUST-A,VEND-12,2026-08-18,Open,ITM-0426,10,24.29,242.90
PO-102244,CUST-A,VEND-12,2026-08-18,Open,ITM-0612,6,4.44,26.64
PO-102245,CUST-A,VEND-07,2024-11-06,Closed,ITM-0229,1,1.49,1.49
PO-102245,CUST-A,VEND-07,2024-11-06,Closed,ITM-0612,1,3.93,3.93
PO-102246,CUST-A,VEND-01,2024-05-10,Received,ITM-0309,10,1.86,18.60
PO-102246,CUST-A,VEND-01,2024-05-10,Received,ITM-0433,1,1.15,1.15
PO-102246,CUST-A,VEND-01,2024-05-10,Received,ITM-0611,12,3.14,37.68
PO-102246,CUST-A,VEND-01,2024-05-10,Received,ITM-0623,10,2.42,24.20
PO-102246,CUST-A,VEND-01,2024-05-10,Received,ITM-1001,4,0.94,3.76
PO-102246,CUST-A,VEND-01,2024-05-10,Received,ITM-1003,4,1.04,4.16
PO-102248,CUST-B,VEND-10,2025-02-08,Received,ITM-0902,1,46.40,46.40
PO-102248,CUST-B,VEND-10,2025-02-08,Received,ITM-0929,12,1.14,13.68
PO-102249,CUST-A,VEND-08,2024-10-11,Received,ITM-0310,2,4.08,8.16
PO-102249,CUST-A,VEND-08,2024-10-11,Received,ITM-0511,6,24.95,149.70
PO-102250,CUST-D,VEND-12,2025-08-04,Received,ITM-0426,1,24.64,24.64
PO-102250,CUST-D,VEND-12,2025-08-04,Received,ITM-0609,1,1.48,1.48
PO-102250,CUST-D,VEND-12,2025-08-04,Received,ITM-1015,24,4.31,103.44
PO-102251,CUST-C,VEND-06,2024-11-08,Received,ITM-0408,10,5.16,51.60
PO-102251,CUST-C,VEND-06,2024-11-08,Received,ITM-0629,1,3.22,3.22
PO-102252,CUST-B,VEND-09,2024-08-26,Received,ITM-0433,6,1.24,7.44
PO-102253,CUST-C,VEND-04,2025-05-07,Received,ITM-0225,3,2.42,7.26
PO-102254,CUST-H,VEND-09,2024-08-03,Received,ITM-0309,24,1.97,47.28
PO-102254,CUST-H,VEND-09,2024-08-03,Received,ITM-0902,1,4.45,4.45
PO-102255,CUST-B,VEND-02,2024-09-28,Closed,ITM-0228,2,4.72,9.44
PO-102258,CUST-D,VEND-02,2026-07-15,Open,ITM-0201,1,4.33,4.33
PO-102258,CUST-D,VEND-02,2026-07-15,Open,ITM-0228,10,4.50,45.00
PO-102258,CUST-D,VEND-02,2026-07-15,Open,ITM-0229,6,1.53,9.18
PO-102258,CUST-D,VEND-02,2026-07-15,Open,ITM-0408,2,5.45,10.90
PO-102260,CUST-B,VEND-10,2025-03-08,Closed,ITM-0412,4,1.09,4.36
PO-102260,CUST-B,VEND-10,2025-03-08,Closed,ITM-0605,10,16.03,160.30
PO-102260,CUST-B,VEND-10,2025-03-08,Closed,ITM-0610,4,2.36,9.44
PO-102260,CUST-B,VEND-10,2025-03-08,Closed,ITM-0808,6,1.88,11.28
PO-102260,CUST-B,VEND-10,2025-03-08,Closed,ITM-0929,4,1.19,4.76
PO-102261,CUST-G,VEND-10,2026-02-04,Received,ITM-0235,4,1.77,7.08
PO-102261,CUST-G,VEND-10,2026-02-04,Received,ITM-0412,4,1.08,4.32
PO-102261,CUST-G,VEND-10,2026-02-04,Received,ITM-0508,5,18.63,93.15
PO-102261,CUST-G,VEND-10,2026-02-04,Received,ITM-0517,2,43.55,87.10
PO-102261,CUST-G,VEND-10,2026-02-04,Received,ITM-1014,4,2.66,10.64
PO-102262,CUST-A,VEND-04,2026-08-25,Received,ITM-0237,6,3.20,19.20
PO-102263,CUST-C,VEND-01,2024-09-16,Received,ITM-0414,2,1.87,3.74
PO-102264,CUST-E,VEND-12,2025-05-16,Closed,ITM-0257,20,0.71,14.20
PO-102264,CUST-E,VEND-12,2025-05-16,Closed,ITM-0328,6,3.35,20.10
PO-102264,CUST-E,VEND-12,2025-05-16,Closed,ITM-0403,2,2.61,5.22
PO-102265,CUST-A,VEND-09,2026-01-28,Received,ITM-0201,12,4.32,51.84
PO-102265,CUST-A,VEND-09,2026-01-28,Received,ITM-0250,2,61.53,123.06
PO-102265,CUST-A,VEND-09,2026-01-28,Received,ITM-0416,2,2.95,5.90
PO-102265,CUST-A,VEND-09,2026-01-28,Received,ITM-0433,2,1.28,2.56
PO-102265,CUST-A,VEND-09,2026-01-28,Received,ITM-0929,4,1.21,4.84
PO-102266,CUST-D,VEND-02,2025-08-28,Received,ITM-0228,6,5.01,30.06
PO-102266,CUST-D,VEND-02,2025-08-28,Received,ITM-0416,6,3.00,18.00
PO-102267,CUST-B,VEND-08,2025-04-27,Closed,ITM-0201,2,4.34,8.68
PO-102267,CUST-B,VEND-08,2025-04-27,Closed,ITM-0902,1,4.51,4.51
PO-102268,CUST-A,VEND-04,2025-10-15,Closed,ITM-0237,2,3.25,6.50
PO-102269,CUST-E,VEND-01,2025-03-24,Received,ITM-0927,6,0.55,3.30
PO-102270,CUST-H,VEND-02,2024-08-20,Closed,ITM-0629,12,3.12,37.44
PO-102270,CUST-H,VEND-02,2024-08-20,Closed,ITM-0947,4,0.45,1.80
PO-102271,CUST-H,VEND-08,2025-11-24,Closed,ITM-0243,6,0.74,4.44
PO-102271,CUST-H,VEND-08,2025-11-24,Closed,ITM-0611,6,3.42,20.52
PO-102272,CUST-H,VEND-03,2025-01-10,Closed,ITM-0306,4,0.98,3.92
PO-102272,CUST-H,VEND-03,2025-01-10,Closed,ITM-0808,1,1.86,1.86
PO-102273,CUST-D,VEND-01,2025-07-12,Received,ITM-0426,2,26.32,52.64
PO-102273,CUST-D,VEND-01,2025-07-12,Received,ITM-0939,1,15.36,15.36
PO-102273,CUST-D,VEND-01,2025-07-12,Received,ITM-1003,6,1.09,6.54
PO-102274,CUST-F,VEND-12,2024-11-23,Received,ITM-0220,1,2.82,2.82
PO-102274,CUST-F,VEND-12,2024-11-23,Received,ITM-0426,24,25.16,603.84
PO-102274,CUST-F,VEND-12,2024-11-23,Received,ITM-0609,6,1.49,8.94
PO-102274,CUST-F,VEND-12,2024-11-23,Received,ITM-1011,12,4.02,48.24
PO-102274,CUST-F,VEND-12,2024-11-23,Received,ITM-1015,3,4.30,12.90
PO-102275,CUST-H,VEND-09,2024-10-21,Closed,ITM-0326,20,2.75,55.00
PO-102275,CUST-H,VEND-09,2024-10-21,Closed,ITM-0433,6,1.30,7.80
PO-102275,CUST-H,VEND-09,2024-10-21,Closed,ITM-0527,2,9.46,18.92
PO-102276,CUST-D,VEND-03,2025-10-03,Received,ITM-0224,4,1.54,6.16
PO-102276,CUST-D,VEND-03,2025-10-03,Received,ITM-0621,6,4.34,26.04
PO-102276,CUST-D,VEND-03,2025-10-03,Received,ITM-0808,4,1.83,7.32
PO-102277,CUST-H,VEND-12,2025-06-30,Received,ITM-0254,2,,
PO-102277,CUST-H,VEND-12,2025-06-30,Received,ITM-0609,2,,
PO-102279,CUST-B,VEND-02,2024-05-28,Received,ITM-0220,1,2.68,2.68
PO-102280,CUST-A,VEND-05,2024-10-20,Received,ITM-0426,3,22.74,68.22
PO-102280,CUST-A,VEND-05,2024-10-20,Received,ITM-0612,2,3.93,7.86
PO-102280,CUST-A,VEND-05,2024-10-20,Received,ITM-0911,24,1.18,28.32
PO-102281,CUST-F,VEND-08,2024-02-12,Closed,ITM-0208,10,5.12,51.20
PO-102281,CUST-F,VEND-08,2024-02-12,Closed,ITM-0611,5,3.25,16.25
PO-102281,CUST-F,VEND-08,2024-02-12,Closed,ITM-0632,10,4.04,40.40
PO-102281,CUST-F,VEND-08,2024-02-12,Closed,ITM-0902,2,4.52,9.04
PO-102282,CUST-F,VEND-07,2025-03-29,Closed,ITM-0306,1,1.04,1.04
PO-102282,CUST-F,VEND-07,2025-03-29,Closed,ITM-0310,2,4.72,9.44
PO-102282,CUST-F,VEND-07,2025-03-29,Closed,ITM-0517,4,43.11,172.44
PO-102282,CUST-F,VEND-07,2025-03-29,Closed,ITM-0612,2,4.22,8.44
PO-102282,CUST-F,VEND-07,2025-03-29,Closed,ITM-0942,24,0.32,7.68
PO-102282,CUST-F,VEND-07,2025-03-29,Closed,ITM-1001,4,1.04,4.16
PO-102283,CUST-A,VEND-08,2025-05-19,Closed,ITM-0201,12,4.02,48.24
PO-102283,CUST-A,VEND-08,2025-05-19,Closed,ITM-0621,4,3.96,15.84
PO-102284,CUST-D,VEND-04,2024-11-13,Closed,ITM-0326,1,2.58,2.58
PO-102284,CUST-D,VEND-04,2024-11-13,Closed,ITM-0446,12,21.33,255.96
PO-102284,CUST-D,VEND-04,2024-11-13,Closed,ITM-0605,1,16.88,16.88
PO-102284,CUST-D,VEND-04,2024-11-13,Closed,ITM-0938,2,12.75,25.50
PO-102284,CUST-D,VEND-04,2024-11-13,Closed,ITM-1003,10,1.13,11.30
PO-102284,CUST-D,VEND-04,2024-11-13,Closed,ITM-1015,3,4.29,12.87
PO-102285,CUST-E,VEND-04,2024-07-29,Closed,ITM-0237,2,3.19,6.38
PO-102285,CUST-E,VEND-04,2024-07-29,Closed,ITM-0306,4,0.97,3.88
PO-102285,CUST-E,VEND-04,2024-07-29,Closed,ITM-0446,5,20.48,102.40
PO-102285,CUST-E,VEND-04,2024-07-29,Closed,ITM-1003,2,1.11,2.22
PO-102286,CUST-B,VEND-11,2025-05-15,Received,ITM-0250,50,56.73,2836.50
PO-102286,CUST-B,VEND-11,2025-05-15,Received,ITM-0715,6,70.77,424.62
PO-102286,CUST-B,VEND-11,2025-05-15,Received,ITM-0808,12,1.88,22.56
PO-102287,CUST-G,VEND-11,2024-10-11,Received,ITM-0326,2,2.83,5.66
PO-102287,CUST-G,VEND-11,2024-10-11,Received,ITM-0416,4,2.90,11.60
PO-102287,CUST-G,VEND-11,2024-10-11,Received,ITM-0943,12,24.58,294.96
PO-102287,CUST-G,VEND-11,2024-10-11,Received,ITM-1022,2,5.42,10.84
PO-102288,CUST-A,VEND-05,2025-11-18,Received,ITM-0403,10,2.33,23.30
PO-102288,CUST-A,VEND-05,2025-11-18,Received,ITM-0612,1,3.83,3.83
PO-102289,CUST-E,VEND-07,2026-06-09,Closed,ITM-0605,6,17.26,103.56
PO-102289,CUST-E,VEND-07,2026-06-09,Closed,ITM-0612,2,4.60,9.20
PO-102289,CUST-E,VEND-07,2026-06-09,Closed,ITM-0737,12,81.27,975.24
PO-102289,CUST-E,VEND-07,2026-06-09,Closed,ITM-0927,10,0.56,5.60
PO-102290,CUST-H,VEND-06,2026-04-13,Closed,ITM-0715,3,79.99,239.97
PO-102292,CUST-E,VEND-10,2024-10-30,Received,ITM-0328,24,3.08,73.92
PO-102292,CUST-E,VEND-10,2024-10-30,Received,ITM-0721,6,33.97,203.82
PO-102292,CUST-E,VEND-10,2024-10-30,Received,ITM-0922,4,6.04,24.16
PO-102293,CUST-G,VEND-01,2024-06-01,Received,ITM-0310,1,4.49,4.49
PO-102293,CUST-G,VEND-01,2024-06-01,Received,ITM-0433,6,1.26,7.56
PO-102294,CUST-B,VEND-10,2024-12-20,Closed,ITM-0412,24,1.14,27.36
PO-102294,CUST-B,VEND-10,2024-12-20,Closed,ITM-0605,4,15.88,63.52
PO-102294,CUST-B,VEND-10,2024-12-20,Closed,ITM-0737,2,77.14,154.28
PO-102294,CUST-B,VEND-10,2024-12-20,Closed,ITM-0808,24,1.67,40.08
PO-102294,CUST-B,VEND-10,2024-12-20,Closed,ITM-0902,1,4.60,4.60
PO-102294,CUST-B,VEND-10,2024-12-20,Closed,ITM-1014,4,2.56,10.24
PO-102295,CUST-B,VEND-10,2026-01-20,Received,ITM-0737,4,70.66,282.64
PO-102295,CUST-B,VEND-10,2026-01-20,Received,ITM-0808,12,1.74,20.88
PO-102295,CUST-B,VEND-10,2026-01-20,Received,ITM-0929,4,1.22,4.88
PO-102296,CUST-B,VEND-04,2024-11-26,Received,ITM-0228,2,4.79,9.58
PO-102296,CUST-B,VEND-04,2024-11-26,Received,ITM-0508,3,16.46,49.38
PO-102296,CUST-B,VEND-04,2024-11-26,Received,ITM-0611,4,3.45,13.80
PO-102296,CUST-B,VEND-04,2024-11-26,Received,ITM-0611,4,3.45,13.80
PO-102296,CUST-B,VEND-04,2024-11-26,Received,ITM-0715,1,73.71,73.71
PO-102296,CUST-B,VEND-04,2024-11-26,Received,ITM-0737,1,77.70,77.70
PO-102297,CUST-H,VEND-02,2024-04-22,Closed,ITM-0220,4,2.74,10.96
PO-102297,CUST-H,VEND-02,2024-04-22,Closed,ITM-0237,4,3.24,12.96
PO-102297,CUST-H,VEND-02,2024-04-22,Closed,ITM-0416,1,2.88,2.88
PO-102297,CUST-H,VEND-02,2024-04-22,Closed,ITM-0621,1,3.90,3.90
PO-102297,CUST-H,VEND-02,2024-04-22,Closed,ITM-1018,6,5.03,30.18
PO-102298,CUST-F,VEND-09,2024-04-15,Cancelled,ITM-0433,1,1.29,1.29
PO-102299,CUST-F,VEND-06,2025-10-08,Received,ITM-0437,6,2.02,12.12
PO-102299,CUST-F,VEND-06,2025-10-08,Received,ITM-0632,2,4.26,8.52
PO-102299,CUST-F,VEND-06,2025-10-08,Received,ITM-1015,1,4.56,4.56
PO-102300,CUST-H,VEND-02,2024-03-21,Received,ITM-0237,4,3.48,13.92
PO-102300,CUST-H,VEND-02,2024-03-21,Received,ITM-0311,10,7.09,70.90
PO-102301,CUST-A,VEND-07,2026-07-14,Received,ITM-0612,4,4.41,17.64
PO-102301,CUST-A,VEND-07,2026-07-14,Received,ITM-0623,4,2.47,9.88
PO-102301,CUST-A,VEND-07,2026-07-14,Received,ITM-0737,1,72.18,72.18
PO-102302,CUST-B,VEND-01,2024-10-06,Received,ITM-0309,6,2.00,12.00
PO-102303,CUST-A,VEND-04,2024-12-13,Closed,ITM-0237,10,3.05,30.50
PO-102303,CUST-A,VEND-04,2024-12-13,Closed,ITM-0306,1,0.89,0.89
PO-102303,CUST-A,VEND-04,2024-12-13,Closed,ITM-0326,10,2.49,24.90
PO-102303,CUST-A,VEND-04,2024-12-13,Closed,ITM-0442,10,19.42,194.20
PO-102303,CUST-A,VEND-04,2024-12-13,Closed,ITM-1003,6,1.14,6.84
PO-102303,CUST-A,VEND-04,2024-12-13,Closed,ITM-1015,6,4.14,24.84
PO-102304,CUST-B,VEND-03,2024-10-22,Received,ITM-0621,1,4.20,4.20
PO-102306,CUST-B,VEND-05,2025-04-09,Received,ITM-0808,24,1.81,43.44
PO-102307,CUST-A,VEND-03,2026-07-23,Open,ITM-0314,50,2.46,123.00
PO-102307,CUST-A,VEND-03,2026-07-23,Open,ITM-0314,50,2.46,123.00
PO-102307,CUST-A,VEND-03,2026-07-23,Open,ITM-0610,12,2.34,28.08
PO-102307,CUST-A,VEND-03,2026-07-23,Open,ITM-0618,2,3.82,7.64
PO-102307,CUST-A,VEND-03,2026-07-23,Open,ITM-0621,12,4.21,50.52
PO-102307,CUST-A,VEND-03,2026-07-23,Open,ITM-0920,6,2.98,17.88
PO-102307,CUST-A,VEND-03,2026-07-23,Open,ITM-1014,6,2.66,15.96
PO-102308,CUST-A,VEND-03,2025-08-04,Closed,ITM-0314,10,2.57,25.70
PO-102308,CUST-A,VEND-03,2025-08-04,Closed,ITM-0430,10,0.50,5.00
PO-102308,CUST-A,VEND-03,2025-08-04,Closed,ITM-0618,4,3.94,15.76
PO-102309,CUST-D,VEND-04,2025-03-06,Received,ITM-0306,1,0.99,0.99
PO-102309,CUST-D,VEND-04,2025-03-06,Received,ITM-0440,4,28.23,112.92
PO-102311,CUST-E,VEND-10,2026-01-01,Received,ITM-0610,10,2.46,24.60
PO-102311,CUST-E,VEND-10,2026-01-01,Received,ITM-0737,6,75.24,451.44
PO-102311,CUST-E,VEND-10,2026-01-01,Received,ITM-0808,10,1.93,19.30
PO-102312,CUST-C,VEND-08,2024-08-16,Received,ITM-0614,4,5.88,23.52
PO-102312,CUST-C,VEND-08,2024-08-16,Received,ITM-0632,6,4.34,26.04
PO-102312,CUST-C,VEND-08,2024-08-16,Received,ITM-0908,12,0.93,11.16
PO-102313,CUST-A,VEND-02,2024-02-13,Closed,ITM-0201,10,4.08,40.80
PO-102313,CUST-A,VEND-02,2024-02-13,Closed,ITM-0311,6,6.59,39.54
PO-102313,CUST-A,VEND-02,2024-02-13,Closed,ITM-0904,12,0.31,3.72
PO-102314,CUST-A,VEND-11,2026-08-20,Open,ITM-0253,2,1.31,2.62
PO-102314,CUST-A,VEND-11,2026-08-20,Open,ITM-0433,1,1.15,1.15
PO-102314,CUST-A,VEND-11,2026-08-20,Open,ITM-0902,2,4.26,8.52
PO-102314,CUST-A,VEND-11,2026-08-20,Open,ITM-1008,2,1.33,2.66
PO-102314,CUST-A,VEND-11,2026-08-20,Open,ITM-1010,6,9.34,56.04
PO-102314,CUST-A,VEND-11,2026-08-20,Open,ITM-1015,2,4.41,8.82
PO-102315,CUST-B,VEND-08,2024-05-26,Received,ITM-0306,2,0.88,1.76
PO-102315,CUST-B,VEND-08,2024-05-26,Received,ITM-0914,4,1.54,6.16
PO-102315,CUST-B,VEND-08,2024-05-26,Received,ITM-0914,4,1.54,6.16
PO-102316,CUST-G,VEND-02,2026-07-30,Closed,ITM-0228,20,4.70,94.00
PO-102316,CUST-G,VEND-02,2026-07-30,Closed,ITM-0237,6,3.62,21.72
PO-102316,CUST-G,VEND-02,2026-07-30,Closed,ITM-0251,4,2.55,10.20
PO-102317,CUST-H,VEND-10,2025-07-17,Received,ITM-0808,5,1.85,9.25
PO-102317,CUST-H,VEND-10,2025-07-17,Received,ITM-1014,2,2.77,5.54
PO-102320,CUST-A,VEND-10,2024-01-30,Received,ITM-0517,20,37.52,750.40
PO-102320,CUST-A,VEND-10,2024-01-30,Received,ITM-0535,4,8.41,33.64
PO-102320,CUST-A,VEND-10,2024-01-30,Received,ITM-0610,2,2.10,4.20
PO-102320,CUST-A,VEND-10,2024-01-30,Received,ITM-0808,2,1.63,3.26
PO-102320,CUST-A,VEND-10,2024-01-30,Received,ITM-0929,1,1.07,1.07
PO-102321,CUST-H,VEND-06,2025-02-01,Closed,ITM-0430,1,0.50,0.50
PO-102321,CUST-H,VEND-06,2025-02-01,Closed,ITM-1014,4,2.57,10.28
PO-102322,CUST-A,VEND-11,2025-02-15,Closed,ITM-0911,1,1.22,1.22
PO-102322,CUST-A,VEND-11,2025-02-15,Closed,ITM-1015,10,4.01,40.10
PO-102323,CUST-C,VEND-12,2025-05-09,Cancelled,ITM-0220,6,2.78,16.68
PO-102323,CUST-C,VEND-12,2025-05-09,Cancelled,ITM-0908,10,0.90,9.00
PO-102324,CUST-A,VEND-03,2025-06-13,Received,ITM-0618,3,3.95,11.85
PO-102325,CUST-B,VEND-11,2025-05-10,Received,ITM-0443,4,5.08,20.32
PO-102325,CUST-B,VEND-11,2025-05-10,Received,ITM-0715,2,77.32,154.64
PO-102325,CUST-B,VEND-11,2025-05-10,Received,ITM-0902,2,4.47,8.94
PO-102325,CUST-B,VEND-11,2025-05-10,Received,ITM-1015,6,4.33,25.98
PO-102325,CUST-B,VEND-11,2025-05-10,Received,ITM-1020,2,9.25,18.50
PO-102326,CUST-A,VEND-07,2024-03-04,Closed,ITM-0306,24,0.86,20.64
PO-102326,CUST-A,VEND-07,2024-03-04,Closed,ITM-0612,4,3.95,15.80
PO-102327,CUST-C,VEND-10,2025-08-05,Received,ITM-0808,6,1.83,10.98
PO-102328,CUST-E,VEND-12,2026-01-20,Received,ITM-0403,2,2.59,5.18
PO-102329,CUST-A,VEND-02,2025-10-12,Closed,ITM-0237,2,3.33,6.66
PO-102331,CUST-F,VEND-06,2025-02-18,Received,ITM-0604,6,12.53,75.18
PO-102331,CUST-F,VEND-06,2025-02-18,Received,ITM-0614,10,5.98,59.80
PO-102331,CUST-F,VEND-06,2025-02-18,Received,ITM-0632,12,4.32,51.84
PO-102331,CUST-F,VEND-06,2025-02-18,Received,ITM-1015,4,4.60,18.40
PO-102332,CUST-H,VEND-09,2024-07-23,Received,ITM-0228,12,4.61,55.32
PO-102333,CUST-G,VEND-08,2024-04-23,Received,ITM-0430,2,0.49,0.98
PO-102333,CUST-G,VEND-08,2024-04-23,Received,ITM-0511,12,25.78,309.36
PO-102333,CUST-G,VEND-08,2024-04-23,Received,ITM-0621,2,4.08,8.16
PO-102333,CUST-G,VEND-08,2024-04-23,Received,ITM-0929,5,1.10,5.50
PO-102334,CUST-A,VEND-08,2025-07-10,Received,ITM-0201,12,4.26,51.12
PO-102334,CUST-A,VEND-08,2025-07-10,Received,ITM-0250,1,61.40,61.40
PO-102334,CUST-A,VEND-08,2025-07-10,Received,ITM-0306,1,0.92,0.92
PO-102334,CUST-A,VEND-08,2025-07-10,Received,ITM-0621,10,3.90,39.00
PO-102334,CUST-A,VEND-08,2025-07-10,Received,ITM-1008,1,1.31,1.31
PO-102335,CUST-E,VEND-03,2025-01-02,Received,ITM-0809,4,2.52,10.08
PO-102335,CUST-E,VEND-03,2025-01-02,Received,ITM-0917,4,3.45,13.80
PO-102335,CUST-E,VEND-03,2025-01-02,Received,ITM-1014,1,2.76,2.76
PO-102336,CUST-A,VEND-02,2024-05-09,Received,ITM-0237,10,3.19,31.90
PO-102336,CUST-A,VEND-02,2024-05-09,Received,ITM-0431,5,0.77,3.85
PO-102337,CUST-D,VEND-06,2024-06-29,Received,ITM-0235,3,1.67,5.01
PO-102337,CUST-D,VEND-06,2024-06-29,Received,ITM-0243,10,0.75,7.50
PO-102337,CUST-D,VEND-06,2024-06-29,Received,ITM-0629,2,3.26,6.52
PO-102337,CUST-D,VEND-06,2024-06-29,Received,ITM-1014,12,2.47,29.64
PO-102337,CUST-D,VEND-06,2024-06-29,Received,ITM-1015,1,4.30,4.30
PO-102338,CUST-D,VEND-09,2026-05-17,Closed,ITM-0228,1,4.53,4.53
PO-102338,CUST-D,VEND-09,2026-05-17,Closed,ITM-0433,4,1.30,5.20
PO-102338,CUST-D,VEND-09,2026-05-17,Closed,ITM-0433,4,1.30,5.20
PO-102338,CUST-D,VEND-09,2026-05-17,Closed,ITM-0440,1,28.43,28.43
PO-102339,CUST-A,VEND-10,2026-03-19,Received,ITM-0808,1,1.92,1.92
PO-102339,CUST-G,VEND-10,2026-03-19,Received,ITM-1014,4,2.82,11.28
PO-102340,CUST-B,VEND-01,2024-09-06,Received,ITM-0228,4,4.38,17.52
PO-102340,CUST-B,VEND-01,2024-09-06,Received,ITM-0434,10,1.40,14.00
PO-102340,CUST-B,VEND-01,2024-09-06,Received,ITM-0611,4,3.39,13.56
PO-102341,CUST-H,VEND-04,2024-06-11,Received,ITM-0228,1,4.88,4.88
PO-102341,CUST-H,VEND-04,2024-06-11,Received,ITM-0237,5,3.27,16.35
PO-102341,CUST-H,VEND-04,2024-06-11,Received,ITM-0611,4,3.52,14.08
PO-102342,CUST-B,VEND-05,2026-04-01,Received,ITM-0426,12,26.32,315.84
PO-102342,CUST-B,VEND-05,2026-04-01,Received,ITM-0433,12,1.13,13.56
PO-102342,CUST-B,VEND-05,2026-04-01,Received,ITM-1011,6,4.03,24.18
PO-102343,CUST-D,VEND-01,2025-08-09,Received,ITM-0426,4,25.17,100.68
PO-102343,CUST-D,VEND-01,2025-08-09,Received,ITM-0433,1,1.24,1.24
PO-102343,CUST-D,VEND-01,2025-08-09,Received,ITM-0939,10,16.25,162.50
PO-102343,CUST-D,VEND-01,2025-08-09,Received,ITM-1003,6,1.11,6.66
PO-102344,CUST-C,VEND-09,2025-11-23,Closed,ITM-0201,2,4.39,8.78
PO-102344,CUST-C,VEND-09,2025-11-23,Closed,ITM-0416,12,3.02,36.24
PO-102344,CUST-C,VEND-09,2025-11-23,Closed,ITM-0805,5,34.01,170.05
PO-102345,CUST-H,VEND-11,2024-01-31,Cancelled,ITM-0434,5,1.53,7.65
PO-102346,CUST-B,VEND-04,2024-04-25,Received,ITM-0605,12,16.64,199.68
PO-102346,CUST-B,VEND-04,2024-04-25,Received,ITM-0908,50,0.77,38.50
PO-102347,CUST-F,VEND-12,2024-03-09,Closed,ITM-0612,4,4.16,16.64
PO-102347,CUST-F,VEND-12,2024-03-09,Closed,ITM-1015,2,4.36,8.72
PO-102348,CUST-A,VEND-05,2025-09-27,Closed,ITM-0403,1,2.41,2.41
PO-102349,CUST-B,VEND-02,2024-06-14,Received,ITM-0228,1,4.64,4.64
PO-102350,CUST-F,VEND-05,2026-07-15,Closed,ITM-0433,2,1.18,2.36
PO-102350,CUST-F,VEND-05,2026-07-15,Closed,ITM-0815,4,9.12,36.48
PO-102351,CUST-A,VEND-06,2024-12-17,Received,ITM-0231,2,4.77,9.54
PO-102351,CUST-A,VEND-06,2024-12-17,Received,ITM-0446,1,20.35,20.35
PO-102351,CUST-A,VEND-06,2024-12-17,Received,ITM-1015,1,4.22,4.22
PO-102352,CUST-C,VEND-11,2025-03-23,Received,ITM-0629,24,3.11,74.64
PO-102353,CUST-H,VEND-09,2024-11-26,Cancelled,ITM-0434,1,1.63,1.63
PO-102354,CUST-A,VEND-02,2026-04-27,Closed,ITM-0201,24,4.14,99.36
PO-102354,CUST-A,VEND-02,2026-04-27,Closed,ITM-0220,2,2.73,5.46
PO-102354,CUST-A,VEND-02,2026-04-27,Closed,ITM-0237,24,3.05,73.20
PO-102354,CUST-A,VEND-02,2026-04-27,Closed,ITM-0432,50,0.88,44.00
PO-102354,CUST-A,VEND-02,2026-04-27,Closed,ITM-0938,24,13.26,318.24
PO-102355,CUST-C,VEND-09,2026-05-25,Received,ITM-0201,4,4.37,17.48
PO-102355,CUST-C,VEND-09,2026-05-25,Received,ITM-0228,6,4.62,27.72
PO-102355,CUST-C,VEND-09,2026-05-25,Received,ITM-0326,2,2.89,5.78
PO-102355,CUST-C,VEND-09,2026-05-25,Received,ITM-0433,4,1.35,5.40
PO-102355,CUST-C,VEND-09,2026-05-25,Received,ITM-1011,2,4.09,8.18
PO-102356,CUST-H,VEND-09,2026-03-31,Closed,ITM-0917,24,3.87,92.88
PO-102358,CUST-A,VEND-09,2024-02-19,Received,ITM-0201,6,4.20,25.20
PO-102358,CUST-A,VEND-09,2024-02-19,Received,ITM-0433,4,1.22,4.88
PO-102358,CUST-A,VEND-09,2024-02-19,Received,ITM-0628,12,0.15,1.80
PO-102359,CUST-A,VEND-03,2024-05-09,Closed,ITM-0314,12,2.44,29.28
PO-102359,CUST-A,VEND-03,2024-05-09,Closed,ITM-0621,12,3.90,46.80
PO-102359,CUST-A,VEND-03,2024-05-09,Closed,ITM-0928,12,0.76,9.12
PO-102359,CUST-A,VEND-03,2024-05-09,Closed,ITM-1010,2,8.94,17.88
PO-102361,CUST-B,VEND-08,2025-01-30,Received,ITM-0902,2,42.40,84.80
PO-102361,CUST-B,VEND-08,2025-01-30,Received,ITM-0903,4,0.22,0.88
PO-102362,CUST-A,VEND-05,2026-01-11,Closed,ITM-0612,1,3.89,3.89
PO-102362,CUST-A,VEND-05,2026-01-11,Closed,ITM-1010,1,8.47,8.47
PO-102363,CUST-A,VEND-01,2026-06-01,Cancelled,ITM-0426,20,25.03,500.60
PO-102363,CUST-A,VEND-01,2026-06-01,Cancelled,ITM-0434,1,1.39,1.39
PO-102363,CUST-A,VEND-01,2026-06-01,Cancelled,ITM-0511,4,25.65,102.60
PO-102364,CUST-E,VEND-07,2025-02-06,Received,ITM-0927,6,0.52,3.12
PO-102364,CUST-E,VEND-07,2025-02-06,Received,ITM-0942,1,0.33,0.33
PO-102365,CUST-A,VEND-09,2025-10-08,Received,ITM-0228,1,4.37,4.37
PO-102366,CUST-G,VEND-11,2024-09-06,Received,ITM-0433,5,1.27,6.35
PO-102366,CUST-G,VEND-11,2024-09-06,Received,ITM-0737,50,68.97,3448.50
PO-102366,CUST-G,VEND-11,2024-09-06,Received,ITM-0902,4,4.27,17.08
PO-102367,CUST-A,VEND-07,2026-06-21,Closed,ITM-0220,2,2.72,5.44
PO-102367,CUST-A,VEND-07,2026-06-21,Closed,ITM-0306,4,0.95,3.80
PO-102367,CUST-A,VEND-07,2026-06-21,Closed,ITM-0612,1,4.44,4.44
PO-102368,CUST-B,VEND-05,2025-06-28,Received,ITM-0402,6,1.80,10.80
PO-102368,CUST-B,VEND-05,2025-06-28,Received,ITM-0403,2,2.40,4.80
PO-102368,CUST-B,VEND-05,2025-06-28,Received,ITM-0426,1,25.21,25.21
PO-102368,CUST-B,VEND-05,2025-06-28,Received,ITM-0808,24,1.88,45.12
PO-102370,CUST-F,VEND-11,2025-01-22,Received,ITM-0433,4,1.23,4.92
PO-102370,CUST-F,VEND-11,2025-01-22,Received,ITM-0715,6,73.23,439.38
PO-102371,CUST-B,VEND-06,2026-01-28,Received,ITM-0104,12,66.81,801.72
PO-102371,CUST-B,VEND-06,2026-01-28,Received,ITM-0629,1,3.20,3.20
PO-102371,CUST-B,VEND-06,2026-01-28,Received,ITM-0927,1,0.52,0.52
PO-102371,CUST-B,VEND-06,2026-01-28,Received,ITM-1015,6,4.51,27.06
PO-102372,CUST-F,VEND-01,2026-05-16,Cancelled,ITM-0413,2,1.64,3.28
PO-102372,CUST-F,VEND-01,2026-05-16,Cancelled,ITM-0414,50,1.76,88.00
PO-102372,CUST-F,VEND-01,2026-05-16,Cancelled,ITM-0426,2,27.97,55.94
PO-102372,CUST-F,VEND-01,2026-05-16,Cancelled,ITM-0434,10,1.53,15.30
PO-102372,CUST-F,VEND-01,2026-05-16,Cancelled,ITM-0604,4,13.32,53.28
PO-102372,CUST-F,VEND-01,2026-05-16,Cancelled,ITM-0939,4,15.97,63.88
PO-102373,CUST-B,VEND-01,2026-06-27,Open,ITM-0303,2,2.76,5.52
PO-102373,CUST-B,VEND-01,2026-06-27,Open,ITM-0414,2,2.00,4.00
PO-102373,CUST-B,VEND-01,2026-06-27,Open,ITM-0434,2,1.49,2.98
PO-102373,CUST-B,VEND-01,2026-06-27,Open,ITM-0511,12,27.53,330.36
PO-102374,CUST-A,VEND-06,2024-09-17,Closed,ITM-0311,4,6.65,26.60
PO-102374,CUST-A,VEND-06,2024-09-17,Closed,ITM-0431,6,0.74,4.44
PO-102374,CUST-A,VEND-06,2024-09-17,Closed,ITM-0629,2,2.98,5.96
PO-102374,CUST-A,VEND-06,2024-09-17,Closed,ITM-1015,50,3.69,184.50
PO-102375,CUST-H,VEND-04,2025-11-11,Received,ITM-0326,24,2.54,60.96
PO-102375,CUST-H,VEND-04,2025-11-11,Received,ITM-0632,6,4.54,27.24
PO-102376,CUST-C,VEND-08,2026-08-19,Received,ITM-0230,50,3.11,155.50
PO-102376,CUST-C,VEND-08,2026-08-19,Received,ITM-0611,1,3.41,3.41
PO-102376,CUST-C,VEND-08,2026-08-19,Received,ITM-0929,1,1.28,1.28
PO-102377,CUST-A,VEND-04,2026-04-10,Closed,ITM-0610,1,2.50,2.50
PO-102377,CUST-A,VEND-04,2026-04-10,Closed,ITM-0610,1,2.50,2.50
PO-102379,CUST-B,VEND-02,2025-12-16,Received,ITM-0402,6,2.02,12.12
PO-102380,CUST-B,VEND-06,2025-07-14,Received,ITM-0805,10,32.50,325.00
PO-102380,CUST-B,VEND-06,2025-07-14,Received,ITM-0915,4,2.79,11.16
PO-102381,CUST-H,VEND-12,2024-04-01,Closed,ITM-0403,4,2.71,10.84
PO-102381,CUST-H,VEND-12,2024-04-01,Closed,ITM-0612,4,4.24,16.96
PO-102381,CUST-H,VEND-12,2024-04-01,Closed,ITM-0623,10,2.41,24.10
PO-102381,CUST-H,VEND-12,2024-04-01,Closed,ITM-0809,2,2.46,4.92
PO-102381,CUST-H,VEND-12,2024-04-01,Closed,ITM-1003,24,1.07,25.68
PO-102381,CUST-H,VEND-12,2024-04-01,Closed,ITM-1015,4,4.40,17.60
PO-102382,CUST-A,VEND-04,2026-07-11,Open,ITM-0907,5,0.76,3.80
PO-102383,CUST-H,VEND-04,2025-12-18,Received,ITM-0715,2,76.87,153.74
PO-102384,CUST-A,VEND-07,2026-04-27,Closed,ITM-0527,6,8.55,51.30
PO-102384,CUST-A,VEND-07,2026-04-27,Closed,ITM-0612,6,4.35,26.10
PO-102384,CUST-A,VEND-07,2026-04-27,Closed,ITM-0623,6,2.30,13.80
PO-102385,CUST-B,VEND-02,2024-10-28,Received,ITM-0220,2,2.72,5.44
PO-102385,CUST-B,VEND-02,2024-10-28,Received,ITM-0237,10,3.21,32.10
PO-102385,CUST-B,VEND-02,2024-10-28,Received,ITM-0938,50,11.30,565.00
PO-102386,CUST-G,VEND-02,2025-04-13,Received,ITM-0228,10,4.95,49.50
PO-102386,CUST-G,VEND-02,2025-04-13,Received,ITM-0237,4,3.27,13.08
PO-102386,CUST-G,VEND-02,2025-04-13,Received,ITM-0251,3,2.47,7.41
PO-102386,CUST-G,VEND-02,2025-04-13,Received,ITM-0253,3,1.21,3.63
PO-102386,CUST-G,VEND-02,2025-04-13,Received,ITM-0904,4,0.34,1.36
PO-102387,CUST-A,VEND-04,2026-07-05,Received,ITM-0237,2,3.06,6.12
PO-102387,CUST-A,VEND-04,2026-07-05,Received,ITM-1003,4,1.14,4.56
PO-102387,CUST-A,VEND-04,2026-07-05,Received,ITM-1015,10,4.33,43.30
PO-102388,CUST-A,VEND-01,2024-06-26,Closed,ITM-0414,10,1.78,17.80
PO-102388,CUST-A,VEND-01,2024-06-26,Closed,ITM-0433,20,1.09,21.80
PO-102389,CUST-A,VEND-09,2024-09-25,Received,ITM-0250,2,57.84,115.68
PO-102389,CUST-A,VEND-09,2024-09-25,Received,ITM-0309,5,1.91,9.55
PO-102389,CUST-A,VEND-09,2024-09-25,Received,ITM-0433,2,1.18,2.36
PO-102389,CUST-A,VEND-09,2024-09-25,Received,ITM-0927,2,0.50,1.00
PO-102390,CUST-F,VEND-01,2025-10-26,Received,ITM-0426,4,25.46,101.84
PO-102390,CUST-F,VEND-01,2025-10-26,Received,ITM-0433,6,1.25,7.50
PO-102390,CUST-F,VEND-01,2025-10-26,Received,ITM-0939,4,15.94,63.76
PO-102390,CUST-F,VEND-01,2025-10-26,Received,ITM-0939,4,15.94,63.76
PO-102390,CUST-F,VEND-01,2025-10-26,Received,ITM-1010,6,10.47,62.82
PO-102391,CUST-B,VEND-06,2026-01-22,Received,ITM-0104,10,65.78,657.80
PO-102391,CUST-B,VEND-06,2026-01-22,Received,ITM-0201,50,4.00,200.00
PO-102391,CUST-B,VEND-06,2026-01-22,Received,ITM-0231,6,4.95,29.70
PO-102391,CUST-B,VEND-06,2026-01-22,Received,ITM-0629,24,3.24,77.76
PO-102392,CUST-D,VEND-09,2026-07-29,Received,ITM-0201,1,4.50,4.50
PO-102392,CUST-D,VEND-09,2026-07-29,Received,ITM-0243,5,0.77,3.85
PO-102392,CUST-D,VEND-09,2026-07-29,Received,ITM-0433,10,1.35,13.50
PO-102392,CUST-D,VEND-09,2026-07-29,Received,ITM-0527,10,10.53,105.30
PO-102392,CUST-D,VEND-09,2026-07-29,Received,ITM-0628,1,0.17,0.17
PO-102392,CUST-D,VEND-09,2026-07-29,Received,ITM-1011,2,4.17,8.34
PO-102393,CUST-C,VEND-06,2025-04-23,Received,ITM-0255,24,1.59,38.16
PO-102395,CUST-B,VEND-05,2026-04-06,Received,ITM-0426,2,25.97,51.94
PO-102396,CUST-B,VEND-04,2024-05-18,Received,ITM-0224,6,1.38,8.28
PO-102396,CUST-B,VEND-04,2024-05-18,Received,ITM-0313,2,4.33,8.66
PO-102397,CUST-C,VEND-10,2025-04-20,Closed,ITM-0434,10,1.47,14.70
PO-102397,CUST-C,VEND-10,2025-04-20,Closed,ITM-1014,4,2.84,11.36
PO-102398,CUST-C,VEND-08,2024-11-08,Received,ITM-0611,10,3.33,33.30
PO-102399,CUST-G,VEND-04,2026-06-21,Open,ITM-0605,50,16.00,800.00
PO-102399,CUST-G,VEND-04,2026-06-21,Open,ITM-0611,24,3.53,84.72
PO-102399,CUST-G,VEND-04,2026-06-21,Open,ITM-0939,2,18.27,36.54
PO-102399,CUST-G,VEND-04,2026-06-21,Open,ITM-1003,1,1.18,1.18
PO-102400,CUST-B,VEND-07,2026-06-18,Closed,ITM-0220,6,2.93,17.58
PO-102400,CUST-B,VEND-07,2026-06-18,Closed,ITM-0408,2,5.34,10.68
PO-102400,CUST-B,VEND-07,2026-06-18,Closed,ITM-0715,1,79.31,79.31
PO-102401,CUST-A,VEND-02,2026-03-10,Received,ITM-0237,2,3.18,6.36
PO-102401,CUST-A,VEND-02,2026-03-10,Received,ITM-0431,1,0.79,0.79
PO-102401,CUST-A,VEND-02,2026-03-10,Received,ITM-0621,2,4.13,8.26
PO-102402,CUST-A,VEND-10,2025-01-24,Received,ITM-0328,2,3.15,6.30
PO-102402,CUST-A,VEND-10,2025-01-24,Received,ITM-0913,6,1.28,7.68
PO-102403,CUST-B,VEND-03,2024-10-10,Received,ITM-0907,2,0.69,1.38
PO-102404,CUST-A,VEND-01,2024-02-11,Closed,ITM-0225,10,2.16,21.60
PO-102404,CUST-A,VEND-01,2024-02-11,Closed,ITM-0433,1,1.12,1.12
PO-102405,CUST-A,VEND-10,2026-04-01,Closed,ITM-0431,1,0.77,0.77
PO-102406,CUST-H,VEND-05,2025-04-08,Received,ITM-0414,24,1.69,40.56
PO-102406,CUST-H,VEND-05,2025-04-08,Received,ITM-0433,12,1.16,13.92
PO-102406,CUST-H,VEND-05,2025-04-08,Received,ITM-0911,2,1.34,2.68
PO-102407,CUST-G,VEND-07,2025-07-31,Closed,ITM-0943,1,24.93,24.93
PO-102407,CUST-G,VEND-07,2025-07-31,Closed,ITM-1008,6,1.34,8.04
PO-102408,CUST-E,VEND-02,2025-11-14,Closed,ITM-0201,12,4.37,52.44
PO-102408,CUST-E,VEND-02,2025-11-14,Closed,ITM-0629,1,3.11,3.11
PO-102408,CUST-E,VEND-02,2025-11-14,Closed,ITM-1011,4,3.98,15.92
PO-102409,CUST-B,VEND-05,2025-08-17,Received,ITM-0246,4,2.28,9.12
PO-102409,CUST-B,VEND-05,2025-08-17,Received,ITM-0402,6,1.88,11.28
PO-102410,CUST-F,VEND-06,2024-06-30,Closed,ITM-0446,24,20.72,497.28
PO-102410,CUST-F,VEND-06,2024-06-30,Closed,ITM-1015,12,4.24,50.88
PO-102411,CUST-C,VEND-07,2024-07-28,Received,ITM-0229,1,1.56,1.56
PO-102411,CUST-C,VEND-07,2024-07-28,Received,ITM-0251,6,2.51,15.06
PO-102411,CUST-C,VEND-07,2024-07-28,Received,ITM-0306,6,0.94,5.64
PO-102411,CUST-C,VEND-07,2024-07-28,Received,ITM-0612,1,4.15,4.15
PO-102412,CUST-C,VEND-08,2024-01-14,Closed,ITM-0201,1,4.11,4.11
PO-102412,CUST-C,VEND-08,2024-01-14,Closed,ITM-0219,3,1.81,5.43
PO-102412,CUST-C,VEND-08,2024-01-14,Closed,ITM-0230,6,2.90,17.40
PO-102412,CUST-C,VEND-08,2024-01-14,Closed,ITM-0903,12,0.21,2.52
PO-102413,CUST-H,VEND-09,2025-05-13,Received,ITM-0434,2,1.67,3.34
PO-102414,CUST-D,VEND-08,2025-08-14,Received,ITM-0309,4,1.91,7.64
PO-102414,CUST-D,VEND-08,2025-08-14,Received,ITM-0309,4,1.91,7.64
PO-102415,CUST-D,VEND-01,2024-09-09,Closed,ITM-0426,10,24.17,241.70
PO-102415,CUST-D,VEND-01,2024-09-09,Closed,ITM-0939,6,15.22,91.32
PO-102415,CUST-D,VEND-01,2024-09-09,Closed,ITM-1001,1,1.02,1.02
PO-102416,CUST-A,VEND-12,2024-05-04,Received,ITM-0328,4,2.97,11.88
PO-102416,CUST-A,VEND-12,2024-05-04,Received,ITM-0403,3,2.34,7.02
PO-102416,CUST-A,VEND-12,2024-05-04,Received,ITM-0426,4,23.10,92.40
PO-102416,CUST-A,VEND-12,2024-05-04,Received,ITM-0612,1,3.84,3.84
PO-102416,CUST-A,VEND-12,2024-05-04,Received,ITM-1003,10,1.13,11.30
PO-102416,CUST-A,VEND-12,2024-05-04,Received,ITM-1015,24,3.75,90.00
PO-102418,CUST-B,VEND-02,2024-06-15,Received,ITM-0220,10,2.55,25.50
PO-102418,CUST-B,VEND-02,2024-06-15,Received,ITM-0220,10,2.55,25.50
PO-102418,CUST-B,VEND-02,2024-06-15,Received,ITM-0228,4,4.63,18.52
PO-102418,CUST-B,VEND-02,2024-06-15,Received,ITM-0237,6,3.34,20.04
PO-102418,CUST-B,VEND-02,2024-06-15,Received,ITM-0815,12,7.91,94.92
PO-102418,CUST-B,VEND-02,2024-06-15,Received,ITM-0909,4,0.93,3.72
PO-102419,CUST-D,VEND-12,2025-11-06,Closed,ITM-1015,1,4.80,4.80
PO-102421,CUST-D,VEND-06,2025-10-01,Closed,ITM-0235,1,1.70,1.70
PO-102421,CUST-D,VEND-06,2025-10-01,Closed,ITM-0243,2,0.76,1.52
PO-102422,CUST-H,VEND-07,2024-12-11,Received,ITM-0208,6,4.83,28.98
PO-102422,CUST-H,VEND-07,2024-12-11,Received,ITM-0408,2,5.06,10.12
PO-102422,CUST-H,VEND-07,2024-12-11,Received,ITM-0527,24,8.71,209.04
PO-102422,CUST-H,VEND-07,2024-12-11,Received,ITM-0715,6,71.85,431.10
PO-102422,CUST-H,VEND-07,2024-12-11,Received,ITM-0942,4,0.32,1.28
PO-102423,CUST-B,VEND-03,2025-03-03,Closed,ITM-0104,12,72.08,864.96
PO-102423,CUST-B,VEND-03,2025-03-03,Closed,ITM-0402,12,1.88,22.56
PO-102423,CUST-B,VEND-03,2025-03-03,Closed,ITM-0621,10,4.27,42.70
PO-102424,CUST-B,VEND-03,2024-10-16,Cancelled,ITM-0808,4,1.86,7.44
PO-102424,CUST-B,VEND-03,2024-10-16,Cancelled,ITM-0917,1,3.81,3.81
PO-102425,CUST-B,VEND-09,2024-09-01,Received,ITM-0402,6,1.98,11.88
PO-102426,CUST-D,VEND-03,2025-10-25,Received,ITM-0104,2,69.99,139.98
PO-102426,CUST-D,VEND-03,2025-10-25,Received,ITM-0306,6,1.00,6.00
PO-102427,CUST-B,VEND-01,2024-06-22,Closed,ITM-0228,1,4.29,4.29
PO-102427,CUST-B,VEND-01,2024-06-22,Closed,ITM-0412,12,1.07,12.84
PO-102427,CUST-B,VEND-01,2024-06-22,Closed,ITM-0414,1,1.85,1.85
PO-102428,CUST-A,VEND-08,2024-01-02,Closed,ITM-0201,6,4.09,24.54
PO-102428,CUST-A,VEND-08,2024-01-02,Closed,ITM-0219,4,1.69,6.76
PO-102428,CUST-A,VEND-08,2024-01-02,Closed,ITM-0903,12,0.20,2.40
PO-102429,CUST-A,VEND-12,2024-11-05,Received,ITM-0426,4,23.52,94.08
PO-102429,CUST-A,VEND-12,2024-11-05,Received,ITM-0618,1,4.03,4.03
PO-102430,CUST-B,VEND-07,2026-07-13,Open,ITM-0219,2,2.01,4.02
PO-102430,CUST-B,VEND-07,2026-07-13,Open,ITM-0306,1,1.03,1.03
PO-102430,CUST-B,VEND-07,2026-07-13,Open,ITM-0612,6,4.70,28.20
PO-102430,CUST-B,VEND-07,2026-07-13,Open,ITM-0737,2,78.66,157.32
PO-102430,CUST-B,VEND-07,2026-07-13,Open,ITM-0921,4,4.18,16.72
PO-102431,CUST-A,VEND-09,2025-02-04,Closed,ITM-0201,2,4.12,8.24
PO-102431,CUST-A,VEND-09,2025-02-04,Closed,ITM-0433,6,1.20,7.20
PO-102431,CUST-A,VEND-09,2025-02-04,Closed,ITM-0434,1,1.49,1.49
PO-102431,CUST-A,VEND-09,2025-02-04,Closed,ITM-0628,12,0.15,1.80
PO-102431,CUST-A,VEND-09,2025-02-04,Closed,ITM-0928,50,0.71,35.50
PO-102432,CUST-D,VEND-05,2024-04-03,Received,ITM-0435,3,1.47,4.41
PO-102432,CUST-D,VEND-05,2024-04-03,Received,ITM-1006,1,1.12,1.12
PO-102433,CUST-A,VEND-12,2025-08-23,Received,ITM-0254,10,1.64,16.40
PO-102433,CUST-A,VEND-12,2025-08-23,Received,ITM-0328,20,3.21,64.20
PO-102433,CUST-A,VEND-12,2025-08-23,Received,ITM-0403,2,2.43,4.86
PO-102433,CUST-A,VEND-12,2025-08-23,Received,ITM-0426,2,25.00,50.00
PO-102433,CUST-A,VEND-12,2025-08-23,Received,ITM-0911,2,1.27,2.54
PO-102433,CUST-A,VEND-12,2025-08-23,Received,ITM-1015,24,4.01,96.24
PO-102434,CUST-A,VEND-06,2026-06-17,Open,ITM-0610,4,2.35,9.40
PO-102434,CUST-A,VEND-06,2026-06-17,Open,ITM-0610,4,2.35,9.40
PO-102435,CUST-C,VEND-09,2026-06-24,Received,ITM-0250,4,67.95,271.80
PO-102436,CUST-F,VEND-04,2024-02-05,Received,ITM-0228,4,4.68,18.72
PO-102436,CUST-F,VEND-04,2024-02-05,Received,ITM-0737,10,74.75,747.50
PO-102436,CUST-F,VEND-04,2024-02-05,Received,ITM-1015,50,4.03,201.50
PO-102437,CUST-A,VEND-07,2026-07-16,Closed,ITM-0921,4,3.84,15.36
PO-102438,CUST-E,VEND-10,2026-06-30,Open,ITM-0610,24,2.40,57.60
PO-102438,CUST-E,VEND-10,2026-06-30,Open,ITM-0737,2,76.81,153.62
PO-102438,CUST-E,VEND-10,2026-06-30,Open,ITM-0904,1,0.33,0.33
PO-102438,CUST-E,VEND-10,2026-06-30,Open,ITM-0922,24,6.19,148.56
PO-102438,CUST-E,VEND-10,2026-06-30,Open,ITM-1014,24,2.63,63.12
PO-102439,CUST-A,VEND-06,2024-11-24,Received,ITM-0715,12,67.83,813.96
PO-102439,CUST-A,VEND-06,2024-11-24,Received,ITM-1006,50,1.15,57.50
PO-102440,CUST-B,VEND-08,2025-10-24,Received,ITM-0309,6,2.01,12.06
PO-102440,CUST-B,VEND-08,2025-10-24,Received,ITM-0309,6,2.01,12.06
PO-102441,CUST-F,VEND-01,2026-04-12,Received,ITM-0310,2,5.03,10.06
PO-102441,CUST-F,VEND-01,2026-04-12,Received,ITM-0426,2,26.17,52.34
PO-102441,CUST-F,VEND-01,2026-04-12,Received,ITM-0433,2,1.24,2.48
PO-102441,CUST-F,VEND-01,2026-04-12,Received,ITM-0434,4,1.50,6.00
PO-102441,CUST-F,VEND-01,2026-04-12,Received,ITM-0939,2,17.02,34.04
PO-102442,CUST-D,VEND-11,2026-07-13,Open,ITM-0434,24,1.53,36.72
PO-102442,CUST-D,VEND-11,2026-07-13,Open,ITM-0627,4,8.09,32.36
PO-102442,CUST-D,VEND-11,2026-07-13,Open,ITM-0902,1,4.82,4.82
PO-102442,CUST-D,VEND-11,2026-07-13,Open,ITM-0921,4,4.30,17.20
PO-102442,CUST-D,VEND-11,2026-07-13,Open,ITM-1001,1,1.00,1.00
PO-102442,CUST-D,VEND-11,2026-07-13,Open,ITM-1015,2,4.61,9.22
PO-102443,CUST-C,VEND-09,2026-05-06,Received,ITM-0433,10,1.32,13.20
PO-102443,CUST-C,VEND-09,2026-05-06,Received,ITM-0721,50,35.45,1772.50
PO-102443,CUST-C,VEND-09,2026-05-06,Received,ITM-0929,2,1.27,2.54
PO-102445,CUST-A,VEND-03,2025-09-25,Received,ITM-0618,12,4.43,53.16
PO-102445,CUST-A,VEND-03,2025-09-25,Received,ITM-0621,4,3.98,15.92
PO-102446,CUST-D,VEND-02,2024-11-26,Closed,ITM-0228,4,4.52,18.08
PO-102446,CUST-D,VEND-02,2024-11-26,Closed,ITM-0228,4,4.52,18.08
PO-102446,CUST-D,VEND-02,2024-11-26,Closed,ITM-1018,6,4.85,29.10
PO-102447,CUST-D,VEND-05,2024-05-15,Received,ITM-0433,24,1.03,24.72
PO-102448,CUST-H,VEND-09,2024-01-09,Closed,ITM-0433,6,1.23,7.38
PO-102449,CUST-F,VEND-02,2024-01-05,Received,ITM-0408,4,4.92,19.68
PO-102450,CUST-H,VEND-06,2025-03-07,Closed,ITM-0604,2,12.86,25.72
PO-102450,CUST-H,VEND-06,2025-03-07,Closed,ITM-0917,10,3.53,35.30
PO-102450,CUST-H,VEND-06,2025-03-07,Closed,ITM-0942,1,0.35,0.35
PO-102450,CUST-H,VEND-06,2025-03-07,Closed,ITM-1014,2,2.70,5.40
PO-102450,CUST-H,VEND-06,2025-03-07,Closed,ITM-1015,24,4.30,103.20
PO-102451,CUST-A,VEND-10,2026-04-02,Received,ITM-0425,6,24.51,147.06
PO-102451,CUST-A,VEND-10,2026-04-02,Received,ITM-0908,10,0.90,9.00
PO-102452,CUST-D,VEND-09,2025-10-16,Received,ITM-0228,10,4.47,44.70
PO-102452,CUST-D,VEND-09,2025-10-16,Received,ITM-0243,10,0.77,7.70
PO-102452,CUST-D,VEND-09,2025-10-16,Received,ITM-0433,2,1.26,2.52
PO-102452,CUST-D,VEND-09,2025-10-16,Received,ITM-0614,10,6.81,68.10
PO-102452,CUST-D,VEND-09,2025-10-16,Received,ITM-0904,6,0.35,2.10
PO-102453,CUST-G,VEND-09,2024-12-02,Received,ITM-0433,10,1.28,12.80
PO-102453,CUST-G,VEND-09,2024-12-02,Received,ITM-0927,10,0.57,5.70
PO-102454,CUST-D,VEND-09,2024-03-22,Received,ITM-0228,6,4.53,27.18
PO-102455,CUST-B,VEND-10,2024-03-09,Received,ITM-0929,6,1.11,6.66
PO-102456,CUST-B,VEND-01,2026-04-18,Closed,ITM-0303,24,2.75,66.00
PO-102456,CUST-B,VEND-01,2026-04-18,Closed,ITM-0611,4,3.77,15.08
PO-102457,CUST-A,VEND-06,2025-10-13,Received,ITM-0313,12,4.21,50.52
PO-102457,CUST-A,VEND-06,2025-10-13,Received,ITM-0920,50,2.61,130.50
PO-102457,CUST-A,VEND-06,2025-10-13,Received,ITM-1015,4,4.33,17.32
PO-102458,CUST-C,VEND-11,2024-07-02,Received,ITM-0433,10,1.15,11.50
PO-102458,CUST-C,VEND-11,2024-07-02,Received,ITM-1015,1,4.07,4.07
PO-102459,CUST-B,VEND-02,2024-02-23,Received,ITM-0201,6,4.04,24.24
PO-102459,CUST-B,VEND-02,2024-02-23,Received,ITM-1018,6,4.91,29.46
PO-102460,CUST-F,VEND-08,2026-08-06,Open,ITM-0621,4,4.53,18.12
PO-102461,CUST-F,VEND-09,2024-06-14,Received,ITM-0201,2,4.02,8.04
PO-102461,CUST-F,VEND-09,2024-06-14,Received,ITM-0250,2,62.01,124.02
PO-102461,CUST-F,VEND-09,2024-06-14,Received,ITM-0628,5,0.16,0.80
PO-102461,CUST-F,VEND-09,2024-06-14,Received,ITM-0902,10,4.33,43.30
PO-102462,CUST-A,VEND-08,2025-02-06,Received,ITM-0306,2,0.90,1.80
PO-102462,CUST-A,VEND-08,2025-02-06,Received,ITM-0310,6,4.18,25.08
PO-102462,CUST-A,VEND-08,2025-02-06,Received,ITM-0435,10,1.60,16.00
PO-102463,CUST-A,VEND-09,2025-03-03,Cancelled,ITM-0201,10,3.89,38.90
PO-102463,CUST-A,VEND-09,2025-03-03,Cancelled,ITM-0201,10,3.89,38.90
PO-102463,CUST-A,VEND-09,2025-03-03,Cancelled,ITM-0433,4,1.28,5.12
PO-102463,CUST-A,VEND-09,2025-03-03,Cancelled,ITM-0434,2,1.64,3.28
PO-102463,CUST-A,VEND-09,2025-03-03,Cancelled,ITM-0527,4,9.44,37.76
PO-102463,CUST-A,VEND-09,2025-03-03,Cancelled,ITM-0527,4,9.44,37.76
PO-102463,CUST-A,VEND-09,2025-03-03,Cancelled,ITM-0929,12,1.15,13.80
PO-102464,CUST-C,VEND-11,2025-04-01,Closed,ITM-1001,2,1.04,2.08
PO-102466,CUST-E,VEND-04,2024-02-25,Closed,ITM-0306,10,0.92,9.20
PO-102466,CUST-E,VEND-04,2024-02-25,Closed,ITM-0326,6,2.44,14.64
PO-102466,CUST-E,VEND-04,2024-02-25,Closed,ITM-0535,2,8.63,17.26
PO-102466,CUST-E,VEND-04,2024-02-25,Closed,ITM-0611,4,3.36,13.44
PO-102466,CUST-E,VEND-04,2024-02-25,Closed,ITM-0938,50,11.70,585.00
PO-102466,CUST-E,VEND-04,2024-02-25,Closed,ITM-1015,1,4.22,4.22
PO-102467,CUST-F,VEND-11,2024-03-15,Closed,ITM-0433,12,1.16,13.92
PO-102467,CUST-F,VEND-11,2024-03-15,Closed,ITM-1015,1,4.07,4.07
PO-102468,CUST-B,VEND-11,2024-05-22,Received,ITM-0902,1,43.80,43.80
PO-102468,CUST-B,VEND-11,2024-05-22,Received,ITM-0913,1,1.44,1.44
PO-102469,CUST-B,VEND-06,2026-08-20,Open,ITM-0104,2,70.50,141.00
PO-102469,CUST-B,VEND-06,2026-08-20,Open,ITM-0614,10,,
PO-102470,CUST-D,VEND-06,2025-09-02,Received,ITM-1006,12,1.32,15.84
PO-102470,CUST-D,VEND-06,2025-09-02,Received,ITM-1014,24,2.45,58.80
PO-102471,CUST-A,VEND-04,2025-01-19,Received,ITM-0237,10,3.07,30.70
PO-102471,CUST-A,VEND-04,2025-01-19,Received,ITM-0326,4,2.44,9.76
PO-102471,CUST-A,VEND-04,2025-01-19,Received,ITM-0609,20,1.44,28.80
PO-102471,CUST-A,VEND-04,2025-01-19,Received,ITM-0610,6,2.10,12.60
PO-102471,CUST-A,VEND-04,2025-01-19,Received,ITM-1003,2,1.04,2.08
PO-102473,CUST-F,VEND-01,2025-09-29,Received,ITM-0303,4,2.68,10.72
PO-102473,CUST-F,VEND-01,2025-09-29,Received,ITM-0433,10,1.25,12.50
PO-102473,CUST-F,VEND-01,2025-09-29,Received,ITM-0434,6,1.57,9.42
PO-102473,CUST-F,VEND-01,2025-09-29,Received,ITM-0611,4,3.55,14.20
PO-102473,CUST-F,VEND-01,2025-09-29,Received,ITM-0922,4,6.37,25.48
PO-102473,CUST-F,VEND-01,2025-09-29,Received,ITM-0939,1,15.77,15.77
PO-102474,CUST-C,VEND-02,2026-01-07,Closed,ITM-1011,12,4.03,48.36
PO-102475,CUST-D,VEND-01,2026-02-26,Received,ITM-0414,4,1.90,7.60
PO-102475,CUST-D,VEND-01,2026-02-26,Received,ITM-0426,3,27.43,82.29
PO-102475,CUST-D,VEND-01,2026-02-26,Received,ITM-0434,12,1.51,18.12
PO-102475,CUST-D,VEND-01,2026-02-26,Received,ITM-0511,10,25.49,254.90
PO-102475,CUST-D,VEND-01,2026-02-26,Received,ITM-0611,2,3.48,6.96
PO-102476,CUST-B,VEND-10,2025-08-30,Received,ITM-0412,4,1.09,4.36
PO-102476,CUST-B,VEND-10,2025-08-30,Received,ITM-0425,10,25.84,258.40
PO-102476,CUST-B,VEND-10,2025-08-30,Received,ITM-0508,4,17.26,69.04
PO-102476,CUST-B,VEND-10,2025-08-30,Received,ITM-0902,1,4.27,4.27
PO-102477,CUST-G,VEND-08,2024-01-10,Received,ITM-0208,12,5.01,60.12
PO-102477,CUST-G,VEND-08,2024-01-10,Received,ITM-0611,2,3.14,6.28
PO-102478,CUST-C,VEND-11,2025-03-12,Received,ITM-0433,24,1.14,27.36
PO-102478,CUST-C,VEND-11,2025-03-12,Received,ITM-1015,2,4.55,9.10
PO-102479,CUST-D,VEND-10,2026-08-18,Open,ITM-0517,1,42.28,42.28
PO-102480,CUST-A,VEND-02,2024-05-05,Received,ITM-0201,50,3.39,169.50
PO-102480,CUST-A,VEND-02,2024-05-05,Received,ITM-0220,1,2.39,2.39
PO-102480,CUST-A,VEND-02,2024-05-05,Received,ITM-0237,24,2.93,70.32
PO-102480,CUST-A,VEND-02,2024-05-05,Received,ITM-0246,1,2.06,2.06
PO-102480,CUST-A,VEND-02,2024-05-05,Received,ITM-0815,4,8.08,32.32
PO-102480,CUST-A,VEND-02,2024-05-05,Received,ITM-0903,6,0.18,1.08
PO-102481,CUST-F,VEND-06,2026-06-12,Open,ITM-0243,12,0.85,10.20
PO-102481,CUST-F,VEND-06,2026-06-12,Open,ITM-0311,50,6.52,326.00
PO-102481,CUST-F,VEND-06,2026-06-12,Open,ITM-0431,2,0.83,1.66
PO-102481,CUST-F,VEND-06,2026-06-12,Open,ITM-0437,4,2.14,8.56
PO-102481,CUST-F,VEND-06,2026-06-12,Open,ITM-0614,2,6.01,12.02
PO-102482,CUST-C,VEND-12,2025-07-10,Closed,ITM-0220,10,2.74,27.40
PO-102482,CUST-C,VEND-12,2025-07-10,Closed,ITM-0220,10,2.74,27.40
PO-102482,CUST-C,VEND-12,2025-07-10,Closed,ITM-0254,2,1.79,3.58
PO-102482,CUST-C,VEND-12,2025-07-10,Closed,ITM-0328,12,3.39,40.68
PO-102483,CUST-B,VEND-03,2024-04-30,Closed,ITM-0306,2,1.02,2.04
PO-102483,CUST-B,VEND-03,2024-04-30,Closed,ITM-0808,12,1.85,22.20
PO-102483,CUST-B,VEND-03,2024-04-30,Closed,ITM-0917,4,3.55,14.20
PO-102484,CUST-A,VEND-03,2024-02-08,Received,ITM-0920,6,2.50,15.00
PO-102485,CUST-C,VEND-10,2024-02-13,Closed,ITM-0431,10,0.79,7.90
PO-102485,CUST-C,VEND-10,2024-02-13,Closed,ITM-0511,1,26.03,26.03
PO-102485,CUST-C,VEND-10,2024-02-13,Closed,ITM-0535,4,9.20,36.80
PO-102485,CUST-C,VEND-10,2024-02-13,Closed,ITM-0535,4,9.20,36.80
PO-102486,CUST-A,VEND-03,2025-07-13,Received,ITM-0621,2,4.28,8.56
PO-102486,CUST-A,VEND-03,2025-07-13,Received,ITM-0907,1,0.72,0.72
PO-102486,CUST-A,VEND-03,2025-07-13,Received,ITM-1001,10,1.10,11.00
PO-102486,CUST-A,VEND-03,2025-07-13,Received,ITM-1020,1,8.44,8.44
PO-102487,CUST-B,VEND-07,2026-04-04,Received,ITM-0306,5,1.10,5.50
PO-102487,CUST-B,VEND-07,2026-04-04,Received,ITM-0737,12,73.75,885.00
PO-102488,CUST-B,VEND-02,2025-01-28,Closed,ITM-0237,2,3.43,6.86
PO-102488,CUST-B,VEND-02,2025-01-28,Closed,ITM-0903,1,0.21,0.21
PO-102489,CUST-D,VEND-05,2026-07-15,Open,ITM-0426,2,26.89,53.78
PO-102489,CUST-D,VEND-05,2026-07-15,Open,ITM-0435,12,1.58,18.96
PO-102489,CUST-D,VEND-05,2026-07-15,Open,ITM-0612,10,4.35,43.50
PO-102489,CUST-D,VEND-05,2026-07-15,Open,ITM-0627,50,7.24,362.00
PO-102489,CUST-D,VEND-05,2026-07-15,Open,ITM-0629,4,3.18,12.72
PO-102490,CUST-F,VEND-03,2024-03-20,Received,ITM-0440,10,25.96,259.60
PO-102491,CUST-E,VEND-02,2024-09-28,Received,ITM-0311,10,7.33,73.30
PO-102491,CUST-E,VEND-02,2024-09-28,Received,ITM-0815,1,7.99,7.99
PO-102494,CUST-C,VEND-04,2024-12-30,Closed,ITM-0446,10,20.59,205.90
PO-102495,CUST-A,VEND-09,2024-12-17,Received,ITM-0326,6,2.47,14.82
PO-102495,CUST-A,VEND-09,2024-12-17,Received,ITM-0614,4,5.85,23.40
PO-102495,CUST-A,VEND-09,2024-12-17,Received,ITM-0929,12,1.11,13.32
PO-102496,CUST-D,VEND-02,2025-03-25,Cancelled,ITM-0237,5,3.35,16.75
PO-102496,CUST-D,VEND-02,2025-03-25,Cancelled,ITM-0311,2,6.99,13.98
PO-102496,CUST-D,VEND-02,2025-03-25,Cancelled,ITM-0947,50,0.41,20.50
PO-102497,CUST-C,VEND-04,2024-11-06,Received,ITM-0938,6,13.35,80.10
PO-102498,CUST-B,VEND-04,2025-05-12,Received,ITM-0442,1,20.41,20.41
PO-102498,CUST-B,VEND-04,2025-05-12,Received,ITM-0632,10,4.70,47.00
PO-102499,CUST-A,VEND-10,2025-12-10,Closed,ITM-0328,6,3.16,18.96
PO-102499,CUST-A,VEND-10,2025-12-10,Closed,ITM-0425,10,25.52,255.20
PO-102499,CUST-A,VEND-10,2025-12-10,Closed,ITM-0434,50,1.34,67.00
PO-102499,CUST-A,VEND-10,2025-12-10,Closed,ITM-0517,6,40.14,240.84
PO-102499,CUST-A,VEND-10,2025-12-10,Closed,ITM-0517,6,40.14,240.84
PO-102499,CUST-A,VEND-10,2025-12-10,Closed,ITM-1014,2,2.63,5.26
PO-102500,CUST-A,VEND-11,2025-04-29,Received,ITM-0104,12,67.30,807.60
PO-102500,CUST-A,VEND-11,2025-04-29,Received,ITM-0809,10,2.25,22.50
PO-102500,CUST-A,VEND-11,2025-04-29,Received,ITM-0902,24,3.83,91.92
PO-102500,CUST-A,VEND-11,2025-04-29,Received,ITM-1010,5,9.04,45.20
PO-102501,CUST-D,VEND-08,2026-05-14,Closed,ITM-0721,5,34.19,170.95
PO-102501,CUST-D,VEND-08,2026-05-14,Closed,ITM-0929,4,1.22,4.88
PO-102503,CUST-B,VEND-07,2025-11-23,Received,ITM-0220,12,2.78,33.36
PO-102503,CUST-B,VEND-07,2025-11-23,Received,ITM-0303,10,2.65,26.50
PO-102503,CUST-B,VEND-07,2025-11-23,Received,ITM-0408,4,5.45,21.80
PO-102504,CUST-A,VEND-11,2025-03-21,Closed,ITM-0432,4,0.93,3.72
PO-102504,CUST-A,VEND-11,2025-03-21,Closed,ITM-0433,10,1.13,11.30
PO-102504,CUST-A,VEND-11,2025-03-21,Closed,ITM-0808,10,1.88,18.80
PO-102504,CUST-A,VEND-11,2025-03-21,Closed,ITM-0902,4,3.81,15.24
PO-102504,CUST-A,VEND-11,2025-03-21,Closed,ITM-1015,6,4.13,24.78
PO-102505,CUST-E,VEND-03,2024-09-08,Received,ITM-0306,2,1.02,2.04
PO-102505,CUST-E,VEND-03,2024-09-08,Received,ITM-0311,10,6.93,69.30
PO-102505,CUST-E,VEND-03,2024-09-08,Received,ITM-0628,6,0.15,0.90
PO-102505,CUST-E,VEND-03,2024-09-08,Received,ITM-0907,2,0.74,1.48
PO-102505,CUST-E,VEND-03,2024-09-08,Received,ITM-0939,1,16.05,16.05
PO-102505,CUST-E,VEND-03,2024-09-08,Received,ITM-1014,4,2.61,10.44
PO-102506,CUST-H,VEND-09,2026-07-25,Closed,ITM-0243,6,0.72,4.32
PO-102506,CUST-H,VEND-09,2026-07-25,Closed,ITM-0433,4,1.35,5.40
PO-102506,CUST-H,VEND-09,2026-07-25,Closed,ITM-0434,12,1.77,21.24
PO-102506,CUST-H,VEND-09,2026-07-25,Closed,ITM-0929,10,1.24,12.40
PO-102507,CUST-G,VEND-04,2025-02-24,Received,ITM-0228,24,4.32,103.68
PO-102507,CUST-G,VEND-04,2025-02-24,Received,ITM-0237,4,3.13,12.52
PO-102507,CUST-G,VEND-04,2025-02-24,Received,ITM-1003,10,1.08,10.80
PO-102507,CUST-G,VEND-04,2025-02-24,Received,ITM-1003,10,1.08,10.80
PO-102508,CUST-F,VEND-07,2026-02-12,Received,ITM-0250,10,65.76,657.60
PO-102508,CUST-F,VEND-07,2026-02-12,Received,ITM-0306,4,1.02,4.08
PO-102508,CUST-F,VEND-07,2026-02-12,Received,ITM-0605,12,17.11,205.32
PO-102509,CUST-D,VEND-04,2025-07-21,Received,ITM-0224,2,1.41,2.82
PO-102509,CUST-D,VEND-04,2025-07-21,Received,ITM-0306,10,0.98,9.80
PO-102509,CUST-D,VEND-04,2025-07-21,Received,ITM-0440,6,28.11,168.66
PO-102509,CUST-D,VEND-04,2025-07-21,Received,ITM-1015,10,4.30,43.00
PO-102510,CUST-H,VEND-10,2024-11-08,Received,ITM-0808,50,1.62,81.00
PO-102512,CUST-A,VEND-06,2025-05-14,Received,ITM-0629,3,3.03,9.09
PO-102513,CUST-C,VEND-09,2024-05-06,Received,ITM-0902,5,40.20,201.00
PO-102514,CUST-G,VEND-11,2026-08-18,Open,ITM-0943,12,26.93,323.16
PO-102514,CUST-G,VEND-11,2026-08-18,Open,ITM-1015,1,4.60,4.60
PO-102515,CUST-H,VEND-05,2026-03-15,Received,ITM-0527,4,9.46,37.84
PO-102515,CUST-H,VEND-05,2026-03-15,Received,ITM-0911,50,1.20,60.00
PO-102515,CUST-H,VEND-05,2026-03-15,Received,ITM-0911,50,1.20,60.00
PO-102515,CUST-H,VEND-05,2026-03-15,Received,ITM-1006,2,1.28,2.56
PO-102516,CUST-E,VEND-08,2024-02-27,Closed,ITM-0611,10,3.31,33.10
PO-102517,CUST-B,VEND-02,2024-07-07,Received,ITM-0228,1,4.70,4.70
PO-102517,CUST-B,VEND-02,2024-07-07,Received,ITM-0404,4,3.26,13.04
PO-102517,CUST-B,VEND-02,2024-07-07,Received,ITM-0903,10,0.20,2.00
PO-102518,CUST-E,VEND-12,2025-05-14,Received,ITM-0220,5,2.75,13.75
PO-102518,CUST-E,VEND-12,2025-05-14,Received,ITM-0403,50,2.40,120.00
PO-102518,CUST-E,VEND-12,2025-05-14,Received,ITM-0612,12,4.22,50.64
PO-102520,CUST-A,VEND-07,2025-10-08,Received,ITM-0404,4,3.27,13.08
PO-102521,CUST-A,VEND-07,2025-10-23,Received,ITM-0246,3,2.05,6.15
PO-102521,CUST-A,VEND-07,2025-10-23,Received,ITM-0306,6,0.97,5.82
PO-102521,CUST-A,VEND-07,2025-10-23,Received,ITM-0404,12,3.02,36.24
PO-102521,CUST-A,VEND-07,2025-10-23,Received,ITM-0612,1,4.23,4.23
PO-102522,CUST-F,VEND-05,2024-08-23,Received,ITM-0257,2,0.75,1.50
PO-102522,CUST-F,VEND-05,2024-08-23,Received,ITM-0328,1,3.08,3.08
PO-102522,CUST-F,VEND-05,2024-08-23,Received,ITM-0426,2,24.31,48.62
PO-102522,CUST-F,VEND-05,2024-08-23,Received,ITM-0808,2,1.87,3.74
PO-102524,CUST-B,VEND-11,2024-12-24,Received,ITM-0809,3,2.67,8.01
PO-102525,CUST-B,VEND-08,2025-01-13,Received,ITM-0611,4,3.69,14.76
PO-102525,CUST-B,VEND-08,2025-01-13,Received,ITM-0902,24,4.21,101.04
PO-102525,CUST-B,VEND-08,2025-01-13,Received,ITM-0929,50,1.07,53.50
PO-102526,CUST-G,VEND-01,2024-03-08,Cancelled,ITM-0939,10,14.70,147.00
PO-102527,CUST-H,VEND-01,2024-07-04,Received,ITM-0208,12,5.09,61.08
PO-102527,CUST-H,VEND-01,2024-07-04,Received,ITM-0414,2,1.77,3.54
PO-102527,CUST-H,VEND-01,2024-07-04,Received,ITM-0434,12,1.48,17.76
PO-102527,CUST-H,VEND-01,2024-07-04,Received,ITM-0604,2,12.04,24.08
PO-102527,CUST-H,VEND-01,2024-07-04,Received,ITM-0627,12,7.15,85.80
PO-102528,CUST-B,VEND-09,2024-07-12,Received,ITM-0250,24,61.45,1474.80
PO-102528,CUST-B,VEND-09,2024-07-12,Received,ITM-0421,2,18.88,37.76
PO-102529,CUST-A,VEND-08,2025-11-11,Received,ITM-0201,1,4.32,4.32
PO-102529,CUST-A,VEND-08,2025-11-11,Received,ITM-0310,4,4.46,17.84
PO-102529,CUST-A,VEND-08,2025-11-11,Received,ITM-0632,1,4.26,4.26
PO-102530,CUST-C,VEND-07,2026-07-27,Closed,ITM-0220,4,2.85,11.40
PO-102530,CUST-C,VEND-07,2026-07-27,Closed,ITM-0612,2,4.35,8.70
PO-102531,CUST-C,VEND-09,2026-08-08,Closed,ITM-0433,6,1.33,7.98
PO-102532,CUST-D,VEND-07,2026-03-08,Received,ITM-0517,4,44.51,178.04
PO-102533,CUST-H,VEND-09,2024-04-21,Received,ITM-0433,10,1.31,13.10
PO-102533,CUST-H,VEND-09,2024-04-21,Received,ITM-0440,6,24.90,149.40
PO-102534,CUST-F,VEND-10,2024-03-16,Received,ITM-0431,1,0.78,0.78
PO-102534,CUST-F,VEND-10,2024-03-16,Received,ITM-0437,2,1.97,3.94
PO-102534,CUST-F,VEND-10,2024-03-16,Received,ITM-0808,4,1.67,6.68
PO-102536,CUST-B,VEND-11,2025-06-15,Received,ITM-0253,2,1.39,2.78
PO-102537,CUST-H,VEND-06,2025-11-30,Cancelled,ITM-0311,4,6.95,27.80
PO-102537,CUST-H,VEND-06,2025-11-30,Cancelled,ITM-0629,24,3.14,75.36
PO-102538,CUST-C,VEND-09,2024-10-09,Received,ITM-0433,10,1.27,12.70
PO-102538,CUST-C,VEND-09,2024-10-09,Received,ITM-0805,1,33.00,33.00
PO-102538,CUST-C,VEND-09,2024-10-09,Received,ITM-0914,4,1.60,6.40
PO-102539,CUST-E,VEND-10,2026-08-30,Cancelled,ITM-0908,2,1.05,2.10
PO-102539,CUST-E,VEND-10,2026-08-30,Cancelled,ITM-1014,10,2.67,26.70
PO-102540,CUST-F,VEND-04,2026-03-09,Closed,ITM-0237,1,3.41,3.41
PO-102540,CUST-F,VEND-04,2026-03-09,Closed,ITM-0605,2,17.64,35.28
PO-102540,CUST-F,VEND-04,2026-03-09,Closed,ITM-0632,2,4.37,8.74
PO-102540,CUST-F,VEND-04,2026-03-09,Closed,ITM-0939,4,17.06,68.24
PO-102540,CUST-F,VEND-04,2026-03-09,Closed,ITM-1015,2,4.55,9.10
PO-102541,CUST-G,VEND-12,2024-12-11,Received,ITM-0328,4,3.04,12.16
PO-102541,CUST-G,VEND-12,2024-12-11,Received,ITM-1011,10,3.82,38.20
PO-102541,CUST-G,VEND-12,2024-12-11,Received,ITM-1015,6,4.54,27.24
PO-102542,CUST-G,VEND-04,2024-01-06,Received,ITM-0237,2,3.15,6.30
PO-102542,CUST-G,VEND-04,2024-01-06,Received,ITM-0326,4,2.56,10.24
PO-102542,CUST-G,VEND-04,2024-01-06,Received,ITM-0632,1,4.14,4.14
PO-102542,CUST-G,VEND-04,2024-01-06,Received,ITM-1015,50,3.71,185.50
PO-102543,CUST-D,VEND-06,2025-03-04,Received,ITM-0610,4,2.34,9.36
PO-102543,CUST-D,VEND-06,2025-03-04,Received,ITM-0942,1,0.31,0.31
PO-102543,CUST-D,VEND-06,2025-03-04,Received,ITM-1015,1,4.37,4.37
PO-102544,CUST-F,VEND-07,2024-06-07,Received,ITM-0250,24,60.87,1460.88
PO-102544,CUST-F,VEND-07,2024-06-07,Received,ITM-0306,1,0.94,0.94
PO-102544,CUST-F,VEND-07,2024-06-07,Received,ITM-0404,5,3.21,16.05
PO-102544,CUST-F,VEND-07,2024-06-07,Received,ITM-0604,12,12.50,150.00
PO-102544,CUST-F,VEND-07,2024-06-07,Received,ITM-0927,5,0.52,2.60
PO-102546,CUST-F,VEND-09,2026-02-10,Received,ITM-0326,1,2.82,2.82
PO-102546,CUST-F,VEND-09,2026-02-10,Received,ITM-1011,2,4.65,9.30
PO-102547,CUST-A,VEND-02,2024-02-10,Closed,ITM-0211,2,11.52,23.04
PO-102547,CUST-A,VEND-02,2024-02-10,Closed,ITM-0314,1,2.43,2.43
PO-102547,CUST-A,VEND-02,2024-02-10,Closed,ITM-0815,10,7.58,75.80
PO-102548,CUST-A,VEND-08,2024-05-31,Closed,ITM-0208,24,4.70,112.80
PO-102548,CUST-A,VEND-08,2024-05-31,Closed,ITM-0243,10,0.68,6.80
PO-102548,CUST-A,VEND-08,2024-05-31,Closed,ITM-0250,4,58.78,235.12
PO-102548,CUST-A,VEND-08,2024-05-31,Closed,ITM-0611,1,3.14,3.14
PO-102548,CUST-A,VEND-08,2024-05-31,Closed,ITM-0621,4,3.97,15.88
PO-102548,CUST-A,VEND-08,2024-05-31,Closed,ITM-0632,10,4.03,40.30
PO-102549,CUST-C,VEND-10,2024-06-06,Closed,ITM-0908,2,0.90,1.80
PO-102550,CUST-E,VEND-03,2024-10-06,Cancelled,ITM-1014,2,2.77,5.54
PO-102551,CUST-A,VEND-01,2025-12-26,Received,ITM-0228,6,4.14,24.84
PO-102551,CUST-A,VEND-01,2025-12-26,Received,ITM-0433,2,1.24,2.48
PO-102551,CUST-A,VEND-01,2025-12-26,Received,ITM-0939,10,15.14,151.40
PO-102552,CUST-A,VEND-08,2025-11-19,Received,ITM-0306,2,0.95,1.90
PO-102552,CUST-A,VEND-08,2025-11-19,Received,ITM-0310,1,4.23,4.23
PO-102552,CUST-A,VEND-08,2025-11-19,Received,ITM-0632,2,4.30,8.60
PO-102552,CUST-A,VEND-08,2025-11-19,Received,ITM-0929,12,1.20,14.40
PO-102553,CUST-B,VEND-08,2024-12-03,Received,ITM-0435,1,1.66,1.66
PO-102553,CUST-B,VEND-08,2024-12-03,Received,ITM-0632,6,4.25,25.50
PO-102553,CUST-B,VEND-08,2024-12-03,Received,ITM-0914,10,1.55,15.50
PO-102554,CUST-F,VEND-01,2025-01-13,Received,ITM-0228,10,4.58,45.80
PO-102554,CUST-F,VEND-01,2025-01-13,Received,ITM-0426,2,26.35,52.70
PO-102554,CUST-F,VEND-01,2025-01-13,Received,ITM-0433,5,1.22,6.10
PO-102554,CUST-F,VEND-01,2025-01-13,Received,ITM-0434,2,1.46,2.92
PO-102554,CUST-F,VEND-01,2025-01-13,Received,ITM-0611,6,3.69,22.14
PO-102555,CUST-A,VEND-09,2025-09-05,Received,ITM-0243,24,0.72,17.28
PO-102555,CUST-A,VEND-09,2025-09-05,Received,ITM-0433,4,1.24,4.96
PO-102556,CUST-D,VEND-03,2024-07-07,Received,ITM-0243,6,0.69,4.14
PO-102557,CUST-F,VEND-01,2024-10-01,Closed,ITM-0414,1,1.87,1.87
PO-102557,CUST-F,VEND-01,2024-10-01,Closed,ITM-0426,6,26.14,156.84
PO-102557,CUST-F,VEND-01,2024-10-01,Closed,ITM-0433,2,1.23,2.46
PO-102557,CUST-F,VEND-01,2024-10-01,Closed,ITM-0511,24,25.68,616.32
PO-102558,CUST-A,VEND-09,2025-02-02,Received,ITM-0910,10,1.02,10.20
PO-102559,CUST-A,VEND-10,2025-09-10,Received,ITM-0929,6,1.13,6.78
PO-102560,CUST-C,VEND-09,2024-05-01,Closed,ITM-0402,6,2.01,12.06
PO-102561,CUST-C,VEND-05,2026-03-15,Received,ITM-0414,24,1.88,45.12
PO-102561,CUST-C,VEND-05,2026-03-15,Received,ITM-0627,12,7.71,92.52
PO-102561,CUST-C,VEND-05,2026-03-15,Received,ITM-0629,24,3.03,72.72
PO-102561,CUST-C,VEND-05,2026-03-15,Received,ITM-0947,6,0.46,2.76
PO-102561,CUST-C,VEND-05,2026-03-15,Received,ITM-1006,10,1.34,13.40
PO-102561,CUST-C,VEND-05,2026-03-15,Received,ITM-1014,4,2.73,10.92
PO-102562,CUST-A,VEND-01,2026-01-26,Closed,ITM-0310,6,4.53,27.18
PO-102562,CUST-A,VEND-01,2026-01-26,Closed,ITM-0426,24,24.16,579.84
PO-102563,CUST-F,VEND-02,2026-07-31,Received,ITM-0629,1,3.29,3.29
PO-102564,CUST-F,VEND-02,2025-03-27,Received,ITM-0201,24,4.06,97.44
PO-102564,CUST-F,VEND-02,2025-03-27,Received,ITM-0220,10,2.72,27.20
PO-102564,CUST-F,VEND-02,2025-03-27,Received,ITM-0311,1,7.65,7.65
PO-102564,CUST-F,VEND-02,2025-03-27,Received,ITM-0413,2,1.58,3.16
PO-102564,CUST-F,VEND-02,2025-03-27,Received,ITM-0815,6,8.37,50.22
PO-102565,CUST-A,VEND-10,2024-07-17,Closed,ITM-0508,4,16.12,64.48
PO-102565,CUST-A,VEND-10,2024-07-17,Closed,ITM-0517,1,36.99,36.99
PO-102565,CUST-A,VEND-10,2024-07-17,Closed,ITM-0535,4,8.47,33.88
PO-102565,CUST-A,VEND-10,2024-07-17,Closed,ITM-0610,10,2.08,20.80
PO-102565,CUST-A,VEND-10,2024-07-17,Closed,ITM-0929,1,1.09,1.09
PO-102565,CUST-A,VEND-10,2024-07-17,Closed,ITM-1014,2,2.57,5.14
PO-102566,CUST-C,VEND-09,2024-02-05,Received,ITM-0201,2,4.23,8.46
PO-102566,CUST-C,VEND-09,2024-02-05,Received,ITM-0421,1,18.52,18.52
PO-102566,CUST-C,VEND-09,2024-02-05,Received,ITM-0434,5,1.60,8.00
PO-102566,CUST-C,VEND-09,2024-02-05,Received,ITM-0628,1,0.15,0.15
PO-102566,CUST-C,VEND-09,2024-02-05,Received,ITM-1011,4,4.09,16.36
PO-102567,CUST-B,VEND-11,2024-05-21,Cancelled,ITM-1022,1,5.48,5.48
PO-102568,CUST-A,VEND-04,2025-03-24,Cancelled,ITM-0237,4,3.06,12.24
PO-102568,CUST-A,VEND-04,2025-03-24,Cancelled,ITM-0632,4,4.13,16.52
PO-102568,CUST-A,VEND-04,2025-03-24,Cancelled,ITM-0907,6,0.67,4.02
PO-102569,CUST-H,VEND-04,2026-06-28,Closed,ITM-0237,12,3.40,40.80
PO-102569,CUST-H,VEND-04,2026-06-28,Closed,ITM-0306,4,1.04,4.16
PO-102570,CUST-C,VEND-05,2025-07-01,Received,ITM-0402,12,1.80,21.60
PO-102570,CUST-C,VEND-05,2025-07-01,Received,ITM-1014,4,2.60,10.40
PO-102571,CUST-A,VEND-05,2026-02-06,Closed,ITM-0433,1,1.05,1.05
PO-102571,CUST-A,VEND-05,2026-02-06,Closed,ITM-0612,2,3.75,7.50
PO-102571,CUST-A,VEND-05,2026-02-06,Closed,ITM-0815,3,8.46,25.38
PO-102572,CUST-B,VEND-10,2025-10-26,Closed,ITM-0412,6,1.15,6.90
PO-102572,CUST-B,VEND-10,2025-10-26,Closed,ITM-0434,2,1.59,3.18
PO-102572,CUST-B,VEND-10,2025-10-26,Closed,ITM-0517,6,42.33,253.98
PO-102572,CUST-B,VEND-10,2025-10-26,Closed,ITM-0808,6,1.85,11.10
PO-102573,CUST-A,VEND-01,2026-04-23,Closed,ITM-0433,1,1.20,1.20
PO-102574,CUST-A,VEND-12,2026-01-13,Cancelled,ITM-0403,10,2.51,25.10
PO-102574,CUST-A,VEND-12,2026-01-13,Cancelled,ITM-1003,10,1.15,11.50
PO-102575,CUST-E,VEND-12,2024-11-22,Closed,ITM-0309,6,2.03,12.18
PO-102576,CUST-D,VEND-04,2024-08-23,Received,ITM-0228,20,4.49,89.80
PO-102576,CUST-D,VEND-04,2024-08-23,Received,ITM-0939,4,15.31,61.24
PO-102576,CUST-D,VEND-04,2024-08-23,Received,ITM-1015,10,4.03,40.30
PO-102577,CUST-B,VEND-02,2026-01-12,Received,ITM-0629,24,3.20,76.80
PO-102578,CUST-A,VEND-11,2026-04-01,Received,ITM-0433,12,1.22,14.64
PO-102579,CUST-F,VEND-01,2025-06-28,Received,ITM-0231,6,4.77,28.62
PO-102579,CUST-F,VEND-01,2025-06-28,Received,ITM-0433,2,1.30,2.60
PO-102579,CUST-F,VEND-01,2025-06-28,Received,ITM-1006,4,1.37,5.48
PO-102580,CUST-B,VEND-06,2025-06-05,Closed,ITM-0255,2,1.59,3.18
PO-102580,CUST-B,VEND-06,2025-06-05,Closed,ITM-0446,5,22.53,112.65
PO-102581,CUST-A,VEND-07,2026-05-14,Received,ITM-0246,6,2.02,12.12
PO-102581,CUST-A,VEND-07,2026-05-14,Received,ITM-0251,10,2.48,24.80
PO-102581,CUST-A,VEND-07,2026-05-14,Received,ITM-0303,1,2.54,2.54
PO-102581,CUST-A,VEND-07,2026-05-14,Received,ITM-0303,1,2.54,2.54
PO-102581,CUST-A,VEND-07,2026-05-14,Received,ITM-0921,10,3.75,37.50
PO-102582,CUST-A,VEND-04,2025-07-05,Received,ITM-0237,2,3.10,6.20
PO-102582,CUST-A,VEND-04,2025-07-05,Received,ITM-0306,1,0.96,0.96
PO-102582,CUST-A,VEND-04,2025-07-05,Received,ITM-0610,20,2.13,42.60
PO-102582,CUST-A,VEND-04,2025-07-05,Received,ITM-0632,1,4.17,4.17
PO-102582,CUST-A,VEND-04,2025-07-05,Received,ITM-1003,4,1.07,4.28
PO-102583,CUST-G,VEND-12,2026-02-13,Received,ITM-0220,12,2.73,32.76
PO-102583,CUST-G,VEND-12,2026-02-13,Received,ITM-0403,1,2.61,2.61
PO-102583,CUST-G,VEND-12,2026-02-13,Received,ITM-0426,24,24.30,583.20
PO-102583,CUST-G,VEND-12,2026-02-13,Received,ITM-0612,4,4.48,17.92
PO-102583,CUST-G,VEND-12,2026-02-13,Received,ITM-1003,3,1.25,3.75
PO-102583,CUST-G,VEND-12,2026-02-13,Received,ITM-1015,6,4.88,29.28
PO-102584,CUST-B,VEND-02,2024-10-03,Received,ITM-0629,4,3.07,12.28
PO-102584,CUST-B,VEND-02,2024-10-03,Received,ITM-0632,6,4.50,27.00
PO-102585,CUST-A,VEND-06,2026-07-19,Closed,ITM-0201,6,4.08,24.48
PO-102585,CUST-A,VEND-06,2026-07-19,Closed,ITM-0311,10,6.47,64.70
PO-102585,CUST-A,VEND-06,2026-07-19,Closed,ITM-0431,6,0.79,4.74
PO-102585,CUST-A,VEND-06,2026-07-19,Closed,ITM-0446,1,22.32,22.32
PO-102585,CUST-A,VEND-06,2026-07-19,Closed,ITM-0604,4,12.52,50.08
PO-102585,CUST-A,VEND-06,2026-07-19,Closed,ITM-0927,6,0.53,3.18
PO-102586,CUST-D,VEND-12,2024-04-15,Received,ITM-0426,3,25.21,75.63
PO-102586,CUST-D,VEND-12,2024-04-15,Received,ITM-1003,2,1.06,2.12
PO-102586,CUST-D,VEND-12,2024-04-15,Received,ITM-1015,4,4.26,17.04
PO-102587,CUST-A,VEND-03,2025-12-17,Closed,ITM-0311,5,7.34,36.70
PO-102587,CUST-A,VEND-03,2025-12-17,Closed,ITM-0314,10,2.71,27.10
PO-102587,CUST-A,VEND-03,2025-12-17,Closed,ITM-0618,12,4.24,50.88
PO-102587,CUST-A,VEND-03,2025-12-17,Closed,ITM-0809,10,2.31,23.10
PO-102587,CUST-A,VEND-03,2025-12-17,Closed,ITM-1010,24,9.41,225.84
PO-102588,CUST-B,VEND-10,2024-09-03,Closed,ITM-0412,24,1.00,24.00
PO-102588,CUST-B,VEND-10,2024-09-03,Closed,ITM-0434,5,1.51,7.55
PO-102588,CUST-B,VEND-10,2024-09-03,Closed,ITM-0605,1,15.86,15.86
PO-102588,CUST-B,VEND-10,2024-09-03,Closed,ITM-1014,1,2.54,2.54
PO-102589,CUST-G,VEND-06,2026-02-14,Received,ITM-0201,2,4.45,8.90
PO-102589,CUST-G,VEND-06,2026-02-14,Received,ITM-0254,10,1.73,17.30
PO-102589,CUST-G,VEND-06,2026-02-14,Received,ITM-0313,6,4.57,27.42
PO-102589,CUST-G,VEND-06,2026-02-14,Received,ITM-0430,10,0.52,5.20
PO-102589,CUST-G,VEND-06,2026-02-14,Received,ITM-0632,2,4.21,8.42
PO-102589,CUST-G,VEND-06,2026-02-14,Received,ITM-1015,4,4.55,18.20
PO-102590,CUST-B,VEND-08,2024-05-19,Closed,ITM-0611,10,3.27,32.70
PO-102590,CUST-B,VEND-08,2024-05-19,Closed,ITM-0902,1,4.29,4.29
PO-102591,CUST-A,VEND-09,2025-04-16,Received,ITM-0201,3,4.07,12.21
PO-102591,CUST-A,VEND-09,2025-04-16,Received,ITM-0433,1,1.22,1.22
PO-102591,CUST-A,VEND-09,2025-04-16,Received,ITM-0434,20,1.54,30.80
PO-102591,CUST-A,VEND-09,2025-04-16,Received,ITM-0442,6,20.50,123.00
PO-102591,CUST-A,VEND-09,2025-04-16,Received,ITM-0928,12,0.75,9.00
PO-102592,CUST-A,VEND-04,2024-05-06,Received,ITM-0610,24,1.99,47.76
PO-102593,CUST-D,VEND-06,2026-06-20,Received,ITM-0446,10,23.41,234.10
PO-102593,CUST-D,VEND-06,2026-06-20,Received,ITM-1015,1,4.58,4.58
PO-102594,CUST-F,VEND-12,2024-04-13,Received,ITM-0426,2,26.02,52.04
PO-102595,CUST-D,VEND-10,2026-01-25,Received,ITM-0922,6,6.05,36.30
PO-102595,CUST-D,VEND-10,2026-01-25,Received,ITM-0922,6,6.05,36.30
PO-102597,CUST-D,VEND-10,2025-08-01,Closed,ITM-0808,24,1.72,41.28
PO-102597,CUST-D,VEND-10,2025-08-01,Closed,ITM-0922,2,5.95,11.90
PO-102598,CUST-B,VEND-02,2026-05-25,Received,ITM-0228,6,5.23,31.38
PO-102598,CUST-B,VEND-02,2026-05-25,Received,ITM-1021,4,4.69,18.76
PO-102599,CUST-H,VEND-05,2024-04-20,Cancelled,ITM-0414,10,1.70,17.00
PO-102601,CUST-B,VEND-11,2024-07-17,Cancelled,ITM-0433,6,1.21,7.26
PO-102601,CUST-B,VEND-11,2024-07-17,Cancelled,ITM-0629,1,2.87,2.87
PO-102601,CUST-B,VEND-11,2024-07-17,Cancelled,ITM-0737,2,77.50,155.00
PO-102601,CUST-B,VEND-11,2024-07-17,Cancelled,ITM-0808,24,1.71,41.04
PO-102602,CUST-A,VEND-11,2024-07-18,Closed,ITM-0737,3,73.12,219.36
PO-102603,CUST-D,VEND-01,2024-02-07,Closed,ITM-0433,2,1.16,2.32
PO-102604,CUST-G,VEND-07,2024-05-12,Closed,ITM-0306,2,0.97,1.94
PO-102604,CUST-G,VEND-07,2024-05-12,Closed,ITM-0715,12,72.20,866.40
PO-102605,CUST-F,VEND-06,2024-10-23,Received,ITM-0311,20,7.04,140.80
PO-102605,CUST-F,VEND-06,2024-10-23,Received,ITM-0614,2,6.27,12.54
PO-102605,CUST-F,VEND-06,2024-10-23,Received,ITM-0629,4,3.23,12.92
PO-102605,CUST-F,VEND-06,2024-10-23,Received,ITM-0632,3,4.19,12.57
PO-102605,CUST-F,VEND-06,2024-10-23,Received,ITM-0942,2,0.34,0.68
PO-102605,CUST-F,VEND-06,2024-10-23,Received,ITM-1015,4,4.64,18.56
PO-102606,CUST-B,VEND-04,2025-03-30,Closed,ITM-0228,2,4.71,9.42
PO-102606,CUST-B,VEND-04,2025-03-30,Closed,ITM-0237,2,3.18,6.36
PO-102607,CUST-C,VEND-10,2024-10-10,Received,ITM-0605,1,16.05,16.05
PO-102607,CUST-C,VEND-10,2024-10-10,Received,ITM-0922,6,6.02,36.12
PO-102608,CUST-B,VEND-09,2026-07-18,Open,ITM-0434,2,1.59,3.18
PO-102608,CUST-B,VEND-09,2026-07-18,Open,ITM-0721,4,39.98,159.92
PO-102608,CUST-B,VEND-09,2026-07-18,Open,ITM-0902,1,4.90,4.90
PO-102608,CUST-B,VEND-09,2026-07-18,Open,ITM-0914,4,1.78,7.12
PO-102608,CUST-B,VEND-09,2026-07-18,Open,ITM-0914,4,1.78,7.12
PO-102608,CUST-B,VEND-09,2026-07-18,Open,ITM-0917,2,3.93,7.86
PO-102609,CUST-D,VEND-08,2024-09-04,Received,ITM-0201,10,4.42,44.20
PO-102609,CUST-D,VEND-08,2024-09-04,Received,ITM-0243,1,0.72,0.72
PO-102609,CUST-D,VEND-08,2024-09-04,Received,ITM-0430,4,0.49,1.96
PO-102609,CUST-D,VEND-08,2024-09-04,Received,ITM-0517,10,41.87,418.70
PO-102609,CUST-D,VEND-08,2024-09-04,Received,ITM-0627,4,7.34,29.36
PO-102609,CUST-D,VEND-08,2024-09-04,Received,ITM-0902,1,4.38,4.38
PO-102610,CUST-H,VEND-07,2024-06-14,Received,ITM-0306,2,1.01,2.02
PO-102610,CUST-H,VEND-07,2024-06-14,Received,ITM-0604,10,12.31,123.10
PO-102611,CUST-B,VEND-10,2025-12-13,Received,ITM-0328,1,3.63,3.63
PO-102611,CUST-B,VEND-10,2025-12-13,Received,ITM-0517,4,44.86,179.44
PO-102611,CUST-B,VEND-10,2025-12-13,Received,ITM-0913,2,1.50,3.00
PO-102611,CUST-B,VEND-10,2025-12-13,Received,ITM-0929,24,1.13,27.12
PO-102612,CUST-G,VEND-10,2025-12-12,Received,ITM-0328,2,3.48,6.96
PO-102612,CUST-G,VEND-10,2025-12-12,Received,ITM-1014,5,2.78,13.90
PO-102613,CUST-B,VEND-07,2024-08-17,Received,ITM-0306,2,1.03,2.06
PO-102613,CUST-B,VEND-07,2024-08-17,Received,ITM-0943,1,23.86,23.86
PO-102614,CUST-E,VEND-04,2024-11-04,Received,ITM-0237,6,3.00,18.00
PO-102614,CUST-E,VEND-04,2024-11-04,Received,ITM-0306,1,1.04,1.04
PO-102614,CUST-E,VEND-04,2024-11-04,Received,ITM-0610,2,2.20,4.40
PO-102614,CUST-E,VEND-04,2024-11-04,Received,ITM-0737,5,74.93,374.65
PO-102614,CUST-E,VEND-04,2024-11-04,Received,ITM-0907,4,0.71,2.84
PO-102614,CUST-E,VEND-04,2024-11-04,Received,ITM-1015,2,4.33,8.66
PO-102615,CUST-G,VEND-01,2026-02-07,Received,ITM-0228,50,4.38,219.00
PO-102615,CUST-G,VEND-01,2026-02-07,Received,ITM-1001,1,1.06,1.06
PO-102616,CUST-E,VEND-08,2024-03-17,Closed,ITM-0253,12,1.25,15.00
PO-102616,CUST-E,VEND-08,2024-03-17,Closed,ITM-0310,2,4.18,8.36
PO-102616,CUST-E,VEND-08,2024-03-17,Closed,ITM-0310,2,4.18,8.36
PO-102616,CUST-E,VEND-08,2024-03-17,Closed,ITM-0614,1,5.84,5.84
PO-102616,CUST-E,VEND-08,2024-03-17,Closed,ITM-1019,12,6.56,78.72
PO-102617,CUST-H,VEND-07,2024-05-08,Received,ITM-0306,6,0.99,5.94
PO-102617,CUST-H,VEND-07,2024-05-08,Received,ITM-0612,1,4.26,4.26
PO-102618,CUST-H,VEND-08,2026-02-13,Received,ITM-0435,6,1.66,9.96
PO-102618,CUST-H,VEND-08,2026-02-13,Received,ITM-0611,1,3.54,3.54
PO-102618,CUST-H,VEND-08,2026-02-13,Received,ITM-0627,24,7.72,185.28
PO-102619,CUST-D,VEND-11,2024-09-22,Received,ITM-0326,4,2.52,10.08
PO-102619,CUST-D,VEND-11,2024-09-22,Received,ITM-0605,24,15.36,368.64
PO-102619,CUST-D,VEND-11,2024-09-22,Received,ITM-0737,2,73.57,147.14
PO-102619,CUST-D,VEND-11,2024-09-22,Received,ITM-1008,1,1.36,1.36
PO-102619,CUST-D,VEND-11,2024-09-22,Received,ITM-1015,4,4.28,17.12
PO-102620,CUST-F,VEND-12,2026-06-10,Open,ITM-0220,4,2.76,11.04
PO-102620,CUST-F,VEND-12,2026-06-10,Open,ITM-0254,2,1.81,3.62
PO-102620,CUST-F,VEND-12,2026-06-10,Open,ITM-1015,1,4.69,4.69
PO-102621,CUST-H,VEND-01,2024-06-08,Closed,ITM-0225,2,2.30,4.60
PO-102622,CUST-D,VEND-08,2025-12-31,Closed,ITM-0306,2,0.98,1.96
PO-102622,CUST-D,VEND-08,2025-12-31,Closed,ITM-0435,50,1.51,75.50
PO-102622,CUST-D,VEND-08,2025-12-31,Closed,ITM-0902,10,4.74,47.40
PO-102622,CUST-D,VEND-08,2025-12-31,Closed,ITM-1008,1,1.45,1.45
PO-102622,CUST-D,VEND-08,2025-12-31,Closed,ITM-1019,4,7.29,29.16
PO-102623,CUST-A,VEND-12,2024-06-14,Received,ITM-0220,4,2.43,9.72
PO-102623,CUST-A,VEND-12,2024-06-14,Received,ITM-0229,4,1.47,5.88
PO-102623,CUST-A,VEND-12,2024-06-14,Received,ITM-0403,6,2.32,13.92
PO-102623,CUST-A,VEND-12,2024-06-14,Received,ITM-0426,2,23.78,47.56
PO-102623,CUST-A,VEND-12,2024-06-14,Received,ITM-0612,10,3.89,38.90
PO-102624,CUST-B,VEND-08,2026-05-31,Closed,ITM-0442,10,21.59,215.90
PO-102624,CUST-B,VEND-08,2026-05-31,Closed,ITM-0621,20,4.21,84.20
PO-102624,CUST-B,VEND-08,2026-05-31,Closed,ITM-0721,2,36.87,73.74
PO-102624,CUST-B,VEND-08,2026-05-31,Closed,ITM-0902,1,48.50,48.50
PO-102625,CUST-A,VEND-03,2025-02-11,Received,ITM-1019,2,6.41,12.82
PO-102626,CUST-B,VEND-12,2026-06-04,Received,ITM-0220,2,2.78,5.56
PO-102626,CUST-B,VEND-12,2026-06-04,Received,ITM-0328,20,3.37,67.40
PO-102626,CUST-B,VEND-12,2026-06-04,Received,ITM-0403,1,2.57,2.57
PO-102626,CUST-B,VEND-12,2026-06-04,Received,ITM-0426,2,27.45,54.90
PO-102627,CUST-G,VEND-08,2026-06-04,Open,ITM-0903,4,0.24,0.96
PO-102627,CUST-G,VEND-08,2026-06-04,Open,ITM-0928,2,0.87,1.74
PO-102628,CUST-C,VEND-06,2025-01-26,Received,ITM-0610,2,2.27,4.54
PO-102629,CUST-A,VEND-05,2025-10-23,Received,ITM-0311,10,6.83,68.30
PO-102630,CUST-D,VEND-02,2025-01-16,Closed,ITM-0228,6,5.01,30.06
PO-102630,CUST-D,VEND-02,2025-01-16,Closed,ITM-0237,4,3.35,13.40
PO-102630,CUST-D,VEND-02,2025-01-16,Closed,ITM-0938,3,12.25,36.75
PO-102631,CUST-A,VEND-01,2026-02-01,Cancelled,ITM-0433,12,1.18,14.16
PO-102631,CUST-A,VEND-01,2026-02-01,Cancelled,ITM-0623,1,2.54,2.54
PO-102632,CUST-H,VEND-07,2025-03-22,Received,ITM-0306,4,1.02,4.08
PO-102632,CUST-H,VEND-07,2025-03-22,Received,ITM-0604,50,11.62,581.00
PO-102632,CUST-H,VEND-07,2025-03-22,Received,ITM-0612,2,4.26,8.52
PO-102632,CUST-H,VEND-07,2025-03-22,Received,ITM-0921,6,3.80,22.80
PO-102633,CUST-H,VEND-07,2024-06-29,Received,ITM-0220,6,2.64,15.84
PO-102633,CUST-H,VEND-07,2024-06-29,Received,ITM-0250,5,62.87,314.35
PO-102633,CUST-H,VEND-07,2024-06-29,Received,ITM-0303,6,2.58,15.48
PO-102633,CUST-H,VEND-07,2024-06-29,Received,ITM-0408,10,4.85,48.50
PO-102633,CUST-H,VEND-07,2024-06-29,Received,ITM-0604,4,11.87,47.48
PO-102633,CUST-H,VEND-07,2024-06-29,Received,ITM-0628,20,0.16,3.20
PO-102634,CUST-F,VEND-09,2025-10-14,Received,ITM-0250,6,66.46,398.76
PO-102634,CUST-F,VEND-09,2025-10-14,Received,ITM-0440,1,28.13,28.13
PO-102634,CUST-F,VEND-09,2025-10-14,Received,ITM-0902,4,4.52,18.08
PO-102634,CUST-F,VEND-09,2025-10-14,Received,ITM-0917,10,3.94,39.40
PO-102636,CUST-F,VEND-09,2024-09-27,Received,ITM-0433,4,1.22,4.88
PO-102636,CUST-F,VEND-09,2024-09-27,Received,ITM-0902,2,4.57,9.14
PO-102637,CUST-F,VEND-10,2025-07-06,Cancelled,ITM-0431,2,0.80,1.60
PO-102637,CUST-F,VEND-10,2025-07-06,Cancelled,ITM-0508,10,18.36,183.60
PO-102637,CUST-F,VEND-10,2025-07-06,Cancelled,ITM-0605,2,15.57,31.14
PO-102637,CUST-F,VEND-10,2025-07-06,Cancelled,ITM-0737,1,72.97,72.97
PO-102638,CUST-F,VEND-07,2024-10-22,Closed,ITM-0605,24,14.53,348.72
PO-102638,CUST-F,VEND-07,2024-10-22,Closed,ITM-0612,1,4.23,4.23
PO-102639,CUST-B,VEND-03,2024-09-13,Closed,ITM-0104,4,73.31,293.24
PO-102639,CUST-B,VEND-03,2024-09-13,Closed,ITM-0808,2,1.87,3.74
PO-102640,CUST-C,VEND-12,2024-11-13,Cancelled,ITM-1015,12,4.59,55.08
PO-102641,CUST-G,VEND-04,2025-02-14,Received,ITM-0620,2,3.18,6.36
PO-102642,CUST-A,VEND-08,2025-07-30,Received,ITM-0201,5,4.19,20.95
PO-102642,CUST-A,VEND-08,2025-07-30,Received,ITM-0621,20,3.84,76.80
PO-102643,CUST-G,VEND-01,2026-06-20,Open,ITM-0611,2,3.63,7.26
PO-102644,CUST-A,VEND-12,2025-04-01,Received,ITM-0254,2,1.61,3.22
PO-102644,CUST-A,VEND-12,2025-04-01,Received,ITM-0257,10,0.69,6.90
PO-102644,CUST-A,VEND-12,2025-04-01,Received,ITM-0612,6,3.88,23.28
PO-102644,CUST-A,VEND-12,2025-04-01,Received,ITM-0911,6,1.29,7.74
PO-102645,CUST-D,VEND-12,2024-08-28,Closed,ITM-0220,2,2.65,5.30
PO-102645,CUST-D,VEND-12,2024-08-28,Closed,ITM-0254,10,1.67,16.70
PO-102645,CUST-D,VEND-12,2024-08-28,Closed,ITM-0309,12,1.98,23.76
PO-102645,CUST-D,VEND-12,2024-08-28,Closed,ITM-0426,2,24.31,48.62
PO-102645,CUST-D,VEND-12,2024-08-28,Closed,ITM-0612,50,3.99,199.50
PO-102645,CUST-D,VEND-12,2024-08-28,Closed,ITM-1015,1,4.37,4.37
PO-102646,CUST-H,VEND-08,2025-07-02,Received,ITM-0511,24,27.04,648.96
PO-102646,CUST-H,VEND-08,2025-07-02,Received,ITM-0611,1,3.50,3.50
PO-102646,CUST-H,VEND-08,2025-07-02,Received,ITM-0621,10,4.38,43.80
PO-102646,CUST-H,VEND-08,2025-07-02,Received,ITM-0908,4,0.93,3.72
PO-102647,CUST-H,VEND-05,2024-03-18,Closed,ITM-0311,12,7.35,88.20
PO-102647,CUST-H,VEND-05,2024-03-18,Closed,ITM-0414,2,1.83,3.66
PO-102647,CUST-H,VEND-05,2024-03-18,Closed,ITM-0527,10,8.28,82.80
PO-102647,CUST-H,VEND-05,2024-03-18,Closed,ITM-0629,4,3.26,13.04
PO-102648,CUST-H,VEND-05,2024-06-03,Received,ITM-0327,1,2.11,2.11
PO-102648,CUST-H,VEND-05,2024-06-03,Received,ITM-0426,1,24.13,24.13
PO-102648,CUST-H,VEND-05,2024-06-03,Received,ITM-0431,2,0.75,1.50
PO-102649,CUST-B,VEND-04,2025-05-11,Closed,ITM-0442,2,21.45,42.90
PO-102649,CUST-B,VEND-04,2025-05-11,Closed,ITM-0737,24,74.86,1796.64
PO-102649,CUST-B,VEND-04,2025-05-11,Closed,ITM-1015,2,4.51,9.02
PO-102649,CUST-B,VEND-04,2025-05-11,Closed,ITM-1022,2,5.32,10.64
PO-102650,CUST-D,VEND-04,2025-05-23,Received,ITM-0306,50,0.91,45.50
PO-102650,CUST-D,VEND-04,2025-05-23,Received,ITM-0737,1,76.78,76.78
PO-102650,CUST-D,VEND-04,2025-05-23,Received,ITM-1015,1,4.45,4.45
PO-102650,CUST-D,VEND-04,2025-05-23,Received,ITM-1021,4,4.36,17.44
PO-102650,CUST-D,VEND-04,2025-05-23,Received,ITM-1022,1,5.51,5.51
PO-102651,CUST-B,VEND-07,2026-08-19,Open,ITM-0255,24,1.70,40.80
PO-102651,CUST-B,VEND-07,2026-08-19,Open,ITM-0612,5,4.24,21.20
PO-102652,CUST-G,VEND-01,2026-03-25,Received,ITM-0434,6,1.54,9.24
PO-102652,CUST-G,VEND-01,2026-03-25,Received,ITM-0943,10,24.50,245.00
PO-102653,CUST-A,VEND-10,2026-01-01,Received,ITM-0605,6,16.46,98.76
PO-102654,CUST-B,VEND-11,2025-11-19,Closed,ITM-0433,10,1.26,12.60
PO-102655,CUST-F,VEND-06,2024-03-12,Closed,ITM-0201,20,4.34,86.80
PO-102655,CUST-F,VEND-06,2024-03-12,Closed,ITM-0604,2,12.88,25.76
PO-102655,CUST-F,VEND-06,2024-03-12,Closed,ITM-1015,1,3.90,3.90
PO-102656,CUST-C,VEND-05,2026-03-21,Closed,ITM-0246,2,2.26,4.52
PO-102656,CUST-C,VEND-05,2026-03-21,Closed,ITM-0403,2,2.61,5.22
PO-102656,CUST-C,VEND-05,2026-03-21,Closed,ITM-0435,2,1.67,3.34
PO-102657,CUST-A,VEND-12,2026-04-25,Closed,ITM-0426,2,25.52,51.04
PO-102658,CUST-B,VEND-05,2025-12-23,Received,ITM-0433,3,1.11,3.33
PO-102658,CUST-B,VEND-05,2025-12-23,Received,ITM-0612,2,4.04,8.08
PO-102658,CUST-B,VEND-05,2025-12-23,Received,ITM-1011,12,4.03,48.36
PO-102658,CUST-B,VEND-05,2025-12-23,Received,ITM-1017,24,2.92,70.08
PO-102659,CUST-A,VEND-10,2024-04-07,Received,ITM-0535,2,8.36,16.72
PO-102660,CUST-B,VEND-08,2024-04-13,Received,ITM-0201,6,4.07,24.42
PO-102660,CUST-B,VEND-08,2024-04-13,Received,ITM-0902,1,4.37,4.37
PO-102661,CUST-C,VEND-12,2025-12-03,Closed,ITM-0220,6,2.90,17.40
PO-102661,CUST-C,VEND-12,2025-12-03,Closed,ITM-0403,1,2.53,2.53
PO-102661,CUST-C,VEND-12,2025-12-03,Closed,ITM-0612,20,4.32,86.40
PO-102661,CUST-C,VEND-12,2025-12-03,Closed,ITM-0623,6,2.54,15.24
PO-102661,CUST-C,VEND-12,2025-12-03,Closed,ITM-1015,24,4.58,109.92
PO-102662,CUST-A,VEND-10,2025-01-15,Received,ITM-0431,24,0.69,16.56
PO-102662,CUST-A,VEND-10,2025-01-15,Received,ITM-1014,6,2.38,14.28
PO-102663,CUST-A,VEND-01,2024-07-07,Received,ITM-0611,12,3.16,37.92
PO-102664,CUST-A,VEND-12,2024-02-23,Received,ITM-0403,4,2.35,9.40
PO-102665,CUST-A,VEND-10,2025-08-14,Received,ITM-0434,5,1.50,7.50
PO-102665,CUST-A,VEND-10,2025-08-14,Received,ITM-0508,4,17.02,68.08
PO-102665,CUST-A,VEND-10,2025-08-14,Received,ITM-0511,6,26.13,156.78
PO-102665,CUST-A,VEND-10,2025-08-14,Received,ITM-0737,12,67.98,815.76
PO-102666,CUST-F,VEND-11,2025-09-12,Received,ITM-0416,6,2.98,17.88
PO-102666,CUST-F,VEND-11,2025-09-12,Received,ITM-0434,10,1.52,15.20
PO-102666,CUST-F,VEND-11,2025-09-12,Received,ITM-0609,4,1.58,6.32
PO-102666,CUST-F,VEND-11,2025-09-12,Received,ITM-1015,20,4.44,88.80
PO-102666,CUST-F,VEND-11,2025-09-12,Received,ITM-1015,20,4.44,88.80
PO-102667,CUST-C,VEND-08,2025-04-14,Closed,ITM-0201,4,4.36,17.44
PO-102667,CUST-C,VEND-08,2025-04-14,Closed,ITM-0253,1,1.25,1.25
PO-102667,CUST-C,VEND-08,2025-04-14,Closed,ITM-0621,2,4.33,8.66
PO-102667,CUST-C,VEND-08,2025-04-14,Closed,ITM-0914,6,1.61,9.66
PO-102668,CUST-A,VEND-03,2024-06-02,Received,ITM-0306,1,0.88,0.88
PO-102668,CUST-A,VEND-03,2024-06-02,Received,ITM-0610,50,2.16,108.00
PO-102668,CUST-A,VEND-03,2024-06-02,Received,ITM-0907,1,0.67,0.67
PO-102669,CUST-D,VEND-04,2024-04-05,Closed,ITM-0326,2,2.58,5.16
PO-102669,CUST-D,VEND-04,2024-04-05,Closed,ITM-0611,4,3.51,14.04
PO-102669,CUST-D,VEND-04,2024-04-05,Closed,ITM-0611,4,3.51,14.04
PO-102669,CUST-D,VEND-04,2024-04-05,Closed,ITM-0737,12,71.81,861.72
PO-102670,CUST-H,VEND-06,2024-05-27,Received,ITM-0440,20,25.65,513.00
PO-102670,CUST-H,VEND-06,2024-05-27,Received,ITM-1006,1,1.30,1.30
PO-102671,CUST-G,VEND-01,2024-04-11,Received,ITM-0433,2,1.27,2.54
PO-102671,CUST-G,VEND-01,2024-04-11,Received,ITM-0611,4,3.32,13.28
PO-102672,CUST-D,VEND-08,2025-08-05,Received,ITM-0517,12,42.34,508.08
PO-102673,CUST-H,VEND-06,2024-01-06,Received,ITM-0243,4,0.74,2.96
PO-102674,CUST-B,VEND-04,2025-09-02,Received,ITM-0237,12,3.08,36.96
PO-102675,CUST-F,VEND-08,2026-04-18,Received,ITM-0201,4,4.63,18.52
PO-102675,CUST-F,VEND-08,2026-04-18,Received,ITM-0442,2,21.85,43.70
PO-102676,CUST-C,VEND-05,2024-07-04,Received,ITM-0412,6,1.03,6.18
PO-102676,CUST-C,VEND-05,2024-07-04,Received,ITM-0627,1,7.21,7.21
PO-102676,CUST-C,VEND-05,2024-07-04,Received,ITM-0627,1,7.21,7.21
PO-102676,CUST-C,VEND-05,2024-07-04,Received,ITM-0629,4,2.94,11.76
PO-102677,CUST-B,VEND-11,2025-11-21,Closed,ITM-0433,2,1.24,2.48
PO-102677,CUST-B,VEND-11,2025-11-21,Closed,ITM-0737,6,78.36,470.16
PO-102677,CUST-B,VEND-11,2025-11-21,Closed,ITM-0902,1,4.46,4.46
PO-102677,CUST-B,VEND-11,2025-11-21,Closed,ITM-1015,12,4.48,53.76
PO-102678,CUST-G,VEND-07,2026-08-30,Received,ITM-0605,12,17.25,207.00
PO-102678,CUST-G,VEND-07,2026-08-30,Received,ITM-0927,24,0.55,13.20
PO-102678,CUST-G,VEND-07,2026-08-30,Received,ITM-0928,4,0.86,3.44
PO-102679,CUST-A,VEND-09,2025-05-07,Received,ITM-0433,10,1.22,12.20
PO-102679,CUST-A,VEND-09,2025-05-07,Received,ITM-0434,4,1.47,5.88
PO-102680,CUST-A,VEND-03,2026-01-19,Received,ITM-0618,10,4.09,40.90
PO-102681,CUST-A,VEND-02,2026-05-25,Closed,ITM-0237,10,3.42,34.20
PO-102681,CUST-A,VEND-02,2026-05-25,Closed,ITM-0237,10,3.42,34.20
PO-102681,CUST-A,VEND-02,2026-05-25,Closed,ITM-0311,1,7.45,7.45
PO-102681,CUST-A,VEND-02,2026-05-25,Closed,ITM-0632,10,4.27,42.70
PO-102682,CUST-D,VEND-05,2025-09-11,Closed,ITM-0612,2,3.95,7.90
PO-102683,CUST-F,VEND-08,2026-04-17,Received,ITM-0306,10,1.00,10.00
PO-102683,CUST-F,VEND-08,2026-04-17,Received,ITM-0435,6,1.62,9.72
PO-102683,CUST-F,VEND-08,2026-04-17,Received,ITM-0435,6,1.62,9.72
PO-102683,CUST-F,VEND-08,2026-04-17,Received,ITM-0632,2,4.30,8.60
PO-102684,CUST-A,VEND-11,2025-08-06,Received,ITM-0433,24,1.17,28.08
PO-102684,CUST-A,VEND-11,2025-08-06,Received,ITM-0629,4,2.90,11.60
PO-102684,CUST-A,VEND-11,2025-08-06,Received,ITM-0943,2,23.87,47.74
PO-102684,CUST-A,VEND-11,2025-08-06,Received,ITM-1010,4,9.05,36.20
PO-102684,CUST-A,VEND-11,2025-08-06,Received,ITM-1015,4,4.20,16.80
PO-102686,CUST-B,VEND-07,2025-02-26,Received,ITM-0220,4,2.66,10.64
PO-102686,CUST-B,VEND-07,2025-02-26,Received,ITM-0229,4,1.63,6.52
PO-102686,CUST-B,VEND-07,2025-02-26,Received,ITM-0628,2,0.17,0.34
PO-102687,CUST-C,VEND-10,2024-03-24,Received,ITM-0908,4,0.86,3.44
PO-102687,CUST-C,VEND-10,2024-03-24,Received,ITM-0922,10,5.92,59.20
PO-102688,CUST-C,VEND-12,2025-08-03,Closed,ITM-0220,12,2.87,34.44
PO-102688,CUST-C,VEND-12,2025-08-03,Closed,ITM-0403,1,2.62,2.62
PO-102688,CUST-C,VEND-12,2025-08-03,Closed,ITM-0612,4,4.36,17.44
PO-102688,CUST-C,VEND-12,2025-08-03,Closed,ITM-0618,5,4.19,20.95
PO-102688,CUST-C,VEND-12,2025-08-03,Closed,ITM-0623,2,2.56,5.12
PO-102688,CUST-C,VEND-12,2025-08-03,Closed,ITM-0911,10,1.33,13.30
PO-102689,CUST-D,VEND-09,2025-10-30,Received,ITM-1021,10,4.75,47.50
PO-102690,CUST-H,VEND-02,2024-09-13,Received,ITM-0220,4,2.68,10.72
PO-102690,CUST-H,VEND-02,2024-09-13,Received,ITM-0237,6,3.29,19.74
PO-102691,CUST-D,VEND-09,2026-06-12,Received,ITM-0201,24,4.22,101.28
PO-102691,CUST-D,VEND-09,2026-06-12,Received,ITM-0253,1,1.43,1.43
PO-102691,CUST-D,VEND-09,2026-06-12,Received,ITM-0440,2,25.76,51.52
PO-102691,CUST-D,VEND-09,2026-06-12,Received,ITM-0917,2,4.07,8.14
PO-102692,CUST-D,VEND-03,2025-12-12,Received,ITM-0306,2,0.97,1.94
PO-102692,CUST-D,VEND-03,2025-12-12,Received,ITM-0733,6,22.90,137.40
PO-102692,CUST-D,VEND-03,2025-12-12,Received,ITM-1014,10,2.68,26.80
PO-102692,CUST-D,VEND-03,2025-12-12,Received,ITM-1019,4,6.52,26.08
PO-102693,CUST-H,VEND-09,2026-03-06,Closed,ITM-0250,2,63.93,127.86
PO-102693,CUST-H,VEND-09,2026-03-06,Closed,ITM-0433,4,1.35,5.40
PO-102693,CUST-H,VEND-09,2026-03-06,Closed,ITM-0434,24,1.55,37.20
PO-102693,CUST-H,VEND-09,2026-03-06,Closed,ITM-0614,3,6.49,19.47
PO-102693,CUST-H,VEND-09,2026-03-06,Closed,ITM-0902,1,4.74,4.74
PO-102693,CUST-H,VEND-09,2026-03-06,Closed,ITM-0929,2,1.25,2.50
PO-102694,CUST-D,VEND-06,2026-02-27,Closed,ITM-0446,4,23.35,93.40
PO-102694,CUST-D,VEND-06,2026-02-27,Closed,ITM-0446,4,23.35,93.40
PO-102695,CUST-A,VEND-06,2025-05-01,Received,ITM-0632,1,3.88,3.88
PO-102695,CUST-A,VEND-06,2025-05-01,Received,ITM-1015,6,4.31,25.86
PO-102696,CUST-A,VEND-09,2024-01-25,Closed,ITM-0433,24,1.14,27.36
PO-102697,CUST-F,VEND-06,2026-08-27,Received,ITM-0104,4,74.67,298.68
PO-102697,CUST-F,VEND-06,2026-08-27,Received,ITM-0629,24,3.25,78.00
PO-102697,CUST-F,VEND-06,2026-08-27,Received,ITM-0922,4,6.04,24.16
PO-102697,CUST-F,VEND-06,2026-08-27,Received,ITM-1015,6,4.69,28.14
PO-102699,CUST-F,VEND-08,2024-04-22,Received,ITM-0250,6,61.71,370.26
PO-102699,CUST-F,VEND-08,2024-04-22,Received,ITM-0940,1,18.61,18.61
PO-102700,CUST-A,VEND-11,2026-08-09,Closed,ITM-0433,24,1.12,26.88
PO-102700,CUST-A,VEND-11,2026-08-09,Closed,ITM-0629,12,2.98,35.76
PO-102700,CUST-A,VEND-11,2026-08-09,Closed,ITM-0808,6,1.94,11.64
PO-102700,CUST-A,VEND-11,2026-08-09,Closed,ITM-1015,24,4.08,97.92
PO-102701,CUST-H,VEND-10,2025-10-11,Closed,ITM-0412,3,1.12,3.36
PO-102701,CUST-H,VEND-10,2025-10-11,Closed,ITM-0535,2,9.00,18.00
PO-102702,CUST-D,VEND-06,2025-11-27,Received,ITM-1006,4,1.22,4.88
PO-102702,CUST-D,VEND-06,2025-11-27,Received,ITM-1015,1,4.32,4.32
PO-102704,CUST-B,VEND-07,2024-06-05,Received,ITM-0220,4,2.73,10.92
PO-102704,CUST-B,VEND-07,2024-06-05,Received,ITM-0306,6,0.99,5.94
PO-102704,CUST-B,VEND-07,2024-06-05,Received,ITM-0628,10,0.16,1.60
PO-102704,CUST-B,VEND-07,2024-06-05,Received,ITM-0628,10,0.16,1.60
PO-102705,CUST-G,VEND-08,2025-11-17,Received,ITM-0306,6,0.99,5.94
PO-102705,CUST-G,VEND-08,2025-11-17,Received,ITM-0310,2,4.69,9.38
PO-102705,CUST-G,VEND-08,2025-11-17,Received,ITM-0611,1,3.50,3.50
PO-102705,CUST-G,VEND-08,2025-11-17,Received,ITM-0621,6,3.93,23.58
PO-102705,CUST-G,VEND-08,2025-11-17,Received,ITM-0908,10,0.96,9.60
PO-102706,CUST-G,VEND-08,2025-04-03,Closed,ITM-0306,2,0.97,1.94
PO-102706,CUST-G,VEND-08,2025-04-03,Closed,ITM-1019,4,6.68,26.72
PO-102707,CUST-H,VEND-10,2025-08-10,Received,ITM-0929,4,1.25,5.00
PO-102709,CUST-E,VEND-10,2024-03-26,Received,ITM-0808,20,1.76,35.20
PO-102709,CUST-H,VEND-10,2024-03-26,Received,ITM-0434,10,1.53,15.30
PO-102709,CUST-H,VEND-10,2024-03-26,Received,ITM-0808,20,1.76,35.20
PO-102709,CUST-H,VEND-10,2024-03-26,Received,ITM-0904,6,0.35,2.10
PO-102709,CUST-H,VEND-10,2024-03-26,Received,ITM-0922,2,5.68,11.36
PO-102709,CUST-H,VEND-10,2024-03-26,Received,ITM-1014,2,2.58,5.16
PO-102710,CUST-B,VEND-03,2024-01-03,Closed,ITM-0104,6,64.99,389.94
PO-102710,CUST-B,VEND-03,2024-01-03,Closed,ITM-0628,2,0.15,0.30
PO-102710,CUST-B,VEND-03,2024-01-03,Closed,ITM-0808,4,1.80,7.20
PO-102711,CUST-A,VEND-07,2024-12-25,Cancelled,ITM-0251,1,2.37,2.37
PO-102711,CUST-A,VEND-07,2024-12-25,Cancelled,ITM-0306,20,0.92,18.40
PO-102712,CUST-A,VEND-10,2025-11-25,Closed,ITM-0431,24,0.79,18.96
PO-102712,CUST-A,VEND-10,2025-11-25,Closed,ITM-0434,1,1.49,1.49
PO-102712,CUST-A,VEND-10,2025-11-25,Closed,ITM-0737,4,74.45,297.80
PO-102712,CUST-A,VEND-10,2025-11-25,Closed,ITM-0902,6,4.34,26.04
PO-102712,CUST-A,VEND-10,2025-11-25,Closed,ITM-1014,6,2.59,15.54
PO-102713,CUST-D,VEND-02,2025-09-11,Received,ITM-0425,2,25.43,50.86
PO-102713,CUST-D,VEND-02,2025-09-11,Received,ITM-0947,1,0.46,0.46
PO-102714,CUST-B,VEND-02,2025-11-30,Received,ITM-0228,6,4.99,29.94
PO-102714,CUST-B,VEND-02,2025-11-30,Received,ITM-0235,1,1.80,1.80
PO-102714,CUST-B,VEND-02,2025-11-30,Received,ITM-0311,5,7.23,36.15
PO-102714,CUST-B,VEND-02,2025-11-30,Received,ITM-0629,12,3.21,38.52
PO-102714,CUST-B,VEND-02,2025-11-30,Received,ITM-0632,1,4.72,4.72
PO-102715,CUST-A,VEND-02,2025-06-02,Closed,ITM-0237,12,3.11,37.32
PO-102715,CUST-A,VEND-02,2025-06-02,Closed,ITM-0621,24,4.01,96.24
PO-102715,CUST-A,VEND-02,2025-06-02,Closed,ITM-0903,10,0.21,2.10
PO-102716,CUST-D,VEND-03,2025-08-12,Closed,ITM-0243,2,0.73,1.46
PO-102716,CUST-D,VEND-03,2025-08-12,Closed,ITM-0430,50,0.47,23.50
PO-102716,CUST-D,VEND-03,2025-08-12,Closed,ITM-0628,3,0.15,0.45
PO-102716,CUST-D,VEND-03,2025-08-12,Closed,ITM-0808,4,1.90,7.60
PO-102716,CUST-D,VEND-03,2025-08-12,Closed,ITM-0917,5,3.84,19.20
PO-102717,CUST-D,VEND-04,2024-12-24,Closed,ITM-0611,10,3.48,34.80
PO-102718,CUST-A,VEND-09,2025-06-19,Received,ITM-0201,24,3.99,95.76
PO-102718,CUST-A,VEND-09,2025-06-19,Received,ITM-0433,4,1.26,5.04
PO-102718,CUST-A,VEND-09,2025-06-19,Received,ITM-0929,12,1.22,14.64
PO-102718,CUST-A,VEND-09,2025-06-19,Received,ITM-1011,12,3.86,46.32
PO-102719,CUST-A,VEND-02,2024-06-07,Closed,ITM-0220,1,2.34,2.34
PO-102719,CUST-A,VEND-02,2024-06-07,Closed,ITM-0237,4,2.98,11.92
PO-102719,CUST-A,VEND-02,2024-06-07,Closed,ITM-0404,5,3.01,15.05
PO-102719,CUST-A,VEND-02,2024-06-07,Closed,ITM-0432,2,0.85,1.70
PO-102720,CUST-F,VEND-08,2026-01-27,Received,ITM-0250,1,65.95,65.95
PO-102720,CUST-F,VEND-08,2026-01-27,Received,ITM-0435,4,1.64,6.56
PO-102720,CUST-F,VEND-08,2026-01-27,Received,ITM-0614,10,6.29,62.90
PO-102720,CUST-F,VEND-08,2026-01-27,Received,ITM-0621,10,4.49,44.90
PO-102720,CUST-F,VEND-08,2026-01-27,Received,ITM-0632,2,4.41,8.82
PO-102721,CUST-F,VEND-12,2025-07-08,Received,ITM-0220,2,2.70,5.40
PO-102721,CUST-F,VEND-12,2025-07-08,Received,ITM-0403,10,2.55,25.50
PO-102721,CUST-F,VEND-12,2025-07-08,Received,ITM-0426,2,25.68,51.36
PO-102721,CUST-F,VEND-12,2025-07-08,Received,ITM-1011,2,3.81,7.62
PO-102721,CUST-F,VEND-12,2025-07-08,Received,ITM-1015,6,4.61,27.66
PO-102722,CUST-E,VEND-01,2024-03-03,Received,ITM-0309,3,1.97,5.91
PO-102722,CUST-E,VEND-01,2024-03-03,Received,ITM-0434,4,1.41,5.64
PO-102722,CUST-E,VEND-01,2024-03-03,Received,ITM-0611,2,3.31,6.62
PO-102722,CUST-E,VEND-01,2024-03-03,Received,ITM-0939,1,15.33,15.33
PO-102722,CUST-E,VEND-01,2024-03-03,Received,ITM-1001,4,1.00,4.00
PO-102723,CUST-E,VEND-05,2026-07-15,Open,ITM-0612,1,4.20,4.20
PO-102724,CUST-A,VEND-10,2026-06-03,Open,ITM-0425,2,25.86,51.72
PO-102724,CUST-A,VEND-10,2026-06-03,Open,ITM-0431,20,0.78,15.60
PO-102724,CUST-A,VEND-10,2026-06-03,Open,ITM-0437,4,2.01,8.04
PO-102724,CUST-A,VEND-10,2026-06-03,Open,ITM-0808,10,1.86,18.60
PO-102724,CUST-A,VEND-10,2026-06-03,Open,ITM-0908,12,0.93,11.16
PO-102724,CUST-A,VEND-10,2026-06-03,Open,ITM-0929,1,1.19,1.19
PO-102725,CUST-D,VEND-12,2025-03-23,Closed,ITM-0220,1,2.72,2.72
PO-102725,CUST-D,VEND-12,2025-03-23,Closed,ITM-0230,2,3.02,6.04
PO-102725,CUST-D,VEND-12,2025-03-23,Closed,ITM-0426,2,26.13,52.26
PO-102725,CUST-D,VEND-12,2025-03-23,Closed,ITM-0623,4,2.59,10.36
PO-102725,CUST-D,VEND-12,2025-03-23,Closed,ITM-1015,6,4.44,26.64
PO-102726,CUST-B,VEND-01,2024-12-17,Cancelled,ITM-0309,4,2.04,8.16
PO-102726,CUST-B,VEND-01,2024-12-17,Cancelled,ITM-0433,1,1.23,1.23
PO-102727,CUST-A,VEND-02,2025-03-01,Received,ITM-0237,1,2.98,2.98
PO-102727,CUST-A,VEND-02,2025-03-01,Received,ITM-0404,1,3.10,3.10
PO-102727,CUST-A,VEND-02,2025-03-01,Received,ITM-0432,4,0.95,3.80
PO-102727,CUST-A,VEND-02,2025-03-01,Received,ITM-0621,4,4.29,17.16
PO-102728,CUST-C,VEND-04,2025-07-07,Received,ITM-0632,12,4.24,50.88
PO-102728,CUST-C,VEND-04,2025-07-07,Received,ITM-0942,3,0.34,1.02
PO-102728,CUST-C,VEND-04,2025-07-07,Received,ITM-1015,2,4.28,8.56
PO-102728,CUST-C,VEND-04,2025-07-07,Received,ITM-1022,6,5.52,33.12
PO-102729,CUST-C,VEND-02,2024-05-24,Closed,ITM-0201,10,4.22,42.20
PO-102729,CUST-C,VEND-02,2024-05-24,Closed,ITM-0220,10,2.75,27.50
PO-102730,CUST-C,VEND-01,2024-04-04,Closed,ITM-0309,4,1.91,7.64
PO-102730,CUST-C,VEND-01,2024-04-04,Closed,ITM-0414,50,1.75,87.50
PO-102731,CUST-F,VEND-05,2025-08-19,Closed,ITM-0426,6,25.37,152.22
PO-102731,CUST-F,VEND-05,2025-08-19,Closed,ITM-0612,6,4.04,24.24
PO-102731,CUST-F,VEND-05,2025-08-19,Closed,ITM-0808,50,1.72,86.00
PO-102731,CUST-F,VEND-05,2025-08-19,Closed,ITM-1011,6,3.80,22.80
PO-102733,CUST-F,VEND-05,2025-10-19,Received,ITM-0433,2,1.06,2.12
PO-102733,CUST-F,VEND-05,2025-10-19,Received,ITM-0435,4,1.65,6.60
PO-102733,CUST-F,VEND-05,2025-10-19,Received,ITM-1011,10,4.09,40.90
PO-102734,CUST-C,VEND-10,2024-07-13,Closed,ITM-0437,6,1.95,11.70
PO-102734,CUST-C,VEND-10,2024-07-13,Closed,ITM-0737,24,67.93,1630.32
PO-102734,CUST-C,VEND-10,2024-07-13,Closed,ITM-0922,2,5.82,11.64
PO-102735,CUST-B,VEND-05,2025-01-01,Received,ITM-0612,24,3.88,93.12
PO-102736,CUST-B,VEND-09,2024-08-02,Received,ITM-0433,4,1.25,5.00
PO-102736,CUST-B,VEND-09,2024-08-02,Received,ITM-0902,10,4.39,43.90
PO-102737,CUST-A,VEND-06,2024-05-05,Received,ITM-0416,10,2.67,26.70
PO-102737,CUST-A,VEND-06,2024-05-05,Received,ITM-0629,1,2.98,2.98
PO-102737,CUST-A,VEND-06,2024-05-05,Received,ITM-1015,6,4.10,24.60
PO-102739,CUST-A,VEND-05,2025-09-19,Closed,ITM-0311,6,6.58,39.48
PO-102739,CUST-A,VEND-05,2025-09-19,Closed,ITM-0414,5,1.80,9.00
PO-102739,CUST-A,VEND-05,2025-09-19,Closed,ITM-0433,4,1.07,4.28
PO-102739,CUST-A,VEND-05,2025-09-19,Closed,ITM-0612,6,3.99,23.94
PO-102740,CUST-A,VEND-08,2025-02-15,Received,ITM-0517,1,42.85,42.85
PO-102740,CUST-A,VEND-08,2025-02-15,Received,ITM-0621,1,3.77,3.77
PO-102740,CUST-A,VEND-08,2025-02-15,Received,ITM-0929,24,1.10,26.40
PO-102741,CUST-D,VEND-03,2026-01-26,Received,ITM-0224,4,1.59,6.36
PO-102741,CUST-D,VEND-03,2026-01-26,Received,ITM-0306,4,0.97,3.88
PO-102741,CUST-D,VEND-03,2026-01-26,Received,ITM-0314,6,2.86,17.16
PO-102741,CUST-D,VEND-03,2026-01-26,Received,ITM-0733,1,24.24,24.24
PO-102741,CUST-D,VEND-03,2026-01-26,Received,ITM-0907,50,0.67,33.50
PO-102741,CUST-D,VEND-03,2026-01-26,Received,ITM-1001,10,1.14,11.40
PO-102742,CUST-D,VEND-04,2026-05-19,Closed,ITM-0237,2,3.24,6.48
PO-102742,CUST-D,VEND-04,2026-05-19,Closed,ITM-0611,4,3.61,14.44
PO-102742,CUST-D,VEND-04,2026-05-19,Closed,ITM-1015,4,4.43,17.72
PO-102743,CUST-E,VEND-06,2024-11-12,Cancelled,ITM-0408,10,5.04,50.40
PO-102744,CUST-C,VEND-05,2026-03-10,Cancelled,ITM-0211,2,12.74,25.48
PO-102744,CUST-C,VEND-05,2026-03-10,Cancelled,ITM-0211,2,12.74,25.48
PO-102744,CUST-C,VEND-05,2026-03-10,Cancelled,ITM-0403,12,2.57,30.84
PO-102744,CUST-C,VEND-05,2026-03-10,Cancelled,ITM-0412,4,1.07,4.28
PO-102744,CUST-C,VEND-05,2026-03-10,Cancelled,ITM-0414,50,1.78,89.00
PO-102744,CUST-C,VEND-05,2026-03-10,Cancelled,ITM-0629,4,3.41,13.64
PO-102745,CUST-F,VEND-06,2025-03-10,Received,ITM-0922,12,5.77,69.24
PO-102746,CUST-D,VEND-06,2024-09-16,Received,ITM-0201,2,4.01,8.02
PO-102747,CUST-H,VEND-11,2024-01-26,Received,ITM-0434,5,1.46,7.30
PO-102747,CUST-H,VEND-11,2024-01-26,Received,ITM-0627,1,7.84,7.84
PO-102747,CUST-H,VEND-11,2024-01-26,Received,ITM-0629,24,2.79,66.96
PO-102747,CUST-H,VEND-11,2024-01-26,Received,ITM-1001,5,1.02,5.10
PO-102747,CUST-H,VEND-11,2024-01-26,Received,ITM-1015,6,4.30,25.80
PO-102747,CUST-H,VEND-11,2024-01-26,Received,ITM-1022,2,5.17,10.34
PO-102748,CUST-C,VEND-05,2026-01-20,Cancelled,ITM-0612,4,3.96,15.84
PO-102748,CUST-C,VEND-05,2026-01-20,Cancelled,ITM-0701,6,26.71,160.26
PO-102749,CUST-B,VEND-06,2025-05-27,Received,ITM-0408,1,5.02,5.02
PO-102749,CUST-B,VEND-06,2025-05-27,Received,ITM-0922,10,6.00,60.00
PO-102749,CUST-B,VEND-06,2025-05-27,Received,ITM-1014,4,2.66,10.64
PO-102750,CUST-A,VEND-06,2026-05-20,Received,ITM-0920,2,3.00,6.00
PO-102751,CUST-C,VEND-05,2025-12-29,Cancelled,ITM-0328,20,3.38,67.60
PO-102751,CUST-C,VEND-05,2025-12-29,Cancelled,ITM-0414,5,1.89,9.45
PO-102751,CUST-C,VEND-05,2025-12-29,Cancelled,ITM-1014,12,2.90,34.80
PO-102752,CUST-A,VEND-10,2026-01-21,Received,ITM-0517,4,38.10,152.40
PO-102752,CUST-A,VEND-10,2026-01-21,Received,ITM-0929,1,1.18,1.18
PO-102753,CUST-B,VEND-02,2024-07-05,Closed,ITM-0237,12,3.27,39.24
PO-102753,CUST-B,VEND-02,2024-07-05,Closed,ITM-0404,2,3.08,6.16
PO-102754,CUST-D,VEND-01,2025-01-06,Closed,ITM-0611,6,3.28,19.68
PO-102755,CUST-D,VEND-10,2026-03-20,Received,ITM-0508,2,17.46,34.92
PO-102755,CUST-D,VEND-10,2026-03-20,Received,ITM-0535,3,9.47,28.41
PO-102755,CUST-D,VEND-10,2026-03-20,Received,ITM-0929,6,1.23,7.38
PO-102756,CUST-A,VEND-09,2026-07-10,Open,ITM-0201,4,4.17,16.68
PO-102756,CUST-A,VEND-09,2026-07-10,Open,ITM-0433,4,1.26,5.04
PO-102756,CUST-A,VEND-09,2026-07-10,Open,ITM-1021,4,4.91,19.64
PO-102757,CUST-C,VEND-01,2026-08-15,Open,ITM-0943,10,25.40,254.00
PO-102758,CUST-A,VEND-07,2024-12-08,Received,ITM-0251,1,2.35,2.35
PO-102758,CUST-A,VEND-07,2024-12-08,Received,ITM-0612,12,4.22,50.64
PO-102759,CUST-H,VEND-12,2025-09-11,Closed,ITM-0609,2,1.57,3.14
PO-102760,CUST-C,VEND-02,2025-06-22,Closed,ITM-0220,1,2.64,2.64
PO-102760,CUST-C,VEND-02,2025-06-22,Closed,ITM-0237,2,3.43,6.86
PO-102760,CUST-C,VEND-02,2025-06-22,Closed,ITM-0629,4,3.32,13.28
PO-102761,CUST-A,VEND-02,2024-12-06,Received,ITM-0237,2,3.09,6.18
PO-102761,CUST-A,VEND-02,2024-12-06,Received,ITM-0621,2,3.84,7.68
PO-102761,CUST-A,VEND-02,2024-12-06,Received,ITM-0903,1,0.20,0.20
PO-102761,CUST-A,VEND-02,2024-12-06,Received,ITM-1020,2,8.23,16.46
PO-102762,CUST-C,VEND-11,2025-11-07,Received,ITM-0629,4,3.02,12.08
PO-102762,CUST-C,VEND-11,2025-11-07,Received,ITM-0809,50,2.31,115.50
PO-102762,CUST-C,VEND-11,2025-11-07,Received,ITM-1015,4,4.54,18.16
PO-102762,CUST-C,VEND-11,2025-11-07,Received,ITM-1022,6,5.44,32.64
PO-102764,CUST-C,VEND-04,2026-04-13,Received,ITM-0632,4,4.58,18.32
PO-102765,CUST-D,VEND-01,2026-01-25,Closed,ITM-0228,6,4.51,27.06
PO-102765,CUST-D,VEND-01,2026-01-25,Closed,ITM-0426,10,26.90,269.00
PO-102766,CUST-B,VEND-10,2025-02-19,Cancelled,ITM-0431,3,0.84,2.52
PO-102766,CUST-B,VEND-10,2025-02-19,Cancelled,ITM-0434,2,1.55,3.10
PO-102766,CUST-B,VEND-10,2025-02-19,Cancelled,ITM-0737,1,74.34,74.34
PO-102766,CUST-B,VEND-10,2025-02-19,Cancelled,ITM-0808,2,1.82,3.64
PO-102767,CUST-E,VEND-06,2024-10-11,Received,ITM-0231,12,4.48,53.76
PO-102768,CUST-C,VEND-12,2024-01-21,Closed,ITM-0612,1,4.11,4.11
PO-102768,CUST-C,VEND-12,2024-01-21,Closed,ITM-0618,4,4.06,16.24
PO-102768,CUST-C,VEND-12,2024-01-21,Closed,ITM-0938,12,13.24,158.88
PO-102770,CUST-A,VEND-09,2025-12-05,Received,ITM-0201,2,4.32,8.64
PO-102770,CUST-A,VEND-09,2025-12-05,Received,ITM-0228,6,4.38,26.28
PO-102770,CUST-A,VEND-09,2025-12-05,Received,ITM-0433,2,1.25,2.50
PO-102770,CUST-A,VEND-09,2025-12-05,Received,ITM-1021,10,4.83,48.30
PO-102771,CUST-B,VEND-09,2024-04-03,Cancelled,ITM-0243,2,0.70,1.40
PO-102771,CUST-B,VEND-09,2024-04-03,Cancelled,ITM-0402,24,1.98,47.52
PO-102771,CUST-B,VEND-09,2024-04-03,Cancelled,ITM-0434,2,1.55,3.10
PO-102771,CUST-B,VEND-09,2024-04-03,Cancelled,ITM-0902,6,4.25,25.50
PO-102771,CUST-B,VEND-09,2024-04-03,Cancelled,ITM-0929,1,1.26,1.26
PO-102772,CUST-H,VEND-09,2026-07-16,Open,ITM-0243,2,0.77,1.54
PO-102773,CUST-A,VEND-02,2025-01-31,Received,ITM-0815,4,7.86,31.44
PO-102773,CUST-A,VEND-02,2025-01-31,Received,ITM-1020,12,8.18,98.16
PO-102774,CUST-A,VEND-08,2025-03-16,Cancelled,ITM-0306,24,0.89,21.36
PO-102775,CUST-A,VEND-01,2024-06-24,Received,ITM-0310,6,4.18,25.08
PO-102775,CUST-A,VEND-01,2024-06-24,Received,ITM-0426,24,23.64,567.36
PO-102775,CUST-A,VEND-01,2024-06-24,Received,ITM-0426,24,23.64,567.36
PO-102775,CUST-A,VEND-01,2024-06-24,Received,ITM-0611,2,3.14,6.28
PO-102775,CUST-A,VEND-01,2024-06-24,Received,ITM-0623,10,2.41,24.10
PO-102776,CUST-D,VEND-11,2024-03-17,Closed,ITM-0326,24,2.70,64.80
PO-102776,CUST-D,VEND-11,2024-03-17,Closed,ITM-0627,4,7.14,28.56
PO-102777,CUST-C,VEND-06,2025-01-07,Closed,ITM-0255,2,1.54,3.08
PO-102777,CUST-C,VEND-06,2025-01-07,Closed,ITM-0437,4,1.98,7.92
PO-102777,CUST-C,VEND-06,2025-01-07,Closed,ITM-0446,12,22.04,264.48
PO-102777,CUST-C,VEND-06,2025-01-07,Closed,ITM-0922,24,5.55,133.20
PO-102777,CUST-C,VEND-06,2025-01-07,Closed,ITM-0942,4,0.33,1.32
PO-102778,CUST-E,VEND-04,2025-08-28,Closed,ITM-0446,10,21.10,211.00
PO-102778,CUST-E,VEND-04,2025-08-28,Closed,ITM-0611,4,3.74,14.96
PO-102779,CUST-E,VEND-04,2024-03-03,Received,ITM-0228,4,4.28,17.12
PO-102779,CUST-E,VEND-04,2024-03-03,Received,ITM-0237,2,3.05,6.10
PO-102779,CUST-E,VEND-04,2024-03-03,Received,ITM-0306,6,0.98,5.88
PO-102779,CUST-E,VEND-04,2024-03-03,Received,ITM-0446,2,19.96,39.92
PO-102779,CUST-E,VEND-04,2024-03-03,Received,ITM-1003,2,1.09,2.18
PO-102779,CUST-E,VEND-04,2024-03-03,Received,ITM-1015,12,4.09,49.08
PO-102780,CUST-G,VEND-02,2025-12-24,Received,ITM-0220,50,2.66,133.00
PO-102780,CUST-G,VEND-02,2025-12-24,Received,ITM-0228,2,4.94,9.88
PO-102780,CUST-G,VEND-02,2025-12-24,Received,ITM-0251,1,2.69,2.69
PO-102781,CUST-F,VEND-07,2025-11-26,Received,ITM-0220,4,2.81,11.24
PO-102781,CUST-F,VEND-07,2025-11-26,Received,ITM-0604,1,13.34,13.34
PO-102781,CUST-F,VEND-07,2025-11-26,Received,ITM-0628,12,0.16,1.92
PO-102782,CUST-B,VEND-02,2025-04-29,Received,ITM-0220,2,2.56,5.12
PO-102782,CUST-B,VEND-02,2025-04-29,Received,ITM-0327,10,2.51,25.10
PO-102782,CUST-B,VEND-02,2025-04-29,Received,ITM-0621,12,4.49,53.88
PO-102782,CUST-B,VEND-02,2025-04-29,Received,ITM-1018,1,5.17,5.17
PO-102783,CUST-D,VEND-01,2025-04-04,Received,ITM-0414,4,1.85,7.40
PO-102783,CUST-D,VEND-01,2025-04-04,Received,ITM-0426,1,25.57,25.57
PO-102783,CUST-D,VEND-01,2025-04-04,Received,ITM-0939,4,15.44,61.76
PO-102783,CUST-D,VEND-01,2025-04-04,Received,ITM-1003,2,1.12,2.24
PO-102784,CUST-A,VEND-11,2026-07-30,Open,ITM-0911,4,1.23,4.92
PO-102784,CUST-A,VEND-11,2026-07-30,Open,ITM-1015,10,4.44,44.40
PO-102785,CUST-A,VEND-03,2024-06-23,Received,ITM-0311,4,6.53,26.12
PO-102785,CUST-A,VEND-03,2024-06-23,Received,ITM-0618,4,3.89,15.56
PO-102785,CUST-A,VEND-03,2024-06-23,Received,ITM-1001,6,0.99,5.94
PO-102787,CUST-A,VEND-12,2024-12-12,Received,ITM-0612,6,3.91,23.46
PO-102788,CUST-F,VEND-07,2024-03-21,Closed,ITM-0220,10,2.74,27.40
PO-102788,CUST-F,VEND-07,2024-03-21,Closed,ITM-0250,4,62.97,251.88
PO-102788,CUST-F,VEND-07,2024-03-21,Closed,ITM-0306,4,0.92,3.68
PO-102789,CUST-A,VEND-01,2024-12-16,Received,ITM-0426,2,23.79,47.58
PO-102789,CUST-A,VEND-01,2024-12-16,Received,ITM-0434,2,1.45,2.90
PO-102790,CUST-F,VEND-04,2026-02-21,Received,ITM-0228,2,4.88,9.76
PO-102790,CUST-F,VEND-04,2026-02-21,Received,ITM-0611,3,3.53,10.59
PO-102791,CUST-C,VEND-01,2024-12-29,Cancelled,ITM-0412,6,1.07,6.42
PO-102791,CUST-C,VEND-01,2024-12-29,Cancelled,ITM-0414,2,1.82,3.64
PO-102791,CUST-C,VEND-01,2024-12-29,Cancelled,ITM-0611,6,3.47,20.82
PO-102791,CUST-C,VEND-01,2024-12-29,Cancelled,ITM-0927,2,0.56,1.12
PO-102792,CUST-H,VEND-12,2024-11-04,Received,ITM-0426,12,27.23,326.76
PO-102792,CUST-H,VEND-12,2024-11-04,Received,ITM-0612,6,4.00,24.00
PO-102792,CUST-H,VEND-12,2024-11-04,Received,ITM-0911,12,1.22,14.64
PO-102793,CUST-B,VEND-09,2024-07-09,Received,ITM-0416,10,2.90,29.00
PO-102794,CUST-A,VEND-09,2026-03-06,Closed,ITM-0421,2,18.86,37.72
PO-102794,CUST-A,VEND-09,2026-03-06,Closed,ITM-0434,12,1.57,18.84
PO-102795,CUST-A,VEND-10,2025-05-12,Closed,ITM-0610,10,2.22,22.20
PO-102796,CUST-A,VEND-03,2026-01-24,Cancelled,ITM-0809,2,2.40,4.80
PO-102797,CUST-A,VEND-03,2026-08-18,Open,ITM-0243,20,0.71,14.20
PO-102797,CUST-A,VEND-03,2026-08-18,Open,ITM-1010,12,9.26,111.12
PO-102798,CUST-A,VEND-09,2024-09-23,Received,ITM-0416,1,2.67,2.67
PO-102798,CUST-A,VEND-09,2024-09-23,Received,ITM-0433,2,1.20,2.40
PO-102798,CUST-A,VEND-09,2024-09-23,Received,ITM-0434,2,1.54,3.08
PO-102798,CUST-A,VEND-09,2024-09-23,Received,ITM-0527,1,9.70,9.70
PO-102799,CUST-D,VEND-11,2026-08-25,Open,ITM-0627,2,7.88,15.76
PO-102799,CUST-D,VEND-11,2026-08-25,Open,ITM-0629,10,3.16,31.60
PO-102799,CUST-D,VEND-11,2026-08-25,Open,ITM-1015,10,4.61,46.10
PO-102800,CUST-A,VEND-02,2025-05-04,Cancelled,ITM-0237,4,3.24,12.96
PO-102800,CUST-A,VEND-02,2025-05-04,Cancelled,ITM-0621,10,3.97,39.70
PO-102801,CUST-A,VEND-08,2025-09-11,Received,ITM-0201,4,4.31,17.24
PO-102801,CUST-A,VEND-08,2025-09-11,Received,ITM-0253,2,1.14,2.28
PO-102801,CUST-A,VEND-08,2025-09-11,Received,ITM-0306,6,0.94,5.64
PO-102801,CUST-A,VEND-08,2025-09-11,Received,ITM-0310,12,4.46,53.52
PO-102801,CUST-A,VEND-08,2025-09-11,Received,ITM-0611,2,3.08,6.16
PO-102801,CUST-A,VEND-08,2025-09-11,Received,ITM-0621,2,3.94,7.88
PO-102802,CUST-A,VEND-10,2024-01-09,Received,ITM-0328,4,3.15,12.60
PO-102802,CUST-A,VEND-10,2024-01-09,Received,ITM-0437,10,1.91,19.10
PO-102803,CUST-C,VEND-07,2024-08-21,Received,ITM-0408,1,4.69,4.69
PO-102804,CUST-C,VEND-05,2026-02-05,Received,ITM-0403,1,2.55,2.55
PO-102804,CUST-C,VEND-05,2026-02-05,Received,ITM-0414,6,1.87,11.22
PO-102804,CUST-C,VEND-05,2026-02-05,Received,ITM-0433,2,1.15,2.30
PO-102804,CUST-C,VEND-05,2026-02-05,Received,ITM-0612,1,4.17,4.17
PO-102804,CUST-C,VEND-05,2026-02-05,Received,ITM-0629,10,3.31,33.10
PO-102804,CUST-C,VEND-05,2026-02-05,Received,ITM-1011,4,4.24,16.96
PO-102805,CUST-H,VEND-03,2026-07-19,Open,ITM-0306,4,1.05,4.20
PO-102805,CUST-H,VEND-03,2026-07-19,Open,ITM-0311,2,7.66,15.32
PO-102805,CUST-H,VEND-03,2026-07-19,Open,ITM-1019,1,6.97,6.97
PO-102806,CUST-H,VEND-07,2024-04-11,Received,ITM-0255,1,1.54,1.54
PO-102806,CUST-H,VEND-07,2024-04-11,Received,ITM-0604,4,12.51,50.04
PO-102806,CUST-H,VEND-07,2024-04-11,Received,ITM-0612,10,4.15,41.50
PO-102807,CUST-F,VEND-03,2025-10-27,Received,ITM-0939,10,17.12,171.20
PO-102808,CUST-D,VEND-07,2026-04-08,Closed,ITM-0246,10,2.06,20.60
PO-102808,CUST-D,VEND-07,2026-04-08,Closed,ITM-0517,3,45.07,135.21
PO-102808,CUST-D,VEND-07,2026-04-08,Closed,ITM-0623,2,2.39,4.78
PO-102808,CUST-D,VEND-07,2026-04-08,Closed,ITM-0927,2,0.56,1.12
PO-102809,CUST-C,VEND-01,2026-06-12,Open,ITM-0327,2,2.31,4.62
PO-102810,CUST-D,VEND-08,2024-09-05,Closed,ITM-0201,2,4.44,8.88
PO-102810,CUST-D,VEND-08,2024-09-05,Closed,ITM-0517,4,42.35,169.40
PO-102811,CUST-E,VEND-03,2024-12-27,Received,ITM-0402,24,1.91,45.84
PO-102812,CUST-E,VEND-02,2025-05-29,Closed,ITM-0201,10,4.37,43.70
PO-102813,CUST-D,VEND-12,2025-12-19,Received,ITM-0220,12,2.71,32.52
PO-102813,CUST-D,VEND-12,2025-12-19,Received,ITM-0426,4,27.01,108.04
PO-102813,CUST-D,VEND-12,2025-12-19,Received,ITM-1003,12,1.15,13.80
PO-102813,CUST-D,VEND-12,2025-12-19,Received,ITM-1015,4,4.83,19.32
PO-102814,CUST-F,VEND-07,2026-08-01,Open,ITM-0208,6,5.19,31.14
PO-102814,CUST-F,VEND-07,2026-08-01,Open,ITM-0623,12,2.65,31.80
PO-102814,CUST-F,VEND-07,2026-08-01,Open,ITM-0715,2,75.68,151.36
PO-102814,CUST-F,VEND-07,2026-08-01,Open,ITM-0927,10,0.54,5.40
PO-102814,CUST-F,VEND-07,2026-08-01,Open,ITM-1020,6,9.16,54.96
PO-102815,CUST-C,VEND-09,2024-01-18,Closed,ITM-0228,1,4.53,4.53
PO-102815,CUST-C,VEND-09,2024-01-18,Closed,ITM-0433,50,1.08,54.00
PO-102815,CUST-C,VEND-09,2024-01-18,Closed,ITM-0614,24,5.69,136.56
PO-102815,CUST-C,VEND-09,2024-01-18,Closed,ITM-0721,2,36.27,72.54
PO-102815,CUST-C,VEND-09,2024-01-18,Closed,ITM-0929,4,1.17,4.68
PO-102815,CUST-C,VEND-09,2024-01-18,Closed,ITM-1011,2,4.21,8.42
PO-102816,CUST-D,VEND-02,2025-06-18,Closed,ITM-0228,6,4.58,27.48
PO-102817,CUST-F,VEND-12,2024-07-30,Closed,ITM-0230,4,3.21,12.84
PO-102817,CUST-F,VEND-12,2024-07-30,Closed,ITM-0309,1,2.06,2.06
PO-102817,CUST-F,VEND-12,2024-07-30,Closed,ITM-0328,2,3.52,7.04
PO-102817,CUST-F,VEND-12,2024-07-30,Closed,ITM-1015,12,4.33,51.96
PO-102818,CUST-B,VEND-08,2024-02-28,Closed,ITM-0230,12,3.03,36.36
PO-102819,CUST-D,VEND-09,2024-12-02,Received,ITM-0433,10,1.26,12.60
PO-102819,CUST-D,VEND-09,2024-12-02,Received,ITM-0614,10,6.12,61.20
PO-102821,CUST-F,VEND-05,2025-01-24,Received,ITM-0403,6,2.49,14.94
PO-102822,CUST-A,VEND-12,2025-05-31,Received,ITM-0220,2,2.56,5.12
PO-102822,CUST-A,VEND-12,2025-05-31,Received,ITM-0426,1,24.45,24.45
PO-102822,CUST-A,VEND-12,2025-05-31,Received,ITM-0612,1,4.13,4.13
PO-102823,CUST-H,VEND-07,2025-02-04,Cancelled,ITM-0612,10,4.22,42.20
PO-102823,CUST-H,VEND-07,2025-02-04,Cancelled,ITM-0943,12,24.03,288.36
PO-102824,CUST-H,VEND-07,2025-04-14,Received,ITM-0303,2,2.46,4.92
PO-102824,CUST-H,VEND-07,2025-04-14,Received,ITM-0527,2,9.18,18.36
PO-102825,CUST-F,VEND-09,2025-04-30,Closed,ITM-0433,4,1.30,5.20
PO-102825,CUST-F,VEND-09,2025-04-30,Closed,ITM-0902,1,4.63,4.63
PO-102825,CUST-F,VEND-09,2025-04-30,Closed,ITM-1021,6,4.85,29.10
PO-102826,CUST-B,VEND-07,2024-08-27,Received,ITM-0220,6,2.78,16.68
PO-102826,CUST-B,VEND-07,2024-08-27,Received,ITM-0251,12,2.41,28.92
PO-102826,CUST-B,VEND-07,2024-08-27,Received,ITM-0605,4,16.04,64.16
PO-102826,CUST-B,VEND-07,2024-08-27,Received,ITM-0921,24,3.60,86.40
PO-102827,CUST-D,VEND-10,2026-02-23,Closed,ITM-0922,2,6.37,12.74
PO-102827,CUST-D,VEND-10,2026-02-23,Closed,ITM-1014,12,2.81,33.72
PO-102828,CUST-F,VEND-05,2025-09-11,Received,ITM-0426,12,26.32,315.84
PO-102828,CUST-F,VEND-05,2025-09-11,Received,ITM-0733,20,22.48,449.60
PO-102828,CUST-F,VEND-05,2025-09-11,Received,ITM-1010,4,9.35,37.40
PO-102828,CUST-F,VEND-05,2025-09-11,Received,ITM-1010,4,9.35,37.40
PO-102829,CUST-C,VEND-12,2024-07-30,Received,ITM-0908,2,0.94,1.88
PO-102830,CUST-C,VEND-04,2024-11-25,Received,ITM-0611,4,3.44,13.76
PO-102830,CUST-C,VEND-04,2024-11-25,Received,ITM-0632,1,4.41,4.41
PO-102831,CUST-G,VEND-12,2024-06-30,Received,ITM-1011,1,3.79,3.79
PO-102832,CUST-F,VEND-07,2025-07-01,Closed,ITM-0220,5,2.77,13.85
PO-102833,CUST-B,VEND-01,2024-09-01,Received,ITM-0208,12,4.90,58.80
PO-102833,CUST-B,VEND-01,2024-09-01,Received,ITM-0208,12,4.90,58.80
PO-102833,CUST-B,VEND-01,2024-09-01,Received,ITM-0413,12,1.56,18.72
PO-102833,CUST-B,VEND-01,2024-09-01,Received,ITM-0433,12,1.17,14.04
PO-102833,CUST-B,VEND-01,2024-09-01,Received,ITM-0611,4,3.32,13.28
PO-102834,CUST-F,VEND-09,2025-05-16,Received,ITM-0201,20,4.56,91.20
PO-102834,CUST-F,VEND-09,2025-05-16,Received,ITM-0433,1,1.31,1.31
PO-102834,CUST-F,VEND-09,2025-05-16,Received,ITM-1021,6,4.88,29.28
PO-102835,CUST-D,VEND-12,2024-03-02,Closed,ITM-0328,10,3.24,32.40
PO-102835,CUST-D,VEND-12,2024-03-02,Closed,ITM-0426,24,22.60,542.40
PO-102835,CUST-D,VEND-12,2024-03-02,Closed,ITM-1015,12,4.21,50.52
PO-102836,CUST-B,VEND-12,2024-01-21,Cancelled,ITM-0230,24,2.90,69.60
PO-102836,CUST-B,VEND-12,2024-01-21,Cancelled,ITM-0403,2,2.35,4.70
PO-102836,CUST-B,VEND-12,2024-01-21,Cancelled,ITM-0426,4,25.19,100.76
PO-102836,CUST-B,VEND-12,2024-01-21,Cancelled,ITM-0612,10,4.07,40.70
PO-102837,CUST-E,VEND-07,2025-11-06,Received,ITM-0306,10,1.05,10.50
PO-102837,CUST-E,VEND-07,2025-11-06,Received,ITM-0612,1,4.27,4.27
PO-102838,CUST-E,VEND-11,2024-08-02,Closed,ITM-0253,10,1.26,12.60
PO-102838,CUST-E,VEND-11,2024-08-02,Closed,ITM-0434,10,1.48,14.80
PO-102838,CUST-E,VEND-11,2024-08-02,Closed,ITM-0629,6,2.97,17.82
PO-102838,CUST-E,VEND-11,2024-08-02,Closed,ITM-0737,6,76.06,456.36
PO-102838,CUST-E,VEND-11,2024-08-02,Closed,ITM-1010,2,9.47,18.94
PO-102839,CUST-H,VEND-08,2024-05-05,Received,ITM-0306,1,0.96,0.96
PO-102839,CUST-H,VEND-08,2024-05-05,Received,ITM-0903,10,0.21,2.10
PO-102839,CUST-H,VEND-08,2024-05-05,Received,ITM-1019,2,6.59,13.18
PO-102840,CUST-D,VEND-06,2024-04-29,Closed,ITM-0446,4,21.47,85.88
PO-102840,CUST-D,VEND-06,2024-04-29,Closed,ITM-0604,4,12.17,48.68
PO-102840,CUST-D,VEND-06,2024-04-29,Closed,ITM-0922,1,5.57,5.57
PO-102840,CUST-D,VEND-06,2024-04-29,Closed,ITM-1014,2,2.47,4.94
PO-102840,CUST-D,VEND-06,2024-04-29,Closed,ITM-1015,1,4.42,4.42
PO-102841,CUST-A,VEND-06,2025-10-24,Received,ITM-0311,4,6.56,26.24
PO-102841,CUST-A,VEND-06,2025-10-24,Received,ITM-1006,2,1.20,2.40
PO-102842,CUST-B,VEND-02,2025-10-23,Received,ITM-0220,1,2.77,2.77
PO-102842,CUST-B,VEND-02,2025-10-23,Received,ITM-0629,3,3.16,9.48
PO-102842,CUST-B,VEND-02,2025-10-23,Received,ITM-0909,4,0.98,3.92
PO-102843,CUST-A,VEND-07,2025-12-21,Received,ITM-0612,2,4.03,8.06
PO-102844,CUST-H,VEND-07,2026-09-01,Open,ITM-0104,10,68.28,682.80
PO-102844,CUST-H,VEND-07,2026-09-01,Open,ITM-0306,1,1.04,1.04
PO-102844,CUST-H,VEND-07,2026-09-01,Open,ITM-0404,10,3.30,33.00
PO-102844,CUST-H,VEND-07,2026-09-01,Open,ITM-0604,1,13.12,13.12
PO-102844,CUST-H,VEND-07,2026-09-01,Open,ITM-0943,4,25.17,100.68
PO-102844,CUST-H,VEND-07,2026-09-01,Open,ITM-1001,12,1.13,13.56
PO-102845,CUST-A,VEND-04,2024-01-24,Received,ITM-0225,2,2.12,4.24
PO-102846,CUST-D,VEND-03,2024-06-02,Received,ITM-0224,2,1.51,3.02
PO-102846,CUST-D,VEND-03,2024-06-02,Received,ITM-0437,6,1.94,11.64
PO-102847,CUST-A,VEND-08,2025-02-18,Closed,ITM-0201,4,4.13,16.52
PO-102847,CUST-A,VEND-08,2025-02-18,Closed,ITM-0614,1,,
PO-102847,CUST-A,VEND-08,2025-02-18,Closed,ITM-0621,2,3.80,7.60
PO-102847,CUST-A,VEND-08,2025-02-18,Closed,ITM-1008,3,1.34,4.02
PO-102848,CUST-F,VEND-05,2024-01-21,Closed,ITM-0426,12,23.12,277.44
PO-102848,CUST-F,VEND-05,2024-01-21,Closed,ITM-0433,1,1.02,1.02
PO-102848,CUST-F,VEND-05,2024-01-21,Closed,ITM-0435,4,1.50,6.00
PO-102848,CUST-F,VEND-05,2024-01-21,Closed,ITM-0435,4,1.50,6.00
PO-102848,CUST-F,VEND-05,2024-01-21,Closed,ITM-1014,4,2.49,9.96
PO-102849,CUST-E,VEND-06,2024-01-04,Received,ITM-0629,2,3.21,6.42
PO-102849,CUST-E,VEND-06,2024-01-04,Received,ITM-0632,6,3.95,23.70
PO-102850,CUST-D,VEND-06,2025-12-09,Closed,ITM-0243,2,0.72,1.44
PO-102850,CUST-D,VEND-06,2025-12-09,Closed,ITM-0446,6,22.80,136.80
PO-102850,CUST-D,VEND-06,2025-12-09,Closed,ITM-0610,4,2.34,9.36
PO-102850,CUST-D,VEND-06,2025-12-09,Closed,ITM-0629,6,3.30,19.80
PO-102850,CUST-D,VEND-06,2025-12-09,Closed,ITM-1015,12,4.43,53.16
PO-102851,CUST-A,VEND-12,2024-07-23,Received,ITM-0403,4,2.35,9.40
PO-102852,CUST-B,VEND-04,2024-07-22,Closed,ITM-0508,2,16.37,32.74
PO-102852,CUST-B,VEND-04,2024-07-22,Closed,ITM-1015,2,4.11,8.22
PO-102853,CUST-A,VEND-07,2025-06-19,Received,ITM-0310,6,4.26,25.56
PO-102854,CUST-C,VEND-09,2025-12-23,Received,ITM-0326,1,2.92,2.92
PO-102854,CUST-C,VEND-09,2025-12-23,Received,ITM-0805,6,37.40,224.40
PO-102854,CUST-C,VEND-09,2025-12-23,Received,ITM-0928,24,0.79,18.96
PO-102855,CUST-A,VEND-09,2024-11-30,Closed,ITM-0201,1,4.11,4.11
PO-102855,CUST-A,VEND-09,2024-11-30,Closed,ITM-0433,6,1.23,7.38
PO-102855,CUST-A,VEND-09,2024-11-30,Closed,ITM-0527,6,8.81,52.86
PO-102856,CUST-B,VEND-05,2024-03-13,Cancelled,ITM-0913,5,1.35,6.75
PO-102856,CUST-B,VEND-05,2024-03-13,Cancelled,ITM-1014,2,2.39,4.78
PO-102857,CUST-E,VEND-10,2025-03-27,Received,ITM-0434,6,1.47,8.82
PO-102857,CUST-E,VEND-10,2025-03-27,Received,ITM-0737,3,72.74,218.22
PO-102857,CUST-E,VEND-10,2025-03-27,Received,ITM-0929,4,1.24,4.96
PO-102857,CUST-E,VEND-10,2025-03-27,Received,ITM-1014,3,2.67,8.01
PO-102858,CUST-D,VEND-01,2025-05-05,Cancelled,ITM-0426,2,24.57,49.14
PO-102858,CUST-D,VEND-01,2025-05-05,Cancelled,ITM-0434,20,1.41,28.20
PO-102859,CUST-A,VEND-12,2024-02-23,Received,ITM-0403,4,2.34,9.36
PO-102859,CUST-A,VEND-12,2024-02-23,Received,ITM-0426,50,20.92,1046.00
PO-102859,CUST-A,VEND-12,2024-02-23,Received,ITM-0432,24,0.85,20.40
PO-102859,CUST-A,VEND-12,2024-02-23,Received,ITM-0612,4,3.73,14.92
PO-102859,CUST-A,VEND-12,2024-02-23,Received,ITM-0623,5,2.28,11.40
PO-102859,CUST-A,VEND-12,2024-02-23,Received,ITM-1011,6,3.22,19.32
PO-102860,CUST-D,VEND-02,2026-06-02,Closed,ITM-0621,10,4.11,41.10
PO-102861,CUST-H,VEND-04,2026-01-05,Received,ITM-0237,2,3.09,6.18
PO-102862,CUST-B,VEND-06,2024-05-17,Closed,ITM-0243,12,0.76,9.12
PO-102863,CUST-B,VEND-04,2026-01-10,Received,ITM-1022,6,5.91,35.46
PO-102864,CUST-E,VEND-05,2026-01-26,Closed,ITM-0328,12,3.26,39.12
PO-102864,CUST-E,VEND-05,2026-01-26,Closed,ITM-0904,50,0.33,16.50
PO-102866,CUST-A,VEND-01,2026-04-03,Received,ITM-0433,12,1.18,14.16
PO-102866,CUST-A,VEND-01,2026-04-03,Received,ITM-0943,10,22.24,222.40
PO-102867,CUST-H,VEND-04,2025-05-05,Received,ITM-0237,2,3.12,6.24
PO-102868,CUST-F,VEND-08,2026-07-20,Closed,ITM-0230,50,2.74,137.00
PO-102868,CUST-F,VEND-08,2026-07-20,Closed,ITM-0306,3,1.03,3.09
PO-102868,CUST-F,VEND-08,2026-07-20,Closed,ITM-0435,2,1.69,3.38
PO-102868,CUST-F,VEND-08,2026-07-20,Closed,ITM-0511,4,28.09,112.36
PO-102868,CUST-F,VEND-08,2026-07-20,Closed,ITM-0611,4,3.65,14.60
PO-102868,CUST-F,VEND-08,2026-07-20,Closed,ITM-0632,6,4.40,26.40
PO-102869,CUST-H,VEND-08,2025-01-22,Received,ITM-0253,6,1.22,7.32
PO-102869,CUST-H,VEND-08,2025-01-22,Received,ITM-0306,4,0.92,3.68
PO-102870,CUST-F,VEND-02,2026-01-31,Closed,ITM-0621,10,4.33,43.30
PO-102870,CUST-F,VEND-02,2026-01-31,Closed,ITM-0938,1,13.56,13.56
PO-102871,CUST-G,VEND-08,2025-09-25,Received,ITM-0614,2,5.79,11.58
PO-102871,CUST-G,VEND-08,2025-09-25,Received,ITM-0621,6,4.20,25.20
PO-102871,CUST-G,VEND-08,2025-09-25,Received,ITM-0903,5,0.23,1.15
PO-102872,CUST-B,VEND-07,2024-03-18,Received,ITM-0612,2,3.87,7.74
PO-102872,CUST-B,VEND-07,2024-03-18,Received,ITM-0623,1,2.43,2.43
PO-102873,CUST-E,VEND-12,2026-06-07,Open,ITM-0220,6,2.98,17.88
PO-102873,CUST-E,VEND-12,2026-06-07,Open,ITM-0309,1,2.16,2.16
PO-102873,CUST-E,VEND-12,2026-06-07,Open,ITM-0612,6,4.56,27.36
PO-102873,CUST-E,VEND-12,2026-06-07,Open,ITM-1015,4,4.94,19.76
PO-102874,CUST-B,VEND-08,2026-05-29,Received,ITM-0230,10,3.22,32.20
PO-102874,CUST-B,VEND-08,2026-05-29,Received,ITM-0310,10,4.77,47.70
PO-102875,CUST-A,VEND-11,2024-09-29,Closed,ITM-0627,3,7.32,21.96
PO-102875,CUST-A,VEND-11,2024-09-29,Closed,ITM-0913,12,1.37,16.44
PO-102875,CUST-A,VEND-11,2024-09-29,Closed,ITM-1015,4,4.13,16.52
PO-102876,CUST-E,VEND-09,2025-08-19,Closed,ITM-0914,4,1.61,6.44
PO-102877,CUST-A,VEND-04,2026-02-28,Received,ITM-0237,1,3.18,3.18
PO-102877,CUST-A,VEND-04,2026-02-28,Received,ITM-0306,6,0.98,5.88
PO-102878,CUST-A,VEND-02,2024-08-18,Received,ITM-0408,2,4.91,9.82
PO-102879,CUST-C,VEND-03,2024-10-31,Received,ITM-0808,2,1.80,3.60
PO-102879,CUST-C,VEND-03,2024-10-31,Received,ITM-1014,4,2.66,10.64
PO-102880,CUST-E,VEND-11,2025-07-28,Received,ITM-0433,1,1.23,1.23
PO-102880,CUST-E,VEND-11,2025-07-28,Received,ITM-0808,1,2.03,2.03
PO-102880,CUST-E,VEND-11,2025-07-28,Received,ITM-1008,10,1.43,14.30
PO-102881,CUST-B,VEND-07,2024-03-04,Received,ITM-0220,24,2.72,65.28
PO-102881,CUST-B,VEND-07,2024-03-04,Received,ITM-0306,10,1.00,10.00
PO-102882,CUST-B,VEND-05,2025-12-25,Received,ITM-0403,2,2.54,5.08
PO-102883,CUST-D,VEND-05,2026-08-22,Received,ITM-0229,4,1.56,6.24
PO-102883,CUST-D,VEND-05,2026-08-22,Received,ITM-0403,10,2.57,25.70
PO-102883,CUST-D,VEND-05,2026-08-22,Received,ITM-0426,1,26.31,26.31
PO-102883,CUST-D,VEND-05,2026-08-22,Received,ITM-0629,24,2.97,71.28
PO-102883,CUST-D,VEND-05,2026-08-22,Received,ITM-0733,6,24.54,147.24
PO-102883,CUST-D,VEND-05,2026-08-22,Received,ITM-0904,10,0.32,3.20
PO-102885,CUST-A,VEND-06,2025-10-22,Received,ITM-0201,5,3.92,19.60
PO-102885,CUST-A,VEND-06,2025-10-22,Received,ITM-0243,4,0.71,2.84
PO-102885,CUST-A,VEND-06,2025-10-22,Received,ITM-0311,6,6.36,38.16
PO-102885,CUST-A,VEND-06,2025-10-22,Received,ITM-0604,4,12.46,49.84
PO-102886,CUST-A,VEND-04,2026-01-19,Received,ITM-0306,10,1.01,10.10
PO-102887,CUST-B,VEND-06,2026-05-11,Received,ITM-0632,6,4.15,24.90
PO-102887,CUST-B,VEND-06,2026-05-11,Received,ITM-1015,12,4.72,56.64
PO-102888,CUST-D,VEND-08,2026-04-20,Received,ITM-0902,6,4.55,27.30
PO-102889,CUST-D,VEND-07,2026-05-15,Received,ITM-0255,4,1.66,6.64
PO-102889,CUST-D,VEND-07,2026-05-15,Received,ITM-0306,6,1.07,6.42
PO-102889,CUST-D,VEND-07,2026-05-15,Received,ITM-0310,10,4.85,48.50
PO-102889,CUST-D,VEND-07,2026-05-15,Received,ITM-0517,4,43.09,172.36
PO-102890,CUST-B,VEND-12,2026-07-02,Received,ITM-0403,4,2.79,11.16
PO-102890,CUST-B,VEND-12,2026-07-02,Received,ITM-0426,3,27.63,82.89
PO-102890,CUST-B,VEND-12,2026-07-02,Received,ITM-0938,10,14.60,146.00
PO-102891,CUST-B,VEND-02,2025-06-09,Received,ITM-0220,10,2.78,27.80
PO-102891,CUST-B,VEND-02,2025-06-09,Received,ITM-0311,6,7.22,43.32
PO-102892,CUST-A,VEND-04,2025-07-05,Received,ITM-0237,6,3.06,18.36
PO-102892,CUST-A,VEND-04,2025-07-05,Received,ITM-0446,10,19.50,195.00
PO-102893,CUST-D,VEND-10,2025-05-10,Received,ITM-0508,50,15.36,768.00
PO-102893,CUST-D,VEND-10,2025-05-10,Received,ITM-0517,6,40.74,244.44
PO-102893,CUST-D,VEND-10,2025-05-10,Received,ITM-0808,24,1.71,41.04
PO-102893,CUST-D,VEND-10,2025-05-10,Received,ITM-0902,24,4.01,96.24
PO-102893,CUST-D,VEND-10,2025-05-10,Received,ITM-0922,1,5.97,5.97
PO-102894,CUST-D,VEND-01,2025-02-22,Received,ITM-0627,6,7.43,44.58
PO-102895,CUST-A,VEND-08,2026-04-22,Received,ITM-0201,4,4.30,17.20
PO-102895,CUST-A,VEND-08,2026-04-22,Received,ITM-0250,12,60.62,727.44
PO-102895,CUST-A,VEND-08,2026-04-22,Received,ITM-0611,12,3.22,38.64
PO-102895,CUST-A,VEND-08,2026-04-22,Received,ITM-0621,12,3.96,47.52
PO-102896,CUST-D,VEND-04,2024-03-07,Received,ITM-0237,2,2.99,5.98
PO-102896,CUST-D,VEND-04,2024-03-07,Received,ITM-0306,4,0.96,3.84
PO-102896,CUST-D,VEND-04,2024-03-07,Received,ITM-0326,3,2.44,7.32
PO-102896,CUST-D,VEND-04,2024-03-07,Received,ITM-0939,2,15.94,31.88
PO-102896,CUST-D,VEND-04,2024-03-07,Received,ITM-1015,24,4.24,101.76
PO-102897,CUST-A,VEND-08,2025-05-20,Received,ITM-0253,10,1.19,11.90
PO-102897,CUST-A,VEND-08,2025-05-20,Received,ITM-0627,12,6.64,79.68
PO-102897,CUST-A,VEND-08,2025-05-20,Received,ITM-0903,6,0.21,1.26
PO-102898,CUST-A,VEND-08,2025-11-25,Received,ITM-0201,10,4.14,41.40
PO-102898,CUST-A,VEND-08,2025-11-25,Received,ITM-0310,10,4.75,47.50
PO-102898,CUST-A,VEND-08,2025-11-25,Received,ITM-0611,2,3.40,6.80
PO-102898,CUST-A,VEND-08,2025-11-25,Received,ITM-0627,1,7.11,7.11
PO-102899,CUST-H,VEND-02,2025-09-03,Closed,ITM-0225,1,2.47,2.47
PO-102899,CUST-H,VEND-02,2025-09-03,Closed,ITM-0311,6,7.50,45.00
PO-102900,CUST-C,VEND-01,2024-04-17,Closed,ITM-0412,4,0.99,3.96
PO-102900,CUST-C,VEND-01,2024-04-17,Closed,ITM-0414,2,1.84,3.68
PO-102900,CUST-C,VEND-01,2024-04-17,Closed,ITM-0611,4,3.51,14.04
PO-102901,CUST-F,VEND-08,2026-07-14,Open,ITM-0430,2,0.51,1.02
PO-102902,CUST-D,VEND-05,2025-08-18,Received,ITM-0311,3,6.62,19.86
PO-102903,CUST-A,VEND-05,2025-06-04,Received,ITM-0612,4,3.85,15.40
PO-102904,CUST-A,VEND-10,2024-05-16,Received,ITM-0610,2,2.21,4.42
PO-102904,CUST-A,VEND-10,2024-05-16,Received,ITM-0908,4,0.84,3.36
PO-102905,CUST-C,VEND-10,2025-10-06,Received,ITM-0434,4,1.57,6.28
PO-102905,CUST-C,VEND-10,2025-10-06,Received,ITM-0437,12,2.18,26.16
PO-102905,CUST-C,VEND-10,2025-10-06,Received,ITM-0922,24,6.08,145.92
PO-102906,CUST-H,VEND-03,2024-01-19,Received,ITM-0311,5,6.74,33.70
PO-102906,CUST-H,VEND-03,2024-01-19,Received,ITM-0628,1,0.15,0.15
PO-102906,CUST-H,VEND-03,2024-01-19,Received,ITM-0809,4,2.48,9.92
PO-102906,CUST-H,VEND-03,2024-01-19,Received,ITM-1010,1,9.08,9.08
PO-102907,CUST-A,VEND-06,2024-01-26,Received,ITM-0243,1,0.69,0.69
PO-102907,CUST-A,VEND-06,2024-01-26,Received,ITM-0632,1,3.80,3.80
PO-102907,CUST-A,VEND-06,2024-01-26,Received,ITM-0917,5,3.20,16.00
PO-102907,CUST-A,VEND-06,2024-01-26,Received,ITM-1015,4,4.00,16.00
PO-102908,CUST-D,VEND-12,2025-11-09,Closed,ITM-0403,50,2.27,113.50
PO-102909,CUST-D,VEND-06,2024-08-16,Received,ITM-0446,6,21.60,129.60
PO-102909,CUST-D,VEND-06,2024-08-16,Received,ITM-0632,6,4.27,25.62
PO-102909,CUST-D,VEND-06,2024-08-16,Received,ITM-0910,1,1.10,1.10
PO-102910,CUST-B,VEND-06,2024-08-06,Closed,ITM-0610,1,2.29,2.29
PO-102911,CUST-E,VEND-01,2025-04-14,Received,ITM-1003,1,1.10,1.10
PO-102912,CUST-H,VEND-12,2025-09-26,Received,ITM-0254,4,1.77,7.08
PO-102912,CUST-H,VEND-12,2025-09-26,Received,ITM-0426,10,27.40,274.00
PO-102912,CUST-H,VEND-12,2025-09-26,Received,ITM-0609,2,1.65,3.30
PO-102912,CUST-H,VEND-12,2025-09-26,Received,ITM-0612,1,,
PO-102912,CUST-H,VEND-12,2025-09-26,Received,ITM-1003,1,1.18,1.18
PO-102912,CUST-H,VEND-12,2025-09-26,Received,ITM-1015,2,4.70,9.40
PO-102913,CUST-A,VEND-01,2026-04-11,Closed,ITM-0511,12,23.66,283.92
PO-102913,CUST-A,VEND-01,2026-04-11,Closed,ITM-0611,6,3.32,19.92
PO-102913,CUST-A,VEND-01,2026-04-11,Closed,ITM-0623,1,2.61,2.61
PO-102914,CUST-B,VEND-01,2026-09-01,Open,ITM-0225,24,2.45,58.80
PO-102914,CUST-B,VEND-01,2026-09-01,Open,ITM-0228,10,4.64,46.40
PO-102914,CUST-B,VEND-01,2026-09-01,Open,ITM-0426,2,27.77,55.54
PO-102914,CUST-B,VEND-01,2026-09-01,Open,ITM-1001,1,1.09,1.09
PO-102915,CUST-B,VEND-07,2024-09-19,Received,ITM-0408,24,4.87,116.88
PO-102915,CUST-B,VEND-07,2024-09-19,Received,ITM-0604,12,12.75,153.00
PO-102915,CUST-B,VEND-07,2024-09-19,Received,ITM-1008,4,1.34,5.36
PO-102916,CUST-B,VEND-10,2024-11-30,Cancelled,ITM-0737,1,74.79,74.79
PO-102916,CUST-B,VEND-10,2024-11-30,Cancelled,ITM-0902,6,4.27,25.62
PO-102917,CUST-D,VEND-07,2024-10-23,Closed,ITM-0255,24,1.55,37.20
PO-102917,CUST-D,VEND-07,2024-10-23,Closed,ITM-0612,6,4.05,24.30
PO-102918,CUST-A,VEND-08,2026-08-18,Received,ITM-0611,6,3.21,19.26
PO-102919,CUST-D,VEND-12,2026-07-01,Received,ITM-0426,10,26.74,267.40
PO-102919,CUST-D,VEND-12,2026-07-01,Received,ITM-0612,2,4.55,9.10
PO-102919,CUST-D,VEND-12,2026-07-01,Received,ITM-0623,10,2.51,25.10
PO-102919,CUST-D,VEND-12,2026-07-01,Received,ITM-1003,4,1.22,4.88
PO-102919,CUST-D,VEND-12,2026-07-01,Received,ITM-1011,6,3.60,21.60
PO-102919,CUST-D,VEND-12,2026-07-01,Received,ITM-1015,6,4.75,28.50
PO-102920,CUST-A,VEND-03,2025-12-15,Received,ITM-0610,24,2.12,50.88
PO-102920,CUST-A,VEND-03,2025-12-15,Received,ITM-0621,1,4.08,4.08
PO-102921,CUST-E,VEND-12,2026-07-27,Received,ITM-0403,2,2.83,5.66
PO-102922,CUST-C,VEND-06,2024-04-08,Closed,ITM-0629,2,3.14,6.28
PO-102922,CUST-C,VEND-06,2024-04-08,Closed,ITM-0715,4,69.83,279.32
PO-102923,CUST-A,VEND-07,2025-10-20,Closed,ITM-0612,10,4.26,42.60
PO-102923,CUST-A,VEND-07,2025-10-20,Closed,ITM-0623,4,2.33,9.32
PO-102924,CUST-H,VEND-12,2026-02-08,Closed,ITM-0220,4,2.87,11.48
PO-102924,CUST-H,VEND-12,2026-02-08,Closed,ITM-0309,1,2.16,2.16
PO-102924,CUST-H,VEND-12,2026-02-08,Closed,ITM-0426,1,26.96,26.96
PO-102924,CUST-H,VEND-12,2026-02-08,Closed,ITM-0623,1,2.57,2.57
PO-102924,CUST-H,VEND-12,2026-02-08,Closed,ITM-1015,10,4.73,47.30
PO-102925,CUST-D,VEND-05,2025-01-02,Closed,ITM-0229,12,1.49,17.88
PO-102925,CUST-D,VEND-05,2025-01-02,Closed,ITM-0246,10,2.07,20.70
PO-102925,CUST-D,VEND-05,2025-01-02,Closed,ITM-0426,6,23.33,139.98
PO-102925,CUST-D,VEND-05,2025-01-02,Closed,ITM-0947,10,0.43,4.30
PO-102927,CUST-B,VEND-02,2024-07-02,Received,ITM-0220,4,2.53,10.12
PO-102928,CUST-A,VEND-01,2024-06-18,Closed,ITM-0228,4,4.00,16.00
PO-102928,CUST-A,VEND-01,2024-06-18,Closed,ITM-0426,10,23.87,238.70
PO-102928,CUST-A,VEND-01,2024-06-18,Closed,ITM-0433,4,1.15,4.60
PO-102928,CUST-A,VEND-01,2024-06-18,Closed,ITM-0434,10,1.39,13.90
PO-102928,CUST-A,VEND-01,2024-06-18,Closed,ITM-0611,2,3.16,6.32
PO-102928,CUST-A,VEND-01,2024-06-18,Closed,ITM-0623,10,2.36,23.60
PO-102929,CUST-A,VEND-12,2024-05-25,Closed,ITM-0403,4,2.25,9.00
PO-102929,CUST-A,VEND-12,2024-05-25,Closed,ITM-0426,1,24.72,24.72
PO-102929,CUST-A,VEND-12,2024-05-25,Closed,ITM-0612,4,3.99,15.96
PO-102929,CUST-A,VEND-12,2024-05-25,Closed,ITM-0623,24,2.17,52.08
PO-102929,CUST-A,VEND-12,2024-05-25,Closed,ITM-1015,2,4.30,8.60
PO-102930,CUST-B,VEND-05,2025-12-26,Closed,ITM-0412,1,1.10,1.10
PO-102930,CUST-B,VEND-05,2025-12-26,Closed,ITM-0433,2,1.11,2.22
PO-102930,CUST-B,VEND-05,2025-12-26,Closed,ITM-0433,2,1.11,2.22
PO-102930,CUST-B,VEND-05,2025-12-26,Closed,ITM-0612,4,4.07,16.28
PO-102930,CUST-B,VEND-05,2025-12-26,Closed,ITM-0914,12,1.50,18.00
PO-102931,CUST-A,VEND-06,2024-02-08,Received,ITM-0311,1,6.24,6.24
PO-102931,CUST-A,VEND-06,2024-02-08,Received,ITM-0805,4,31.44,125.76
PO-102931,CUST-A,VEND-06,2024-02-08,Received,ITM-1015,1,4.02,4.02
PO-102932,CUST-D,VEND-06,2026-07-14,Received,ITM-0629,10,3.37,33.70
PO-102933,CUST-B,VEND-02,2025-05-30,Received,ITM-0237,12,3.25,39.00
PO-102933,CUST-B,VEND-02,2025-05-30,Received,ITM-0938,10,13.11,131.10
PO-102934,CUST-B,VEND-02,2024-04-13,Closed,ITM-0228,24,4.36,104.64
PO-102934,CUST-B,VEND-02,2024-04-13,Closed,ITM-0938,2,13.04,26.08
PO-102936,CUST-A,VEND-10,2025-04-24,Cancelled,ITM-0808,6,1.68,10.08
PO-102937,CUST-B,VEND-01,2024-02-29,Closed,ITM-0426,2,24.68,49.36
PO-102938,CUST-D,VEND-12,2026-01-02,Received,ITM-0426,4,26.18,104.72
PO-102938,CUST-D,VEND-12,2026-01-02,Received,ITM-0612,2,4.35,8.70
PO-102939,CUST-A,VEND-04,2025-01-29,Received,ITM-0237,4,3.14,12.56
PO-102940,CUST-C,VEND-09,2025-03-15,Received,ITM-0201,10,4.36,43.60
PO-102941,CUST-F,VEND-10,2025-04-01,Received,ITM-0913,6,1.39,8.34
PO-102941,CUST-F,VEND-10,2025-04-01,Received,ITM-0913,6,1.39,8.34
PO-102942,CUST-H,VEND-09,2025-04-15,Received,ITM-0208,4,5.71,22.84
PO-102942,CUST-H,VEND-09,2025-04-15,Received,ITM-0243,2,0.76,1.52
PO-102942,CUST-H,VEND-09,2025-04-15,Received,ITM-0243,2,0.76,1.52
PO-102942,CUST-H,VEND-09,2025-04-15,Received,ITM-0309,1,2.19,2.19
PO-102942,CUST-H,VEND-09,2025-04-15,Received,ITM-0434,4,1.62,6.48
PO-102943,CUST-G,VEND-12,2026-07-06,Closed,ITM-0230,6,3.21,19.26
PO-102943,CUST-G,VEND-12,2026-07-06,Closed,ITM-0623,2,2.76,5.52
PO-102944,CUST-D,VEND-04,2024-03-05,Received,ITM-0611,2,3.29,6.58
PO-102944,CUST-D,VEND-04,2024-03-05,Received,ITM-0922,6,5.72,34.32
PO-102945,CUST-F,VEND-08,2025-08-14,Received,ITM-0309,12,1.91,22.92
PO-102945,CUST-F,VEND-08,2025-08-14,Received,ITM-0914,3,1.56,4.68
PO-102946,CUST-A,VEND-01,2024-05-22,Closed,ITM-0228,5,4.28,21.40
PO-102946,CUST-A,VEND-01,2024-05-22,Closed,ITM-1003,20,1.06,21.20
PO-102947,CUST-A,VEND-06,2026-01-31,Closed,ITM-0104,24,60.42,1450.08
PO-102948,CUST-B,VEND-03,2024-05-14,Received,ITM-0306,6,0.97,5.82
PO-102948,CUST-B,VEND-03,2024-05-14,Received,ITM-0928,4,0.79,3.16
PO-102949,CUST-A,VEND-05,2024-01-04,Received,ITM-0414,50,1.56,78.00
PO-102949,CUST-A,VEND-05,2024-01-04,Received,ITM-0629,10,2.80,28.00
PO-102949,CUST-A,VEND-05,2024-01-04,Received,ITM-0815,10,7.49,74.90
PO-102949,CUST-A,VEND-05,2024-01-04,Received,ITM-0911,12,1.18,14.16
PO-102950,CUST-A,VEND-09,2026-04-08,Closed,ITM-0326,12,2.58,30.96
PO-102951,CUST-C,VEND-06,2026-04-14,Closed,ITM-0614,24,6.09,146.16
PO-102951,CUST-C,VEND-06,2026-04-14,Closed,ITM-0629,4,3.39,13.56
PO-102952,CUST-B,VEND-11,2024-10-14,Received,ITM-0902,4,4.23,16.92
PO-102953,CUST-D,VEND-01,2026-06-17,Closed,ITM-0623,1,2.70,2.70
PO-102953,CUST-D,VEND-01,2026-06-17,Closed,ITM-0939,2,17.24,34.48
PO-102953,CUST-D,VEND-01,2026-06-17,Closed,ITM-1003,24,1.10,26.40
PO-102954,CUST-A,VEND-08,2026-09-01,Closed,ITM-0201,1,4.52,4.52
PO-102954,CUST-A,VEND-08,2026-09-01,Closed,ITM-0306,2,0.97,1.94
PO-102954,CUST-A,VEND-08,2026-09-01,Closed,ITM-0306,2,0.97,1.94
PO-102954,CUST-A,VEND-08,2026-09-01,Closed,ITM-0621,10,3.96,39.60
PO-102954,CUST-A,VEND-08,2026-09-01,Closed,ITM-0929,1,1.24,1.24
PO-102955,CUST-A,VEND-04,2024-01-10,Received,ITM-0237,4,2.84,11.36
PO-102955,CUST-A,VEND-04,2024-01-10,Received,ITM-1015,10,4.20,42.00
PO-102956,CUST-C,VEND-11,2024-03-24,Closed,ITM-0416,6,2.99,17.94
PO-102956,CUST-C,VEND-11,2024-03-24,Closed,ITM-0629,3,3.04,9.12
PO-102956,CUST-C,VEND-11,2024-03-24,Closed,ITM-1010,4,9.25,37.00
PO-102956,CUST-C,VEND-11,2024-03-24,Closed,ITM-1015,5,4.34,21.70
PO-102956,CUST-C,VEND-11,2024-03-24,Closed,ITM-1022,6,5.11,30.66
PO-102957,CUST-F,VEND-06,2025-02-22,Received,ITM-0632,4,4.21,16.84
PO-102957,CUST-F,VEND-06,2025-02-22,Received,ITM-0942,4,0.35,1.40
PO-102957,CUST-F,VEND-06,2025-02-22,Received,ITM-1015,12,4.65,55.80
PO-102958,CUST-A,VEND-09,2026-02-18,Closed,ITM-0201,1,4.34,4.34
PO-102958,CUST-A,VEND-09,2026-02-18,Closed,ITM-0309,12,2.04,24.48
PO-102958,CUST-A,VEND-09,2026-02-18,Closed,ITM-0416,4,2.79,11.16
PO-102958,CUST-A,VEND-09,2026-02-18,Closed,ITM-0433,10,1.20,12.00
PO-102958,CUST-A,VEND-09,2026-02-18,Closed,ITM-0914,10,1.59,15.90
PO-102958,CUST-A,VEND-09,2026-02-18,Closed,ITM-0928,24,0.76,18.24
PO-102959,CUST-B,VEND-10,2024-10-23,Received,ITM-0235,2,1.73,3.46
PO-102959,CUST-B,VEND-10,2024-10-23,Received,ITM-0437,2,2.00,4.00
PO-102959,CUST-B,VEND-10,2024-10-23,Received,ITM-0902,12,4.25,51.00
PO-102959,CUST-B,VEND-10,2024-10-23,Received,ITM-0922,2,5.97,11.94
PO-102960,CUST-B,VEND-08,2024-05-17,Received,ITM-0243,2,0.73,1.46
PO-102960,CUST-B,VEND-08,2024-05-17,Received,ITM-0306,24,0.95,22.80
PO-102960,CUST-B,VEND-08,2024-05-17,Received,ITM-0929,4,1.19,4.76
PO-102961,CUST-A,VEND-01,2024-04-19,Closed,ITM-0228,12,3.98,47.76
PO-102961,CUST-A,VEND-01,2024-04-19,Closed,ITM-0231,6,4.45,26.70
PO-102961,CUST-A,VEND-01,2024-04-19,Closed,ITM-0426,6,22.92,137.52
PO-102961,CUST-A,VEND-01,2024-04-19,Closed,ITM-0433,1,1.19,1.19
PO-102962,CUST-C,VEND-01,2026-05-17,Cancelled,ITM-0225,10,2.43,24.30
PO-102962,CUST-C,VEND-01,2026-05-17,Cancelled,ITM-0414,4,2.06,8.24
PO-102962,CUST-C,VEND-01,2026-05-17,Cancelled,ITM-0426,6,25.64,153.84
PO-102962,CUST-C,VEND-01,2026-05-17,Cancelled,ITM-0604,6,13.16,78.96
PO-102962,CUST-C,VEND-01,2026-05-17,Cancelled,ITM-0922,4,6.26,25.04
PO-102963,CUST-A,VEND-02,2026-05-07,Closed,ITM-0201,1,4.08,4.08
PO-102963,CUST-A,VEND-02,2026-05-07,Closed,ITM-0220,4,2.59,10.36
PO-102963,CUST-A,VEND-02,2026-05-07,Closed,ITM-0228,1,4.61,4.61
PO-102963,CUST-A,VEND-02,2026-05-07,Closed,ITM-0327,2,2.36,4.72
PO-102963,CUST-A,VEND-02,2026-05-07,Closed,ITM-1018,12,5.20,62.40
PO-102964,CUST-A,VEND-08,2024-02-24,Received,ITM-0250,2,56.96,113.92
PO-102964,CUST-A,VEND-08,2024-02-24,Received,ITM-0430,4,0.44,1.76
PO-102964,CUST-A,VEND-08,2024-02-24,Received,ITM-0902,4,4.20,16.80
PO-102965,CUST-D,VEND-07,2025-09-16,Received,ITM-0527,10,9.48,94.80
PO-102966,CUST-A,VEND-06,2024-02-27,Closed,ITM-0201,24,3.84,92.16
PO-102966,CUST-A,VEND-06,2024-02-27,Closed,ITM-0440,1,24.42,24.42
PO-102966,CUST-A,VEND-06,2024-02-27,Closed,ITM-0610,24,2.05,49.20
PO-102966,CUST-A,VEND-06,2024-02-27,Closed,ITM-1015,12,4.17,50.04
PO-102967,CUST-A,VEND-07,2025-09-15,Received,ITM-0104,4,68.76,275.04
PO-102967,CUST-A,VEND-07,2025-09-15,Received,ITM-0250,10,60.21,602.10
PO-102967,CUST-A,VEND-07,2025-09-15,Received,ITM-0306,2,0.98,1.96
PO-102967,CUST-A,VEND-07,2025-09-15,Received,ITM-0408,50,4.34,217.00
PO-102967,CUST-A,VEND-07,2025-09-15,Received,ITM-0612,6,4.08,24.48
PO-102968,CUST-A,VEND-03,2025-04-07,Received,ITM-0610,10,2.17,21.70
PO-102968,CUST-A,VEND-03,2025-04-07,Received,ITM-0907,2,0.65,1.30
PO-102968,CUST-A,VEND-03,2025-04-07,Received,ITM-1001,3,0.97,2.91
PO-102969,CUST-A,VEND-02,2026-04-16,Received,ITM-0237,2,3.23,6.46
PO-102969,CUST-A,VEND-02,2026-04-16,Received,ITM-0629,2,3.24,6.48
PO-102969,CUST-A,VEND-02,2026-04-16,Received,ITM-0815,10,7.88,78.80
PO-102969,CUST-A,VEND-02,2026-04-16,Received,ITM-0947,24,0.43,10.32
PO-102970,CUST-G,VEND-12,2024-12-13,Received,ITM-0220,12,2.69,32.28
PO-102970,CUST-G,VEND-12,2024-12-13,Received,ITM-0254,2,1.59,3.18
PO-102970,CUST-G,VEND-12,2024-12-13,Received,ITM-0623,6,2.62,15.72
PO-102970,CUST-G,VEND-12,2024-12-13,Received,ITM-0809,6,2.55,15.30
PO-102970,CUST-G,VEND-12,2024-12-13,Received,ITM-1015,4,4.42,17.68
PO-102971,CUST-B,VEND-06,2025-10-25,Received,ITM-0235,24,1.73,41.52
PO-102971,CUST-B,VEND-06,2025-10-25,Received,ITM-0416,4,2.93,11.72
PO-102971,CUST-B,VEND-06,2025-10-25,Received,ITM-0715,4,75.34,301.36
PO-102971,CUST-B,VEND-06,2025-10-25,Received,ITM-0915,24,2.70,64.80
PO-102971,CUST-B,VEND-06,2025-10-25,Received,ITM-0935,6,40.58,243.48
PO-102972,CUST-A,VEND-09,2024-12-19,Closed,ITM-0250,4,56.86,227.44
PO-102972,CUST-A,VEND-09,2024-12-19,Closed,ITM-0326,10,2.51,25.10
PO-102972,CUST-A,VEND-09,2024-12-19,Closed,ITM-0416,2,2.74,5.48
PO-102972,CUST-A,VEND-09,2024-12-19,Closed,ITM-0433,4,1.23,4.92
PO-102972,CUST-A,VEND-09,2024-12-19,Closed,ITM-1011,24,3.67,88.08
PO-102973,CUST-A,VEND-10,2025-08-16,Cancelled,ITM-0913,12,1.34,16.08
PO-102973,CUST-A,VEND-10,2025-08-16,Cancelled,ITM-1014,10,2.58,25.80
PO-102974,CUST-B,VEND-06,2025-06-07,Cancelled,ITM-0416,2,3.02,6.04
PO-102974,CUST-B,VEND-06,2025-06-07,Cancelled,ITM-0430,1,0.53,0.53
PO-102974,CUST-B,VEND-06,2025-06-07,Cancelled,ITM-0440,6,25.99,155.94
PO-102974,CUST-B,VEND-06,2025-06-07,Cancelled,ITM-0604,10,12.77,127.70
PO-102974,CUST-B,VEND-06,2025-06-07,Cancelled,ITM-0632,6,3.94,23.64
PO-102975,CUST-E,VEND-11,2024-05-22,Cancelled,ITM-1008,12,1.34,16.08
PO-102975,CUST-E,VEND-11,2024-05-22,Cancelled,ITM-1010,1,9.73,9.73
PO-102976,CUST-H,VEND-12,2025-12-08,Closed,ITM-1003,50,1.14,57.00
PO-102977,CUST-E,VEND-07,2024-08-30,Received,ITM-0250,12,59.24,710.88
PO-102977,CUST-E,VEND-07,2024-08-30,Received,ITM-0404,12,3.34,40.08
PO-102977,CUST-E,VEND-07,2024-08-30,Received,ITM-0612,10,4.11,41.10
PO-102979,CUST-D,VEND-12,2025-03-07,Cancelled,ITM-0257,20,0.68,13.60
PO-102979,CUST-D,VEND-12,2025-03-07,Cancelled,ITM-0426,10,25.37,253.70
PO-102979,CUST-D,VEND-12,2025-03-07,Cancelled,ITM-1015,10,4.47,44.70
PO-102980,CUST-A,VEND-05,2026-02-27,Received,ITM-0229,24,1.45,34.80
PO-102980,CUST-A,VEND-05,2026-02-27,Received,ITM-0426,1,24.19,24.19
PO-102980,CUST-A,VEND-05,2026-02-27,Received,ITM-0433,1,1.09,1.09
PO-102980,CUST-A,VEND-05,2026-02-27,Received,ITM-1017,1,3.02,3.02
PO-102981,CUST-B,VEND-02,2025-01-27,Closed,ITM-0225,1,2.50,2.50
PO-102981,CUST-B,VEND-02,2025-01-27,Closed,ITM-0237,4,3.35,13.40
PO-102981,CUST-B,VEND-02,2025-01-27,Closed,ITM-0632,2,4.23,8.46
PO-102982,CUST-A,VEND-11,2026-03-29,Closed,ITM-0629,6,2.96,17.76
PO-102982,CUST-A,VEND-11,2026-03-29,Closed,ITM-0808,1,1.76,1.76
PO-102982,CUST-A,VEND-11,2026-03-29,Closed,ITM-1022,6,5.36,32.16
PO-102983,CUST-B,VEND-12,2025-04-03,Closed,ITM-0220,4,2.63,10.52
PO-102983,CUST-B,VEND-12,2025-04-03,Closed,ITM-0309,5,2.01,10.05
PO-102983,CUST-B,VEND-12,2025-04-03,Closed,ITM-0403,3,2.46,7.38
PO-102983,CUST-B,VEND-12,2025-04-03,Closed,ITM-0426,1,26.04,26.04
PO-102983,CUST-B,VEND-12,2025-04-03,Closed,ITM-0612,1,3.98,3.98
PO-102984,CUST-A,VEND-03,2025-06-23,Received,ITM-0306,1,0.94,0.94
PO-102984,CUST-A,VEND-03,2025-06-23,Received,ITM-0440,1,26.12,26.12
PO-102984,CUST-A,VEND-03,2025-06-23,Received,ITM-0621,24,3.89,93.36
PO-102984,CUST-A,VEND-03,2025-06-23,Received,ITM-0907,24,0.67,16.08
PO-102984,CUST-A,VEND-03,2025-06-23,Received,ITM-0939,4,16.18,64.72
PO-102984,CUST-A,VEND-03,2025-06-23,Received,ITM-1001,1,1.06,1.06
PO-102985,CUST-B,VEND-05,2025-02-09,Received,ITM-0257,10,0.73,7.30
PO-102985,CUST-B,VEND-05,2025-02-09,Received,ITM-0414,1,1.87,1.87
PO-102985,CUST-B,VEND-05,2025-02-09,Received,ITM-1017,6,3.16,18.96
PO-102986,CUST-E,VEND-05,2025-08-01,Received,ITM-0612,12,4.08,48.96
PO-102987,CUST-A,VEND-08,2025-04-07,Received,ITM-0929,4,1.14,4.56
PO-102988,CUST-B,VEND-07,2026-03-30,Received,ITM-0220,50,2.55,127.50
PO-102990,CUST-D,VEND-05,2025-08-13,Received,ITM-0412,1,1.08,1.08
PO-102990,CUST-D,VEND-05,2025-08-13,Received,ITM-0627,10,7.55,75.50
PO-102990,CUST-D,VEND-05,2025-08-13,Received,ITM-0914,12,1.49,17.88
PO-102990,CUST-D,VEND-05,2025-08-13,Received,ITM-1006,6,1.22,7.32
PO-102991,CUST-B,VEND-06,2024-02-20,Received,ITM-0922,1,5.07,5.07
PO-102991,CUST-D,VEND-06,2024-02-20,Received,ITM-0224,6,1.46,8.76
PO-102991,CUST-D,VEND-06,2024-02-20,Received,ITM-0446,4,21.20,84.80
PO-102991,CUST-D,VEND-06,2024-02-20,Received,ITM-0604,4,12.44,49.76
PO-102991,CUST-D,VEND-06,2024-02-20,Received,ITM-0629,4,3.06,12.24
PO-102991,CUST-D,VEND-06,2024-02-20,Received,ITM-1014,3,2.55,7.65
PO-102992,CUST-D,VEND-12,2024-06-07,Cancelled,ITM-1015,4,4.42,17.68
PO-102993,CUST-H,VEND-05,2024-05-18,Received,ITM-0612,10,3.94,39.40
PO-102994,CUST-B,VEND-06,2026-01-22,Received,ITM-0104,24,64.23,1541.52
PO-102994,CUST-B,VEND-06,2026-01-22,Received,ITM-0604,10,13.49,134.90
PO-102994,CUST-B,VEND-06,2026-01-22,Received,ITM-0628,24,0.15,3.60
PO-102995,CUST-C,VEND-01,2026-07-29,Closed,ITM-0208,4,5.55,22.20
PO-102995,CUST-C,VEND-01,2026-07-29,Closed,ITM-0225,6,2.40,14.40
PO-102995,CUST-C,VEND-01,2026-07-29,Closed,ITM-0413,4,1.62,6.48
PO-102995,CUST-C,VEND-01,2026-07-29,Closed,ITM-0414,10,1.93,19.30
PO-102995,CUST-C,VEND-01,2026-07-29,Closed,ITM-0426,4,27.96,111.84
PO-102995,CUST-C,VEND-01,2026-07-29,Closed,ITM-1010,6,10.15,60.90
PO-102996,CUST-D,VEND-02,2026-06-19,Open,ITM-0220,1,2.85,2.85
PO-102996,CUST-D,VEND-02,2026-06-19,Open,ITM-0408,2,5.46,10.92
PO-102996,CUST-D,VEND-02,2026-06-19,Open,ITM-1011,4,4.01,16.04
PO-102997,CUST-B,VEND-10,2025-04-16,Closed,ITM-0517,6,41.23,247.38
PO-102997,CUST-B,VEND-10,2025-04-16,Closed,ITM-0737,1,77.69,77.69
PO-102998,CUST-D,VEND-12,2026-04-30,Received,ITM-0229,24,1.58,37.92
PO-102998,CUST-D,VEND-12,2026-04-30,Received,ITM-0426,12,25.21,302.52
PO-102999,CUST-D,VEND-12,2025-10-09,Received,ITM-1003,24,1.14,27.36
PO-103000,CUST-D,VEND-10,2024-05-07,Closed,ITM-0922,2,5.54,11.08
PO-103001,CUST-A,VEND-10,2026-08-22,Open,ITM-0535,12,8.99,107.88
PO-103001,CUST-A,VEND-10,2026-08-22,Open,ITM-0922,6,6.23,37.38
PO-103002,CUST-E,VEND-06,2024-09-18,Closed,ITM-0430,4,0.53,2.12
PO-103002,CUST-E,VEND-06,2024-09-18,Closed,ITM-1015,6,4.14,24.84
PO-103003,CUST-G,VEND-06,2025-02-14,Closed,ITM-0629,1,3.27,3.27
PO-103004,CUST-D,VEND-10,2024-04-18,Received,ITM-0517,2,39.31,78.62
PO-103004,CUST-D,VEND-10,2024-04-18,Received,ITM-0605,4,14.65,58.60
PO-103005,CUST-D,VEND-05,2024-03-30,Received,ITM-0426,1,22.39,22.39
PO-103007,CUST-B,VEND-08,2026-07-01,Open,ITM-0306,1,1.00,1.00
PO-103007,CUST-B,VEND-08,2026-07-01,Open,ITM-0611,4,3.73,14.92
PO-103007,CUST-B,VEND-08,2026-07-01,Open,ITM-0914,4,1.62,6.48
PO-103009,CUST-H,VEND-05,2024-09-19,Received,ITM-0435,3,1.55,4.65
PO-103009,CUST-H,VEND-05,2024-09-19,Received,ITM-0612,24,3.79,90.96
PO-103009,CUST-H,VEND-05,2024-09-19,Received,ITM-0627,4,7.17,28.68
PO-103009,CUST-H,VEND-05,2024-09-19,Received,ITM-0629,1,3.03,3.03
PO-103010,CUST-E,VEND-08,2024-12-22,Closed,ITM-0309,6,1.97,11.82
PO-103010,CUST-E,VEND-08,2024-12-22,Closed,ITM-0310,1,4.62,4.62
PO-103011,CUST-E,VEND-07,2026-01-16,Closed,ITM-0255,24,1.62,38.88
PO-103011,CUST-E,VEND-07,2026-01-16,Closed,ITM-0306,2,1.04,2.08
PO-103011,CUST-E,VEND-07,2026-01-16,Closed,ITM-0605,12,16.73,200.76
PO-103011,CUST-E,VEND-07,2026-01-16,Closed,ITM-0612,12,4.48,53.76
PO-103011,CUST-E,VEND-07,2026-01-16,Closed,ITM-0737,1,75.85,75.85
PO-103012,CUST-A,VEND-12,2025-09-16,Received,ITM-0612,10,3.92,39.20
PO-103012,CUST-A,VEND-12,2025-09-16,Received,ITM-1015,1,4.58,4.58
PO-103013,CUST-D,VEND-07,2024-04-08,Closed,ITM-0220,10,2.62,26.20
PO-103013,CUST-D,VEND-07,2024-04-08,Closed,ITM-0517,1,39.21,39.21
PO-103014,CUST-D,VEND-10,2025-04-07,Received,ITM-0434,4,1.48,5.92
PO-103014,CUST-D,VEND-10,2025-04-07,Received,ITM-0605,4,15.24,60.96
PO-103014,CUST-D,VEND-10,2025-04-07,Received,ITM-0904,6,0.33,1.98
PO-103014,CUST-D,VEND-10,2025-04-07,Received,ITM-0913,2,1.37,2.74
PO-103014,CUST-D,VEND-10,2025-04-07,Received,ITM-0922,1,6.08,6.08
PO-103015,CUST-B,VEND-01,2024-08-12,Cancelled,ITM-0433,24,1.17,28.08
PO-103015,CUST-B,VEND-01,2024-08-12,Cancelled,ITM-0511,2,26.01,52.02
PO-103015,CUST-B,VEND-01,2024-08-12,Cancelled,ITM-0611,1,3.27,3.27
PO-103015,CUST-B,VEND-01,2024-08-12,Cancelled,ITM-0623,10,2.54,25.40
PO-103016,CUST-A,VEND-03,2025-10-18,Received,ITM-0306,4,0.95,3.80
PO-103016,CUST-A,VEND-03,2025-10-18,Received,ITM-0311,6,6.64,39.84
PO-103016,CUST-A,VEND-03,2025-10-18,Received,ITM-0437,24,1.86,44.64
PO-103016,CUST-A,VEND-03,2025-10-18,Received,ITM-0440,2,25.71,51.42
PO-103016,CUST-A,VEND-03,2025-10-18,Received,ITM-0621,10,4.16,41.60
PO-103016,CUST-A,VEND-03,2025-10-18,Received,ITM-0928,4,0.75,3.00
PO-103017,CUST-A,VEND-01,2026-03-29,Closed,ITM-0426,2,25.05,50.10
PO-103017,CUST-A,VEND-01,2026-03-29,Closed,ITM-0433,6,1.16,6.96
PO-103017,CUST-A,VEND-01,2026-03-29,Closed,ITM-0434,1,1.43,1.43
PO-103017,CUST-A,VEND-01,2026-03-29,Closed,ITM-0604,10,12.09,120.90
PO-103018,CUST-D,VEND-11,2026-07-29,Open,ITM-0605,1,17.60,17.60
PO-103018,CUST-D,VEND-11,2026-07-29,Open,ITM-0940,10,22.39,223.90
PO-103018,CUST-D,VEND-11,2026-07-29,Open,ITM-1017,1,3.42,3.42
PO-103019,CUST-A,VEND-09,2024-08-02,Received,ITM-0628,12,0.15,1.80
PO-103019,CUST-A,VEND-09,2024-08-02,Received,ITM-0928,2,0.75,1.50
PO-103020,CUST-E,VEND-07,2026-06-13,Open,ITM-0527,10,9.26,92.60
PO-103020,CUST-E,VEND-07,2026-06-13,Open,ITM-0612,4,4.39,17.56
PO-103020,CUST-E,VEND-07,2026-06-13,Open,ITM-0628,2,0.16,0.32
PO-103020,CUST-E,VEND-07,2026-06-13,Open,ITM-0927,4,0.58,2.32
PO-103021,CUST-B,VEND-05,2025-09-06,Received,ITM-0211,24,11.81,283.44
PO-103021,CUST-B,VEND-05,2025-09-06,Received,ITM-0229,10,1.70,17.00
PO-103021,CUST-B,VEND-05,2025-09-06,Received,ITM-0426,12,25.19,302.28
PO-103021,CUST-B,VEND-05,2025-09-06,Received,ITM-0612,4,4.09,16.36
PO-103021,CUST-B,VEND-05,2025-09-06,Received,ITM-0808,3,1.86,5.58
PO-103022,CUST-B,VEND-10,2026-05-17,Received,ITM-0431,50,0.75,37.50
PO-103022,CUST-B,VEND-10,2026-05-17,Received,ITM-0721,2,36.48,72.96
PO-103023,CUST-A,VEND-01,2026-01-26,Received,ITM-0434,1,1.41,1.41
PO-103024,CUST-B,VEND-07,2025-02-07,Closed,ITM-0220,12,2.80,33.60
PO-103025,CUST-E,VEND-05,2025-08-19,Closed,ITM-0403,24,2.57,61.68
PO-103025,CUST-E,VEND-05,2025-08-19,Closed,ITM-0612,5,4.16,20.80
PO-103025,CUST-E,VEND-05,2025-08-19,Closed,ITM-0914,4,1.54,6.16
PO-103026,CUST-A,VEND-12,2025-07-16,Received,ITM-0254,2,1.55,3.10
PO-103026,CUST-A,VEND-12,2025-07-16,Received,ITM-0403,4,2.51,10.04
PO-103026,CUST-A,VEND-12,2025-07-16,Received,ITM-0612,1,3.94,3.94
PO-103027,CUST-A,VEND-05,2024-12-27,Closed,ITM-0433,4,1.05,4.20
PO-103028,CUST-B,VEND-10,2024-12-21,Closed,ITM-0737,20,74.39,1487.80
PO-103028,CUST-B,VEND-10,2024-12-21,Closed,ITM-0808,6,1.79,10.74
PO-103028,CUST-B,VEND-10,2024-12-21,Closed,ITM-0902,1,44.20,44.20
PO-103028,CUST-B,VEND-10,2024-12-21,Closed,ITM-0929,1,1.24,1.24
PO-103028,CUST-B,VEND-10,2024-12-21,Closed,ITM-1014,10,2.54,25.40
PO-103029,CUST-B,VEND-03,2024-07-25,Received,ITM-0211,50,11.66,583.00
PO-103029,CUST-B,VEND-03,2024-07-25,Received,ITM-0733,2,23.77,47.54
PO-103029,CUST-B,VEND-03,2024-07-25,Received,ITM-0808,2,1.93,3.86
PO-103029,CUST-B,VEND-03,2024-07-25,Received,ITM-1001,4,1.08,4.32
PO-103030,CUST-E,VEND-10,2026-01-01,Closed,ITM-0737,1,75.17,75.17
PO-103030,CUST-E,VEND-10,2026-01-01,Closed,ITM-0808,2,1.89,3.78
PO-103031,CUST-A,VEND-08,2025-03-20,Received,ITM-0908,1,0.92,0.92
PO-103032,CUST-D,VEND-11,2024-06-27,Received,ITM-0627,6,7.18,43.08
PO-103032,CUST-D,VEND-11,2024-06-27,Received,ITM-0808,6,1.78,10.68
PO-103032,CUST-D,VEND-11,2024-06-27,Received,ITM-0902,6,4.26,25.56
PO-103032,CUST-D,VEND-11,2024-06-27,Received,ITM-0913,4,1.43,5.72
PO-103032,CUST-D,VEND-11,2024-06-27,Received,ITM-1015,2,4.05,8.10
PO-103033,CUST-H,VEND-06,2024-07-08,Received,ITM-0604,12,12.50,150.00
PO-103033,CUST-H,VEND-06,2024-07-08,Received,ITM-0632,12,4.17,50.04
PO-103034,CUST-F,VEND-09,2024-01-08,Received,ITM-0628,10,0.15,1.50
PO-103034,CUST-F,VEND-09,2024-01-08,Received,ITM-0927,50,0.50,25.00
PO-103035,CUST-A,VEND-08,2024-02-23,Received,ITM-0201,2,4.10,8.20
PO-103035,CUST-A,VEND-08,2024-02-23,Received,ITM-0442,1,17.74,17.74
PO-103035,CUST-A,VEND-08,2024-02-23,Received,ITM-0611,4,2.95,11.80
PO-103035,CUST-A,VEND-08,2024-02-23,Received,ITM-0903,1,0.21,0.21
PO-103035,CUST-A,VEND-08,2024-02-23,Received,ITM-0940,4,18.40,73.60
PO-103036,CUST-D,VEND-09,2025-10-25,Closed,ITM-0421,4,20.20,80.80
PO-103036,CUST-D,VEND-09,2025-10-25,Closed,ITM-0433,1,1.28,1.28
PO-103037,CUST-B,VEND-06,2026-07-11,Open,ITM-0235,10,1.76,17.60
PO-103037,CUST-B,VEND-06,2026-07-11,Open,ITM-0610,1,2.46,2.46
PO-103037,CUST-B,VEND-06,2026-07-11,Open,ITM-0917,24,3.74,89.76
PO-103037,CUST-B,VEND-06,2026-07-11,Open,ITM-1015,10,4.45,44.50
PO-103038,CUST-A,VEND-02,2025-03-25,Received,ITM-0237,1,3.10,3.10
PO-103038,CUST-A,VEND-02,2025-03-25,Received,ITM-0311,50,6.27,313.50
PO-103038,CUST-A,VEND-02,2025-03-25,Received,ITM-0314,6,2.53,15.18
PO-103038,CUST-A,VEND-02,2025-03-25,Received,ITM-0416,10,2.84,28.40
PO-103038,CUST-A,VEND-02,2025-03-25,Received,ITM-0416,10,2.84,28.40
PO-103039,CUST-A,VEND-07,2024-12-06,Received,ITM-0104,4,62.29,249.16
PO-103039,CUST-A,VEND-07,2024-12-06,Received,ITM-0250,4,57.75,231.00
PO-103039,CUST-A,VEND-07,2024-12-06,Received,ITM-0306,6,0.91,5.46
PO-103039,CUST-A,VEND-07,2024-12-06,Received,ITM-0612,6,4.00,24.00
PO-103039,CUST-A,VEND-07,2024-12-06,Received,ITM-1001,6,0.99,5.94
PO-103040,CUST-F,VEND-02,2024-10-07,Received,ITM-0938,10,13.14,131.40
PO-103041,CUST-B,VEND-06,2026-08-03,Received,ITM-0104,6,74.97,449.82
PO-103041,CUST-B,VEND-06,2026-08-03,Received,ITM-0231,4,5.05,20.20
PO-103041,CUST-B,VEND-06,2026-08-03,Received,ITM-0604,1,14.20,14.20
PO-103041,CUST-B,VEND-06,2026-08-03,Received,ITM-0632,6,4.37,26.22
PO-103041,CUST-B,VEND-06,2026-08-03,Received,ITM-0927,4,0.56,2.24
PO-103042,CUST-A,VEND-04,2024-06-05,Closed,ITM-0237,1,2.98,2.98
PO-103042,CUST-A,VEND-04,2024-06-05,Closed,ITM-0611,4,3.09,12.36
PO-103042,CUST-A,VEND-04,2024-06-05,Closed,ITM-0632,6,4.18,25.08
PO-103043,CUST-B,VEND-03,2025-03-01,Received,ITM-0306,6,0.98,5.88
PO-103043,CUST-B,VEND-03,2025-03-01,Received,ITM-0430,2,0.50,1.00
PO-103043,CUST-B,VEND-03,2025-03-01,Received,ITM-0621,10,4.06,40.60
PO-103044,CUST-F,VEND-02,2026-04-15,Received,ITM-0938,1,14.82,14.82
PO-103045,CUST-C,VEND-05,2025-07-13,Closed,ITM-0414,24,1.75,42.00
PO-103045,CUST-C,VEND-05,2025-07-13,Closed,ITM-0629,1,3.30,3.30
PO-103046,CUST-B,VEND-09,2025-03-24,Closed,ITM-0416,6,2.85,17.10
PO-103046,CUST-B,VEND-09,2025-03-24,Closed,ITM-0416,6,2.85,17.10
PO-103046,CUST-B,VEND-09,2025-03-24,Closed,ITM-0433,10,1.35,13.50
PO-103046,CUST-B,VEND-09,2025-03-24,Closed,ITM-0914,6,1.60,9.60
PO-103046,CUST-B,VEND-09,2025-03-24,Closed,ITM-1021,4,5.01,20.04
PO-103047,CUST-A,VEND-02,2024-01-04,Closed,ITM-0621,1,3.89,3.89
PO-103048,CUST-F,VEND-03,2024-09-14,Closed,ITM-0104,12,72.65,871.80
PO-103048,CUST-F,VEND-03,2024-09-14,Closed,ITM-0421,24,16.55,397.20
PO-103050,CUST-B,VEND-02,2024-03-29,Received,ITM-0228,1,4.76,4.76
PO-103050,CUST-B,VEND-02,2024-03-29,Received,ITM-0237,2,3.29,6.58
PO-103050,CUST-B,VEND-02,2024-03-29,Received,ITM-0402,2,1.87,3.74
PO-103050,CUST-B,VEND-02,2024-03-29,Received,ITM-0416,1,2.71,2.71
PO-103050,CUST-B,VEND-02,2024-03-29,Received,ITM-0909,10,0.97,9.70
PO-103051,CUST-D,VEND-05,2025-08-26,Cancelled,ITM-0211,1,12.27,12.27
PO-103051,CUST-D,VEND-05,2025-08-26,Cancelled,ITM-0414,4,1.79,7.16
PO-103051,CUST-D,VEND-05,2025-08-26,Cancelled,ITM-0414,4,1.79,7.16
PO-103051,CUST-D,VEND-05,2025-08-26,Cancelled,ITM-0733,4,23.39,93.56
PO-103052,CUST-E,VEND-02,2024-10-01,Received,ITM-0220,12,2.42,29.04
PO-103052,CUST-E,VEND-02,2024-10-01,Received,ITM-0237,1,3.26,3.26
PO-103052,CUST-E,VEND-02,2024-10-01,Received,ITM-0904,4,0.34,1.36
PO-103053,CUST-F,VEND-08,2024-02-07,Received,ITM-0614,2,5.91,11.82
PO-103053,CUST-F,VEND-08,2024-02-07,Received,ITM-0632,2,4.11,8.22
PO-103054,CUST-A,VEND-05,2025-08-21,Received,ITM-0612,10,3.89,38.90
PO-103055,CUST-F,VEND-09,2025-07-07,Received,ITM-0243,3,0.76,2.28
PO-103055,CUST-F,VEND-09,2025-07-07,Received,ITM-0433,1,1.32,1.32
PO-103055,CUST-F,VEND-09,2025-07-07,Received,ITM-0527,1,9.86,9.86
PO-103055,CUST-F,VEND-09,2025-07-07,Received,ITM-0902,1,4.44,4.44
PO-103056,CUST-A,VEND-03,2024-11-11,Received,ITM-0920,4,2.86,11.44
PO-103056,CUST-A,VEND-03,2024-11-11,Received,ITM-0939,4,14.35,57.40
PO-103058,CUST-A,VEND-09,2024-07-25,Closed,ITM-0201,24,3.92,94.08
PO-103058,CUST-A,VEND-09,2024-07-25,Closed,ITM-0402,1,1.87,1.87
PO-103058,CUST-A,VEND-09,2024-07-25,Closed,ITM-0433,6,1.25,7.50
PO-103059,CUST-G,VEND-06,2025-11-10,Received,ITM-0243,4,0.75,3.00
PO-103059,CUST-G,VEND-06,2025-11-10,Received,ITM-0446,10,22.69,226.90
PO-103059,CUST-G,VEND-06,2025-11-10,Received,ITM-0628,2,0.15,0.30
PO-103060,CUST-F,VEND-03,2024-06-23,Closed,ITM-0437,2,2.03,4.06
PO-103060,CUST-F,VEND-03,2024-06-23,Closed,ITM-1001,4,1.02,4.08
PO-103061,CUST-H,VEND-02,2026-01-14,Received,ITM-0237,4,3.36,13.44
PO-103063,CUST-B,VEND-05,2026-03-30,Closed,ITM-0426,10,25.76,257.60
PO-103063,CUST-B,VEND-05,2026-03-30,Closed,ITM-0808,20,1.86,37.20
PO-103063,CUST-B,VEND-05,2026-03-30,Closed,ITM-0911,1,1.33,1.33
PO-103064,CUST-F,VEND-07,2025-12-23,Received,ITM-0612,4,4.45,17.80
PO-103064,CUST-F,VEND-07,2025-12-23,Received,ITM-0628,2,0.17,0.34
PO-103065,CUST-A,VEND-03,2025-07-18,Received,ITM-0621,10,4.01,40.10
PO-103065,CUST-A,VEND-03,2025-07-18,Received,ITM-0808,24,1.72,41.28
PO-103066,CUST-A,VEND-08,2026-06-20,Received,ITM-0253,5,1.19,5.95
PO-103066,CUST-A,VEND-08,2026-06-20,Received,ITM-0306,10,0.94,9.40
PO-103066,CUST-A,VEND-08,2026-06-20,Received,ITM-0310,10,4.50,45.00
PO-103067,CUST-B,VEND-01,2024-02-11,Received,ITM-0228,2,4.08,8.16
PO-103067,CUST-B,VEND-01,2024-02-11,Received,ITM-0414,1,1.84,1.84
PO-103067,CUST-B,VEND-01,2024-02-11,Received,ITM-0611,10,3.21,32.10
PO-103067,CUST-B,VEND-01,2024-02-11,Received,ITM-0943,2,22.95,45.90
PO-103068,CUST-B,VEND-02,2024-10-24,Received,ITM-0903,5,0.22,1.10
PO-103069,CUST-B,VEND-01,2024-02-13,Received,ITM-0426,12,24.54,294.48
PO-103070,CUST-A,VEND-12,2025-12-02,Received,ITM-0220,4,2.78,11.12
PO-103070,CUST-A,VEND-12,2025-12-02,Received,ITM-0328,2,3.10,6.20
PO-103070,CUST-A,VEND-12,2025-12-02,Received,ITM-0403,10,2.32,23.20
PO-103070,CUST-A,VEND-12,2025-12-02,Received,ITM-0432,10,0.91,9.10
PO-103071,CUST-B,VEND-12,2024-08-09,Received,ITM-0309,3,1.93,5.79
PO-103071,CUST-B,VEND-12,2024-08-09,Received,ITM-0328,12,3.34,40.08
PO-103071,CUST-B,VEND-12,2024-08-09,Received,ITM-0426,1,25.98,25.98
PO-103073,CUST-A,VEND-10,2024-03-23,Received,ITM-0434,10,1.45,14.50
PO-103073,CUST-A,VEND-10,2024-03-23,Received,ITM-0721,12,30.90,370.80
PO-103073,CUST-A,VEND-10,2024-03-23,Received,ITM-0808,10,1.58,15.80
PO-103073,CUST-A,VEND-10,2024-03-23,Received,ITM-0922,4,5.83,23.32
PO-103073,CUST-A,VEND-10,2024-03-23,Received,ITM-1014,20,2.38,47.60
PO-103073,CUST-G,VEND-10,2024-03-23,Received,ITM-0913,50,1.12,56.00
PO-103074,CUST-D,VEND-11,2025-07-14,Cancelled,ITM-0434,3,1.47,4.41
PO-103074,CUST-D,VEND-11,2025-07-14,Cancelled,ITM-0808,2,1.95,3.90
PO-103074,CUST-D,VEND-11,2025-07-14,Cancelled,ITM-1015,2,4.46,8.92
PO-103075,CUST-A,VEND-01,2025-03-16,Received,ITM-0231,1,4.45,4.45
PO-103075,CUST-A,VEND-01,2025-03-16,Received,ITM-0426,24,23.29,558.96
PO-103075,CUST-A,VEND-01,2025-03-16,Received,ITM-0604,4,12.03,48.12
PO-103075,CUST-A,VEND-01,2025-03-16,Received,ITM-0611,10,3.21,32.10
PO-103076,CUST-B,VEND-06,2025-06-16,Received,ITM-0430,24,0.48,11.52
PO-103076,CUST-B,VEND-06,2025-06-16,Received,ITM-1014,1,2.51,2.51
PO-103076,CUST-B,VEND-06,2025-06-16,Received,ITM-1015,1,4.35,4.35
PO-103077,CUST-B,VEND-09,2024-01-15,Received,ITM-0433,4,1.24,4.96
PO-103077,CUST-B,VEND-09,2024-01-15,Received,ITM-0434,10,1.46,14.60
PO-103078,CUST-C,VEND-12,2024-11-20,Received,ITM-0220,12,2.80,33.60
PO-103078,CUST-C,VEND-12,2024-11-20,Received,ITM-0254,2,1.69,3.38
PO-103079,CUST-B,VEND-09,2025-09-16,Received,ITM-0201,2,4.56,9.12
PO-103079,CUST-B,VEND-09,2025-09-16,Received,ITM-0243,2,0.80,1.60
PO-103079,CUST-B,VEND-09,2025-09-16,Received,ITM-0442,1,21.73,21.73
PO-103079,CUST-B,VEND-09,2025-09-16,Received,ITM-0721,1,39.14,39.14
PO-103079,CUST-B,VEND-09,2025-09-16,Received,ITM-0914,4,1.62,6.48
PO-103079,CUST-B,VEND-09,2025-09-16,Received,ITM-0929,2,1.29,2.58
PO-103080,CUST-C,VEND-11,2025-11-01,Closed,ITM-0434,4,1.52,6.08
PO-103080,CUST-C,VEND-11,2025-11-01,Closed,ITM-0620,6,3.11,18.66
PO-103080,CUST-C,VEND-11,2025-11-01,Closed,ITM-0629,4,3.14,12.56
PO-103080,CUST-C,VEND-11,2025-11-01,Closed,ITM-1017,1,3.54,3.54
PO-103081,CUST-B,VEND-01,2025-10-20,Received,ITM-0208,1,5.26,5.26
PO-103081,CUST-B,VEND-01,2025-10-20,Received,ITM-0412,1,1.16,1.16
PO-103081,CUST-B,VEND-01,2025-10-20,Received,ITM-0426,12,26.55,318.60
PO-103081,CUST-B,VEND-01,2025-10-20,Received,ITM-0910,12,1.12,13.44
PO-103082,CUST-D,VEND-07,2025-01-03,Received,ITM-0219,4,1.78,7.12
PO-103082,CUST-D,VEND-07,2025-01-03,Received,ITM-0220,1,2.80,2.80
PO-103082,CUST-D,VEND-07,2025-01-03,Received,ITM-0246,24,2.03,48.72
PO-103082,CUST-D,VEND-07,2025-01-03,Received,ITM-0306,6,1.00,6.00
PO-103082,CUST-D,VEND-07,2025-01-03,Received,ITM-0517,4,40.01,160.04
PO-103082,CUST-D,VEND-07,2025-01-03,Received,ITM-0612,24,3.93,94.32
PO-103083,CUST-A,VEND-05,2025-09-02,Closed,ITM-0403,1,2.30,2.30
PO-103083,CUST-A,VEND-05,2025-09-02,Closed,ITM-0426,6,23.81,142.86
PO-103083,CUST-A,VEND-05,2025-09-02,Closed,ITM-0433,2,1.09,2.18
PO-103083,CUST-A,VEND-05,2025-09-02,Closed,ITM-0612,20,3.60,72.00
PO-103083,CUST-A,VEND-05,2025-09-02,Closed,ITM-1011,24,3.15,75.60
PO-103084,CUST-H,VEND-07,2026-08-27,Closed,ITM-0255,2,1.79,3.58
PO-103084,CUST-H,VEND-07,2026-08-27,Closed,ITM-0517,4,46.28,185.12
PO-103085,CUST-C,VEND-09,2025-12-18,Received,ITM-0228,6,4.65,27.90
PO-103085,CUST-C,VEND-09,2025-12-18,Received,ITM-0253,1,1.34,1.34
PO-103085,CUST-C,VEND-09,2025-12-18,Received,ITM-0929,1,1.27,1.27
PO-103085,CUST-C,VEND-09,2025-12-18,Received,ITM-1011,4,4.21,16.84
PO-103086,CUST-B,VEND-12,2025-03-22,Received,ITM-0612,10,4.24,42.40
PO-103087,CUST-B,VEND-03,2026-02-13,Received,ITM-0243,4,0.73,2.92
PO-103087,CUST-B,VEND-03,2026-02-13,Received,ITM-0311,2,7.79,15.58
PO-103087,CUST-B,VEND-03,2026-02-13,Received,ITM-0808,4,2.05,8.20
PO-103087,CUST-B,VEND-03,2026-02-13,Received,ITM-1001,6,1.10,6.60
PO-103089,CUST-H,VEND-07,2024-11-16,Received,ITM-0612,2,4.48,8.96
PO-103090,CUST-D,VEND-09,2025-06-10,Closed,ITM-0421,12,19.69,236.28
PO-103090,CUST-D,VEND-09,2025-06-10,Closed,ITM-0527,3,9.83,29.49
PO-103091,CUST-D,VEND-10,2024-11-20,Received,ITM-0425,10,24.41,244.10
PO-103091,CUST-D,VEND-10,2024-11-20,Received,ITM-0434,4,1.55,6.20
PO-103091,CUST-D,VEND-10,2024-11-20,Received,ITM-0517,1,39.87,39.87
PO-103091,CUST-D,VEND-10,2024-11-20,Received,ITM-0808,1,1.79,1.79
PO-103091,CUST-D,VEND-10,2024-11-20,Received,ITM-0902,4,4.33,17.32
PO-103091,CUST-D,VEND-10,2024-11-20,Received,ITM-0922,24,5.78,138.72
PO-103092,CUST-G,VEND-08,2025-04-15,Received,ITM-0306,12,0.99,11.88
PO-103093,CUST-A,VEND-07,2024-01-23,Received,ITM-0612,5,3.80,19.00
PO-103093,CUST-A,VEND-07,2024-01-23,Received,ITM-0737,24,61.11,1466.64
PO-103094,CUST-B,VEND-10,2026-03-16,Closed,ITM-0902,2,4.75,9.50
PO-103095,CUST-C,VEND-03,2026-02-20,Closed,ITM-0311,1,7.09,7.09
PO-103096,CUST-B,VEND-06,2026-07-22,Cancelled,ITM-0224,10,1.51,15.10
PO-103096,CUST-B,VEND-06,2026-07-22,Cancelled,ITM-0604,4,12.62,50.48
PO-103096,CUST-B,VEND-06,2026-07-22,Cancelled,ITM-0632,10,4.39,43.90
PO-103096,CUST-B,VEND-06,2026-07-22,Cancelled,ITM-0942,50,0.31,15.50
PO-103097,CUST-A,VEND-04,2024-11-05,Received,ITM-0237,4,3.05,12.20
PO-103097,CUST-A,VEND-04,2024-11-05,Received,ITM-0907,2,0.65,1.30
PO-103098,CUST-D,VEND-02,2026-05-11,Received,ITM-0237,6,3.30,19.80
PO-103098,CUST-D,VEND-02,2026-05-11,Received,ITM-0311,1,7.53,7.53
PO-103098,CUST-D,VEND-02,2026-05-11,Received,ITM-0327,3,2.50,7.50
PO-103098,CUST-D,VEND-02,2026-05-11,Received,ITM-0621,4,4.45,17.80
PO-103098,CUST-D,VEND-02,2026-05-11,Received,ITM-1018,4,,
PO-103099,CUST-B,VEND-02,2024-01-02,Closed,ITM-0220,4,2.59,10.36
PO-103099,CUST-B,VEND-02,2024-01-02,Closed,ITM-0228,4,4.76,19.04
PO-103099,CUST-B,VEND-02,2024-01-02,Closed,ITM-0237,10,3.06,30.60
PO-103099,CUST-B,VEND-02,2024-01-02,Closed,ITM-0903,10,0.21,2.10
PO-103100,CUST-D,VEND-02,2025-08-12,Received,ITM-0228,2,4.86,9.72
PO-103100,CUST-D,VEND-02,2025-08-12,Received,ITM-0237,10,3.25,32.50
PO-103100,CUST-D,VEND-02,2025-08-12,Received,ITM-0621,10,4.08,40.80
PO-103100,CUST-D,VEND-02,2025-08-12,Received,ITM-0632,4,4.12,16.48
PO-103101,CUST-E,VEND-04,2025-05-20,Closed,ITM-0446,4,20.86,83.44
PO-103101,CUST-E,VEND-04,2025-05-20,Closed,ITM-0611,2,3.43,6.86
PO-103101,CUST-E,VEND-04,2025-05-20,Closed,ITM-0942,1,0.34,0.34
PO-103103,CUST-B,VEND-11,2024-01-19,Received,ITM-0627,2,7.56,15.12
PO-103103,CUST-B,VEND-11,2024-01-19,Received,ITM-0913,1,1.48,1.48
PO-103103,CUST-B,VEND-11,2024-01-19,Received,ITM-1001,2,1.02,2.04
PO-103104,CUST-A,VEND-06,2025-05-16,Received,ITM-0201,3,4.14,12.42
PO-103104,CUST-A,VEND-06,2025-05-16,Received,ITM-0311,2,6.87,13.74
PO-103104,CUST-A,VEND-06,2025-05-16,Received,ITM-0311,2,6.87,13.74
PO-103105,CUST-D,VEND-04,2025-08-06,Received,ITM-0922,1,6.03,6.03
PO-103106,CUST-F,VEND-12,2025-06-03,Received,ITM-0220,6,2.62,15.72
PO-103106,CUST-F,VEND-12,2025-06-03,Received,ITM-0426,10,26.83,268.30
PO-103106,CUST-F,VEND-12,2025-06-03,Received,ITM-0623,1,2.61,2.61
PO-103106,CUST-F,VEND-12,2025-06-03,Received,ITM-1015,6,4.63,27.78
PO-103107,CUST-G,VEND-03,2026-07-13,Open,ITM-0808,6,2.03,12.18
PO-103108,CUST-B,VEND-08,2024-02-16,Received,ITM-0250,1,60.58,60.58
PO-103109,CUST-A,VEND-03,2025-09-26,Closed,ITM-0618,4,4.27,17.08
PO-103109,CUST-A,VEND-03,2025-09-26,Closed,ITM-0621,4,3.83,15.32
PO-103110,CUST-C,VEND-10,2024-10-25,Received,ITM-0425,6,25.91,155.46
PO-103110,CUST-C,VEND-10,2024-10-25,Received,ITM-0434,4,1.47,5.88
PO-103110,CUST-C,VEND-10,2024-10-25,Received,ITM-0437,12,2.03,24.36
PO-103110,CUST-C,VEND-10,2024-10-25,Received,ITM-0517,10,40.02,400.20
PO-103110,CUST-C,VEND-10,2024-10-25,Received,ITM-0605,4,16.56,66.24
PO-103110,CUST-C,VEND-10,2024-10-25,Received,ITM-0902,2,4.26,8.52
PO-103111,CUST-H,VEND-11,2024-09-15,Received,ITM-0715,2,72.74,145.48
PO-103111,CUST-H,VEND-11,2024-09-15,Received,ITM-0808,10,1.98,19.80
PO-103112,CUST-B,VEND-06,2024-05-21,Received,ITM-0917,20,3.64,72.80
PO-103113,CUST-B,VEND-05,2026-07-18,Open,ITM-0211,4,13.83,55.32
PO-103113,CUST-B,VEND-05,2026-07-18,Open,ITM-0403,4,2.76,11.04
PO-103113,CUST-B,VEND-05,2026-07-18,Open,ITM-0815,2,9.09,18.18
PO-103113,CUST-B,VEND-05,2026-07-18,Open,ITM-0904,4,0.34,1.36
PO-103113,CUST-B,VEND-05,2026-07-18,Open,ITM-0904,4,0.34,1.36
PO-103114,CUST-G,VEND-06,2026-01-22,Received,ITM-0254,1,1.77,1.77
PO-103115,CUST-B,VEND-09,2025-02-10,Received,ITM-0442,10,20.65,206.50
PO-103115,CUST-B,VEND-09,2025-02-10,Received,ITM-0614,4,6.31,25.24
PO-103115,CUST-B,VEND-09,2025-02-10,Received,ITM-0904,10,0.36,3.60
PO-103116,CUST-A,VEND-09,2025-07-29,Received,ITM-1011,2,3.84,7.68
PO-103117,CUST-E,VEND-03,2024-04-06,Closed,ITM-0430,2,0.48,0.96
PO-103117,CUST-E,VEND-03,2024-04-06,Closed,ITM-0808,2,1.85,3.70
PO-103117,CUST-E,VEND-03,2024-04-06,Closed,ITM-0916,4,13.33,53.32
PO-103118,CUST-D,VEND-05,2024-06-01,Cancelled,ITM-0414,24,1.71,41.04
PO-103118,CUST-D,VEND-05,2024-06-01,Cancelled,ITM-0426,2,23.52,47.04
PO-103118,CUST-D,VEND-05,2024-06-01,Cancelled,ITM-0612,10,3.72,37.20
PO-103118,CUST-D,VEND-05,2024-06-01,Cancelled,ITM-0627,4,7.30,29.20
PO-103119,CUST-A,VEND-10,2025-08-22,Received,ITM-0434,24,1.41,33.84
PO-103119,CUST-A,VEND-10,2025-08-22,Received,ITM-0808,1,1.75,1.75
PO-103119,CUST-A,VEND-10,2025-08-22,Received,ITM-0902,24,4.26,102.24
PO-103119,CUST-A,VEND-10,2025-08-22,Received,ITM-0929,4,1.07,4.28
PO-103120,CUST-A,VEND-09,2025-07-14,Received,ITM-0228,2,4.13,8.26
PO-103120,CUST-A,VEND-09,2025-07-14,Received,ITM-0421,2,18.40,36.80
PO-103120,CUST-A,VEND-09,2025-07-14,Received,ITM-0929,1,1.23,1.23
PO-103121,CUST-B,VEND-03,2025-07-15,Closed,ITM-0421,1,17.55,17.55
PO-103121,CUST-B,VEND-03,2025-07-15,Closed,ITM-0621,12,4.21,50.52
PO-103121,CUST-B,VEND-03,2025-07-15,Closed,ITM-0808,4,1.89,7.56
PO-103121,CUST-B,VEND-03,2025-07-15,Closed,ITM-1001,10,1.14,11.40
PO-103121,CUST-B,VEND-03,2025-07-15,Closed,ITM-1014,2,2.65,5.30
PO-103122,CUST-D,VEND-04,2025-11-24,Received,ITM-0610,24,2.20,52.80
PO-103122,CUST-D,VEND-04,2025-11-24,Received,ITM-1015,24,4.42,106.08
PO-103123,CUST-B,VEND-11,2024-05-12,Received,ITM-0629,6,2.92,17.52
PO-103124,CUST-B,VEND-06,2026-07-01,Closed,ITM-0243,6,0.82,4.92
PO-103124,CUST-B,VEND-06,2026-07-01,Closed,ITM-0313,1,4.52,4.52
PO-103124,CUST-B,VEND-06,2026-07-01,Closed,ITM-0604,6,13.85,83.10
PO-103124,CUST-B,VEND-06,2026-07-01,Closed,ITM-1014,2,2.65,5.30
PO-103124,CUST-B,VEND-06,2026-07-01,Closed,ITM-1015,6,4.66,27.96
PO-103126,CUST-C,VEND-02,2026-03-14,Received,ITM-0408,2,5.57,11.14
PO-103126,CUST-C,VEND-02,2026-03-14,Received,ITM-0629,50,3.04,152.00
PO-103126,CUST-C,VEND-02,2026-03-14,Received,ITM-1011,6,4.23,25.38
PO-103127,CUST-H,VEND-08,2026-06-20,Open,ITM-0511,1,26.35,26.35
PO-103127,CUST-H,VEND-08,2026-06-20,Open,ITM-0611,4,3.51,14.04
PO-103127,CUST-H,VEND-08,2026-06-20,Open,ITM-0621,2,4.29,8.58
PO-103127,CUST-H,VEND-08,2026-06-20,Open,ITM-0928,20,0.86,17.20
PO-103128,CUST-D,VEND-07,2025-12-17,Received,ITM-0246,5,2.06,10.30
PO-103128,CUST-D,VEND-07,2025-12-17,Received,ITM-0404,24,3.19,76.56
PO-103128,CUST-D,VEND-07,2025-12-17,Received,ITM-1001,4,1.10,4.40
PO-103129,CUST-E,VEND-03,2024-03-10,Received,ITM-0243,4,0.69,2.76
PO-103129,CUST-E,VEND-03,2024-03-10,Received,ITM-0306,3,0.93,2.79
PO-103129,CUST-E,VEND-03,2024-03-10,Received,ITM-1014,2,2.55,5.10
PO-103130,CUST-A,VEND-05,2024-08-26,Closed,ITM-0612,12,3.73,44.76
PO-103130,CUST-A,VEND-05,2024-08-26,Closed,ITM-0629,3,3.09,9.27
PO-103130,CUST-A,VEND-05,2024-08-26,Closed,ITM-0815,2,8.28,16.56
PO-103131,CUST-E,VEND-01,2026-02-24,Received,ITM-0611,4,3.76,15.04
PO-103131,CUST-E,VEND-01,2026-02-24,Received,ITM-1006,4,1.41,5.64
PO-103132,CUST-H,VEND-12,2024-08-21,Cancelled,ITM-0220,4,2.75,11.00
PO-103132,CUST-H,VEND-12,2024-08-21,Cancelled,ITM-0403,1,2.59,2.59
PO-103132,CUST-H,VEND-12,2024-08-21,Cancelled,ITM-0612,5,3.95,19.75
PO-103132,CUST-H,VEND-12,2024-08-21,Cancelled,ITM-0618,6,4.24,25.44
PO-103132,CUST-H,VEND-12,2024-08-21,Cancelled,ITM-1003,12,1.15,13.80
PO-103132,CUST-H,VEND-12,2024-08-21,Cancelled,ITM-1015,2,4.29,8.58
PO-103134,CUST-D,VEND-09,2025-05-19,Received,ITM-0201,4,4.32,17.28
PO-103134,CUST-D,VEND-09,2025-05-19,Received,ITM-0250,2,60.22,120.44
PO-103135,CUST-A,VEND-02,2025-03-10,Received,ITM-0237,6,3.31,19.86
PO-103135,CUST-A,VEND-02,2025-03-10,Received,ITM-0621,12,3.88,46.56
PO-103135,CUST-A,VEND-02,2025-03-10,Received,ITM-0938,1,12.58,12.58
PO-103136,CUST-D,VEND-02,2025-05-28,Closed,ITM-0815,6,8.14,48.84
PO-103137,CUST-A,VEND-12,2025-08-22,Received,ITM-0426,6,25.11,150.66
PO-103137,CUST-A,VEND-12,2025-08-22,Received,ITM-0612,4,4.14,16.56
PO-103137,CUST-A,VEND-12,2025-08-22,Received,ITM-1015,4,4.42,17.68
PO-103138,CUST-G,VEND-04,2024-10-21,Closed,ITM-1022,1,5.54,5.54
PO-103139,CUST-A,VEND-04,2025-01-18,Received,ITM-0237,2,2.70,5.40
PO-103139,CUST-A,VEND-04,2025-01-18,Received,ITM-0306,12,0.95,11.40
PO-103139,CUST-A,VEND-04,2025-01-18,Received,ITM-0535,24,7.95,190.80
PO-103139,CUST-A,VEND-04,2025-01-18,Received,ITM-1015,6,4.14,24.84
PO-103140,CUST-A,VEND-12,2024-06-06,Received,ITM-0426,1,23.00,23.00
PO-103140,CUST-A,VEND-12,2024-06-06,Received,ITM-0612,4,3.91,15.64
PO-103140,CUST-A,VEND-12,2024-06-06,Received,ITM-0623,10,2.36,23.60
PO-103140,CUST-A,VEND-12,2024-06-06,Received,ITM-1003,2,1.08,2.16
PO-103140,CUST-A,VEND-12,2024-06-06,Received,ITM-1015,10,4.44,44.40
PO-103141,CUST-B,VEND-08,2025-05-16,Received,ITM-0201,6,4.23,25.38
PO-103141,CUST-B,VEND-08,2025-05-16,Received,ITM-0219,10,1.85,18.50
PO-103141,CUST-B,VEND-08,2025-05-16,Received,ITM-0230,2,3.07,6.14
PO-103141,CUST-B,VEND-08,2025-05-16,Received,ITM-0929,1,1.18,1.18
PO-103141,CUST-B,VEND-08,2025-05-16,Received,ITM-1018,1,5.40,5.40
PO-103142,CUST-D,VEND-10,2024-06-15,Cancelled,ITM-0511,2,25.23,50.46
PO-103142,CUST-D,VEND-10,2024-06-15,Cancelled,ITM-0929,4,1.09,4.36
PO-103142,CUST-D,VEND-10,2024-06-15,Cancelled,ITM-1014,6,2.60,15.60
PO-103143,CUST-B,VEND-07,2025-01-04,Closed,ITM-0220,20,2.67,53.40
PO-103143,CUST-B,VEND-07,2025-01-04,Closed,ITM-0612,20,4.44,88.80
PO-103144,CUST-A,VEND-09,2024-09-04,Closed,ITM-0433,5,1.20,6.00
PO-103145,CUST-A,VEND-10,2025-08-09,Closed,ITM-0235,4,1.60,6.40
PO-103145,CUST-A,VEND-10,2025-08-09,Closed,ITM-0437,4,2.02,8.08
PO-103145,CUST-A,VEND-10,2025-08-09,Closed,ITM-0605,24,15.37,368.88
PO-103145,CUST-A,VEND-10,2025-08-09,Closed,ITM-0737,24,67.40,1617.60
PO-103145,CUST-A,VEND-10,2025-08-09,Closed,ITM-0902,20,4.19,83.80
PO-103145,CUST-A,VEND-10,2025-08-09,Closed,ITM-0929,1,1.10,1.10
PO-103146,CUST-D,VEND-09,2025-05-08,Received,ITM-0326,5,2.75,13.75
PO-103147,CUST-F,VEND-03,2024-12-02,Received,ITM-0311,10,7.07,70.70
PO-103147,CUST-F,VEND-03,2024-12-02,Received,ITM-0618,1,4.08,4.08
PO-103147,CUST-F,VEND-03,2024-12-02,Received,ITM-0621,2,4.21,8.42
PO-103147,CUST-F,VEND-03,2024-12-02,Received,ITM-0939,4,15.47,61.88
PO-103148,CUST-G,VEND-11,2025-05-10,Closed,ITM-0104,2,74.32,148.64
PO-103148,CUST-G,VEND-11,2025-05-10,Closed,ITM-0433,6,1.21,7.26
PO-103149,CUST-B,VEND-02,2025-11-24,Cancelled,ITM-0413,3,1.68,5.04
PO-103150,CUST-D,VEND-01,2025-10-15,Received,ITM-0228,6,4.68,28.08
PO-103150,CUST-D,VEND-01,2025-10-15,Received,ITM-0414,10,1.91,19.10
PO-103151,CUST-F,VEND-05,2026-03-15,Received,ITM-0403,20,2.60,52.00
PO-103151,CUST-F,VEND-05,2026-03-15,Received,ITM-0433,4,1.20,4.80
PO-103151,CUST-F,VEND-05,2026-03-15,Received,ITM-0612,12,4.07,48.84
PO-103152,CUST-H,VEND-04,2024-11-19,Closed,ITM-0237,6,3.10,18.60
PO-103152,CUST-H,VEND-04,2024-11-19,Closed,ITM-0939,5,15.68,78.40
PO-103153,CUST-B,VEND-06,2025-09-28,Received,ITM-0254,1,1.66,1.66
PO-103153,CUST-B,VEND-06,2025-09-28,Received,ITM-0311,4,7.02,28.08
PO-103153,CUST-B,VEND-06,2025-09-28,Received,ITM-1014,1,2.67,2.67
PO-103154,CUST-E,VEND-05,2025-07-17,Received,ITM-0311,5,6.96,34.80
PO-103154,CUST-E,VEND-05,2025-07-17,Received,ITM-0403,10,2.45,24.50
PO-103154,CUST-E,VEND-05,2025-07-17,Received,ITM-0417,4,53.98,215.92
PO-103154,CUST-E,VEND-05,2025-07-17,Received,ITM-0629,10,3.26,32.60
PO-103154,CUST-E,VEND-05,2025-07-17,Received,ITM-0904,2,0.35,0.70
PO-103155,CUST-B,VEND-03,2024-03-17,Closed,ITM-0243,1,0.70,0.70
PO-103155,CUST-B,VEND-03,2024-03-17,Closed,ITM-0618,20,4.03,80.60
PO-103155,CUST-B,VEND-03,2024-03-17,Closed,ITM-0808,1,1.89,1.89
PO-103155,CUST-B,VEND-03,2024-03-17,Closed,ITM-0808,1,1.89,1.89
PO-103156,CUST-G,VEND-08,2026-02-22,Received,ITM-0201,50,4.06,203.00
PO-103156,CUST-G,VEND-08,2026-02-22,Received,ITM-0306,12,0.98,11.76
PO-103156,CUST-G,VEND-08,2026-02-22,Received,ITM-0611,6,3.51,21.06
PO-103156,CUST-G,VEND-08,2026-02-22,Received,ITM-1008,2,1.45,2.90
PO-103156,CUST-G,VEND-08,2026-02-22,Received,ITM-1018,10,5.54,55.40
PO-103157,CUST-C,VEND-08,2024-08-16,Cancelled,ITM-0201,10,4.22,42.20
PO-103157,CUST-C,VEND-08,2024-08-16,Cancelled,ITM-0310,6,4.49,26.94
PO-103157,CUST-C,VEND-08,2024-08-16,Cancelled,ITM-0310,6,4.49,26.94
PO-103157,CUST-C,VEND-08,2024-08-16,Cancelled,ITM-0611,4,3.14,12.56
PO-103158,CUST-B,VEND-11,2024-10-06,Received,ITM-0104,10,71.03,710.30
PO-103158,CUST-B,VEND-11,2024-10-06,Received,ITM-0809,6,2.38,14.28
PO-103159,CUST-G,VEND-01,2026-06-01,Received,ITM-0309,6,2.09,12.54
PO-103159,CUST-G,VEND-01,2026-06-01,Received,ITM-0404,10,3.49,34.90
PO-103159,CUST-G,VEND-01,2026-06-01,Received,ITM-0611,2,3.68,7.36
PO-103159,CUST-G,VEND-01,2026-06-01,Received,ITM-0623,50,2.50,125.00
PO-103159,CUST-G,VEND-01,2026-06-01,Received,ITM-1001,6,1.11,6.66
PO-103159,CUST-G,VEND-01,2026-06-01,Received,ITM-1003,10,1.13,11.30
PO-103160,CUST-C,VEND-11,2025-02-19,Received,ITM-0326,1,2.63,2.63
PO-103160,CUST-C,VEND-11,2025-02-19,Received,ITM-1015,12,4.49,53.88
PO-103161,CUST-D,VEND-09,2025-04-22,Closed,ITM-0904,4,0.34,1.36
PO-103162,CUST-A,VEND-10,2025-04-26,Received,ITM-0431,4,0.81,3.24
PO-103162,CUST-A,VEND-10,2025-04-26,Received,ITM-0434,10,1.41,14.10
PO-103162,CUST-A,VEND-10,2025-04-26,Received,ITM-0434,10,1.41,14.10
PO-103162,CUST-A,VEND-10,2025-04-26,Received,ITM-0511,1,24.99,24.99
PO-103162,CUST-A,VEND-10,2025-04-26,Received,ITM-0610,4,2.25,9.00
PO-103162,CUST-A,VEND-10,2025-04-26,Received,ITM-0737,20,71.14,1422.80
PO-103162,CUST-A,VEND-10,2025-04-26,Received,ITM-0929,6,1.17,7.02
PO-103163,CUST-D,VEND-01,2025-01-08,Received,ITM-0426,4,26.79,107.16
PO-103164,CUST-C,VEND-07,2025-03-27,Received,ITM-0255,6,1.60,9.60
PO-103164,CUST-C,VEND-07,2025-03-27,Received,ITM-0404,2,3.15,6.30
PO-103164,CUST-C,VEND-07,2025-03-27,Received,ITM-0604,6,13.67,82.02
PO-103164,CUST-C,VEND-07,2025-03-27,Received,ITM-0623,3,2.44,7.32
PO-103165,CUST-A,VEND-07,2024-06-06,Closed,ITM-0612,10,4.01,40.10
PO-103166,CUST-B,VEND-07,2024-07-12,Received,ITM-0208,12,4.89,58.68
PO-103166,CUST-B,VEND-07,2024-07-12,Received,ITM-0220,4,2.69,10.76
PO-103166,CUST-B,VEND-07,2024-07-12,Received,ITM-0229,6,1.57,9.42
PO-103166,CUST-B,VEND-07,2024-07-12,Received,ITM-0250,5,62.81,314.05
PO-103166,CUST-B,VEND-07,2024-07-12,Received,ITM-0251,50,2.33,116.50
PO-103166,CUST-B,VEND-07,2024-07-12,Received,ITM-0612,3,4.01,12.03
PO-103167,CUST-A,VEND-01,2025-10-16,Closed,ITM-0611,50,3.06,153.00
PO-103167,CUST-A,VEND-01,2025-10-16,Closed,ITM-1006,1,1.32,1.32
PO-103168,CUST-C,VEND-02,2025-02-20,Received,ITM-0228,10,4.61,46.10
PO-103168,CUST-C,VEND-02,2025-02-20,Received,ITM-0408,10,5.02,50.20
PO-103168,CUST-C,VEND-02,2025-02-20,Received,ITM-0629,6,3.08,18.48
PO-103168,CUST-C,VEND-02,2025-02-20,Received,ITM-1018,1,5.27,5.27
PO-103169,CUST-A,VEND-01,2026-04-03,Received,ITM-0623,3,2.56,7.68
PO-103169,CUST-A,VEND-01,2026-04-03,Received,ITM-0627,10,7.37,73.70
PO-103170,CUST-F,VEND-04,2025-12-13,Cancelled,ITM-0306,2,1.05,2.10
PO-103170,CUST-F,VEND-04,2025-12-13,Cancelled,ITM-0939,1,16.61,16.61
PO-103171,CUST-B,VEND-07,2024-06-08,Received,ITM-0104,10,66.28,662.80
PO-103171,CUST-B,VEND-07,2024-06-08,Received,ITM-0220,4,2.73,10.92
PO-103171,CUST-B,VEND-07,2024-06-08,Received,ITM-0612,24,3.91,93.84
PO-103171,CUST-B,VEND-07,2024-06-08,Received,ITM-0909,2,0.92,1.84
PO-103172,CUST-A,VEND-10,2025-05-10,Received,ITM-0610,10,2.22,22.20
PO-103173,CUST-B,VEND-04,2024-05-15,Received,ITM-0306,50,0.86,43.00
PO-103173,CUST-B,VEND-04,2024-05-15,Received,ITM-0632,4,4.24,16.96
PO-103173,CUST-B,VEND-04,2024-05-15,Received,ITM-0737,2,78.04,156.08
PO-103173,CUST-B,VEND-04,2024-05-15,Received,ITM-0922,10,5.80,58.00
PO-103174,CUST-D,VEND-05,2024-01-10,Closed,ITM-0627,6,7.26,43.56
PO-103174,CUST-D,VEND-05,2024-01-10,Closed,ITM-0629,24,2.88,69.12
PO-103174,CUST-D,VEND-05,2024-01-10,Closed,ITM-0733,12,21.60,259.20
PO-103174,CUST-D,VEND-05,2024-01-10,Closed,ITM-0808,2,1.75,3.50
PO-103175,CUST-D,VEND-02,2025-10-06,Received,ITM-0235,1,1.62,1.62
PO-103175,CUST-D,VEND-02,2025-10-06,Received,ITM-0246,10,2.17,21.70
PO-103175,CUST-D,VEND-02,2025-10-06,Received,ITM-0404,12,3.16,37.92
PO-103175,CUST-D,VEND-02,2025-10-06,Received,ITM-0621,2,4.23,8.46
PO-103175,CUST-D,VEND-02,2025-10-06,Received,ITM-0947,2,0.44,0.88
PO-103175,CUST-D,VEND-02,2025-10-06,Received,ITM-1018,12,5.61,67.32
PO-103176,CUST-B,VEND-03,2026-08-20,Open,ITM-0808,12,1.97,23.64
PO-103177,CUST-E,VEND-12,2026-05-20,Received,ITM-0220,12,2.99,35.88
PO-103177,CUST-E,VEND-12,2026-05-20,Received,ITM-0328,24,3.13,75.12
PO-103177,CUST-E,VEND-12,2026-05-20,Received,ITM-0403,24,2.58,61.92
PO-103177,CUST-E,VEND-12,2026-05-20,Received,ITM-0426,5,25.38,126.90
PO-103177,CUST-E,VEND-12,2026-05-20,Received,ITM-0612,24,4.18,100.32
PO-103177,CUST-E,VEND-12,2026-05-20,Received,ITM-0911,6,1.30,7.80
PO-103178,CUST-B,VEND-07,2025-09-27,Closed,ITM-0219,50,1.77,88.50
PO-103178,CUST-B,VEND-07,2025-09-27,Closed,ITM-0909,1,0.98,0.98
PO-103179,CUST-D,VEND-08,2024-02-01,Received,ITM-0230,2,2.97,5.94
PO-103179,CUST-D,VEND-08,2024-02-01,Received,ITM-0306,10,0.89,8.90
PO-103179,CUST-D,VEND-08,2024-02-01,Received,ITM-0517,10,42.17,421.70
PO-103179,CUST-D,VEND-08,2024-02-01,Received,ITM-1018,2,4.81,9.62
PO-103179,CUST-D,VEND-08,2024-02-01,Received,ITM-1019,50,5.81,290.50
